<?xml version="1.0" encoding="utf-8"?>
<CompDB xmlns:xsi="http://www.w3.org/2001/XMLSchema-instance" xmlns:xsd="http://www.w3.org/2001/XMLSchema" CreatedDate="2021-05-08T13:52:43.9510513Z" Revision="1" SchemaVersion="1.2" Product="Server" BuildID="cba57a24-14e8-e0d9-3b38-ce9d5f1c983e" BuildInfo="fe_release.20348.1.210507-1500" OSVersion="10.0.20348.1" BuildArch="amd64" ReleaseType="Production" Type="Baseless" Name="Baseless~amd64~Server~~pl-pl" xmlns="http://schemas.microsoft.com/embedded/2004/10/ImageUpdate">
  <Tags Type="Language">
    <Tag Name="Language" Value="pl-pl" />
    <Tag Name="UpdateType" Value="Baseless" />
  </Tags>
  <Features>
    <Feature Type="LanguagePack" FeatureID="Language.UI.Server~pl-pl" FMID="MSDL" Group="Microsoft">
      <Packages>
        <Package ID="Microsoft-Windows-Server-LanguagePack-Package_pl-pl~31bf3856ad364e35~amd64~pl-pl~" PackageType="FeaturePackage" />
      </Packages>
    </Feature>
    <Feature Type="OnDemandFeature" FeatureID="Rsat.AzureStack.HCI.Management.Tools~~1.0" FMID="MSDN" Group="Microsoft">
      <Packages>
        <Package ID="Microsoft-AzureStack-HCI-Management-Tools-FOD-Package~31bf3856ad364e35~amd64~pl-pl~" PackageType="SatellitePackage" />
      </Packages>
    </Feature>
    <Feature Type="OnDemandFeature" FeatureID="Microsoft.Onecore.StorageManagement~~1.0" FMID="MSDN" Group="Microsoft">
      <Packages>
        <Package ID="Microsoft-OneCore-StorageManagement-FoD-Package~31bf3856ad364e35~amd64~pl-pl~" PackageType="SatellitePackage" />
        <Package ID="Microsoft-OneCore-StorageManagement-FoD-Package~31bf3856ad364e35~wow64~pl-pl~" PackageType="SatellitePackage" />
      </Packages>
    </Feature>
    <Feature Type="OnDemandFeature" FeatureID="Rsat.ActiveDirectory.DS-LDS.Tools~~1.0" FMID="MSDN" Group="Microsoft">
      <Dependencies>
        <Feature FeatureID="Rsat.ServerManager.Tools~~1.0" />
      </Dependencies>
      <Packages>
        <Package ID="Microsoft-Windows-ActiveDirectory-DS-LDS-Tools-FoD-Package~31bf3856ad364e35~amd64~pl-pl~" PackageType="SatellitePackage" />
        <Package ID="Microsoft-Windows-ActiveDirectory-DS-LDS-Tools-FoD-Package~31bf3856ad364e35~wow64~pl-pl~" PackageType="SatellitePackage" />
      </Packages>
    </Feature>
    <Feature Type="OnDemandFeature" FeatureID="Rsat.BitLocker.Recovery.Tools~~1.0" FMID="MSDN" Group="Microsoft">
      <Dependencies>
        <Feature FeatureID="Rsat.ActiveDirectory.DS-LDS.Tools~~1.0" />
      </Dependencies>
      <Packages>
        <Package ID="Microsoft-Windows-BitLocker-Recovery-Tools-FoD-Package~31bf3856ad364e35~amd64~pl-pl~" PackageType="SatellitePackage" />
      </Packages>
    </Feature>
    <Feature Type="OnDemandFeature" FeatureID="Rsat.CertificateServices.Tools~~1.0" FMID="MSDN" Group="Microsoft">
      <Packages>
        <Package ID="Microsoft-Windows-CertificateServices-Tools-FoD-Package~31bf3856ad364e35~amd64~pl-pl~" PackageType="SatellitePackage" />
      </Packages>
    </Feature>
    <Feature Type="OnDemandFeature" FeatureID="Microsoft.Composition.Test~~1.0" FMID="MSDN" Group="Microsoft">
      <Packages>
        <Package ID="Microsoft-Windows-Composition-Test-FOD-Package~31bf3856ad364e35~amd64~pl-pl~" PackageType="SatellitePackage" />
        <Package ID="Microsoft-Windows-Composition-Test-FOD-Package~31bf3856ad364e35~wow64~pl-pl~" PackageType="SatellitePackage" />
      </Packages>
    </Feature>
    <Feature Type="OnDemandFeature" FeatureID="Rsat.DHCP.Tools~~1.0" FMID="MSDN" Group="Microsoft">
      <Packages>
        <Package ID="Microsoft-Windows-DHCP-Tools-FoD-Package~31bf3856ad364e35~amd64~pl-pl~" PackageType="SatellitePackage" />
        <Package ID="Microsoft-Windows-DHCP-Tools-FoD-Package~31bf3856ad364e35~wow64~pl-pl~" PackageType="SatellitePackage" />
      </Packages>
    </Feature>
    <Feature Type="OnDemandFeature" FeatureID="Rsat.Dns.Tools~~1.0" FMID="MSDN" Group="Microsoft">
      <Packages>
        <Package ID="Microsoft-Windows-DNS-Tools-FoD-Package~31bf3856ad364e35~amd64~pl-pl~" PackageType="SatellitePackage" />
        <Package ID="Microsoft-Windows-DNS-Tools-FoD-Package~31bf3856ad364e35~wow64~pl-pl~" PackageType="SatellitePackage" />
      </Packages>
    </Feature>
    <Feature Type="OnDemandFeature" FeatureID="Windows.Desktop.EMS-SAC.Tools~~1.0" FMID="MSDN" Group="Microsoft">
      <Packages>
        <Package ID="Microsoft-Windows-EMS-SAC-Desktop-Tools-FoD-Package~31bf3856ad364e35~amd64~pl-pl~" PackageType="SatellitePackage" />
      </Packages>
    </Feature>
    <Feature Type="OnDemandFeature" FeatureID="Rsat.FailoverCluster.Management.Tools~~1.0" FMID="MSDN" Group="Microsoft">
      <Dependencies>
        <Feature FeatureID="Rsat.FileServices.Tools~~1.0" />
      </Dependencies>
      <Packages>
        <Package ID="Microsoft-Windows-FailoverCluster-Management-Tools-FOD-Package~31bf3856ad364e35~amd64~pl-pl~" PackageType="SatellitePackage" />
        <Package ID="Microsoft-Windows-FailoverCluster-Management-Tools-FOD-Package~31bf3856ad364e35~wow64~pl-pl~" PackageType="SatellitePackage" />
      </Packages>
    </Feature>
    <Feature Type="OnDemandFeature" FeatureID="Rsat.FileServices.Tools~~1.0" FMID="MSDN" Group="Microsoft">
      <Dependencies>
        <Feature FeatureID="Rsat.ServerManager.Tools~~1.0" />
      </Dependencies>
      <Packages>
        <Package ID="Microsoft-Windows-FileServices-Tools-FoD-Package~31bf3856ad364e35~amd64~pl-pl~" PackageType="SatellitePackage" />
        <Package ID="Microsoft-Windows-FileServices-Tools-FoD-Package~31bf3856ad364e35~wow64~pl-pl~" PackageType="SatellitePackage" />
      </Packages>
    </Feature>
    <Feature Type="OnDemandFeature" FeatureID="Rsat.GroupPolicy.Management.Tools~~1.0" FMID="MSDN" Group="Microsoft">
      <Packages>
        <Package ID="Microsoft-Windows-GroupPolicy-Management-Tools-FoD-Package~31bf3856ad364e35~amd64~pl-pl~" PackageType="SatellitePackage" />
        <Package ID="Microsoft-Windows-GroupPolicy-Management-Tools-FoD-Package~31bf3856ad364e35~wow64~pl-pl~" PackageType="SatellitePackage" />
      </Packages>
    </Feature>
    <Feature Type="OnDemandFeature" FeatureID="Rsat.IPAM.Client.Tools~~1.0" FMID="MSDN" Group="Microsoft">
      <Dependencies>
        <Feature FeatureID="Rsat.ServerManager.Tools~~1.0" />
      </Dependencies>
      <Packages>
        <Package ID="Microsoft-Windows-IPAM-Client-FoD-Package~31bf3856ad364e35~amd64~pl-pl~" PackageType="SatellitePackage" />
        <Package ID="Microsoft-Windows-IPAM-Client-FoD-Package~31bf3856ad364e35~wow64~pl-pl~" PackageType="SatellitePackage" />
      </Packages>
    </Feature>
    <Feature Type="OnDemandFeature" FeatureID="Network.Irda~~1.0" FMID="MSDN" Group="Microsoft">
      <Packages>
        <Package ID="Microsoft-Windows-IRDA-Package~31bf3856ad364e35~amd64~pl-pl~" PackageType="SatellitePackage" />
        <Package ID="Microsoft-Windows-IRDA-Package~31bf3856ad364e35~wow64~pl-pl~" PackageType="SatellitePackage" />
      </Packages>
    </Feature>
    <Feature Type="OnDemandFeature" FeatureID="Media.MediaFeaturePack~~1.0" FMID="MSDN" Group="Microsoft">
      <Packages>
        <Package ID="Microsoft-Windows-Media-Features-Package~31bf3856ad364e35~amd64~pl-pl~" PackageType="SatellitePackage" />
        <Package ID="Microsoft-Windows-Media-Features-Package~31bf3856ad364e35~wow64~pl-pl~" PackageType="SatellitePackage" />
      </Packages>
    </Feature>
    <Feature Type="OnDemandFeature" FeatureID="Microsoft.Windows.MSPaint~~1.0" FMID="MSDN" Group="Microsoft">
      <Packages>
        <Package ID="Microsoft-Windows-MSPaint-FoD-Package~31bf3856ad364e35~amd64~pl-pl~" PackageType="SatellitePackage" />
        <Package ID="Microsoft-Windows-MSPaint-FoD-Package~31bf3856ad364e35~wow64~pl-pl~" PackageType="SatellitePackage" />
      </Packages>
    </Feature>
    <Feature Type="OnDemandFeature" FeatureID="Rsat.NetworkController.Tools~~1.0" FMID="MSDN" Group="Microsoft">
      <Packages>
        <Package ID="Microsoft-Windows-NetworkController-Tools-FoD-Package~31bf3856ad364e35~amd64~pl-pl~" PackageType="SatellitePackage" />
      </Packages>
    </Feature>
    <Feature Type="OnDemandFeature" FeatureID="Rsat.NetworkLoadBalancing.Tools~~1.0" FMID="MSDN" Group="Microsoft">
      <Packages>
        <Package ID="Microsoft-Windows-NetworkLoadBalancing-Tools-FoD-Package~31bf3856ad364e35~amd64~pl-pl~" PackageType="SatellitePackage" />
      </Packages>
    </Feature>
    <Feature Type="OnDemandFeature" FeatureID="Microsoft.Windows.Notepad~~1.0" FMID="MSDN" Group="Microsoft">
      <Packages>
        <Package ID="Microsoft-Windows-Notepad-FoD-Package~31bf3856ad364e35~amd64~pl-pl~" PackageType="SatellitePackage" />
        <Package ID="Microsoft-Windows-Notepad-FoD-Package~31bf3856ad364e35~wow64~pl-pl~" PackageType="SatellitePackage" />
      </Packages>
    </Feature>
    <Feature Type="OnDemandFeature" FeatureID="Microsoft.Windows.PowerShell.ISE~~1.0" FMID="MSDN" Group="Microsoft">
      <Packages>
        <Package ID="Microsoft-Windows-PowerShell-ISE-FOD-Package~31bf3856ad364e35~amd64~pl-pl~" PackageType="SatellitePackage" />
        <Package ID="Microsoft-Windows-PowerShell-ISE-FOD-Package~31bf3856ad364e35~wow64~pl-pl~" PackageType="SatellitePackage" />
      </Packages>
    </Feature>
    <Feature Type="OnDemandFeature" FeatureID="Print.Management.Console~~1.0" FMID="MSDN" Group="Microsoft">
      <Packages>
        <Package ID="Microsoft-Windows-Printing-PMCPPC-FoD-Package~31bf3856ad364e35~amd64~pl-pl~" PackageType="SatellitePackage" />
      </Packages>
    </Feature>
    <Feature Type="OnDemandFeature" FeatureID="Print.Fax.Scan~~1.0" FMID="MSDN" Group="Microsoft">
      <Packages>
        <Package ID="Microsoft-Windows-Printing-WFS-FoD-Package~31bf3856ad364e35~amd64~pl-pl~" PackageType="SatellitePackage" />
      </Packages>
    </Feature>
    <Feature Type="OnDemandFeature" FeatureID="RasCMAK.Client~~1.0" FMID="MSDN" Group="Microsoft">
      <Packages>
        <Package ID="Microsoft-Windows-RasCMAK-Client-Package~31bf3856ad364e35~amd64~pl-pl~" PackageType="SatellitePackage" />
        <Package ID="Microsoft-Windows-RasCMAK-Client-Package~31bf3856ad364e35~wow64~pl-pl~" PackageType="SatellitePackage" />
      </Packages>
    </Feature>
    <Feature Type="OnDemandFeature" FeatureID="RIP.Listener~~1.0" FMID="MSDN" Group="Microsoft">
      <Packages>
        <Package ID="Microsoft-Windows-RasRip-Package~31bf3856ad364e35~amd64~pl-pl~" PackageType="SatellitePackage" />
      </Packages>
    </Feature>
    <Feature Type="OnDemandFeature" FeatureID="Rsat.RemoteAccess.Management.Tools~~1.0" FMID="MSDN" Group="Microsoft">
      <Dependencies>
        <Feature FeatureID="Rsat.GroupPolicy.Management.Tools~~1.0" />
        <Feature FeatureID="Rsat.ServerManager.Tools~~1.0" />
      </Dependencies>
      <Packages>
        <Package ID="Microsoft-Windows-RemoteAccess-Management-Tools-FoD-Package~31bf3856ad364e35~amd64~pl-pl~" PackageType="SatellitePackage" />
        <Package ID="Microsoft-Windows-RemoteAccess-Management-Tools-FoD-Package~31bf3856ad364e35~wow64~pl-pl~" PackageType="SatellitePackage" />
      </Packages>
    </Feature>
    <Feature Type="OnDemandFeature" FeatureID="Rsat.RemoteDesktop.Services.Tools~~1.0" FMID="MSDN" Group="Microsoft">
      <Packages>
        <Package ID="Microsoft-Windows-RemoteDesktop-Services-Tools-FoD-Package~31bf3856ad364e35~amd64~pl-pl~" PackageType="SatellitePackage" />
      </Packages>
    </Feature>
    <Feature Type="OnDemandFeature" FeatureID="ServerCore.AppCompatibility~~1.0" FMID="MSDN" Group="Microsoft">
      <Packages>
        <Package ID="Microsoft-Windows-Server-AppCompat-FoD-Package~31bf3856ad364e35~amd64~pl-pl~" PackageType="SatellitePackage" />
      </Packages>
    </Feature>
    <Feature Type="OnDemandFeature" FeatureID="Rsat.ServerManager.Tools~~1.0" FMID="MSDN" Group="Microsoft">
      <Packages>
        <Package ID="Microsoft-Windows-ServerManager-Tools-FoD-Package~31bf3856ad364e35~amd64~pl-pl~" PackageType="SatellitePackage" />
        <Package ID="Microsoft-Windows-ServerManager-Tools-FoD-Package~31bf3856ad364e35~wow64~pl-pl~" PackageType="SatellitePackage" />
      </Packages>
    </Feature>
    <Feature Type="OnDemandFeature" FeatureID="Rsat.Shielded.VM.Tools~~1.0" FMID="MSDN" Group="Microsoft">
      <Dependencies>
        <Feature FeatureID="Rsat.ServerManager.Tools~~1.0" />
      </Dependencies>
      <Packages>
        <Package ID="Microsoft-Windows-Shielded-VM-Tools-FoD-Package~31bf3856ad364e35~amd64~pl-pl~" PackageType="SatellitePackage" />
      </Packages>
    </Feature>
    <Feature Type="OnDemandFeature" FeatureID="SNMP.Client~~1.0" FMID="MSDN" Group="Microsoft">
      <Packages>
        <Package ID="Microsoft-Windows-SNMP-Client-Package~31bf3856ad364e35~amd64~pl-pl~" PackageType="SatellitePackage" />
        <Package ID="Microsoft-Windows-SNMP-Client-Package~31bf3856ad364e35~wow64~pl-pl~" PackageType="SatellitePackage" />
      </Packages>
    </Feature>
    <Feature Type="OnDemandFeature" FeatureID="App.StepsRecorder~~1.0" FMID="MSDN" Group="Microsoft">
      <Packages>
        <Package ID="Microsoft-Windows-StepsRecorder-Package~31bf3856ad364e35~amd64~pl-pl~" PackageType="SatellitePackage" />
        <Package ID="Microsoft-Windows-StepsRecorder-Package~31bf3856ad364e35~wow64~pl-pl~" PackageType="SatellitePackage" />
      </Packages>
    </Feature>
    <Feature Type="OnDemandFeature" FeatureID="Microsoft.Windows.StorageManagement~~1.0" FMID="MSDN" Group="Microsoft">
      <Packages>
        <Package ID="Microsoft-Windows-StorageManagement-FoD-Package~31bf3856ad364e35~amd64~pl-pl~" PackageType="SatellitePackage" />
        <Package ID="Microsoft-Windows-StorageManagement-FoD-Package~31bf3856ad364e35~wow64~pl-pl~" PackageType="SatellitePackage" />
      </Packages>
    </Feature>
    <Feature Type="OnDemandFeature" FeatureID="Rsat.StorageMigrationService.Management.Tools~~1.0" FMID="MSDN" Group="Microsoft">
      <Packages>
        <Package ID="Microsoft-Windows-StorageMigrationService-Management-Tools-FOD-Package~31bf3856ad364e35~amd64~pl-pl~" PackageType="SatellitePackage" />
      </Packages>
    </Feature>
    <Feature Type="OnDemandFeature" FeatureID="Rsat.StorageReplica.Tools~~1.0" FMID="MSDN" Group="Microsoft">
      <Packages>
        <Package ID="Microsoft-Windows-StorageReplica-Tools-FoD-Package~31bf3856ad364e35~amd64~pl-pl~" PackageType="SatellitePackage" />
      </Packages>
    </Feature>
    <Feature Type="OnDemandFeature" FeatureID="Rsat.SystemInsights.Management.Tools~~1.0" FMID="MSDN" Group="Microsoft">
      <Packages>
        <Package ID="Microsoft-Windows-SystemInsights-Management-Tools-FOD-Package~31bf3856ad364e35~amd64~pl-pl~" PackageType="SatellitePackage" />
      </Packages>
    </Feature>
    <Feature Type="OnDemandFeature" FeatureID="Rsat.VolumeActivation.Tools~~1.0" FMID="MSDN" Group="Microsoft">
      <Packages>
        <Package ID="Microsoft-Windows-VolumeActivation-Tools-FoD-Package~31bf3856ad364e35~amd64~pl-pl~" PackageType="SatellitePackage" />
      </Packages>
    </Feature>
    <Feature Type="OnDemandFeature" FeatureID="App.WirelessDisplay.Connect~~1.0" FMID="MSDN" Group="Microsoft">
      <Packages>
        <Package ID="Microsoft-Windows-WirelessDisplay-FOD-Package~31bf3856ad364e35~amd64~pl-pl~" PackageType="SatellitePackage" />
      </Packages>
    </Feature>
    <Feature Type="OnDemandFeature" FeatureID="WMI-SNMP-Provider.Client~~1.0" FMID="MSDN" Group="Microsoft">
      <Dependencies>
        <Feature FeatureID="SNMP.Client~~1.0" />
      </Dependencies>
      <Packages>
        <Package ID="Microsoft-Windows-WMI-SNMP-Provider-Client-Package~31bf3856ad364e35~amd64~pl-pl~" PackageType="SatellitePackage" />
        <Package ID="Microsoft-Windows-WMI-SNMP-Provider-Client-Package~31bf3856ad364e35~wow64~pl-pl~" PackageType="SatellitePackage" />
      </Packages>
    </Feature>
    <Feature Type="OnDemandFeature" FeatureID="Microsoft.Windows.WordPad~~1.0" FMID="MSDN" Group="Microsoft">
      <Packages>
        <Package ID="Microsoft-Windows-WordPad-FoD-Package~31bf3856ad364e35~amd64~pl-pl~" PackageType="SatellitePackage" />
        <Package ID="Microsoft-Windows-WordPad-FoD-Package~31bf3856ad364e35~wow64~pl-pl~" PackageType="SatellitePackage" />
      </Packages>
    </Feature>
    <Feature Type="OnDemandFeature" FeatureID="Rsat.WSUS.Tools~~1.0" FMID="MSDN" Group="Microsoft">
      <Packages>
        <Package ID="Microsoft-Windows-WSUS-Tools-FoD-Package~31bf3856ad364e35~amd64~pl-pl~" PackageType="SatellitePackage" />
      </Packages>
    </Feature>
  </Features>
  <Packages>
    <Package ID="Microsoft-Windows-Server-LanguagePack-Package_pl-pl~31bf3856ad364e35~amd64~pl-pl~" InstalledSize="318608768" Version="10.0.20348.1">
      <SatelliteInfo>
        <DeclareInfo>
          <Declare Type="language" Value="pl-PL" />
        </DeclareInfo>
      </SatelliteInfo>
      <Payload>
        <PayloadItem PayloadHash="8DqMTevTwwTkssyHSHTVpes/W+NABmKUA/2G6ebY1J0=" PayloadSize="1171109" Path="UUP\Desktop\editionpackages\pl-pl\Server\baseless\Microsoft-Windows-Server-LanguagePack-Package_pl-pl~31bf3856ad364e35~amd64~pl-pl~.cab" PayloadType="ExpressCab" />
        <PayloadItem PayloadHash="Z6VCRoIfeI8NY2qGQK5mbkplMZQqBoNSsFognrIXlWE=" PayloadSize="64186625" Path="UUP\Desktop\editionpackages\pl-pl\Server\baseless\Microsoft-Windows-Server-LanguagePack-Package_pl-pl~31bf3856ad364e35~amd64~pl-pl~.psf" PayloadType="ExpressPSF" />
      </Payload>
    </Package>
    <Package ID="Microsoft-AzureStack-HCI-Management-Tools-FOD-Package~31bf3856ad364e35~amd64~pl-pl~" InstalledSize="33763" Version="10.0.20348.1">
      <SatelliteInfo>
        <ApplyToInfo>
          <ApplyTo Type="language" Value="pl-PL" />
        </ApplyToInfo>
      </SatelliteInfo>
      <Payload>
        <PayloadItem PayloadHash="BNO2ce4GiUuxOkE2q2wQlWllEd+fKbGarkSeq9EXKzI=" PayloadSize="10259" Path="FeaturesOnDemand\pl-pl\baseless\Microsoft-AzureStack-HCI-Management-Tools-FOD-Package~31bf3856ad364e35~amd64~pl-pl~.cab" PayloadType="ExpressCab" />
        <PayloadItem PayloadHash="CrzxJYC927sc8PrdUPzUAJxx0AegN1t5l7yEAJnf7bo=" PayloadSize="60352" Path="FeaturesOnDemand\pl-pl\baseless\Microsoft-AzureStack-HCI-Management-Tools-FOD-Package~31bf3856ad364e35~amd64~pl-pl~.psf" PayloadType="ExpressPSF" />
      </Payload>
    </Package>
    <Package ID="Microsoft-OneCore-StorageManagement-FoD-Package~31bf3856ad364e35~amd64~pl-pl~" InstalledSize="1991021" Version="10.0.20348.1">
      <SatelliteInfo>
        <ApplyToInfo>
          <ApplyTo Type="language" Value="pl-PL" />
        </ApplyToInfo>
      </SatelliteInfo>
      <Payload>
        <PayloadItem PayloadHash="dkeJTM2PFQ92QRmUMRxirdoe0vniZxBISTovsfYEXRQ=" PayloadSize="11373" Path="FeaturesOnDemand\pl-pl\baseless\Microsoft-OneCore-StorageManagement-FoD-Package~31bf3856ad364e35~amd64~pl-pl~.cab" PayloadType="ExpressCab" />
        <PayloadItem PayloadHash="UXKIc1BXpkjoueSifGl9LzjYJzYYe/RMGKINal6oGPA=" PayloadSize="185666" Path="FeaturesOnDemand\pl-pl\baseless\Microsoft-OneCore-StorageManagement-FoD-Package~31bf3856ad364e35~amd64~pl-pl~.psf" PayloadType="ExpressPSF" />
      </Payload>
    </Package>
    <Package ID="Microsoft-OneCore-StorageManagement-FoD-Package~31bf3856ad364e35~wow64~pl-pl~" InstalledSize="1081672" Version="10.0.20348.1">
      <SatelliteInfo>
        <ApplyToInfo>
          <ApplyTo Type="arch" Value="wow64" />
          <ApplyTo Type="language" Value="pl-PL" />
        </ApplyToInfo>
      </SatelliteInfo>
      <Payload>
        <PayloadItem PayloadHash="Pk7VdgWhcYyZuNXkHE2Vsrpdio7jXARvTsx9JxgMI6o=" PayloadSize="10455" Path="FeaturesOnDemand\pl-pl\baseless\Microsoft-OneCore-StorageManagement-FoD-Package~31bf3856ad364e35~wow64~pl-pl~.cab" PayloadType="ExpressCab" />
        <PayloadItem PayloadHash="ePE1+e0J3NFELr4M3Up8k75oJQpkeInfjuqzyIwVCOA=" PayloadSize="107760" Path="FeaturesOnDemand\pl-pl\baseless\Microsoft-OneCore-StorageManagement-FoD-Package~31bf3856ad364e35~wow64~pl-pl~.psf" PayloadType="ExpressPSF" />
      </Payload>
    </Package>
    <Package ID="Microsoft-Windows-ActiveDirectory-DS-LDS-Tools-FoD-Package~31bf3856ad364e35~amd64~pl-pl~" InstalledSize="5721025" Version="10.0.20348.1">
      <SatelliteInfo>
        <ApplyToInfo>
          <ApplyTo Type="language" Value="pl-PL" />
        </ApplyToInfo>
      </SatelliteInfo>
      <Payload>
        <PayloadItem PayloadHash="WSVDcGhluycDuVVFPgw9Jpkhen5BIAU6dSyKUnv13uI=" PayloadSize="17385" Path="FeaturesOnDemand\pl-pl\baseless\Microsoft-Windows-ActiveDirectory-DS-LDS-Tools-FoD-Package~31bf3856ad364e35~amd64~pl-pl~.cab" PayloadType="ExpressCab" />
        <PayloadItem PayloadHash="xl+h+itMohOql8lPWrjvoqenNO3aLuSkUwIjg0/I7S8=" PayloadSize="926917" Path="FeaturesOnDemand\pl-pl\baseless\Microsoft-Windows-ActiveDirectory-DS-LDS-Tools-FoD-Package~31bf3856ad364e35~amd64~pl-pl~.psf" PayloadType="ExpressPSF" />
      </Payload>
    </Package>
    <Package ID="Microsoft-Windows-ActiveDirectory-DS-LDS-Tools-FoD-Package~31bf3856ad364e35~wow64~pl-pl~" InstalledSize="803210" Version="10.0.20348.1">
      <SatelliteInfo>
        <ApplyToInfo>
          <ApplyTo Type="arch" Value="wow64" />
          <ApplyTo Type="language" Value="pl-PL" />
        </ApplyToInfo>
      </SatelliteInfo>
      <Payload>
        <PayloadItem PayloadHash="vAmMliIeYFT4+8mMg30RDiddLgX4SgWbgAKmnuSfASo=" PayloadSize="11253" Path="FeaturesOnDemand\pl-pl\baseless\Microsoft-Windows-ActiveDirectory-DS-LDS-Tools-FoD-Package~31bf3856ad364e35~wow64~pl-pl~.cab" PayloadType="ExpressCab" />
        <PayloadItem PayloadHash="FmflshogMJnfc2FqtJub5C/Y8+iOwLTLzY59xW2IZcs=" PayloadSize="154046" Path="FeaturesOnDemand\pl-pl\baseless\Microsoft-Windows-ActiveDirectory-DS-LDS-Tools-FoD-Package~31bf3856ad364e35~wow64~pl-pl~.psf" PayloadType="ExpressPSF" />
      </Payload>
    </Package>
    <Package ID="Microsoft-Windows-BitLocker-Recovery-Tools-FoD-Package~31bf3856ad364e35~amd64~pl-pl~" InstalledSize="32660" Version="10.0.20348.1">
      <SatelliteInfo>
        <ApplyToInfo>
          <ApplyTo Type="language" Value="pl-PL" />
        </ApplyToInfo>
      </SatelliteInfo>
      <Payload>
        <PayloadItem PayloadHash="t1H+Ey76qiSgvNTAhmLnwda9vU00AJ1NAzjvbIh3xfk=" PayloadSize="10253" Path="FeaturesOnDemand\pl-pl\baseless\Microsoft-Windows-BitLocker-Recovery-Tools-FoD-Package~31bf3856ad364e35~amd64~pl-pl~.cab" PayloadType="ExpressCab" />
        <PayloadItem PayloadHash="YIn4dBg8klzD5IF8xlLLfQ0pVITtU5XEAcy4LrMjFiQ=" PayloadSize="58776" Path="FeaturesOnDemand\pl-pl\baseless\Microsoft-Windows-BitLocker-Recovery-Tools-FoD-Package~31bf3856ad364e35~amd64~pl-pl~.psf" PayloadType="ExpressPSF" />
      </Payload>
    </Package>
    <Package ID="Microsoft-Windows-CertificateServices-Tools-FoD-Package~31bf3856ad364e35~amd64~pl-pl~" InstalledSize="1028461" Version="10.0.20348.1">
      <SatelliteInfo>
        <ApplyToInfo>
          <ApplyTo Type="language" Value="pl-PL" />
        </ApplyToInfo>
      </SatelliteInfo>
      <Payload>
        <PayloadItem PayloadHash="eBVJLBGxegcWpdFbRJdJkRyJxhJ6Jed6mgqeccrRpTs=" PayloadSize="12133" Path="FeaturesOnDemand\pl-pl\baseless\Microsoft-Windows-CertificateServices-Tools-FoD-Package~31bf3856ad364e35~amd64~pl-pl~.cab" PayloadType="ExpressCab" />
        <PayloadItem PayloadHash="WWpqGOaBTHjTCNoSaBY1qzq9wIFyQVFlRUrQ9QUIoDE=" PayloadSize="197377" Path="FeaturesOnDemand\pl-pl\baseless\Microsoft-Windows-CertificateServices-Tools-FoD-Package~31bf3856ad364e35~amd64~pl-pl~.psf" PayloadType="ExpressPSF" />
      </Payload>
    </Package>
    <Package ID="Microsoft-Windows-Composition-Test-FOD-Package~31bf3856ad364e35~amd64~pl-pl~" InstalledSize="21122" Version="10.0.20348.1">
      <SatelliteInfo>
        <ApplyToInfo>
          <ApplyTo Type="language" Value="pl-PL" />
        </ApplyToInfo>
      </SatelliteInfo>
      <Payload>
        <PayloadItem PayloadHash="WGSXAdqPa2x4px9Qs9WrByIr8AG5rRkIuu4XFiIyptw=" PayloadSize="10017" Path="FeaturesOnDemand\pl-pl\baseless\Microsoft-Windows-Composition-Test-FOD-Package~31bf3856ad364e35~amd64~pl-pl~.cab" PayloadType="ExpressCab" />
        <PayloadItem PayloadHash="rjy6RR1F2SuJbFtUfn22u6+XGd89/f3h2IgMbjGu+ks=" PayloadSize="55259" Path="FeaturesOnDemand\pl-pl\baseless\Microsoft-Windows-Composition-Test-FOD-Package~31bf3856ad364e35~amd64~pl-pl~.psf" PayloadType="ExpressPSF" />
      </Payload>
    </Package>
    <Package ID="Microsoft-Windows-Composition-Test-FOD-Package~31bf3856ad364e35~wow64~pl-pl~" InstalledSize="21218" Version="10.0.20348.1">
      <SatelliteInfo>
        <ApplyToInfo>
          <ApplyTo Type="arch" Value="wow64" />
          <ApplyTo Type="language" Value="pl-PL" />
        </ApplyToInfo>
      </SatelliteInfo>
      <Payload>
        <PayloadItem PayloadHash="krEMNGKH8tuEWMBXmlF8cafJOTpM/ExL//03dxst4q4=" PayloadSize="9997" Path="FeaturesOnDemand\pl-pl\baseless\Microsoft-Windows-Composition-Test-FOD-Package~31bf3856ad364e35~wow64~pl-pl~.cab" PayloadType="ExpressCab" />
        <PayloadItem PayloadHash="5f+RFjktx00U0jADcrskHp6cn1AiXufSJ+FpDmvPvBs=" PayloadSize="55327" Path="FeaturesOnDemand\pl-pl\baseless\Microsoft-Windows-Composition-Test-FOD-Package~31bf3856ad364e35~wow64~pl-pl~.psf" PayloadType="ExpressPSF" />
      </Payload>
    </Package>
    <Package ID="Microsoft-Windows-DHCP-Tools-FoD-Package~31bf3856ad364e35~amd64~pl-pl~" InstalledSize="1802105" Version="10.0.20348.1">
      <SatelliteInfo>
        <ApplyToInfo>
          <ApplyTo Type="language" Value="pl-PL" />
        </ApplyToInfo>
      </SatelliteInfo>
      <Payload>
        <PayloadItem PayloadHash="elGXZ46cB/nTLwoDlJvEFQFl0PtKjfOjhPKuLo80vLw=" PayloadSize="11105" Path="FeaturesOnDemand\pl-pl\baseless\Microsoft-Windows-DHCP-Tools-FoD-Package~31bf3856ad364e35~amd64~pl-pl~.cab" PayloadType="ExpressCab" />
        <PayloadItem PayloadHash="5J+r83cIhCdotJ6BfOFnYa4GAMNpxU5CmMw3LHWJjrI=" PayloadSize="200611" Path="FeaturesOnDemand\pl-pl\baseless\Microsoft-Windows-DHCP-Tools-FoD-Package~31bf3856ad364e35~amd64~pl-pl~.psf" PayloadType="ExpressPSF" />
      </Payload>
    </Package>
    <Package ID="Microsoft-Windows-DHCP-Tools-FoD-Package~31bf3856ad364e35~wow64~pl-pl~" InstalledSize="460819" Version="10.0.20348.1">
      <SatelliteInfo>
        <ApplyToInfo>
          <ApplyTo Type="arch" Value="wow64" />
          <ApplyTo Type="language" Value="pl-PL" />
        </ApplyToInfo>
      </SatelliteInfo>
      <Payload>
        <PayloadItem PayloadHash="Ko2aAWKXx/2OMrxYbBLzx331Ck8trfrb5lNpW4GnHqI=" PayloadSize="10255" Path="FeaturesOnDemand\pl-pl\baseless\Microsoft-Windows-DHCP-Tools-FoD-Package~31bf3856ad364e35~wow64~pl-pl~.cab" PayloadType="ExpressCab" />
        <PayloadItem PayloadHash="T9XMD6dg9B6TkdiwkbBUA1b8GK85QtM5fbxxG1RjXiQ=" PayloadSize="86411" Path="FeaturesOnDemand\pl-pl\baseless\Microsoft-Windows-DHCP-Tools-FoD-Package~31bf3856ad364e35~wow64~pl-pl~.psf" PayloadType="ExpressPSF" />
      </Payload>
    </Package>
    <Package ID="Microsoft-Windows-DNS-Tools-FoD-Package~31bf3856ad364e35~amd64~pl-pl~" InstalledSize="1898682" Version="10.0.20348.1">
      <SatelliteInfo>
        <ApplyToInfo>
          <ApplyTo Type="language" Value="pl-PL" />
        </ApplyToInfo>
      </SatelliteInfo>
      <Payload>
        <PayloadItem PayloadHash="Woup7H1uClumjZeLOkwBDpAuKWcCcKfclMCMZsiNtKM=" PayloadSize="10965" Path="FeaturesOnDemand\pl-pl\baseless\Microsoft-Windows-DNS-Tools-FoD-Package~31bf3856ad364e35~amd64~pl-pl~.cab" PayloadType="ExpressCab" />
        <PayloadItem PayloadHash="U9cpjU0JhXnQqiYc0CBUMtL5UmXlhW2FMZFK7gsHUW4=" PayloadSize="224267" Path="FeaturesOnDemand\pl-pl\baseless\Microsoft-Windows-DNS-Tools-FoD-Package~31bf3856ad364e35~amd64~pl-pl~.psf" PayloadType="ExpressPSF" />
      </Payload>
    </Package>
    <Package ID="Microsoft-Windows-DNS-Tools-FoD-Package~31bf3856ad364e35~wow64~pl-pl~" InstalledSize="12279" Version="10.0.20348.1">
      <SatelliteInfo>
        <ApplyToInfo>
          <ApplyTo Type="arch" Value="wow64" />
          <ApplyTo Type="language" Value="pl-PL" />
        </ApplyToInfo>
      </SatelliteInfo>
      <Payload>
        <PayloadItem PayloadHash="RUNfA/Yo2lFAtVsfrD8GlqME4mpuu5a0wBl6HVWtfqY=" PayloadSize="9887" Path="FeaturesOnDemand\pl-pl\baseless\Microsoft-Windows-DNS-Tools-FoD-Package~31bf3856ad364e35~wow64~pl-pl~.cab" PayloadType="ExpressCab" />
        <PayloadItem PayloadHash="EsrhpOKF7MoBBIIwepz9t8wg3NLzZsYM833aUp7gREg=" PayloadSize="49654" Path="FeaturesOnDemand\pl-pl\baseless\Microsoft-Windows-DNS-Tools-FoD-Package~31bf3856ad364e35~wow64~pl-pl~.psf" PayloadType="ExpressPSF" />
      </Payload>
    </Package>
    <Package ID="Microsoft-Windows-EMS-SAC-Desktop-Tools-FoD-Package~31bf3856ad364e35~amd64~pl-pl~" InstalledSize="52691" Version="10.0.20348.1">
      <SatelliteInfo>
        <ApplyToInfo>
          <ApplyTo Type="language" Value="pl-PL" />
        </ApplyToInfo>
      </SatelliteInfo>
      <Payload>
        <PayloadItem PayloadHash="lx8cTaYs6B/Mx8RoOS+qZK2b30lNZ5Pihs5T2HCLsLo=" PayloadSize="10501" Path="FeaturesOnDemand\pl-pl\baseless\Microsoft-Windows-EMS-SAC-Desktop-Tools-FoD-Package~31bf3856ad364e35~amd64~pl-pl~.cab" PayloadType="ExpressCab" />
        <PayloadItem PayloadHash="ARAivur+I2eDCSUpJKLa8KJDFMz+De1/0uPdxxLOl7I=" PayloadSize="64408" Path="FeaturesOnDemand\pl-pl\baseless\Microsoft-Windows-EMS-SAC-Desktop-Tools-FoD-Package~31bf3856ad364e35~amd64~pl-pl~.psf" PayloadType="ExpressPSF" />
      </Payload>
    </Package>
    <Package ID="Microsoft-Windows-FailoverCluster-Management-Tools-FOD-Package~31bf3856ad364e35~amd64~pl-pl~" InstalledSize="9025112" Version="10.0.20348.1">
      <SatelliteInfo>
        <ApplyToInfo>
          <ApplyTo Type="language" Value="pl-PL" />
        </ApplyToInfo>
      </SatelliteInfo>
      <Payload>
        <PayloadItem PayloadHash="/cbXapqEAxYYJFh6xlURew3p2U09/OLldbWUXhkXsww=" PayloadSize="16533" Path="FeaturesOnDemand\pl-pl\baseless\Microsoft-Windows-FailoverCluster-Management-Tools-FOD-Package~31bf3856ad364e35~amd64~pl-pl~.cab" PayloadType="ExpressCab" />
        <PayloadItem PayloadHash="/Fq5B7xSr4R/udsLj8jXkgFf7ph8OWUv8YnbVvxrgNI=" PayloadSize="2462145" Path="FeaturesOnDemand\pl-pl\baseless\Microsoft-Windows-FailoverCluster-Management-Tools-FOD-Package~31bf3856ad364e35~amd64~pl-pl~.psf" PayloadType="ExpressPSF" />
      </Payload>
    </Package>
    <Package ID="Microsoft-Windows-FailoverCluster-Management-Tools-FOD-Package~31bf3856ad364e35~wow64~pl-pl~" InstalledSize="65632" Version="10.0.20348.1">
      <SatelliteInfo>
        <ApplyToInfo>
          <ApplyTo Type="arch" Value="wow64" />
          <ApplyTo Type="language" Value="pl-PL" />
        </ApplyToInfo>
      </SatelliteInfo>
      <Payload>
        <PayloadItem PayloadHash="ir4PprQYMtoa2pcMxKYSXFTXWZsrbh7g/Ni845Wcl9I=" PayloadSize="10947" Path="FeaturesOnDemand\pl-pl\baseless\Microsoft-Windows-FailoverCluster-Management-Tools-FOD-Package~31bf3856ad364e35~wow64~pl-pl~.cab" PayloadType="ExpressCab" />
        <PayloadItem PayloadHash="JAtp8qyRd9IBiOydJrgDnYTZE+PQVUWGkrJw98Eui2k=" PayloadSize="71104" Path="FeaturesOnDemand\pl-pl\baseless\Microsoft-Windows-FailoverCluster-Management-Tools-FOD-Package~31bf3856ad364e35~wow64~pl-pl~.psf" PayloadType="ExpressPSF" />
      </Payload>
    </Package>
    <Package ID="Microsoft-Windows-FileServices-Tools-FoD-Package~31bf3856ad364e35~amd64~pl-pl~" InstalledSize="4162161" Version="10.0.20348.1">
      <SatelliteInfo>
        <ApplyToInfo>
          <ApplyTo Type="language" Value="pl-PL" />
        </ApplyToInfo>
      </SatelliteInfo>
      <Payload>
        <PayloadItem PayloadHash="ZpH8CpgOBHA5/ROr836IbeQd20SIuPoTqUBQyJ/p/zQ=" PayloadSize="14803" Path="FeaturesOnDemand\pl-pl\baseless\Microsoft-Windows-FileServices-Tools-FoD-Package~31bf3856ad364e35~amd64~pl-pl~.cab" PayloadType="ExpressCab" />
        <PayloadItem PayloadHash="aFQqld2i183iWfdOWzDyQZdiCMEUzsCltXre0GD0JpA=" PayloadSize="613562" Path="FeaturesOnDemand\pl-pl\baseless\Microsoft-Windows-FileServices-Tools-FoD-Package~31bf3856ad364e35~amd64~pl-pl~.psf" PayloadType="ExpressPSF" />
      </Payload>
    </Package>
    <Package ID="Microsoft-Windows-FileServices-Tools-FoD-Package~31bf3856ad364e35~wow64~pl-pl~" InstalledSize="185104" Version="10.0.20348.1">
      <SatelliteInfo>
        <ApplyToInfo>
          <ApplyTo Type="arch" Value="wow64" />
          <ApplyTo Type="language" Value="pl-PL" />
        </ApplyToInfo>
      </SatelliteInfo>
      <Payload>
        <PayloadItem PayloadHash="JeqiwlSVGk7d38RJCSrSOq840EtE/12vqLzvjzml+Ok=" PayloadSize="10601" Path="FeaturesOnDemand\pl-pl\baseless\Microsoft-Windows-FileServices-Tools-FoD-Package~31bf3856ad364e35~wow64~pl-pl~.cab" PayloadType="ExpressCab" />
        <PayloadItem PayloadHash="yv8lkt3LDLGQFw5vMEEPtgk88WXpLOBAYNb55YlqXIo=" PayloadSize="78910" Path="FeaturesOnDemand\pl-pl\baseless\Microsoft-Windows-FileServices-Tools-FoD-Package~31bf3856ad364e35~wow64~pl-pl~.psf" PayloadType="ExpressPSF" />
      </Payload>
    </Package>
    <Package ID="Microsoft-Windows-GroupPolicy-Management-Tools-FoD-Package~31bf3856ad364e35~amd64~pl-pl~" InstalledSize="2342511" Version="10.0.20348.1">
      <SatelliteInfo>
        <ApplyToInfo>
          <ApplyTo Type="language" Value="pl-PL" />
        </ApplyToInfo>
      </SatelliteInfo>
      <Payload>
        <PayloadItem PayloadHash="4ee7mVML4q10plMXbF24GESb4EBL4TctQHpu/2jrPBY=" PayloadSize="13571" Path="FeaturesOnDemand\pl-pl\baseless\Microsoft-Windows-GroupPolicy-Management-Tools-FoD-Package~31bf3856ad364e35~amd64~pl-pl~.cab" PayloadType="ExpressCab" />
        <PayloadItem PayloadHash="jk3OL/ZzTJ0c7QC/Gy0w2xkYgtHEOdcGnDc78fjc63g=" PayloadSize="348267" Path="FeaturesOnDemand\pl-pl\baseless\Microsoft-Windows-GroupPolicy-Management-Tools-FoD-Package~31bf3856ad364e35~amd64~pl-pl~.psf" PayloadType="ExpressPSF" />
      </Payload>
    </Package>
    <Package ID="Microsoft-Windows-GroupPolicy-Management-Tools-FoD-Package~31bf3856ad364e35~wow64~pl-pl~" InstalledSize="328480" Version="10.0.20348.1">
      <SatelliteInfo>
        <ApplyToInfo>
          <ApplyTo Type="arch" Value="wow64" />
          <ApplyTo Type="language" Value="pl-PL" />
        </ApplyToInfo>
      </SatelliteInfo>
      <Payload>
        <PayloadItem PayloadHash="LfYi5ItewZ3RXYhohCX6xwTw3kPnav9gnZXOKc0w4P8=" PayloadSize="10397" Path="FeaturesOnDemand\pl-pl\baseless\Microsoft-Windows-GroupPolicy-Management-Tools-FoD-Package~31bf3856ad364e35~wow64~pl-pl~.cab" PayloadType="ExpressCab" />
        <PayloadItem PayloadHash="yMsKuDXLX/zA8HubdnoFHCvlN+iiaXsXih2mcJsy2rg=" PayloadSize="93291" Path="FeaturesOnDemand\pl-pl\baseless\Microsoft-Windows-GroupPolicy-Management-Tools-FoD-Package~31bf3856ad364e35~wow64~pl-pl~.psf" PayloadType="ExpressPSF" />
      </Payload>
    </Package>
    <Package ID="Microsoft-Windows-IPAM-Client-FoD-Package~31bf3856ad364e35~amd64~pl-pl~" InstalledSize="107681" Version="10.0.20348.1">
      <SatelliteInfo>
        <ApplyToInfo>
          <ApplyTo Type="language" Value="pl-PL" />
        </ApplyToInfo>
      </SatelliteInfo>
      <Payload>
        <PayloadItem PayloadHash="Uep5+CEc4ZJRWdu0V7aa2DCfjvIL/bPoBrvgjTJDuMs=" PayloadSize="10221" Path="FeaturesOnDemand\pl-pl\baseless\Microsoft-Windows-IPAM-Client-FoD-Package~31bf3856ad364e35~amd64~pl-pl~.cab" PayloadType="ExpressCab" />
        <PayloadItem PayloadHash="9Tx6SgTAA3dg6V0kLrL3D29Zbx1om70NNRih4tNWVwo=" PayloadSize="62479" Path="FeaturesOnDemand\pl-pl\baseless\Microsoft-Windows-IPAM-Client-FoD-Package~31bf3856ad364e35~amd64~pl-pl~.psf" PayloadType="ExpressPSF" />
      </Payload>
    </Package>
    <Package ID="Microsoft-Windows-IPAM-Client-FoD-Package~31bf3856ad364e35~wow64~pl-pl~" InstalledSize="25345" Version="10.0.20348.1">
      <SatelliteInfo>
        <ApplyToInfo>
          <ApplyTo Type="arch" Value="wow64" />
          <ApplyTo Type="language" Value="pl-PL" />
        </ApplyToInfo>
      </SatelliteInfo>
      <Payload>
        <PayloadItem PayloadHash="rXN8G/SgdGXbpUyYCSMk2giYHDbU2CO5lRhRa2O7GLI=" PayloadSize="10035" Path="FeaturesOnDemand\pl-pl\baseless\Microsoft-Windows-IPAM-Client-FoD-Package~31bf3856ad364e35~wow64~pl-pl~.cab" PayloadType="ExpressCab" />
        <PayloadItem PayloadHash="5nxfflQZJM1imQuVoHndsORnp9vLY05OrpTu9QVqIl4=" PayloadSize="52215" Path="FeaturesOnDemand\pl-pl\baseless\Microsoft-Windows-IPAM-Client-FoD-Package~31bf3856ad364e35~wow64~pl-pl~.psf" PayloadType="ExpressPSF" />
      </Payload>
    </Package>
    <Package ID="Microsoft-Windows-IRDA-Package~31bf3856ad364e35~amd64~pl-pl~" InstalledSize="58444" Version="10.0.20348.1">
      <SatelliteInfo>
        <ApplyToInfo>
          <ApplyTo Type="language" Value="pl-PL" />
        </ApplyToInfo>
      </SatelliteInfo>
      <Payload>
        <PayloadItem PayloadHash="h9F+s4+Wr+PdmqGp3xTdtl8xalIwfgWKIXA3MyafH2g=" PayloadSize="10875" Path="FeaturesOnDemand\pl-pl\baseless\Microsoft-Windows-IRDA-Package~31bf3856ad364e35~amd64~pl-pl~.cab" PayloadType="ExpressCab" />
        <PayloadItem PayloadHash="2srtgybwkTvQFpRj91S963Umu35KehW/I3efE0EW+MM=" PayloadSize="63727" Path="FeaturesOnDemand\pl-pl\baseless\Microsoft-Windows-IRDA-Package~31bf3856ad364e35~amd64~pl-pl~.psf" PayloadType="ExpressPSF" />
      </Payload>
    </Package>
    <Package ID="Microsoft-Windows-IRDA-Package~31bf3856ad364e35~wow64~pl-pl~" InstalledSize="11332" Version="10.0.20348.1">
      <SatelliteInfo>
        <ApplyToInfo>
          <ApplyTo Type="arch" Value="wow64" />
          <ApplyTo Type="language" Value="pl-PL" />
        </ApplyToInfo>
      </SatelliteInfo>
      <Payload>
        <PayloadItem PayloadHash="5NLRZ+GwcVJMng+X/L7bdH1bvhHlbTNnAkMM/2X2xSg=" PayloadSize="9795" Path="FeaturesOnDemand\pl-pl\baseless\Microsoft-Windows-IRDA-Package~31bf3856ad364e35~wow64~pl-pl~.cab" PayloadType="ExpressCab" />
        <PayloadItem PayloadHash="ODu4yRmbH/lROrZI2dsqlesuDyBPprH7IvpFIB+BMF0=" PayloadSize="49067" Path="FeaturesOnDemand\pl-pl\baseless\Microsoft-Windows-IRDA-Package~31bf3856ad364e35~wow64~pl-pl~.psf" PayloadType="ExpressPSF" />
      </Payload>
    </Package>
    <Package ID="Microsoft-Windows-Media-Features-Package~31bf3856ad364e35~amd64~pl-pl~" InstalledSize="1786452" Version="10.0.20348.1">
      <SatelliteInfo>
        <ApplyToInfo>
          <ApplyTo Type="language" Value="pl-PL" />
        </ApplyToInfo>
      </SatelliteInfo>
      <Payload>
        <PayloadItem PayloadHash="RHxUgZ8dJU+E2JuvC1wuUyjbVgtSGzK0XhYOCOMslvI=" PayloadSize="29749" Path="FeaturesOnDemand\pl-pl\baseless\Microsoft-Windows-Media-Features-Package~31bf3856ad364e35~amd64~pl-pl~.cab" PayloadType="ExpressCab" />
        <PayloadItem PayloadHash="y9fPoO5R1wmchHdKxjCkKH1AtahTrR9jOh6habJBCv0=" PayloadSize="535300" Path="FeaturesOnDemand\pl-pl\baseless\Microsoft-Windows-Media-Features-Package~31bf3856ad364e35~amd64~pl-pl~.psf" PayloadType="ExpressPSF" />
      </Payload>
    </Package>
    <Package ID="Microsoft-Windows-Media-Features-Package~31bf3856ad364e35~wow64~pl-pl~" InstalledSize="364214" Version="10.0.20348.1">
      <SatelliteInfo>
        <ApplyToInfo>
          <ApplyTo Type="arch" Value="wow64" />
          <ApplyTo Type="language" Value="pl-PL" />
        </ApplyToInfo>
      </SatelliteInfo>
      <Payload>
        <PayloadItem PayloadHash="6jBFUTHyRcaAY12cysJTkjjqWr3HCtJPM5TRsdPHS3A=" PayloadSize="18917" Path="FeaturesOnDemand\pl-pl\baseless\Microsoft-Windows-Media-Features-Package~31bf3856ad364e35~wow64~pl-pl~.cab" PayloadType="ExpressCab" />
        <PayloadItem PayloadHash="uVJa3kdZRmcqLS565CxO0R9XkKOoMHJbLHY7qPkxxNE=" PayloadSize="252467" Path="FeaturesOnDemand\pl-pl\baseless\Microsoft-Windows-Media-Features-Package~31bf3856ad364e35~wow64~pl-pl~.psf" PayloadType="ExpressPSF" />
      </Payload>
    </Package>
    <Package ID="Microsoft-Windows-MSPaint-FoD-Package~31bf3856ad364e35~amd64~pl-pl~" InstalledSize="71451" Version="10.0.20348.1">
      <SatelliteInfo>
        <ApplyToInfo>
          <ApplyTo Type="language" Value="pl-PL" />
        </ApplyToInfo>
      </SatelliteInfo>
      <Payload>
        <PayloadItem PayloadHash="95DNBgv5jKQOafjEUNCVB8f/Fkt9n4Pl9cNVzJ6NUcA=" PayloadSize="10017" Path="FeaturesOnDemand\pl-pl\baseless\Microsoft-Windows-MSPaint-FoD-Package~31bf3856ad364e35~amd64~pl-pl~.cab" PayloadType="ExpressCab" />
        <PayloadItem PayloadHash="WBhiS/4sK3d7j3fkTu1XC81T0TCOw7+M/yCbM3JQgNs=" PayloadSize="61920" Path="FeaturesOnDemand\pl-pl\baseless\Microsoft-Windows-MSPaint-FoD-Package~31bf3856ad364e35~amd64~pl-pl~.psf" PayloadType="ExpressPSF" />
      </Payload>
    </Package>
    <Package ID="Microsoft-Windows-MSPaint-FoD-Package~31bf3856ad364e35~wow64~pl-pl~" InstalledSize="71528" Version="10.0.20348.1">
      <SatelliteInfo>
        <ApplyToInfo>
          <ApplyTo Type="arch" Value="wow64" />
          <ApplyTo Type="language" Value="pl-PL" />
        </ApplyToInfo>
      </SatelliteInfo>
      <Payload>
        <PayloadItem PayloadHash="v/+oPjSaJ/80FGxrSucwJ8nbYDCFo4Hpav29Vtcbz3Q=" PayloadSize="9995" Path="FeaturesOnDemand\pl-pl\baseless\Microsoft-Windows-MSPaint-FoD-Package~31bf3856ad364e35~wow64~pl-pl~.cab" PayloadType="ExpressCab" />
        <PayloadItem PayloadHash="vpjbLe35cdcu8HvYNO3wYc+kk58QLgbwKfWraaC/XN8=" PayloadSize="61978" Path="FeaturesOnDemand\pl-pl\baseless\Microsoft-Windows-MSPaint-FoD-Package~31bf3856ad364e35~wow64~pl-pl~.psf" PayloadType="ExpressPSF" />
      </Payload>
    </Package>
    <Package ID="Microsoft-Windows-NetworkController-Tools-FoD-Package~31bf3856ad364e35~amd64~pl-pl~" InstalledSize="67784" Version="10.0.20348.1">
      <SatelliteInfo>
        <ApplyToInfo>
          <ApplyTo Type="language" Value="pl-PL" />
        </ApplyToInfo>
      </SatelliteInfo>
      <Payload>
        <PayloadItem PayloadHash="XmKSD3ElmjfXnx/QrQpHC3vWI9D8QvXxYu3PnZSFbYU=" PayloadSize="10527" Path="FeaturesOnDemand\pl-pl\baseless\Microsoft-Windows-NetworkController-Tools-FoD-Package~31bf3856ad364e35~amd64~pl-pl~.cab" PayloadType="ExpressCab" />
        <PayloadItem PayloadHash="PH+CslpTtvIPSnSdmWf1bzSgCThg3/RJVzmvMc91vtc=" PayloadSize="70743" Path="FeaturesOnDemand\pl-pl\baseless\Microsoft-Windows-NetworkController-Tools-FoD-Package~31bf3856ad364e35~amd64~pl-pl~.psf" PayloadType="ExpressPSF" />
      </Payload>
    </Package>
    <Package ID="Microsoft-Windows-NetworkLoadBalancing-Tools-FoD-Package~31bf3856ad364e35~amd64~pl-pl~" InstalledSize="226017" Version="10.0.20348.1">
      <SatelliteInfo>
        <ApplyToInfo>
          <ApplyTo Type="language" Value="pl-PL" />
        </ApplyToInfo>
      </SatelliteInfo>
      <Payload>
        <PayloadItem PayloadHash="fBRB4JVjctopktP+YxJOTro71Z311kjg2l17fV+aaQs=" PayloadSize="10543" Path="FeaturesOnDemand\pl-pl\baseless\Microsoft-Windows-NetworkLoadBalancing-Tools-FoD-Package~31bf3856ad364e35~amd64~pl-pl~.cab" PayloadType="ExpressCab" />
        <PayloadItem PayloadHash="CRc8ZCg8fv7xFqS0lezbIbplmrsD8CPdnpwC695UZGE=" PayloadSize="88224" Path="FeaturesOnDemand\pl-pl\baseless\Microsoft-Windows-NetworkLoadBalancing-Tools-FoD-Package~31bf3856ad364e35~amd64~pl-pl~.psf" PayloadType="ExpressPSF" />
      </Payload>
    </Package>
    <Package ID="Microsoft-Windows-Notepad-FoD-Package~31bf3856ad364e35~amd64~pl-pl~" InstalledSize="25400" Version="10.0.20348.1">
      <SatelliteInfo>
        <ApplyToInfo>
          <ApplyTo Type="language" Value="pl-PL" />
        </ApplyToInfo>
      </SatelliteInfo>
      <Payload>
        <PayloadItem PayloadHash="KvYkR8OBkrqkIAFqVTeIVnwyuWppIjFo28C9SWPRoQo=" PayloadSize="9995" Path="FeaturesOnDemand\pl-pl\baseless\Microsoft-Windows-Notepad-FoD-Package~31bf3856ad364e35~amd64~pl-pl~.cab" PayloadType="ExpressCab" />
        <PayloadItem PayloadHash="a0pZml6xd3ZE/zfjuZHNdH10XUkd6L/P5jngeq7DZ24=" PayloadSize="53909" Path="FeaturesOnDemand\pl-pl\baseless\Microsoft-Windows-Notepad-FoD-Package~31bf3856ad364e35~amd64~pl-pl~.psf" PayloadType="ExpressPSF" />
      </Payload>
    </Package>
    <Package ID="Microsoft-Windows-Notepad-FoD-Package~31bf3856ad364e35~wow64~pl-pl~" InstalledSize="11163" Version="10.0.20348.1">
      <SatelliteInfo>
        <ApplyToInfo>
          <ApplyTo Type="arch" Value="wow64" />
          <ApplyTo Type="language" Value="pl-PL" />
        </ApplyToInfo>
      </SatelliteInfo>
      <Payload>
        <PayloadItem PayloadHash="S43g9PM0WBaHJADpS0Q8u58R5PN0Duh7CEzvpAE/5rU=" PayloadSize="9783" Path="FeaturesOnDemand\pl-pl\baseless\Microsoft-Windows-Notepad-FoD-Package~31bf3856ad364e35~wow64~pl-pl~.cab" PayloadType="ExpressCab" />
        <PayloadItem PayloadHash="kwhWSmr9OkCobse+vP1wFXZ3bRJwxGiJYDcobH5bbTE=" PayloadSize="49007" Path="FeaturesOnDemand\pl-pl\baseless\Microsoft-Windows-Notepad-FoD-Package~31bf3856ad364e35~wow64~pl-pl~.psf" PayloadType="ExpressPSF" />
      </Payload>
    </Package>
    <Package ID="Microsoft-Windows-PowerShell-ISE-FOD-Package~31bf3856ad364e35~amd64~pl-pl~" InstalledSize="870603" Version="10.0.20348.1">
      <SatelliteInfo>
        <ApplyToInfo>
          <ApplyTo Type="language" Value="pl-PL" />
        </ApplyToInfo>
      </SatelliteInfo>
      <Payload>
        <PayloadItem PayloadHash="deM6JcgvuZiNIW1yUqSBYgLNfC5oSBeqe0nLHRkrCcc=" PayloadSize="10845" Path="FeaturesOnDemand\pl-pl\baseless\Microsoft-Windows-PowerShell-ISE-FOD-Package~31bf3856ad364e35~amd64~pl-pl~.cab" PayloadType="ExpressCab" />
        <PayloadItem PayloadHash="gnflVjZHl5nB0YT8vVOWwP7Fxpwcjl3PveviVKNIxzI=" PayloadSize="341971" Path="FeaturesOnDemand\pl-pl\baseless\Microsoft-Windows-PowerShell-ISE-FOD-Package~31bf3856ad364e35~amd64~pl-pl~.psf" PayloadType="ExpressPSF" />
      </Payload>
    </Package>
    <Package ID="Microsoft-Windows-PowerShell-ISE-FOD-Package~31bf3856ad364e35~wow64~pl-pl~" InstalledSize="71316" Version="10.0.20348.1">
      <SatelliteInfo>
        <ApplyToInfo>
          <ApplyTo Type="arch" Value="wow64" />
          <ApplyTo Type="language" Value="pl-PL" />
        </ApplyToInfo>
      </SatelliteInfo>
      <Payload>
        <PayloadItem PayloadHash="lnQGOaiZhKjV0CloRDRBF51uDNHTXYcKe5x6qA4YyvU=" PayloadSize="10043" Path="FeaturesOnDemand\pl-pl\baseless\Microsoft-Windows-PowerShell-ISE-FOD-Package~31bf3856ad364e35~wow64~pl-pl~.cab" PayloadType="ExpressCab" />
        <PayloadItem PayloadHash="xURlHikZpkdUMZX+0Wb0dP20z25DZOJ0OVvEcpF2Z7E=" PayloadSize="68706" Path="FeaturesOnDemand\pl-pl\baseless\Microsoft-Windows-PowerShell-ISE-FOD-Package~31bf3856ad364e35~wow64~pl-pl~.psf" PayloadType="ExpressPSF" />
      </Payload>
    </Package>
    <Package ID="Microsoft-Windows-Printing-PMCPPC-FoD-Package~31bf3856ad364e35~amd64~pl-pl~" InstalledSize="227286" Version="10.0.20348.1">
      <SatelliteInfo>
        <ApplyToInfo>
          <ApplyTo Type="language" Value="pl-PL" />
        </ApplyToInfo>
      </SatelliteInfo>
      <Payload>
        <PayloadItem PayloadHash="97JVVQQKz6W8b76adK7qJ8822/0m007tybfo0XHBAnw=" PayloadSize="10241" Path="FeaturesOnDemand\pl-pl\baseless\Microsoft-Windows-Printing-PMCPPC-FoD-Package~31bf3856ad364e35~amd64~pl-pl~.cab" PayloadType="ExpressCab" />
        <PayloadItem PayloadHash="ZyMl/DK002SEQPAC39rxm4765fw2R7+LhJXL4pYUqgI=" PayloadSize="80769" Path="FeaturesOnDemand\pl-pl\baseless\Microsoft-Windows-Printing-PMCPPC-FoD-Package~31bf3856ad364e35~amd64~pl-pl~.psf" PayloadType="ExpressPSF" />
      </Payload>
    </Package>
    <Package ID="Microsoft-Windows-Printing-WFS-FoD-Package~31bf3856ad364e35~amd64~pl-pl~" InstalledSize="557245" Version="10.0.20348.1">
      <SatelliteInfo>
        <ApplyToInfo>
          <ApplyTo Type="language" Value="pl-PL" />
        </ApplyToInfo>
      </SatelliteInfo>
      <Payload>
        <PayloadItem PayloadHash="ziSJj3xvJKTbulvDwSfjh7qBepdj6dgGONLAyWLn8+o=" PayloadSize="11369" Path="FeaturesOnDemand\pl-pl\baseless\Microsoft-Windows-Printing-WFS-FoD-Package~31bf3856ad364e35~amd64~pl-pl~.cab" PayloadType="ExpressCab" />
        <PayloadItem PayloadHash="HHx27HxgbCnJJRFdOGTIxqtpG/el3zGX23rEFYthZnU=" PayloadSize="200584" Path="FeaturesOnDemand\pl-pl\baseless\Microsoft-Windows-Printing-WFS-FoD-Package~31bf3856ad364e35~amd64~pl-pl~.psf" PayloadType="ExpressPSF" />
      </Payload>
    </Package>
    <Package ID="Microsoft-Windows-RasCMAK-Client-Package~31bf3856ad364e35~amd64~pl-pl~" InstalledSize="253712" Version="10.0.20348.1">
      <SatelliteInfo>
        <ApplyToInfo>
          <ApplyTo Type="language" Value="pl-PL" />
        </ApplyToInfo>
      </SatelliteInfo>
      <Payload>
        <PayloadItem PayloadHash="1vYw5pkucKXugcInb6t/6ajGtmTshY1ASECGf8UePdw=" PayloadSize="10477" Path="FeaturesOnDemand\pl-pl\baseless\Microsoft-Windows-RasCMAK-Client-Package~31bf3856ad364e35~amd64~pl-pl~.cab" PayloadType="ExpressCab" />
        <PayloadItem PayloadHash="ife1EJHPrX7o8IWwoBYdQlmr6KyM8l7pNqk0zrsw14Q=" PayloadSize="120652" Path="FeaturesOnDemand\pl-pl\baseless\Microsoft-Windows-RasCMAK-Client-Package~31bf3856ad364e35~amd64~pl-pl~.psf" PayloadType="ExpressPSF" />
      </Payload>
    </Package>
    <Package ID="Microsoft-Windows-RasCMAK-Client-Package~31bf3856ad364e35~wow64~pl-pl~" InstalledSize="407378" Version="10.0.20348.1">
      <SatelliteInfo>
        <ApplyToInfo>
          <ApplyTo Type="arch" Value="wow64" />
          <ApplyTo Type="language" Value="pl-PL" />
        </ApplyToInfo>
      </SatelliteInfo>
      <Payload>
        <PayloadItem PayloadHash="k+CecQffA+cBeUhjDgeebrEkcYlD1+H4xftIDUCh5us=" PayloadSize="10603" Path="FeaturesOnDemand\pl-pl\baseless\Microsoft-Windows-RasCMAK-Client-Package~31bf3856ad364e35~wow64~pl-pl~.cab" PayloadType="ExpressCab" />
        <PayloadItem PayloadHash="fhUwmJzcGhvHysZvH5eHNhzYc19THnHMKV/IaeArkbY=" PayloadSize="323698" Path="FeaturesOnDemand\pl-pl\baseless\Microsoft-Windows-RasCMAK-Client-Package~31bf3856ad364e35~wow64~pl-pl~.psf" PayloadType="ExpressPSF" />
      </Payload>
    </Package>
    <Package ID="Microsoft-Windows-RasRip-Package~31bf3856ad364e35~amd64~pl-pl~" InstalledSize="25741" Version="10.0.20348.1">
      <SatelliteInfo>
        <ApplyToInfo>
          <ApplyTo Type="language" Value="pl-PL" />
        </ApplyToInfo>
      </SatelliteInfo>
      <Payload>
        <PayloadItem PayloadHash="vYMucb+G2/tAkpQwNggI1sdjZ65MmKOZ/uzP8K4bFZ0=" PayloadSize="10017" Path="FeaturesOnDemand\pl-pl\baseless\Microsoft-Windows-RasRip-Package~31bf3856ad364e35~amd64~pl-pl~.cab" PayloadType="ExpressCab" />
        <PayloadItem PayloadHash="2Rp40iA+o2JRDS/uxTwhsjJj9tH0gQFxQAaNOXmJkJ0=" PayloadSize="52804" Path="FeaturesOnDemand\pl-pl\baseless\Microsoft-Windows-RasRip-Package~31bf3856ad364e35~amd64~pl-pl~.psf" PayloadType="ExpressPSF" />
      </Payload>
    </Package>
    <Package ID="Microsoft-Windows-RemoteAccess-Management-Tools-FoD-Package~31bf3856ad364e35~amd64~pl-pl~" InstalledSize="18715661" Version="10.0.20348.1">
      <SatelliteInfo>
        <ApplyToInfo>
          <ApplyTo Type="language" Value="pl-PL" />
        </ApplyToInfo>
      </SatelliteInfo>
      <Payload>
        <PayloadItem PayloadHash="4oxbJnCgZypmPvHRnfTFI04+77B6OFRXL2lIZw5VnSI=" PayloadSize="12779" Path="FeaturesOnDemand\pl-pl\baseless\Microsoft-Windows-RemoteAccess-Management-Tools-FoD-Package~31bf3856ad364e35~amd64~pl-pl~.cab" PayloadType="ExpressCab" />
        <PayloadItem PayloadHash="lVUAnMxUf0sqiFUS9yadaOx0Mo9Kq7YDPAraUZf4R3U=" PayloadSize="3407256" Path="FeaturesOnDemand\pl-pl\baseless\Microsoft-Windows-RemoteAccess-Management-Tools-FoD-Package~31bf3856ad364e35~amd64~pl-pl~.psf" PayloadType="ExpressPSF" />
      </Payload>
    </Package>
    <Package ID="Microsoft-Windows-RemoteAccess-Management-Tools-FoD-Package~31bf3856ad364e35~wow64~pl-pl~" InstalledSize="12640" Version="10.0.20348.1">
      <SatelliteInfo>
        <ApplyToInfo>
          <ApplyTo Type="arch" Value="wow64" />
          <ApplyTo Type="language" Value="pl-PL" />
        </ApplyToInfo>
      </SatelliteInfo>
      <Payload>
        <PayloadItem PayloadHash="sWizsoazol3WyFcRguwTp5a6NkvkQEhWq7mk8sRL07A=" PayloadSize="9899" Path="FeaturesOnDemand\pl-pl\baseless\Microsoft-Windows-RemoteAccess-Management-Tools-FoD-Package~31bf3856ad364e35~wow64~pl-pl~.cab" PayloadType="ExpressCab" />
        <PayloadItem PayloadHash="j7jMbTOfIHmfledbFJ7nIX7276G5SjGK1hzxR7MLzMs=" PayloadSize="49730" Path="FeaturesOnDemand\pl-pl\baseless\Microsoft-Windows-RemoteAccess-Management-Tools-FoD-Package~31bf3856ad364e35~wow64~pl-pl~.psf" PayloadType="ExpressPSF" />
      </Payload>
    </Package>
    <Package ID="Microsoft-Windows-RemoteDesktop-Services-Tools-FoD-Package~31bf3856ad364e35~amd64~pl-pl~" InstalledSize="1537093" Version="10.0.20348.1">
      <SatelliteInfo>
        <ApplyToInfo>
          <ApplyTo Type="language" Value="pl-PL" />
        </ApplyToInfo>
      </SatelliteInfo>
      <Payload>
        <PayloadItem PayloadHash="jqZGv3ta4UpVWJAvbE3pr+oCITyCl0DujPNV8IyDdG4=" PayloadSize="11683" Path="FeaturesOnDemand\pl-pl\baseless\Microsoft-Windows-RemoteDesktop-Services-Tools-FoD-Package~31bf3856ad364e35~amd64~pl-pl~.cab" PayloadType="ExpressCab" />
        <PayloadItem PayloadHash="xa7rzxVXSQhDvxbSrUi/3ni+XkohVILIgRC1BgyZQFU=" PayloadSize="296096" Path="FeaturesOnDemand\pl-pl\baseless\Microsoft-Windows-RemoteDesktop-Services-Tools-FoD-Package~31bf3856ad364e35~amd64~pl-pl~.psf" PayloadType="ExpressPSF" />
      </Payload>
    </Package>
    <Package ID="Microsoft-Windows-Server-AppCompat-FoD-Package~31bf3856ad364e35~amd64~pl-pl~" InstalledSize="29168312" Version="10.0.20348.1">
      <SatelliteInfo>
        <ApplyToInfo>
          <ApplyTo Type="language" Value="pl-PL" />
        </ApplyToInfo>
      </SatelliteInfo>
      <Payload>
        <PayloadItem PayloadHash="rLkLh+etd2RKO/8aokSJf1lBo18vVvB5BBZtnAr7EXU=" PayloadSize="73827" Path="FeaturesOnDemand\pl-pl\baseless\Microsoft-Windows-Server-AppCompat-FoD-Package~31bf3856ad364e35~amd64~pl-pl~.cab" PayloadType="ExpressCab" />
        <PayloadItem PayloadHash="ZfII1/Xgtve/6dKgOJrZ3gI6tnVSPJ2tZqlLge/P9Mc=" PayloadSize="7549815" Path="FeaturesOnDemand\pl-pl\baseless\Microsoft-Windows-Server-AppCompat-FoD-Package~31bf3856ad364e35~amd64~pl-pl~.psf" PayloadType="ExpressPSF" />
      </Payload>
    </Package>
    <Package ID="Microsoft-Windows-ServerManager-Tools-FoD-Package~31bf3856ad364e35~amd64~pl-pl~" InstalledSize="11053579" Version="10.0.20348.1">
      <SatelliteInfo>
        <ApplyToInfo>
          <ApplyTo Type="language" Value="pl-PL" />
        </ApplyToInfo>
      </SatelliteInfo>
      <Payload>
        <PayloadItem PayloadHash="hqt591As+OFJVTZjAaLXvcZQJD5/dtfaioDk+HmrTa0=" PayloadSize="23179" Path="FeaturesOnDemand\pl-pl\baseless\Microsoft-Windows-ServerManager-Tools-FoD-Package~31bf3856ad364e35~amd64~pl-pl~.cab" PayloadType="ExpressCab" />
        <PayloadItem PayloadHash="c8t1Ro1Qf/cP/0+YkNxYj6t36cXXTIT3UPrOJ14wrIw=" PayloadSize="2199534" Path="FeaturesOnDemand\pl-pl\baseless\Microsoft-Windows-ServerManager-Tools-FoD-Package~31bf3856ad364e35~amd64~pl-pl~.psf" PayloadType="ExpressPSF" />
      </Payload>
    </Package>
    <Package ID="Microsoft-Windows-ServerManager-Tools-FoD-Package~31bf3856ad364e35~wow64~pl-pl~" InstalledSize="1164878" Version="10.0.20348.1">
      <SatelliteInfo>
        <ApplyToInfo>
          <ApplyTo Type="arch" Value="wow64" />
          <ApplyTo Type="language" Value="pl-PL" />
        </ApplyToInfo>
      </SatelliteInfo>
      <Payload>
        <PayloadItem PayloadHash="9dyOY/XOBROxy/XbOGywst8+fF8m6wMMTQxux9Tajnc=" PayloadSize="10745" Path="FeaturesOnDemand\pl-pl\baseless\Microsoft-Windows-ServerManager-Tools-FoD-Package~31bf3856ad364e35~wow64~pl-pl~.cab" PayloadType="ExpressCab" />
        <PayloadItem PayloadHash="Vqg4x/j3YnP8/GzmT+Qj4y3C0+4d+4Lemme+iKZjGCQ=" PayloadSize="339586" Path="FeaturesOnDemand\pl-pl\baseless\Microsoft-Windows-ServerManager-Tools-FoD-Package~31bf3856ad364e35~wow64~pl-pl~.psf" PayloadType="ExpressPSF" />
      </Payload>
    </Package>
    <Package ID="Microsoft-Windows-Shielded-VM-Tools-FoD-Package~31bf3856ad364e35~amd64~pl-pl~" InstalledSize="364947" Version="10.0.20348.1">
      <SatelliteInfo>
        <ApplyToInfo>
          <ApplyTo Type="language" Value="pl-PL" />
        </ApplyToInfo>
      </SatelliteInfo>
      <Payload>
        <PayloadItem PayloadHash="uIvCfO+J9mCzGJkCXt9pcgN5VwGnnX5Gko0MVxU9HUU=" PayloadSize="14123" Path="FeaturesOnDemand\pl-pl\baseless\Microsoft-Windows-Shielded-VM-Tools-FoD-Package~31bf3856ad364e35~amd64~pl-pl~.cab" PayloadType="ExpressCab" />
        <PayloadItem PayloadHash="rv2UOzUhkme0cD7+hqsh8TL9CWk/HrtJj/ggXRXl6nQ=" PayloadSize="159709" Path="FeaturesOnDemand\pl-pl\baseless\Microsoft-Windows-Shielded-VM-Tools-FoD-Package~31bf3856ad364e35~amd64~pl-pl~.psf" PayloadType="ExpressPSF" />
      </Payload>
    </Package>
    <Package ID="Microsoft-Windows-SNMP-Client-Package~31bf3856ad364e35~amd64~pl-pl~" InstalledSize="127368" Version="10.0.20348.1">
      <SatelliteInfo>
        <ApplyToInfo>
          <ApplyTo Type="language" Value="pl-PL" />
        </ApplyToInfo>
      </SatelliteInfo>
      <Payload>
        <PayloadItem PayloadHash="73ZxBSdg7Na/u2uCD6eB6bnuGNMZF2TuOqbwO3NCG+o=" PayloadSize="11615" Path="FeaturesOnDemand\pl-pl\baseless\Microsoft-Windows-SNMP-Client-Package~31bf3856ad364e35~amd64~pl-pl~.cab" PayloadType="ExpressCab" />
        <PayloadItem PayloadHash="45zpWczlSrzBJjkb4c1T7OO8wUzPKnK3M4S3QIhmqvQ=" PayloadSize="90282" Path="FeaturesOnDemand\pl-pl\baseless\Microsoft-Windows-SNMP-Client-Package~31bf3856ad364e35~amd64~pl-pl~.psf" PayloadType="ExpressPSF" />
      </Payload>
    </Package>
    <Package ID="Microsoft-Windows-SNMP-Client-Package~31bf3856ad364e35~wow64~pl-pl~" InstalledSize="127617" Version="10.0.20348.1">
      <SatelliteInfo>
        <ApplyToInfo>
          <ApplyTo Type="arch" Value="wow64" />
          <ApplyTo Type="language" Value="pl-PL" />
        </ApplyToInfo>
      </SatelliteInfo>
      <Payload>
        <PayloadItem PayloadHash="q9cLijt9RglKH2P9yPd0rD6waG08l684OIo+43pLjIk=" PayloadSize="11647" Path="FeaturesOnDemand\pl-pl\baseless\Microsoft-Windows-SNMP-Client-Package~31bf3856ad364e35~wow64~pl-pl~.cab" PayloadType="ExpressCab" />
        <PayloadItem PayloadHash="07+ucknYvWZw6WEjRZk019tnNgNZqVt4BnT/vBQHCYU=" PayloadSize="90486" Path="FeaturesOnDemand\pl-pl\baseless\Microsoft-Windows-SNMP-Client-Package~31bf3856ad364e35~wow64~pl-pl~.psf" PayloadType="ExpressPSF" />
      </Payload>
    </Package>
    <Package ID="Microsoft-Windows-StepsRecorder-Package~31bf3856ad364e35~amd64~pl-pl~" InstalledSize="25670" Version="10.0.20348.1">
      <SatelliteInfo>
        <ApplyToInfo>
          <ApplyTo Type="language" Value="pl-PL" />
        </ApplyToInfo>
      </SatelliteInfo>
      <Payload>
        <PayloadItem PayloadHash="UoxACj2YSC8aAo4Y1w6c55Qxi9z1vVP1b3CShooBmqU=" PayloadSize="9993" Path="FeaturesOnDemand\pl-pl\baseless\Microsoft-Windows-StepsRecorder-Package~31bf3856ad364e35~amd64~pl-pl~.cab" PayloadType="ExpressCab" />
        <PayloadItem PayloadHash="WuM6vxhc3J8X1YA49ttZ1PeHchWYS+pkgHGwA6BYEIQ=" PayloadSize="53322" Path="FeaturesOnDemand\pl-pl\baseless\Microsoft-Windows-StepsRecorder-Package~31bf3856ad364e35~amd64~pl-pl~.psf" PayloadType="ExpressPSF" />
      </Payload>
    </Package>
    <Package ID="Microsoft-Windows-StepsRecorder-Package~31bf3856ad364e35~wow64~pl-pl~" InstalledSize="11384" Version="10.0.20348.1">
      <SatelliteInfo>
        <ApplyToInfo>
          <ApplyTo Type="arch" Value="wow64" />
          <ApplyTo Type="language" Value="pl-PL" />
        </ApplyToInfo>
      </SatelliteInfo>
      <Payload>
        <PayloadItem PayloadHash="wb/sgdAzxtO/9TR1HzMheoXE/Yt3AK214kbIO1Y29Jg=" PayloadSize="9793" Path="FeaturesOnDemand\pl-pl\baseless\Microsoft-Windows-StepsRecorder-Package~31bf3856ad364e35~wow64~pl-pl~.cab" PayloadType="ExpressCab" />
        <PayloadItem PayloadHash="snceYD7bFKncEzJybZnxEgZHlYmyAk27fmnHmSBxaSI=" PayloadSize="49092" Path="FeaturesOnDemand\pl-pl\baseless\Microsoft-Windows-StepsRecorder-Package~31bf3856ad364e35~wow64~pl-pl~.psf" PayloadType="ExpressPSF" />
      </Payload>
    </Package>
    <Package ID="Microsoft-Windows-StorageManagement-FoD-Package~31bf3856ad364e35~amd64~pl-pl~" InstalledSize="1643039" Version="10.0.20348.1">
      <SatelliteInfo>
        <ApplyToInfo>
          <ApplyTo Type="language" Value="pl-PL" />
        </ApplyToInfo>
      </SatelliteInfo>
      <Payload>
        <PayloadItem PayloadHash="5zqvZsyf4umtWXCG7h8MGrt53TeFwYip/cpebwx9hTI=" PayloadSize="11805" Path="FeaturesOnDemand\pl-pl\baseless\Microsoft-Windows-StorageManagement-FoD-Package~31bf3856ad364e35~amd64~pl-pl~.cab" PayloadType="ExpressCab" />
        <PayloadItem PayloadHash="qEEpBM0ZQhjAhZ/BkF9DY2ahPf04FiCcJhAVcOiRnAA=" PayloadSize="186404" Path="FeaturesOnDemand\pl-pl\baseless\Microsoft-Windows-StorageManagement-FoD-Package~31bf3856ad364e35~amd64~pl-pl~.psf" PayloadType="ExpressPSF" />
      </Payload>
    </Package>
    <Package ID="Microsoft-Windows-StorageManagement-FoD-Package~31bf3856ad364e35~wow64~pl-pl~" InstalledSize="1084308" Version="10.0.20348.1">
      <SatelliteInfo>
        <ApplyToInfo>
          <ApplyTo Type="arch" Value="wow64" />
          <ApplyTo Type="language" Value="pl-PL" />
        </ApplyToInfo>
      </SatelliteInfo>
      <Payload>
        <PayloadItem PayloadHash="mwDy2egHRQAi4SYNX7D5anC9ZzORTkhF8Is8JF20nwA=" PayloadSize="10653" Path="FeaturesOnDemand\pl-pl\baseless\Microsoft-Windows-StorageManagement-FoD-Package~31bf3856ad364e35~wow64~pl-pl~.cab" PayloadType="ExpressCab" />
        <PayloadItem PayloadHash="ks8cUbS7S39DIZ2FyiKpihOkd+iIwP25LXoxHnMHKfA=" PayloadSize="108806" Path="FeaturesOnDemand\pl-pl\baseless\Microsoft-Windows-StorageManagement-FoD-Package~31bf3856ad364e35~wow64~pl-pl~.psf" PayloadType="ExpressPSF" />
      </Payload>
    </Package>
    <Package ID="Microsoft-Windows-StorageMigrationService-Management-Tools-FOD-Package~31bf3856ad364e35~amd64~pl-pl~" InstalledSize="76431" Version="10.0.20348.1">
      <SatelliteInfo>
        <ApplyToInfo>
          <ApplyTo Type="language" Value="pl-PL" />
        </ApplyToInfo>
      </SatelliteInfo>
      <Payload>
        <PayloadItem PayloadHash="FGay/YPSS3dF+7nnDV4NbWn0HZWXDSQXPZxwdEVbYqw=" PayloadSize="10277" Path="FeaturesOnDemand\pl-pl\baseless\Microsoft-Windows-StorageMigrationService-Management-Tools-FOD-Package~31bf3856ad364e35~amd64~pl-pl~.cab" PayloadType="ExpressCab" />
        <PayloadItem PayloadHash="Bviyh7EbTGJIuTiN2lxVUEds0H2i4LrKtoDfVhemLts=" PayloadSize="68545" Path="FeaturesOnDemand\pl-pl\baseless\Microsoft-Windows-StorageMigrationService-Management-Tools-FOD-Package~31bf3856ad364e35~amd64~pl-pl~.psf" PayloadType="ExpressPSF" />
      </Payload>
    </Package>
    <Package ID="Microsoft-Windows-StorageReplica-Tools-FoD-Package~31bf3856ad364e35~amd64~pl-pl~" InstalledSize="396583" Version="10.0.20348.1">
      <SatelliteInfo>
        <ApplyToInfo>
          <ApplyTo Type="language" Value="pl-PL" />
        </ApplyToInfo>
      </SatelliteInfo>
      <Payload>
        <PayloadItem PayloadHash="rv4z4YSVYjv3hX58+LT+O2l/XZPc4CckTs+uBjXJnd8=" PayloadSize="10641" Path="FeaturesOnDemand\pl-pl\baseless\Microsoft-Windows-StorageReplica-Tools-FoD-Package~31bf3856ad364e35~amd64~pl-pl~.cab" PayloadType="ExpressCab" />
        <PayloadItem PayloadHash="QFE6ee9Cfk7WCKpcsq9CmP/KM0NQ9K9jOB0rmzrsCDI=" PayloadSize="107105" Path="FeaturesOnDemand\pl-pl\baseless\Microsoft-Windows-StorageReplica-Tools-FoD-Package~31bf3856ad364e35~amd64~pl-pl~.psf" PayloadType="ExpressPSF" />
      </Payload>
    </Package>
    <Package ID="Microsoft-Windows-SystemInsights-Management-Tools-FOD-Package~31bf3856ad364e35~amd64~pl-pl~" InstalledSize="39474" Version="10.0.20348.1">
      <SatelliteInfo>
        <ApplyToInfo>
          <ApplyTo Type="language" Value="pl-PL" />
        </ApplyToInfo>
      </SatelliteInfo>
      <Payload>
        <PayloadItem PayloadHash="uYDG2NmHvfCkI1THy8KrRyQHQcSAd8o66hZYGdpt8Ug=" PayloadSize="10277" Path="FeaturesOnDemand\pl-pl\baseless\Microsoft-Windows-SystemInsights-Management-Tools-FOD-Package~31bf3856ad364e35~amd64~pl-pl~.cab" PayloadType="ExpressCab" />
        <PayloadItem PayloadHash="+PVb+TwgD8CDNmR3e8/qGtnqXk2BkNWCpMvj+0D0OCo=" PayloadSize="60999" Path="FeaturesOnDemand\pl-pl\baseless\Microsoft-Windows-SystemInsights-Management-Tools-FOD-Package~31bf3856ad364e35~amd64~pl-pl~.psf" PayloadType="ExpressPSF" />
      </Payload>
    </Package>
    <Package ID="Microsoft-Windows-VolumeActivation-Tools-FoD-Package~31bf3856ad364e35~amd64~pl-pl~" InstalledSize="226050" Version="10.0.20348.1">
      <SatelliteInfo>
        <ApplyToInfo>
          <ApplyTo Type="language" Value="pl-PL" />
        </ApplyToInfo>
      </SatelliteInfo>
      <Payload>
        <PayloadItem PayloadHash="W8IQVSaNXf1sb/qkEaTG0ANTwmIHGvetowQVMqTuMqo=" PayloadSize="10141" Path="FeaturesOnDemand\pl-pl\baseless\Microsoft-Windows-VolumeActivation-Tools-FoD-Package~31bf3856ad364e35~amd64~pl-pl~.cab" PayloadType="ExpressCab" />
        <PayloadItem PayloadHash="uY8hVCd3tQx3Mlv1K7T4uKOup7rcdjlpuPEp/yElHBo=" PayloadSize="172555" Path="FeaturesOnDemand\pl-pl\baseless\Microsoft-Windows-VolumeActivation-Tools-FoD-Package~31bf3856ad364e35~amd64~pl-pl~.psf" PayloadType="ExpressPSF" />
      </Payload>
    </Package>
    <Package ID="Microsoft-Windows-WirelessDisplay-FOD-Package~31bf3856ad364e35~amd64~pl-pl~" InstalledSize="34599" Version="10.0.20348.1">
      <SatelliteInfo>
        <ApplyToInfo>
          <ApplyTo Type="language" Value="pl-PL" />
        </ApplyToInfo>
      </SatelliteInfo>
      <Payload>
        <PayloadItem PayloadHash="WgvNprzTXQcepawhuVL+uqy6a/nlCQvuiR1RXqgIAlQ=" PayloadSize="10239" Path="FeaturesOnDemand\pl-pl\baseless\Microsoft-Windows-WirelessDisplay-FOD-Package~31bf3856ad364e35~amd64~pl-pl~.cab" PayloadType="ExpressCab" />
        <PayloadItem PayloadHash="VbHzy3xkKzZAFUFYbf7170C4PJPUcj3CHfBn8rRIvSY=" PayloadSize="61530" Path="FeaturesOnDemand\pl-pl\baseless\Microsoft-Windows-WirelessDisplay-FOD-Package~31bf3856ad364e35~amd64~pl-pl~.psf" PayloadType="ExpressPSF" />
      </Payload>
    </Package>
    <Package ID="Microsoft-Windows-WMI-SNMP-Provider-Client-Package~31bf3856ad364e35~amd64~pl-pl~" InstalledSize="53254" Version="10.0.20348.1">
      <SatelliteInfo>
        <ApplyToInfo>
          <ApplyTo Type="language" Value="pl-PL" />
        </ApplyToInfo>
      </SatelliteInfo>
      <Payload>
        <PayloadItem PayloadHash="/iflJNiUJcmJ0neCSayvkYBZfZRMplZkWbi8PTELE90=" PayloadSize="10599" Path="FeaturesOnDemand\pl-pl\baseless\Microsoft-Windows-WMI-SNMP-Provider-Client-Package~31bf3856ad364e35~amd64~pl-pl~.cab" PayloadType="ExpressCab" />
        <PayloadItem PayloadHash="12RIKt8Q0+3//5XpvsP3xZ+kiKMYsoFQ6J9hfV/6ZfY=" PayloadSize="64648" Path="FeaturesOnDemand\pl-pl\baseless\Microsoft-Windows-WMI-SNMP-Provider-Client-Package~31bf3856ad364e35~amd64~pl-pl~.psf" PayloadType="ExpressPSF" />
      </Payload>
    </Package>
    <Package ID="Microsoft-Windows-WMI-SNMP-Provider-Client-Package~31bf3856ad364e35~wow64~pl-pl~" InstalledSize="53318" Version="10.0.20348.1">
      <SatelliteInfo>
        <ApplyToInfo>
          <ApplyTo Type="arch" Value="wow64" />
          <ApplyTo Type="language" Value="pl-PL" />
        </ApplyToInfo>
      </SatelliteInfo>
      <Payload>
        <PayloadItem PayloadHash="hiECxkt8T15YcPuj73afUHa4x6UPjP/e+ASaBBhmp2A=" PayloadSize="10591" Path="FeaturesOnDemand\pl-pl\baseless\Microsoft-Windows-WMI-SNMP-Provider-Client-Package~31bf3856ad364e35~wow64~pl-pl~.cab" PayloadType="ExpressCab" />
        <PayloadItem PayloadHash="udQTJMy9FbAa1Tmrg+GzHrOTmbBgVi+SN4SsJtOPkak=" PayloadSize="64690" Path="FeaturesOnDemand\pl-pl\baseless\Microsoft-Windows-WMI-SNMP-Provider-Client-Package~31bf3856ad364e35~wow64~pl-pl~.psf" PayloadType="ExpressPSF" />
      </Payload>
    </Package>
    <Package ID="Microsoft-Windows-WordPad-FoD-Package~31bf3856ad364e35~amd64~pl-pl~" InstalledSize="177471" Version="10.0.20348.1">
      <SatelliteInfo>
        <ApplyToInfo>
          <ApplyTo Type="language" Value="pl-PL" />
        </ApplyToInfo>
      </SatelliteInfo>
      <Payload>
        <PayloadItem PayloadHash="Z5pPSwLuDW5M40p7chf60UFCZj2bQv1xD789aVUlffQ=" PayloadSize="9999" Path="FeaturesOnDemand\pl-pl\baseless\Microsoft-Windows-WordPad-FoD-Package~31bf3856ad364e35~amd64~pl-pl~.cab" PayloadType="ExpressCab" />
        <PayloadItem PayloadHash="hODqfqkAQ7KStnQAcQP3asxI3X8iVgNZoC+N97guAfM=" PayloadSize="63876" Path="FeaturesOnDemand\pl-pl\baseless\Microsoft-Windows-WordPad-FoD-Package~31bf3856ad364e35~amd64~pl-pl~.psf" PayloadType="ExpressPSF" />
      </Payload>
    </Package>
    <Package ID="Microsoft-Windows-WordPad-FoD-Package~31bf3856ad364e35~wow64~pl-pl~" InstalledSize="177545" Version="10.0.20348.1">
      <SatelliteInfo>
        <ApplyToInfo>
          <ApplyTo Type="arch" Value="wow64" />
          <ApplyTo Type="language" Value="pl-PL" />
        </ApplyToInfo>
      </SatelliteInfo>
      <Payload>
        <PayloadItem PayloadHash="FZHcyl/6GrWlS5hrYatpEojDr+5cvGadK2Lkqp+znJo=" PayloadSize="10025" Path="FeaturesOnDemand\pl-pl\baseless\Microsoft-Windows-WordPad-FoD-Package~31bf3856ad364e35~wow64~pl-pl~.cab" PayloadType="ExpressCab" />
        <PayloadItem PayloadHash="tH16Rk8JklO26dzggg9NJ6Nwuipbok+Y6XG7Rp5gs/8=" PayloadSize="63914" Path="FeaturesOnDemand\pl-pl\baseless\Microsoft-Windows-WordPad-FoD-Package~31bf3856ad364e35~wow64~pl-pl~.psf" PayloadType="ExpressPSF" />
      </Payload>
    </Package>
    <Package ID="Microsoft-Windows-WSUS-Tools-FoD-Package~31bf3856ad364e35~amd64~pl-pl~" InstalledSize="2955715" Version="10.0.20348.1">
      <SatelliteInfo>
        <ApplyToInfo>
          <ApplyTo Type="language" Value="pl-PL" />
        </ApplyToInfo>
      </SatelliteInfo>
      <Payload>
        <PayloadItem PayloadHash="pBT41SlewWBbvf81Zbc+jOZ+2w3M/jpqcvpXbK0zONU=" PayloadSize="11151" Path="FeaturesOnDemand\pl-pl\baseless\Microsoft-Windows-WSUS-Tools-FoD-Package~31bf3856ad364e35~amd64~pl-pl~.cab" PayloadType="ExpressCab" />
        <PayloadItem PayloadHash="ejyW+ilbMOQGiJRjHBm2JTkiSEd+osAR3cIsq5q2L7o=" PayloadSize="392330" Path="FeaturesOnDemand\pl-pl\baseless\Microsoft-Windows-WSUS-Tools-FoD-Package~31bf3856ad364e35~amd64~pl-pl~.psf" PayloadType="ExpressPSF" />
      </Payload>
    </Package>
  </Packages>
  <ValuePair />
</CompDB>