<?xml version="1.0" encoding="utf-8"?>
<CompDB xmlns:xsi="http://www.w3.org/2001/XMLSchema-instance" xmlns:xsd="http://www.w3.org/2001/XMLSchema" CreatedDate="2021-05-08T14:06:20.4984031Z" Revision="1" SchemaVersion="1.2" Product="Server" BuildID="cba57a24-14e8-e0d9-3b38-ce9d5f1c983e" BuildInfo="fe_release.20348.1.210507-1500" OSVersion="10.0.20348.1" BuildArch="amd64" ReleaseType="Production" Type="Baseless" Name="Baseless~amd64~Server~~fr-fr" xmlns="http://schemas.microsoft.com/embedded/2004/10/ImageUpdate">
  <Tags Type="Language">
    <Tag Name="Language" Value="fr-fr" />
    <Tag Name="UpdateType" Value="Baseless" />
  </Tags>
  <Features>
    <Feature Type="LanguagePack" FeatureID="Language.UI.Server~fr-fr" FMID="MSDL" Group="Microsoft">
      <Packages>
        <Package ID="Microsoft-Windows-Server-LanguagePack-Package_fr-fr~31bf3856ad364e35~amd64~fr-fr~" PackageType="FeaturePackage" />
      </Packages>
    </Feature>
    <Feature Type="OnDemandFeature" FeatureID="Rsat.AzureStack.HCI.Management.Tools~~1.0" FMID="MSDN" Group="Microsoft">
      <Packages>
        <Package ID="Microsoft-AzureStack-HCI-Management-Tools-FOD-Package~31bf3856ad364e35~amd64~fr-fr~" PackageType="SatellitePackage" />
      </Packages>
    </Feature>
    <Feature Type="OnDemandFeature" FeatureID="Microsoft.Onecore.StorageManagement~~1.0" FMID="MSDN" Group="Microsoft">
      <Packages>
        <Package ID="Microsoft-OneCore-StorageManagement-FoD-Package~31bf3856ad364e35~amd64~fr-fr~" PackageType="SatellitePackage" />
        <Package ID="Microsoft-OneCore-StorageManagement-FoD-Package~31bf3856ad364e35~wow64~fr-fr~" PackageType="SatellitePackage" />
      </Packages>
    </Feature>
    <Feature Type="OnDemandFeature" FeatureID="Rsat.ActiveDirectory.DS-LDS.Tools~~1.0" FMID="MSDN" Group="Microsoft">
      <Dependencies>
        <Feature FeatureID="Rsat.ServerManager.Tools~~1.0" />
      </Dependencies>
      <Packages>
        <Package ID="Microsoft-Windows-ActiveDirectory-DS-LDS-Tools-FoD-Package~31bf3856ad364e35~amd64~fr-fr~" PackageType="SatellitePackage" />
        <Package ID="Microsoft-Windows-ActiveDirectory-DS-LDS-Tools-FoD-Package~31bf3856ad364e35~wow64~fr-fr~" PackageType="SatellitePackage" />
      </Packages>
    </Feature>
    <Feature Type="OnDemandFeature" FeatureID="Rsat.BitLocker.Recovery.Tools~~1.0" FMID="MSDN" Group="Microsoft">
      <Dependencies>
        <Feature FeatureID="Rsat.ActiveDirectory.DS-LDS.Tools~~1.0" />
      </Dependencies>
      <Packages>
        <Package ID="Microsoft-Windows-BitLocker-Recovery-Tools-FoD-Package~31bf3856ad364e35~amd64~fr-fr~" PackageType="SatellitePackage" />
      </Packages>
    </Feature>
    <Feature Type="OnDemandFeature" FeatureID="Rsat.CertificateServices.Tools~~1.0" FMID="MSDN" Group="Microsoft">
      <Packages>
        <Package ID="Microsoft-Windows-CertificateServices-Tools-FoD-Package~31bf3856ad364e35~amd64~fr-fr~" PackageType="SatellitePackage" />
      </Packages>
    </Feature>
    <Feature Type="OnDemandFeature" FeatureID="Microsoft.Composition.Test~~1.0" FMID="MSDN" Group="Microsoft">
      <Packages>
        <Package ID="Microsoft-Windows-Composition-Test-FOD-Package~31bf3856ad364e35~amd64~fr-fr~" PackageType="SatellitePackage" />
        <Package ID="Microsoft-Windows-Composition-Test-FOD-Package~31bf3856ad364e35~wow64~fr-fr~" PackageType="SatellitePackage" />
      </Packages>
    </Feature>
    <Feature Type="OnDemandFeature" FeatureID="Rsat.DHCP.Tools~~1.0" FMID="MSDN" Group="Microsoft">
      <Packages>
        <Package ID="Microsoft-Windows-DHCP-Tools-FoD-Package~31bf3856ad364e35~amd64~fr-fr~" PackageType="SatellitePackage" />
        <Package ID="Microsoft-Windows-DHCP-Tools-FoD-Package~31bf3856ad364e35~wow64~fr-fr~" PackageType="SatellitePackage" />
      </Packages>
    </Feature>
    <Feature Type="OnDemandFeature" FeatureID="Rsat.Dns.Tools~~1.0" FMID="MSDN" Group="Microsoft">
      <Packages>
        <Package ID="Microsoft-Windows-DNS-Tools-FoD-Package~31bf3856ad364e35~amd64~fr-fr~" PackageType="SatellitePackage" />
        <Package ID="Microsoft-Windows-DNS-Tools-FoD-Package~31bf3856ad364e35~wow64~fr-fr~" PackageType="SatellitePackage" />
      </Packages>
    </Feature>
    <Feature Type="OnDemandFeature" FeatureID="Windows.Desktop.EMS-SAC.Tools~~1.0" FMID="MSDN" Group="Microsoft">
      <Packages>
        <Package ID="Microsoft-Windows-EMS-SAC-Desktop-Tools-FoD-Package~31bf3856ad364e35~amd64~fr-fr~" PackageType="SatellitePackage" />
      </Packages>
    </Feature>
    <Feature Type="OnDemandFeature" FeatureID="Rsat.FailoverCluster.Management.Tools~~1.0" FMID="MSDN" Group="Microsoft">
      <Dependencies>
        <Feature FeatureID="Rsat.FileServices.Tools~~1.0" />
      </Dependencies>
      <Packages>
        <Package ID="Microsoft-Windows-FailoverCluster-Management-Tools-FOD-Package~31bf3856ad364e35~amd64~fr-fr~" PackageType="SatellitePackage" />
        <Package ID="Microsoft-Windows-FailoverCluster-Management-Tools-FOD-Package~31bf3856ad364e35~wow64~fr-fr~" PackageType="SatellitePackage" />
      </Packages>
    </Feature>
    <Feature Type="OnDemandFeature" FeatureID="Rsat.FileServices.Tools~~1.0" FMID="MSDN" Group="Microsoft">
      <Dependencies>
        <Feature FeatureID="Rsat.ServerManager.Tools~~1.0" />
      </Dependencies>
      <Packages>
        <Package ID="Microsoft-Windows-FileServices-Tools-FoD-Package~31bf3856ad364e35~amd64~fr-fr~" PackageType="SatellitePackage" />
        <Package ID="Microsoft-Windows-FileServices-Tools-FoD-Package~31bf3856ad364e35~wow64~fr-fr~" PackageType="SatellitePackage" />
      </Packages>
    </Feature>
    <Feature Type="OnDemandFeature" FeatureID="Rsat.GroupPolicy.Management.Tools~~1.0" FMID="MSDN" Group="Microsoft">
      <Packages>
        <Package ID="Microsoft-Windows-GroupPolicy-Management-Tools-FoD-Package~31bf3856ad364e35~amd64~fr-fr~" PackageType="SatellitePackage" />
        <Package ID="Microsoft-Windows-GroupPolicy-Management-Tools-FoD-Package~31bf3856ad364e35~wow64~fr-fr~" PackageType="SatellitePackage" />
      </Packages>
    </Feature>
    <Feature Type="OnDemandFeature" FeatureID="Rsat.IPAM.Client.Tools~~1.0" FMID="MSDN" Group="Microsoft">
      <Dependencies>
        <Feature FeatureID="Rsat.ServerManager.Tools~~1.0" />
      </Dependencies>
      <Packages>
        <Package ID="Microsoft-Windows-IPAM-Client-FoD-Package~31bf3856ad364e35~amd64~fr-fr~" PackageType="SatellitePackage" />
        <Package ID="Microsoft-Windows-IPAM-Client-FoD-Package~31bf3856ad364e35~wow64~fr-fr~" PackageType="SatellitePackage" />
      </Packages>
    </Feature>
    <Feature Type="OnDemandFeature" FeatureID="Network.Irda~~1.0" FMID="MSDN" Group="Microsoft">
      <Packages>
        <Package ID="Microsoft-Windows-IRDA-Package~31bf3856ad364e35~amd64~fr-fr~" PackageType="SatellitePackage" />
        <Package ID="Microsoft-Windows-IRDA-Package~31bf3856ad364e35~wow64~fr-fr~" PackageType="SatellitePackage" />
      </Packages>
    </Feature>
    <Feature Type="OnDemandFeature" FeatureID="Media.MediaFeaturePack~~1.0" FMID="MSDN" Group="Microsoft">
      <Packages>
        <Package ID="Microsoft-Windows-Media-Features-Package~31bf3856ad364e35~amd64~fr-fr~" PackageType="SatellitePackage" />
        <Package ID="Microsoft-Windows-Media-Features-Package~31bf3856ad364e35~wow64~fr-fr~" PackageType="SatellitePackage" />
      </Packages>
    </Feature>
    <Feature Type="OnDemandFeature" FeatureID="Microsoft.Windows.MSPaint~~1.0" FMID="MSDN" Group="Microsoft">
      <Packages>
        <Package ID="Microsoft-Windows-MSPaint-FoD-Package~31bf3856ad364e35~amd64~fr-fr~" PackageType="SatellitePackage" />
        <Package ID="Microsoft-Windows-MSPaint-FoD-Package~31bf3856ad364e35~wow64~fr-fr~" PackageType="SatellitePackage" />
      </Packages>
    </Feature>
    <Feature Type="OnDemandFeature" FeatureID="Rsat.NetworkController.Tools~~1.0" FMID="MSDN" Group="Microsoft">
      <Packages>
        <Package ID="Microsoft-Windows-NetworkController-Tools-FoD-Package~31bf3856ad364e35~amd64~fr-fr~" PackageType="SatellitePackage" />
      </Packages>
    </Feature>
    <Feature Type="OnDemandFeature" FeatureID="Rsat.NetworkLoadBalancing.Tools~~1.0" FMID="MSDN" Group="Microsoft">
      <Packages>
        <Package ID="Microsoft-Windows-NetworkLoadBalancing-Tools-FoD-Package~31bf3856ad364e35~amd64~fr-fr~" PackageType="SatellitePackage" />
      </Packages>
    </Feature>
    <Feature Type="OnDemandFeature" FeatureID="Microsoft.Windows.Notepad~~1.0" FMID="MSDN" Group="Microsoft">
      <Packages>
        <Package ID="Microsoft-Windows-Notepad-FoD-Package~31bf3856ad364e35~amd64~fr-fr~" PackageType="SatellitePackage" />
        <Package ID="Microsoft-Windows-Notepad-FoD-Package~31bf3856ad364e35~wow64~fr-fr~" PackageType="SatellitePackage" />
      </Packages>
    </Feature>
    <Feature Type="OnDemandFeature" FeatureID="Microsoft.Windows.PowerShell.ISE~~1.0" FMID="MSDN" Group="Microsoft">
      <Packages>
        <Package ID="Microsoft-Windows-PowerShell-ISE-FOD-Package~31bf3856ad364e35~amd64~fr-fr~" PackageType="SatellitePackage" />
        <Package ID="Microsoft-Windows-PowerShell-ISE-FOD-Package~31bf3856ad364e35~wow64~fr-fr~" PackageType="SatellitePackage" />
      </Packages>
    </Feature>
    <Feature Type="OnDemandFeature" FeatureID="Print.Management.Console~~1.0" FMID="MSDN" Group="Microsoft">
      <Packages>
        <Package ID="Microsoft-Windows-Printing-PMCPPC-FoD-Package~31bf3856ad364e35~amd64~fr-fr~" PackageType="SatellitePackage" />
      </Packages>
    </Feature>
    <Feature Type="OnDemandFeature" FeatureID="Print.Fax.Scan~~1.0" FMID="MSDN" Group="Microsoft">
      <Packages>
        <Package ID="Microsoft-Windows-Printing-WFS-FoD-Package~31bf3856ad364e35~amd64~fr-fr~" PackageType="SatellitePackage" />
      </Packages>
    </Feature>
    <Feature Type="OnDemandFeature" FeatureID="RasCMAK.Client~~1.0" FMID="MSDN" Group="Microsoft">
      <Packages>
        <Package ID="Microsoft-Windows-RasCMAK-Client-Package~31bf3856ad364e35~amd64~fr-fr~" PackageType="SatellitePackage" />
        <Package ID="Microsoft-Windows-RasCMAK-Client-Package~31bf3856ad364e35~wow64~fr-fr~" PackageType="SatellitePackage" />
      </Packages>
    </Feature>
    <Feature Type="OnDemandFeature" FeatureID="RIP.Listener~~1.0" FMID="MSDN" Group="Microsoft">
      <Packages>
        <Package ID="Microsoft-Windows-RasRip-Package~31bf3856ad364e35~amd64~fr-fr~" PackageType="SatellitePackage" />
      </Packages>
    </Feature>
    <Feature Type="OnDemandFeature" FeatureID="Rsat.RemoteAccess.Management.Tools~~1.0" FMID="MSDN" Group="Microsoft">
      <Dependencies>
        <Feature FeatureID="Rsat.GroupPolicy.Management.Tools~~1.0" />
        <Feature FeatureID="Rsat.ServerManager.Tools~~1.0" />
      </Dependencies>
      <Packages>
        <Package ID="Microsoft-Windows-RemoteAccess-Management-Tools-FoD-Package~31bf3856ad364e35~amd64~fr-fr~" PackageType="SatellitePackage" />
        <Package ID="Microsoft-Windows-RemoteAccess-Management-Tools-FoD-Package~31bf3856ad364e35~wow64~fr-fr~" PackageType="SatellitePackage" />
      </Packages>
    </Feature>
    <Feature Type="OnDemandFeature" FeatureID="Rsat.RemoteDesktop.Services.Tools~~1.0" FMID="MSDN" Group="Microsoft">
      <Packages>
        <Package ID="Microsoft-Windows-RemoteDesktop-Services-Tools-FoD-Package~31bf3856ad364e35~amd64~fr-fr~" PackageType="SatellitePackage" />
      </Packages>
    </Feature>
    <Feature Type="OnDemandFeature" FeatureID="ServerCore.AppCompatibility~~1.0" FMID="MSDN" Group="Microsoft">
      <Packages>
        <Package ID="Microsoft-Windows-Server-AppCompat-FoD-Package~31bf3856ad364e35~amd64~fr-fr~" PackageType="SatellitePackage" />
      </Packages>
    </Feature>
    <Feature Type="OnDemandFeature" FeatureID="Rsat.ServerManager.Tools~~1.0" FMID="MSDN" Group="Microsoft">
      <Packages>
        <Package ID="Microsoft-Windows-ServerManager-Tools-FoD-Package~31bf3856ad364e35~amd64~fr-fr~" PackageType="SatellitePackage" />
        <Package ID="Microsoft-Windows-ServerManager-Tools-FoD-Package~31bf3856ad364e35~wow64~fr-fr~" PackageType="SatellitePackage" />
      </Packages>
    </Feature>
    <Feature Type="OnDemandFeature" FeatureID="Rsat.Shielded.VM.Tools~~1.0" FMID="MSDN" Group="Microsoft">
      <Dependencies>
        <Feature FeatureID="Rsat.ServerManager.Tools~~1.0" />
      </Dependencies>
      <Packages>
        <Package ID="Microsoft-Windows-Shielded-VM-Tools-FoD-Package~31bf3856ad364e35~amd64~fr-fr~" PackageType="SatellitePackage" />
      </Packages>
    </Feature>
    <Feature Type="OnDemandFeature" FeatureID="SNMP.Client~~1.0" FMID="MSDN" Group="Microsoft">
      <Packages>
        <Package ID="Microsoft-Windows-SNMP-Client-Package~31bf3856ad364e35~amd64~fr-fr~" PackageType="SatellitePackage" />
        <Package ID="Microsoft-Windows-SNMP-Client-Package~31bf3856ad364e35~wow64~fr-fr~" PackageType="SatellitePackage" />
      </Packages>
    </Feature>
    <Feature Type="OnDemandFeature" FeatureID="App.StepsRecorder~~1.0" FMID="MSDN" Group="Microsoft">
      <Packages>
        <Package ID="Microsoft-Windows-StepsRecorder-Package~31bf3856ad364e35~amd64~fr-fr~" PackageType="SatellitePackage" />
        <Package ID="Microsoft-Windows-StepsRecorder-Package~31bf3856ad364e35~wow64~fr-fr~" PackageType="SatellitePackage" />
      </Packages>
    </Feature>
    <Feature Type="OnDemandFeature" FeatureID="Microsoft.Windows.StorageManagement~~1.0" FMID="MSDN" Group="Microsoft">
      <Packages>
        <Package ID="Microsoft-Windows-StorageManagement-FoD-Package~31bf3856ad364e35~amd64~fr-fr~" PackageType="SatellitePackage" />
        <Package ID="Microsoft-Windows-StorageManagement-FoD-Package~31bf3856ad364e35~wow64~fr-fr~" PackageType="SatellitePackage" />
      </Packages>
    </Feature>
    <Feature Type="OnDemandFeature" FeatureID="Rsat.StorageMigrationService.Management.Tools~~1.0" FMID="MSDN" Group="Microsoft">
      <Packages>
        <Package ID="Microsoft-Windows-StorageMigrationService-Management-Tools-FOD-Package~31bf3856ad364e35~amd64~fr-fr~" PackageType="SatellitePackage" />
      </Packages>
    </Feature>
    <Feature Type="OnDemandFeature" FeatureID="Rsat.StorageReplica.Tools~~1.0" FMID="MSDN" Group="Microsoft">
      <Packages>
        <Package ID="Microsoft-Windows-StorageReplica-Tools-FoD-Package~31bf3856ad364e35~amd64~fr-fr~" PackageType="SatellitePackage" />
      </Packages>
    </Feature>
    <Feature Type="OnDemandFeature" FeatureID="Rsat.SystemInsights.Management.Tools~~1.0" FMID="MSDN" Group="Microsoft">
      <Packages>
        <Package ID="Microsoft-Windows-SystemInsights-Management-Tools-FOD-Package~31bf3856ad364e35~amd64~fr-fr~" PackageType="SatellitePackage" />
      </Packages>
    </Feature>
    <Feature Type="OnDemandFeature" FeatureID="Rsat.VolumeActivation.Tools~~1.0" FMID="MSDN" Group="Microsoft">
      <Packages>
        <Package ID="Microsoft-Windows-VolumeActivation-Tools-FoD-Package~31bf3856ad364e35~amd64~fr-fr~" PackageType="SatellitePackage" />
      </Packages>
    </Feature>
    <Feature Type="OnDemandFeature" FeatureID="App.WirelessDisplay.Connect~~1.0" FMID="MSDN" Group="Microsoft">
      <Packages>
        <Package ID="Microsoft-Windows-WirelessDisplay-FOD-Package~31bf3856ad364e35~amd64~fr-fr~" PackageType="SatellitePackage" />
      </Packages>
    </Feature>
    <Feature Type="OnDemandFeature" FeatureID="WMI-SNMP-Provider.Client~~1.0" FMID="MSDN" Group="Microsoft">
      <Dependencies>
        <Feature FeatureID="SNMP.Client~~1.0" />
      </Dependencies>
      <Packages>
        <Package ID="Microsoft-Windows-WMI-SNMP-Provider-Client-Package~31bf3856ad364e35~amd64~fr-fr~" PackageType="SatellitePackage" />
        <Package ID="Microsoft-Windows-WMI-SNMP-Provider-Client-Package~31bf3856ad364e35~wow64~fr-fr~" PackageType="SatellitePackage" />
      </Packages>
    </Feature>
    <Feature Type="OnDemandFeature" FeatureID="Microsoft.Windows.WordPad~~1.0" FMID="MSDN" Group="Microsoft">
      <Packages>
        <Package ID="Microsoft-Windows-WordPad-FoD-Package~31bf3856ad364e35~amd64~fr-fr~" PackageType="SatellitePackage" />
        <Package ID="Microsoft-Windows-WordPad-FoD-Package~31bf3856ad364e35~wow64~fr-fr~" PackageType="SatellitePackage" />
      </Packages>
    </Feature>
    <Feature Type="OnDemandFeature" FeatureID="Rsat.WSUS.Tools~~1.0" FMID="MSDN" Group="Microsoft">
      <Packages>
        <Package ID="Microsoft-Windows-WSUS-Tools-FoD-Package~31bf3856ad364e35~amd64~fr-fr~" PackageType="SatellitePackage" />
      </Packages>
    </Feature>
  </Features>
  <Packages>
    <Package ID="Microsoft-Windows-Server-LanguagePack-Package_fr-fr~31bf3856ad364e35~amd64~fr-fr~" InstalledSize="328239275" Version="10.0.20348.1">
      <SatelliteInfo>
        <DeclareInfo>
          <Declare Type="language" Value="fr-FR" />
        </DeclareInfo>
      </SatelliteInfo>
      <Payload>
        <PayloadItem PayloadHash="S7DKgZ52seMsuL/FpqeMtVs+sR2Y1h37CbnsCZxsiiY=" PayloadSize="1169951" Path="UUP\Desktop\editionpackages\fr-fr\Server\baseless\Microsoft-Windows-Server-LanguagePack-Package_fr-fr~31bf3856ad364e35~amd64~fr-fr~.cab" PayloadType="ExpressCab" />
        <PayloadItem PayloadHash="cK2/rQafNIlFzyoVxiwExLdTc/luYNJkPNqEpss6E/k=" PayloadSize="64303643" Path="UUP\Desktop\editionpackages\fr-fr\Server\baseless\Microsoft-Windows-Server-LanguagePack-Package_fr-fr~31bf3856ad364e35~amd64~fr-fr~.psf" PayloadType="ExpressPSF" />
      </Payload>
    </Package>
    <Package ID="Microsoft-AzureStack-HCI-Management-Tools-FOD-Package~31bf3856ad364e35~amd64~fr-fr~" InstalledSize="34276" Version="10.0.20348.1">
      <SatelliteInfo>
        <ApplyToInfo>
          <ApplyTo Type="language" Value="fr-FR" />
        </ApplyToInfo>
      </SatelliteInfo>
      <Payload>
        <PayloadItem PayloadHash="10nI0zRHlJepfmV3WyOqve/L6j7e6M8l+AX6THBJRFc=" PayloadSize="10275" Path="FeaturesOnDemand\fr-fr\baseless\Microsoft-AzureStack-HCI-Management-Tools-FOD-Package~31bf3856ad364e35~amd64~fr-fr~.cab" PayloadType="ExpressCab" />
        <PayloadItem PayloadHash="gXfSroKwH/BCDBT0ZoYVyvjQSZy1yrGs5Nhm+0l3GGc=" PayloadSize="60351" Path="FeaturesOnDemand\fr-fr\baseless\Microsoft-AzureStack-HCI-Management-Tools-FOD-Package~31bf3856ad364e35~amd64~fr-fr~.psf" PayloadType="ExpressPSF" />
      </Payload>
    </Package>
    <Package ID="Microsoft-OneCore-StorageManagement-FoD-Package~31bf3856ad364e35~amd64~fr-fr~" InstalledSize="2001981" Version="10.0.20348.1">
      <SatelliteInfo>
        <ApplyToInfo>
          <ApplyTo Type="language" Value="fr-FR" />
        </ApplyToInfo>
      </SatelliteInfo>
      <Payload>
        <PayloadItem PayloadHash="/Gcf4QgResIa3cZaX/UG08Djt40iCWGeT8Md5Fyjk6c=" PayloadSize="11389" Path="FeaturesOnDemand\fr-fr\baseless\Microsoft-OneCore-StorageManagement-FoD-Package~31bf3856ad364e35~amd64~fr-fr~.cab" PayloadType="ExpressCab" />
        <PayloadItem PayloadHash="2IVdiTZDLnYNH7p6QDrMTDKm12bxNot6hnt5Dy35oTE=" PayloadSize="186774" Path="FeaturesOnDemand\fr-fr\baseless\Microsoft-OneCore-StorageManagement-FoD-Package~31bf3856ad364e35~amd64~fr-fr~.psf" PayloadType="ExpressPSF" />
      </Payload>
    </Package>
    <Package ID="Microsoft-OneCore-StorageManagement-FoD-Package~31bf3856ad364e35~wow64~fr-fr~" InstalledSize="1081684" Version="10.0.20348.1">
      <SatelliteInfo>
        <ApplyToInfo>
          <ApplyTo Type="arch" Value="wow64" />
          <ApplyTo Type="language" Value="fr-FR" />
        </ApplyToInfo>
      </SatelliteInfo>
      <Payload>
        <PayloadItem PayloadHash="A/Xv5cVk7m8KtX56Ra61VodFuJZMIjNCSPpnqqNXMag=" PayloadSize="10431" Path="FeaturesOnDemand\fr-fr\baseless\Microsoft-OneCore-StorageManagement-FoD-Package~31bf3856ad364e35~wow64~fr-fr~.cab" PayloadType="ExpressCab" />
        <PayloadItem PayloadHash="LDslF6WxxWZBoUSAuMbnNeuH/K+DLc8m+7tTI4H3fyk=" PayloadSize="107739" Path="FeaturesOnDemand\fr-fr\baseless\Microsoft-OneCore-StorageManagement-FoD-Package~31bf3856ad364e35~wow64~fr-fr~.psf" PayloadType="ExpressPSF" />
      </Payload>
    </Package>
    <Package ID="Microsoft-Windows-ActiveDirectory-DS-LDS-Tools-FoD-Package~31bf3856ad364e35~amd64~fr-fr~" InstalledSize="6143421" Version="10.0.20348.1">
      <SatelliteInfo>
        <ApplyToInfo>
          <ApplyTo Type="language" Value="fr-FR" />
        </ApplyToInfo>
      </SatelliteInfo>
      <Payload>
        <PayloadItem PayloadHash="U2BftD3MQon5xS4eACOL0o10LQ5zN1ZkZa2SNz85C4w=" PayloadSize="17515" Path="FeaturesOnDemand\fr-fr\baseless\Microsoft-Windows-ActiveDirectory-DS-LDS-Tools-FoD-Package~31bf3856ad364e35~amd64~fr-fr~.cab" PayloadType="ExpressCab" />
        <PayloadItem PayloadHash="Tz2yOKXRO/ALI3d4kGfe8oWXT9tbxEHgAjYVkNtu7DI=" PayloadSize="949558" Path="FeaturesOnDemand\fr-fr\baseless\Microsoft-Windows-ActiveDirectory-DS-LDS-Tools-FoD-Package~31bf3856ad364e35~amd64~fr-fr~.psf" PayloadType="ExpressPSF" />
      </Payload>
    </Package>
    <Package ID="Microsoft-Windows-ActiveDirectory-DS-LDS-Tools-FoD-Package~31bf3856ad364e35~wow64~fr-fr~" InstalledSize="816511" Version="10.0.20348.1">
      <SatelliteInfo>
        <ApplyToInfo>
          <ApplyTo Type="arch" Value="wow64" />
          <ApplyTo Type="language" Value="fr-FR" />
        </ApplyToInfo>
      </SatelliteInfo>
      <Payload>
        <PayloadItem PayloadHash="isTF/gYOlRKsd5qZOn3fcBL6AVF//Z53aJJ12p0nAuI=" PayloadSize="11241" Path="FeaturesOnDemand\fr-fr\baseless\Microsoft-Windows-ActiveDirectory-DS-LDS-Tools-FoD-Package~31bf3856ad364e35~wow64~fr-fr~.cab" PayloadType="ExpressCab" />
        <PayloadItem PayloadHash="9QuKQ/zVam1ilj0cyGBHHL3/pmm5ajKZ5t3uVNSNneU=" PayloadSize="153560" Path="FeaturesOnDemand\fr-fr\baseless\Microsoft-Windows-ActiveDirectory-DS-LDS-Tools-FoD-Package~31bf3856ad364e35~wow64~fr-fr~.psf" PayloadType="ExpressPSF" />
      </Payload>
    </Package>
    <Package ID="Microsoft-Windows-BitLocker-Recovery-Tools-FoD-Package~31bf3856ad364e35~amd64~fr-fr~" InstalledSize="33724" Version="10.0.20348.1">
      <SatelliteInfo>
        <ApplyToInfo>
          <ApplyTo Type="language" Value="fr-FR" />
        </ApplyToInfo>
      </SatelliteInfo>
      <Payload>
        <PayloadItem PayloadHash="XJPwf0Hb5GWyVACGKz9raWX355L/lS7yiLeomeH4Aqs=" PayloadSize="10279" Path="FeaturesOnDemand\fr-fr\baseless\Microsoft-Windows-BitLocker-Recovery-Tools-FoD-Package~31bf3856ad364e35~amd64~fr-fr~.cab" PayloadType="ExpressCab" />
        <PayloadItem PayloadHash="DvmcZGT0s4hCfkvAY+bs0pn9otH0ru6WHraJTx2U/xE=" PayloadSize="58860" Path="FeaturesOnDemand\fr-fr\baseless\Microsoft-Windows-BitLocker-Recovery-Tools-FoD-Package~31bf3856ad364e35~amd64~fr-fr~.psf" PayloadType="ExpressPSF" />
      </Payload>
    </Package>
    <Package ID="Microsoft-Windows-CertificateServices-Tools-FoD-Package~31bf3856ad364e35~amd64~fr-fr~" InstalledSize="1050427" Version="10.0.20348.1">
      <SatelliteInfo>
        <ApplyToInfo>
          <ApplyTo Type="language" Value="fr-FR" />
        </ApplyToInfo>
      </SatelliteInfo>
      <Payload>
        <PayloadItem PayloadHash="dirc8WGT5BZZ0Zn0Q6cTAddZqVBk83Rmyu3TYwdi6No=" PayloadSize="12125" Path="FeaturesOnDemand\fr-fr\baseless\Microsoft-Windows-CertificateServices-Tools-FoD-Package~31bf3856ad364e35~amd64~fr-fr~.cab" PayloadType="ExpressCab" />
        <PayloadItem PayloadHash="IhvPrLZjIwDbsv5wLAg2DFv7bnprpwkQdyKWQ5oH1xA=" PayloadSize="196250" Path="FeaturesOnDemand\fr-fr\baseless\Microsoft-Windows-CertificateServices-Tools-FoD-Package~31bf3856ad364e35~amd64~fr-fr~.psf" PayloadType="ExpressPSF" />
      </Payload>
    </Package>
    <Package ID="Microsoft-Windows-Composition-Test-FOD-Package~31bf3856ad364e35~amd64~fr-fr~" InstalledSize="21095" Version="10.0.20348.1">
      <SatelliteInfo>
        <ApplyToInfo>
          <ApplyTo Type="language" Value="fr-FR" />
        </ApplyToInfo>
      </SatelliteInfo>
      <Payload>
        <PayloadItem PayloadHash="0yTKtMbeRiDA0ksmf1yar4JWIQdqeLYXlRykdep2FIk=" PayloadSize="10013" Path="FeaturesOnDemand\fr-fr\baseless\Microsoft-Windows-Composition-Test-FOD-Package~31bf3856ad364e35~amd64~fr-fr~.cab" PayloadType="ExpressCab" />
        <PayloadItem PayloadHash="219fuYiPKwYOHvL9LfW7NfmGAXFwY3TuoS1ebmxoB8Q=" PayloadSize="55264" Path="FeaturesOnDemand\fr-fr\baseless\Microsoft-Windows-Composition-Test-FOD-Package~31bf3856ad364e35~amd64~fr-fr~.psf" PayloadType="ExpressPSF" />
      </Payload>
    </Package>
    <Package ID="Microsoft-Windows-Composition-Test-FOD-Package~31bf3856ad364e35~wow64~fr-fr~" InstalledSize="21219" Version="10.0.20348.1">
      <SatelliteInfo>
        <ApplyToInfo>
          <ApplyTo Type="arch" Value="wow64" />
          <ApplyTo Type="language" Value="fr-FR" />
        </ApplyToInfo>
      </SatelliteInfo>
      <Payload>
        <PayloadItem PayloadHash="Re7X3e82JPW9L1cfZUs3tTO2h6Uw1OpYyjw4Vt4++iI=" PayloadSize="10005" Path="FeaturesOnDemand\fr-fr\baseless\Microsoft-Windows-Composition-Test-FOD-Package~31bf3856ad364e35~wow64~fr-fr~.cab" PayloadType="ExpressCab" />
        <PayloadItem PayloadHash="jExiBfbVJbCiPNi6zFN89hMuxhtgC5Gt7otrW4L1wAo=" PayloadSize="55293" Path="FeaturesOnDemand\fr-fr\baseless\Microsoft-Windows-Composition-Test-FOD-Package~31bf3856ad364e35~wow64~fr-fr~.psf" PayloadType="ExpressPSF" />
      </Payload>
    </Package>
    <Package ID="Microsoft-Windows-DHCP-Tools-FoD-Package~31bf3856ad364e35~amd64~fr-fr~" InstalledSize="1906374" Version="10.0.20348.1">
      <SatelliteInfo>
        <ApplyToInfo>
          <ApplyTo Type="language" Value="fr-FR" />
        </ApplyToInfo>
      </SatelliteInfo>
      <Payload>
        <PayloadItem PayloadHash="wHNHVU7SKMNxegfPtxZqHpNqpNHLTKxC2KazPYDffko=" PayloadSize="11105" Path="FeaturesOnDemand\fr-fr\baseless\Microsoft-Windows-DHCP-Tools-FoD-Package~31bf3856ad364e35~amd64~fr-fr~.cab" PayloadType="ExpressCab" />
        <PayloadItem PayloadHash="YjLtHzZwqOyCy/1A66Ozr/o2Zo6mkP1pRHNuevOPdWs=" PayloadSize="210384" Path="FeaturesOnDemand\fr-fr\baseless\Microsoft-Windows-DHCP-Tools-FoD-Package~31bf3856ad364e35~amd64~fr-fr~.psf" PayloadType="ExpressPSF" />
      </Payload>
    </Package>
    <Package ID="Microsoft-Windows-DHCP-Tools-FoD-Package~31bf3856ad364e35~wow64~fr-fr~" InstalledSize="518974" Version="10.0.20348.1">
      <SatelliteInfo>
        <ApplyToInfo>
          <ApplyTo Type="arch" Value="wow64" />
          <ApplyTo Type="language" Value="fr-FR" />
        </ApplyToInfo>
      </SatelliteInfo>
      <Payload>
        <PayloadItem PayloadHash="Wak+DoXHEK8B2xvN5KUxP3eQzFfEerJaSkxFYcrkGaY=" PayloadSize="10223" Path="FeaturesOnDemand\fr-fr\baseless\Microsoft-Windows-DHCP-Tools-FoD-Package~31bf3856ad364e35~wow64~fr-fr~.cab" PayloadType="ExpressCab" />
        <PayloadItem PayloadHash="2d1nlwmCNlHN+EASCpmPYxd345+mXtXBtH9pgAgDmC8=" PayloadSize="92906" Path="FeaturesOnDemand\fr-fr\baseless\Microsoft-Windows-DHCP-Tools-FoD-Package~31bf3856ad364e35~wow64~fr-fr~.psf" PayloadType="ExpressPSF" />
      </Payload>
    </Package>
    <Package ID="Microsoft-Windows-DNS-Tools-FoD-Package~31bf3856ad364e35~amd64~fr-fr~" InstalledSize="2070574" Version="10.0.20348.1">
      <SatelliteInfo>
        <ApplyToInfo>
          <ApplyTo Type="language" Value="fr-FR" />
        </ApplyToInfo>
      </SatelliteInfo>
      <Payload>
        <PayloadItem PayloadHash="hgAlnbUCdSERcr8rUEV3rYt8DEUXP9/rU1V44uzDSA0=" PayloadSize="10999" Path="FeaturesOnDemand\fr-fr\baseless\Microsoft-Windows-DNS-Tools-FoD-Package~31bf3856ad364e35~amd64~fr-fr~.cab" PayloadType="ExpressCab" />
        <PayloadItem PayloadHash="2U4MwJo/UfCnBiCS9pf1qZfXnT1RXhZmm1p+k76aypk=" PayloadSize="233174" Path="FeaturesOnDemand\fr-fr\baseless\Microsoft-Windows-DNS-Tools-FoD-Package~31bf3856ad364e35~amd64~fr-fr~.psf" PayloadType="ExpressPSF" />
      </Payload>
    </Package>
    <Package ID="Microsoft-Windows-DNS-Tools-FoD-Package~31bf3856ad364e35~wow64~fr-fr~" InstalledSize="12291" Version="10.0.20348.1">
      <SatelliteInfo>
        <ApplyToInfo>
          <ApplyTo Type="arch" Value="wow64" />
          <ApplyTo Type="language" Value="fr-FR" />
        </ApplyToInfo>
      </SatelliteInfo>
      <Payload>
        <PayloadItem PayloadHash="IiED4OqfAVMGkRw1XhEvux5GeBM6hFSLFcXclaRXfk0=" PayloadSize="9867" Path="FeaturesOnDemand\fr-fr\baseless\Microsoft-Windows-DNS-Tools-FoD-Package~31bf3856ad364e35~wow64~fr-fr~.cab" PayloadType="ExpressCab" />
        <PayloadItem PayloadHash="ma2dtsKaSMXkDsuJaCx6Ooedy6SxdNdfM6uHhqbNQ1g=" PayloadSize="49672" Path="FeaturesOnDemand\fr-fr\baseless\Microsoft-Windows-DNS-Tools-FoD-Package~31bf3856ad364e35~wow64~fr-fr~.psf" PayloadType="ExpressPSF" />
      </Payload>
    </Package>
    <Package ID="Microsoft-Windows-EMS-SAC-Desktop-Tools-FoD-Package~31bf3856ad364e35~amd64~fr-fr~" InstalledSize="54220" Version="10.0.20348.1">
      <SatelliteInfo>
        <ApplyToInfo>
          <ApplyTo Type="language" Value="fr-FR" />
        </ApplyToInfo>
      </SatelliteInfo>
      <Payload>
        <PayloadItem PayloadHash="cHaWfkgeF5coyjrcOcr2p7bDtuALJhjpv+M8u4aNf7Y=" PayloadSize="10511" Path="FeaturesOnDemand\fr-fr\baseless\Microsoft-Windows-EMS-SAC-Desktop-Tools-FoD-Package~31bf3856ad364e35~amd64~fr-fr~.cab" PayloadType="ExpressCab" />
        <PayloadItem PayloadHash="eMy+m+A5xmOkStmNvINcpZ8koM5nPsBcye9jzjZnt60=" PayloadSize="64398" Path="FeaturesOnDemand\fr-fr\baseless\Microsoft-Windows-EMS-SAC-Desktop-Tools-FoD-Package~31bf3856ad364e35~amd64~fr-fr~.psf" PayloadType="ExpressPSF" />
      </Payload>
    </Package>
    <Package ID="Microsoft-Windows-FailoverCluster-Management-Tools-FOD-Package~31bf3856ad364e35~amd64~fr-fr~" InstalledSize="9084491" Version="10.0.20348.1">
      <SatelliteInfo>
        <ApplyToInfo>
          <ApplyTo Type="language" Value="fr-FR" />
        </ApplyToInfo>
      </SatelliteInfo>
      <Payload>
        <PayloadItem PayloadHash="Uvgs63uWY3R138l8Bh9N7LWQw7YbWmPcYtthjNtrBf4=" PayloadSize="16557" Path="FeaturesOnDemand\fr-fr\baseless\Microsoft-Windows-FailoverCluster-Management-Tools-FOD-Package~31bf3856ad364e35~amd64~fr-fr~.cab" PayloadType="ExpressCab" />
        <PayloadItem PayloadHash="by63R1T6aaguR1+4WetE5+U/YpgsMERownbVezmZA8o=" PayloadSize="2461425" Path="FeaturesOnDemand\fr-fr\baseless\Microsoft-Windows-FailoverCluster-Management-Tools-FOD-Package~31bf3856ad364e35~amd64~fr-fr~.psf" PayloadType="ExpressPSF" />
      </Payload>
    </Package>
    <Package ID="Microsoft-Windows-FailoverCluster-Management-Tools-FOD-Package~31bf3856ad364e35~wow64~fr-fr~" InstalledSize="64059" Version="10.0.20348.1">
      <SatelliteInfo>
        <ApplyToInfo>
          <ApplyTo Type="arch" Value="wow64" />
          <ApplyTo Type="language" Value="fr-FR" />
        </ApplyToInfo>
      </SatelliteInfo>
      <Payload>
        <PayloadItem PayloadHash="8IN5X+jo9J2gGFzEzDcn80AaYUoQfZvJI22G7XOp5dg=" PayloadSize="10927" Path="FeaturesOnDemand\fr-fr\baseless\Microsoft-Windows-FailoverCluster-Management-Tools-FOD-Package~31bf3856ad364e35~wow64~fr-fr~.cab" PayloadType="ExpressCab" />
        <PayloadItem PayloadHash="E/PCieV5Q4Zc2N3xxPQesjgc5+7J/cf3DDnAVmI30G4=" PayloadSize="70722" Path="FeaturesOnDemand\fr-fr\baseless\Microsoft-Windows-FailoverCluster-Management-Tools-FOD-Package~31bf3856ad364e35~wow64~fr-fr~.psf" PayloadType="ExpressPSF" />
      </Payload>
    </Package>
    <Package ID="Microsoft-Windows-FileServices-Tools-FoD-Package~31bf3856ad364e35~amd64~fr-fr~" InstalledSize="4345401" Version="10.0.20348.1">
      <SatelliteInfo>
        <ApplyToInfo>
          <ApplyTo Type="language" Value="fr-FR" />
        </ApplyToInfo>
      </SatelliteInfo>
      <Payload>
        <PayloadItem PayloadHash="BTgl8p9cehQYxqX1J7Gb3j7r2d2JAOmtlhtuaOzIzhE=" PayloadSize="14749" Path="FeaturesOnDemand\fr-fr\baseless\Microsoft-Windows-FileServices-Tools-FoD-Package~31bf3856ad364e35~amd64~fr-fr~.cab" PayloadType="ExpressCab" />
        <PayloadItem PayloadHash="moZ/l2de0QhNBcJNzp9AkdVEDhi3fZj2nL6vu6D95zE=" PayloadSize="623023" Path="FeaturesOnDemand\fr-fr\baseless\Microsoft-Windows-FileServices-Tools-FoD-Package~31bf3856ad364e35~amd64~fr-fr~.psf" PayloadType="ExpressPSF" />
      </Payload>
    </Package>
    <Package ID="Microsoft-Windows-FileServices-Tools-FoD-Package~31bf3856ad364e35~wow64~fr-fr~" InstalledSize="185712" Version="10.0.20348.1">
      <SatelliteInfo>
        <ApplyToInfo>
          <ApplyTo Type="arch" Value="wow64" />
          <ApplyTo Type="language" Value="fr-FR" />
        </ApplyToInfo>
      </SatelliteInfo>
      <Payload>
        <PayloadItem PayloadHash="MMYtcslv2QvO6GbZ8UuhoC2rwbUAtUkDRxtunxKAYfo=" PayloadSize="10585" Path="FeaturesOnDemand\fr-fr\baseless\Microsoft-Windows-FileServices-Tools-FoD-Package~31bf3856ad364e35~wow64~fr-fr~.cab" PayloadType="ExpressCab" />
        <PayloadItem PayloadHash="9h382IT/H/Um+sZ28UGcUgjgdrFWgo/xd8H782l6PTE=" PayloadSize="78337" Path="FeaturesOnDemand\fr-fr\baseless\Microsoft-Windows-FileServices-Tools-FoD-Package~31bf3856ad364e35~wow64~fr-fr~.psf" PayloadType="ExpressPSF" />
      </Payload>
    </Package>
    <Package ID="Microsoft-Windows-GroupPolicy-Management-Tools-FoD-Package~31bf3856ad364e35~amd64~fr-fr~" InstalledSize="2392803" Version="10.0.20348.1">
      <SatelliteInfo>
        <ApplyToInfo>
          <ApplyTo Type="language" Value="fr-FR" />
        </ApplyToInfo>
      </SatelliteInfo>
      <Payload>
        <PayloadItem PayloadHash="/5UDBJp3o/sEVFHAY+SgT7v6aGEuY8kWh+j5sT3ghrk=" PayloadSize="13591" Path="FeaturesOnDemand\fr-fr\baseless\Microsoft-Windows-GroupPolicy-Management-Tools-FoD-Package~31bf3856ad364e35~amd64~fr-fr~.cab" PayloadType="ExpressCab" />
        <PayloadItem PayloadHash="ws7f7cZoaz0LK+8c78wb80oq1FLe3QFIjReET3MqWKM=" PayloadSize="349243" Path="FeaturesOnDemand\fr-fr\baseless\Microsoft-Windows-GroupPolicy-Management-Tools-FoD-Package~31bf3856ad364e35~amd64~fr-fr~.psf" PayloadType="ExpressPSF" />
      </Payload>
    </Package>
    <Package ID="Microsoft-Windows-GroupPolicy-Management-Tools-FoD-Package~31bf3856ad364e35~wow64~fr-fr~" InstalledSize="332563" Version="10.0.20348.1">
      <SatelliteInfo>
        <ApplyToInfo>
          <ApplyTo Type="arch" Value="wow64" />
          <ApplyTo Type="language" Value="fr-FR" />
        </ApplyToInfo>
      </SatelliteInfo>
      <Payload>
        <PayloadItem PayloadHash="3VSRDloUFq3QwK13eWHkadE1pAHZH9Hvo9zy249qfIg=" PayloadSize="10369" Path="FeaturesOnDemand\fr-fr\baseless\Microsoft-Windows-GroupPolicy-Management-Tools-FoD-Package~31bf3856ad364e35~wow64~fr-fr~.cab" PayloadType="ExpressCab" />
        <PayloadItem PayloadHash="dP2AOB2SBfneV/c3Hs4rM1hF4bvXeQHYWFhFHrmJllk=" PayloadSize="92888" Path="FeaturesOnDemand\fr-fr\baseless\Microsoft-Windows-GroupPolicy-Management-Tools-FoD-Package~31bf3856ad364e35~wow64~fr-fr~.psf" PayloadType="ExpressPSF" />
      </Payload>
    </Package>
    <Package ID="Microsoft-Windows-IPAM-Client-FoD-Package~31bf3856ad364e35~amd64~fr-fr~" InstalledSize="115842" Version="10.0.20348.1">
      <SatelliteInfo>
        <ApplyToInfo>
          <ApplyTo Type="language" Value="fr-FR" />
        </ApplyToInfo>
      </SatelliteInfo>
      <Payload>
        <PayloadItem PayloadHash="AnMmHGellt0xxx6YS1fKx3fdLwoG/vTszCrLNHFQQQs=" PayloadSize="10241" Path="FeaturesOnDemand\fr-fr\baseless\Microsoft-Windows-IPAM-Client-FoD-Package~31bf3856ad364e35~amd64~fr-fr~.cab" PayloadType="ExpressCab" />
        <PayloadItem PayloadHash="YXyKcyglwNnL+eVptneowMApHw2UwLgUq6rZKwAJ7kc=" PayloadSize="62361" Path="FeaturesOnDemand\fr-fr\baseless\Microsoft-Windows-IPAM-Client-FoD-Package~31bf3856ad364e35~amd64~fr-fr~.psf" PayloadType="ExpressPSF" />
      </Payload>
    </Package>
    <Package ID="Microsoft-Windows-IPAM-Client-FoD-Package~31bf3856ad364e35~wow64~fr-fr~" InstalledSize="25848" Version="10.0.20348.1">
      <SatelliteInfo>
        <ApplyToInfo>
          <ApplyTo Type="arch" Value="wow64" />
          <ApplyTo Type="language" Value="fr-FR" />
        </ApplyToInfo>
      </SatelliteInfo>
      <Payload>
        <PayloadItem PayloadHash="8SaHQmDHKJZyU620XPd86FTInmTPFIAUdQoQrXP0dj4=" PayloadSize="10013" Path="FeaturesOnDemand\fr-fr\baseless\Microsoft-Windows-IPAM-Client-FoD-Package~31bf3856ad364e35~wow64~fr-fr~.cab" PayloadType="ExpressCab" />
        <PayloadItem PayloadHash="+znco7Olb8c7UGDHwc5m5exmGmkHLrdw4b6AYTk3QWA=" PayloadSize="52227" Path="FeaturesOnDemand\fr-fr\baseless\Microsoft-Windows-IPAM-Client-FoD-Package~31bf3856ad364e35~wow64~fr-fr~.psf" PayloadType="ExpressPSF" />
      </Payload>
    </Package>
    <Package ID="Microsoft-Windows-IRDA-Package~31bf3856ad364e35~amd64~fr-fr~" InstalledSize="61490" Version="10.0.20348.1">
      <SatelliteInfo>
        <ApplyToInfo>
          <ApplyTo Type="language" Value="fr-FR" />
        </ApplyToInfo>
      </SatelliteInfo>
      <Payload>
        <PayloadItem PayloadHash="toxARpk9AtiDh/EtnsYgZcp9GhTcuMH0f3i2xiwifW4=" PayloadSize="10869" Path="FeaturesOnDemand\fr-fr\baseless\Microsoft-Windows-IRDA-Package~31bf3856ad364e35~amd64~fr-fr~.cab" PayloadType="ExpressCab" />
        <PayloadItem PayloadHash="WyA/A31C93rKQnCiw2SEVOg/NFTMGE6znCSeZpFV1oE=" PayloadSize="63731" Path="FeaturesOnDemand\fr-fr\baseless\Microsoft-Windows-IRDA-Package~31bf3856ad364e35~amd64~fr-fr~.psf" PayloadType="ExpressPSF" />
      </Payload>
    </Package>
    <Package ID="Microsoft-Windows-IRDA-Package~31bf3856ad364e35~wow64~fr-fr~" InstalledSize="11344" Version="10.0.20348.1">
      <SatelliteInfo>
        <ApplyToInfo>
          <ApplyTo Type="arch" Value="wow64" />
          <ApplyTo Type="language" Value="fr-FR" />
        </ApplyToInfo>
      </SatelliteInfo>
      <Payload>
        <PayloadItem PayloadHash="L5HzRua2HPijxiIPMyl41hr3BJm2O8UoOIcvORHvaSY=" PayloadSize="9771" Path="FeaturesOnDemand\fr-fr\baseless\Microsoft-Windows-IRDA-Package~31bf3856ad364e35~wow64~fr-fr~.cab" PayloadType="ExpressCab" />
        <PayloadItem PayloadHash="HN7ShXQ5LRYajsXK9KWT3vb2xKjfKbmclbdzUpPEqCM=" PayloadSize="49030" Path="FeaturesOnDemand\fr-fr\baseless\Microsoft-Windows-IRDA-Package~31bf3856ad364e35~wow64~fr-fr~.psf" PayloadType="ExpressPSF" />
      </Payload>
    </Package>
    <Package ID="Microsoft-Windows-Media-Features-Package~31bf3856ad364e35~amd64~fr-fr~" InstalledSize="1829059" Version="10.0.20348.1">
      <SatelliteInfo>
        <ApplyToInfo>
          <ApplyTo Type="language" Value="fr-FR" />
        </ApplyToInfo>
      </SatelliteInfo>
      <Payload>
        <PayloadItem PayloadHash="u6b7CQyjnrnw62voGtuTyKRauetHPJbCHLdaw7yOAbk=" PayloadSize="29869" Path="FeaturesOnDemand\fr-fr\baseless\Microsoft-Windows-Media-Features-Package~31bf3856ad364e35~amd64~fr-fr~.cab" PayloadType="ExpressCab" />
        <PayloadItem PayloadHash="9XpsisHtz/DA9jRRXI3FqWap2Ew2OTgeJiLmDdNtCNU=" PayloadSize="531583" Path="FeaturesOnDemand\fr-fr\baseless\Microsoft-Windows-Media-Features-Package~31bf3856ad364e35~amd64~fr-fr~.psf" PayloadType="ExpressPSF" />
      </Payload>
    </Package>
    <Package ID="Microsoft-Windows-Media-Features-Package~31bf3856ad364e35~wow64~fr-fr~" InstalledSize="367502" Version="10.0.20348.1">
      <SatelliteInfo>
        <ApplyToInfo>
          <ApplyTo Type="arch" Value="wow64" />
          <ApplyTo Type="language" Value="fr-FR" />
        </ApplyToInfo>
      </SatelliteInfo>
      <Payload>
        <PayloadItem PayloadHash="pjZVPyKwE+jRVFOkskvix+UD9Va9ZIDUPGa+OFOlmqY=" PayloadSize="18917" Path="FeaturesOnDemand\fr-fr\baseless\Microsoft-Windows-Media-Features-Package~31bf3856ad364e35~wow64~fr-fr~.cab" PayloadType="ExpressCab" />
        <PayloadItem PayloadHash="GQ+RJixyRbyxjqJW/cgzTBUxklBxuvKgW0pmdGrWrdM=" PayloadSize="252498" Path="FeaturesOnDemand\fr-fr\baseless\Microsoft-Windows-Media-Features-Package~31bf3856ad364e35~wow64~fr-fr~.psf" PayloadType="ExpressPSF" />
      </Payload>
    </Package>
    <Package ID="Microsoft-Windows-MSPaint-FoD-Package~31bf3856ad364e35~amd64~fr-fr~" InstalledSize="76089" Version="10.0.20348.1">
      <SatelliteInfo>
        <ApplyToInfo>
          <ApplyTo Type="language" Value="fr-FR" />
        </ApplyToInfo>
      </SatelliteInfo>
      <Payload>
        <PayloadItem PayloadHash="FEc71b1KAJxG7glUVKrZ3IPfg6JT1zlEWVKRxuZM4RA=" PayloadSize="9983" Path="FeaturesOnDemand\fr-fr\baseless\Microsoft-Windows-MSPaint-FoD-Package~31bf3856ad364e35~amd64~fr-fr~.cab" PayloadType="ExpressCab" />
        <PayloadItem PayloadHash="x9NoFA3p1YaXDUyjFch22eJNLAIkgCkRxYno+FgC0os=" PayloadSize="61673" Path="FeaturesOnDemand\fr-fr\baseless\Microsoft-Windows-MSPaint-FoD-Package~31bf3856ad364e35~amd64~fr-fr~.psf" PayloadType="ExpressPSF" />
      </Payload>
    </Package>
    <Package ID="Microsoft-Windows-MSPaint-FoD-Package~31bf3856ad364e35~wow64~fr-fr~" InstalledSize="76137" Version="10.0.20348.1">
      <SatelliteInfo>
        <ApplyToInfo>
          <ApplyTo Type="arch" Value="wow64" />
          <ApplyTo Type="language" Value="fr-FR" />
        </ApplyToInfo>
      </SatelliteInfo>
      <Payload>
        <PayloadItem PayloadHash="WUfjbVzefpov0wBs6TZpyz/BcDyu/IGpLGdjpR/GV+o=" PayloadSize="10015" Path="FeaturesOnDemand\fr-fr\baseless\Microsoft-Windows-MSPaint-FoD-Package~31bf3856ad364e35~wow64~fr-fr~.cab" PayloadType="ExpressCab" />
        <PayloadItem PayloadHash="5GbXF1BJK1HJ3f85BtmjC0YDaY7T4smAogq/68sgY5s=" PayloadSize="61734" Path="FeaturesOnDemand\fr-fr\baseless\Microsoft-Windows-MSPaint-FoD-Package~31bf3856ad364e35~wow64~fr-fr~.psf" PayloadType="ExpressPSF" />
      </Payload>
    </Package>
    <Package ID="Microsoft-Windows-NetworkController-Tools-FoD-Package~31bf3856ad364e35~amd64~fr-fr~" InstalledSize="72892" Version="10.0.20348.1">
      <SatelliteInfo>
        <ApplyToInfo>
          <ApplyTo Type="language" Value="fr-FR" />
        </ApplyToInfo>
      </SatelliteInfo>
      <Payload>
        <PayloadItem PayloadHash="7ys3oXKUjqDxxrDQzo29Zerr5QUgskWySXppuIxd2hQ=" PayloadSize="10515" Path="FeaturesOnDemand\fr-fr\baseless\Microsoft-Windows-NetworkController-Tools-FoD-Package~31bf3856ad364e35~amd64~fr-fr~.cab" PayloadType="ExpressCab" />
        <PayloadItem PayloadHash="b8i+B/iA4sQHwHNSUGsJAZWO1fYXgDP9K8SfOgijMVA=" PayloadSize="71710" Path="FeaturesOnDemand\fr-fr\baseless\Microsoft-Windows-NetworkController-Tools-FoD-Package~31bf3856ad364e35~amd64~fr-fr~.psf" PayloadType="ExpressPSF" />
      </Payload>
    </Package>
    <Package ID="Microsoft-Windows-NetworkLoadBalancing-Tools-FoD-Package~31bf3856ad364e35~amd64~fr-fr~" InstalledSize="244476" Version="10.0.20348.1">
      <SatelliteInfo>
        <ApplyToInfo>
          <ApplyTo Type="language" Value="fr-FR" />
        </ApplyToInfo>
      </SatelliteInfo>
      <Payload>
        <PayloadItem PayloadHash="I4oa6peBsGf9tL6cWEr/99turkyFz+1QVMQmIms81tc=" PayloadSize="10583" Path="FeaturesOnDemand\fr-fr\baseless\Microsoft-Windows-NetworkLoadBalancing-Tools-FoD-Package~31bf3856ad364e35~amd64~fr-fr~.cab" PayloadType="ExpressCab" />
        <PayloadItem PayloadHash="XDRxc8AKKFK2Nn+w9s+NLSacRvp9UKULWMGiyIYsEWw=" PayloadSize="90561" Path="FeaturesOnDemand\fr-fr\baseless\Microsoft-Windows-NetworkLoadBalancing-Tools-FoD-Package~31bf3856ad364e35~amd64~fr-fr~.psf" PayloadType="ExpressPSF" />
      </Payload>
    </Package>
    <Package ID="Microsoft-Windows-Notepad-FoD-Package~31bf3856ad364e35~amd64~fr-fr~" InstalledSize="25915" Version="10.0.20348.1">
      <SatelliteInfo>
        <ApplyToInfo>
          <ApplyTo Type="language" Value="fr-FR" />
        </ApplyToInfo>
      </SatelliteInfo>
      <Payload>
        <PayloadItem PayloadHash="PFeB4xeIUmhkQ1sPIhxBWNIK53UuXP/fCnNrfKjscpA=" PayloadSize="10017" Path="FeaturesOnDemand\fr-fr\baseless\Microsoft-Windows-Notepad-FoD-Package~31bf3856ad364e35~amd64~fr-fr~.cab" PayloadType="ExpressCab" />
        <PayloadItem PayloadHash="subFEbubkMTK0g7coXEtf1djDV/0e84LFg8I2XcpvgQ=" PayloadSize="53765" Path="FeaturesOnDemand\fr-fr\baseless\Microsoft-Windows-Notepad-FoD-Package~31bf3856ad364e35~amd64~fr-fr~.psf" PayloadType="ExpressPSF" />
      </Payload>
    </Package>
    <Package ID="Microsoft-Windows-Notepad-FoD-Package~31bf3856ad364e35~wow64~fr-fr~" InstalledSize="11166" Version="10.0.20348.1">
      <SatelliteInfo>
        <ApplyToInfo>
          <ApplyTo Type="arch" Value="wow64" />
          <ApplyTo Type="language" Value="fr-FR" />
        </ApplyToInfo>
      </SatelliteInfo>
      <Payload>
        <PayloadItem PayloadHash="EoxWG9VlWJglW1ztu8MKr2AsB8AdLkDhEuftgOxLc/I=" PayloadSize="9777" Path="FeaturesOnDemand\fr-fr\baseless\Microsoft-Windows-Notepad-FoD-Package~31bf3856ad364e35~wow64~fr-fr~.cab" PayloadType="ExpressCab" />
        <PayloadItem PayloadHash="nLLjyJ8t/RLitKax6McyNVcETpZwU740THPp4jhgAZM=" PayloadSize="48986" Path="FeaturesOnDemand\fr-fr\baseless\Microsoft-Windows-Notepad-FoD-Package~31bf3856ad364e35~wow64~fr-fr~.psf" PayloadType="ExpressPSF" />
      </Payload>
    </Package>
    <Package ID="Microsoft-Windows-PowerShell-ISE-FOD-Package~31bf3856ad364e35~amd64~fr-fr~" InstalledSize="878307" Version="10.0.20348.1">
      <SatelliteInfo>
        <ApplyToInfo>
          <ApplyTo Type="language" Value="fr-FR" />
        </ApplyToInfo>
      </SatelliteInfo>
      <Payload>
        <PayloadItem PayloadHash="HOJKxcPkVy9O4R6nhrXbyxB6PLQtqs4lxyjOUgCYIIY=" PayloadSize="10851" Path="FeaturesOnDemand\fr-fr\baseless\Microsoft-Windows-PowerShell-ISE-FOD-Package~31bf3856ad364e35~amd64~fr-fr~.cab" PayloadType="ExpressCab" />
        <PayloadItem PayloadHash="/NoL79CHxIcyP8E4CVwSUqxi3iSNlVpqp7m9UZXm/wI=" PayloadSize="344656" Path="FeaturesOnDemand\fr-fr\baseless\Microsoft-Windows-PowerShell-ISE-FOD-Package~31bf3856ad364e35~amd64~fr-fr~.psf" PayloadType="ExpressPSF" />
      </Payload>
    </Package>
    <Package ID="Microsoft-Windows-PowerShell-ISE-FOD-Package~31bf3856ad364e35~wow64~fr-fr~" InstalledSize="71817" Version="10.0.20348.1">
      <SatelliteInfo>
        <ApplyToInfo>
          <ApplyTo Type="arch" Value="wow64" />
          <ApplyTo Type="language" Value="fr-FR" />
        </ApplyToInfo>
      </SatelliteInfo>
      <Payload>
        <PayloadItem PayloadHash="Geiz9Z5sEoEiLhRo5P5jtyA6JPyOYeC0lnrjggXbYjs=" PayloadSize="10011" Path="FeaturesOnDemand\fr-fr\baseless\Microsoft-Windows-PowerShell-ISE-FOD-Package~31bf3856ad364e35~wow64~fr-fr~.cab" PayloadType="ExpressCab" />
        <PayloadItem PayloadHash="gs3BnJd+QYvbCL9gXcoCwsfaiOBEHaSyERzIYT9/qCA=" PayloadSize="68905" Path="FeaturesOnDemand\fr-fr\baseless\Microsoft-Windows-PowerShell-ISE-FOD-Package~31bf3856ad364e35~wow64~fr-fr~.psf" PayloadType="ExpressPSF" />
      </Payload>
    </Package>
    <Package ID="Microsoft-Windows-Printing-PMCPPC-FoD-Package~31bf3856ad364e35~amd64~fr-fr~" InstalledSize="231898" Version="10.0.20348.1">
      <SatelliteInfo>
        <ApplyToInfo>
          <ApplyTo Type="language" Value="fr-FR" />
        </ApplyToInfo>
      </SatelliteInfo>
      <Payload>
        <PayloadItem PayloadHash="UxMaRYtpXIFLw/pYAh5oORYsmFepBdLCY6zepzz4Esg=" PayloadSize="10261" Path="FeaturesOnDemand\fr-fr\baseless\Microsoft-Windows-Printing-PMCPPC-FoD-Package~31bf3856ad364e35~amd64~fr-fr~.cab" PayloadType="ExpressCab" />
        <PayloadItem PayloadHash="5aM8adg7SZL/bO4fQ+Dj6XRG6Jv457gU2YuzRtd+zts=" PayloadSize="80570" Path="FeaturesOnDemand\fr-fr\baseless\Microsoft-Windows-Printing-PMCPPC-FoD-Package~31bf3856ad364e35~amd64~fr-fr~.psf" PayloadType="ExpressPSF" />
      </Payload>
    </Package>
    <Package ID="Microsoft-Windows-Printing-WFS-FoD-Package~31bf3856ad364e35~amd64~fr-fr~" InstalledSize="598385" Version="10.0.20348.1">
      <SatelliteInfo>
        <ApplyToInfo>
          <ApplyTo Type="language" Value="fr-FR" />
        </ApplyToInfo>
      </SatelliteInfo>
      <Payload>
        <PayloadItem PayloadHash="/6tOtrv7dgxG+yvfcDQF8dQH5S5Frnw1WTatLN/raW0=" PayloadSize="11349" Path="FeaturesOnDemand\fr-fr\baseless\Microsoft-Windows-Printing-WFS-FoD-Package~31bf3856ad364e35~amd64~fr-fr~.cab" PayloadType="ExpressCab" />
        <PayloadItem PayloadHash="p/HulOWw/gag0jDVlkQbSbkZ+R3GhMwLJprWf0rZ3zE=" PayloadSize="203740" Path="FeaturesOnDemand\fr-fr\baseless\Microsoft-Windows-Printing-WFS-FoD-Package~31bf3856ad364e35~amd64~fr-fr~.psf" PayloadType="ExpressPSF" />
      </Payload>
    </Package>
    <Package ID="Microsoft-Windows-RasCMAK-Client-Package~31bf3856ad364e35~amd64~fr-fr~" InstalledSize="261919" Version="10.0.20348.1">
      <SatelliteInfo>
        <ApplyToInfo>
          <ApplyTo Type="language" Value="fr-FR" />
        </ApplyToInfo>
      </SatelliteInfo>
      <Payload>
        <PayloadItem PayloadHash="gVF5UwCAANIsJ2rhX8zvfWYMLZ5Lgeo9vlUL/gm4x6U=" PayloadSize="10509" Path="FeaturesOnDemand\fr-fr\baseless\Microsoft-Windows-RasCMAK-Client-Package~31bf3856ad364e35~amd64~fr-fr~.cab" PayloadType="ExpressCab" />
        <PayloadItem PayloadHash="MJ+JSZITfkfXmu8GSLe7SBW7ZkSHQtAq89D9jvsGs5A=" PayloadSize="120397" Path="FeaturesOnDemand\fr-fr\baseless\Microsoft-Windows-RasCMAK-Client-Package~31bf3856ad364e35~amd64~fr-fr~.psf" PayloadType="ExpressPSF" />
      </Payload>
    </Package>
    <Package ID="Microsoft-Windows-RasCMAK-Client-Package~31bf3856ad364e35~wow64~fr-fr~" InstalledSize="416121" Version="10.0.20348.1">
      <SatelliteInfo>
        <ApplyToInfo>
          <ApplyTo Type="arch" Value="wow64" />
          <ApplyTo Type="language" Value="fr-FR" />
        </ApplyToInfo>
      </SatelliteInfo>
      <Payload>
        <PayloadItem PayloadHash="0sTehE0C96MAXWB/W/2TwdNOFKuPk5GqYH4dOpnEcz0=" PayloadSize="10619" Path="FeaturesOnDemand\fr-fr\baseless\Microsoft-Windows-RasCMAK-Client-Package~31bf3856ad364e35~wow64~fr-fr~.cab" PayloadType="ExpressCab" />
        <PayloadItem PayloadHash="iI26q6CVG9wHYrOVATgAoAkrvRtjZEZrl53HhODnIm0=" PayloadSize="324172" Path="FeaturesOnDemand\fr-fr\baseless\Microsoft-Windows-RasCMAK-Client-Package~31bf3856ad364e35~wow64~fr-fr~.psf" PayloadType="ExpressPSF" />
      </Payload>
    </Package>
    <Package ID="Microsoft-Windows-RasRip-Package~31bf3856ad364e35~amd64~fr-fr~" InstalledSize="27276" Version="10.0.20348.1">
      <SatelliteInfo>
        <ApplyToInfo>
          <ApplyTo Type="language" Value="fr-FR" />
        </ApplyToInfo>
      </SatelliteInfo>
      <Payload>
        <PayloadItem PayloadHash="WPA7Lxaq3N4oCiE+p9lfbWh1K4jGtCoLeCHrHSl53Es=" PayloadSize="10033" Path="FeaturesOnDemand\fr-fr\baseless\Microsoft-Windows-RasRip-Package~31bf3856ad364e35~amd64~fr-fr~.cab" PayloadType="ExpressCab" />
        <PayloadItem PayloadHash="Pel1vm18UU1+k71vgHnplFw3cPbnvVTVVCnlFhIWEq8=" PayloadSize="52736" Path="FeaturesOnDemand\fr-fr\baseless\Microsoft-Windows-RasRip-Package~31bf3856ad364e35~amd64~fr-fr~.psf" PayloadType="ExpressPSF" />
      </Payload>
    </Package>
    <Package ID="Microsoft-Windows-RemoteAccess-Management-Tools-FoD-Package~31bf3856ad364e35~amd64~fr-fr~" InstalledSize="18843342" Version="10.0.20348.1">
      <SatelliteInfo>
        <ApplyToInfo>
          <ApplyTo Type="language" Value="fr-FR" />
        </ApplyToInfo>
      </SatelliteInfo>
      <Payload>
        <PayloadItem PayloadHash="Nx6Wc5/BuN2SHjsle6gaaJmjPwFAjofVlPhG6AR1Oq0=" PayloadSize="12801" Path="FeaturesOnDemand\fr-fr\baseless\Microsoft-Windows-RemoteAccess-Management-Tools-FoD-Package~31bf3856ad364e35~amd64~fr-fr~.cab" PayloadType="ExpressCab" />
        <PayloadItem PayloadHash="AWjIHRxWR/8Kz0FUUd/aJKhTXrSiMNypusE3xmZuPzI=" PayloadSize="3481426" Path="FeaturesOnDemand\fr-fr\baseless\Microsoft-Windows-RemoteAccess-Management-Tools-FoD-Package~31bf3856ad364e35~amd64~fr-fr~.psf" PayloadType="ExpressPSF" />
      </Payload>
    </Package>
    <Package ID="Microsoft-Windows-RemoteAccess-Management-Tools-FoD-Package~31bf3856ad364e35~wow64~fr-fr~" InstalledSize="12628" Version="10.0.20348.1">
      <SatelliteInfo>
        <ApplyToInfo>
          <ApplyTo Type="arch" Value="wow64" />
          <ApplyTo Type="language" Value="fr-FR" />
        </ApplyToInfo>
      </SatelliteInfo>
      <Payload>
        <PayloadItem PayloadHash="/CpOpVjAbqfPHjGyfpvuDoAUEJsrNEynQJIQBedQuAM=" PayloadSize="9913" Path="FeaturesOnDemand\fr-fr\baseless\Microsoft-Windows-RemoteAccess-Management-Tools-FoD-Package~31bf3856ad364e35~wow64~fr-fr~.cab" PayloadType="ExpressCab" />
        <PayloadItem PayloadHash="Go6th7DVglEQsdwUMDe/xDuaZzB4j+YGyBhH/KvegiQ=" PayloadSize="49731" Path="FeaturesOnDemand\fr-fr\baseless\Microsoft-Windows-RemoteAccess-Management-Tools-FoD-Package~31bf3856ad364e35~wow64~fr-fr~.psf" PayloadType="ExpressPSF" />
      </Payload>
    </Package>
    <Package ID="Microsoft-Windows-RemoteDesktop-Services-Tools-FoD-Package~31bf3856ad364e35~amd64~fr-fr~" InstalledSize="1553998" Version="10.0.20348.1">
      <SatelliteInfo>
        <ApplyToInfo>
          <ApplyTo Type="language" Value="fr-FR" />
        </ApplyToInfo>
      </SatelliteInfo>
      <Payload>
        <PayloadItem PayloadHash="MDCrzU0RexwpVs2XhE/LCYfAQjM751bh2MBPQN9ngcA=" PayloadSize="11671" Path="FeaturesOnDemand\fr-fr\baseless\Microsoft-Windows-RemoteDesktop-Services-Tools-FoD-Package~31bf3856ad364e35~amd64~fr-fr~.cab" PayloadType="ExpressCab" />
        <PayloadItem PayloadHash="1LsEQciFGuOZnY7PJ1GEE7GHokUoOwniLLUvWdU2Cvo=" PayloadSize="293575" Path="FeaturesOnDemand\fr-fr\baseless\Microsoft-Windows-RemoteDesktop-Services-Tools-FoD-Package~31bf3856ad364e35~amd64~fr-fr~.psf" PayloadType="ExpressPSF" />
      </Payload>
    </Package>
    <Package ID="Microsoft-Windows-Server-AppCompat-FoD-Package~31bf3856ad364e35~amd64~fr-fr~" InstalledSize="29538957" Version="10.0.20348.1">
      <SatelliteInfo>
        <ApplyToInfo>
          <ApplyTo Type="language" Value="fr-FR" />
        </ApplyToInfo>
      </SatelliteInfo>
      <Payload>
        <PayloadItem PayloadHash="FYDXYfsXtTk6g2KnIL+iTgmSER4R5RxodaavwikQ3RQ=" PayloadSize="73897" Path="FeaturesOnDemand\fr-fr\baseless\Microsoft-Windows-Server-AppCompat-FoD-Package~31bf3856ad364e35~amd64~fr-fr~.cab" PayloadType="ExpressCab" />
        <PayloadItem PayloadHash="T7botAKgm/uN8dx0ucJSGhZ7blyZxWgypoxzM0jwrSo=" PayloadSize="7537291" Path="FeaturesOnDemand\fr-fr\baseless\Microsoft-Windows-Server-AppCompat-FoD-Package~31bf3856ad364e35~amd64~fr-fr~.psf" PayloadType="ExpressPSF" />
      </Payload>
    </Package>
    <Package ID="Microsoft-Windows-ServerManager-Tools-FoD-Package~31bf3856ad364e35~amd64~fr-fr~" InstalledSize="11169426" Version="10.0.20348.1">
      <SatelliteInfo>
        <ApplyToInfo>
          <ApplyTo Type="language" Value="fr-FR" />
        </ApplyToInfo>
      </SatelliteInfo>
      <Payload>
        <PayloadItem PayloadHash="5aR7ecXdihPGN9d9eWY4cqEVq7nVQlgSp/WT4kwZy0k=" PayloadSize="23225" Path="FeaturesOnDemand\fr-fr\baseless\Microsoft-Windows-ServerManager-Tools-FoD-Package~31bf3856ad364e35~amd64~fr-fr~.cab" PayloadType="ExpressCab" />
        <PayloadItem PayloadHash="82XTU322EMO1gCaw6pfFZXGB6JV4j8HRi+6LWaivDBs=" PayloadSize="2200294" Path="FeaturesOnDemand\fr-fr\baseless\Microsoft-Windows-ServerManager-Tools-FoD-Package~31bf3856ad364e35~amd64~fr-fr~.psf" PayloadType="ExpressPSF" />
      </Payload>
    </Package>
    <Package ID="Microsoft-Windows-ServerManager-Tools-FoD-Package~31bf3856ad364e35~wow64~fr-fr~" InstalledSize="1174860" Version="10.0.20348.1">
      <SatelliteInfo>
        <ApplyToInfo>
          <ApplyTo Type="arch" Value="wow64" />
          <ApplyTo Type="language" Value="fr-FR" />
        </ApplyToInfo>
      </SatelliteInfo>
      <Payload>
        <PayloadItem PayloadHash="fwyxx931ZBuZIfkxwBlt18V8DM1RDN2CcLgqbM+YqMs=" PayloadSize="10737" Path="FeaturesOnDemand\fr-fr\baseless\Microsoft-Windows-ServerManager-Tools-FoD-Package~31bf3856ad364e35~wow64~fr-fr~.cab" PayloadType="ExpressCab" />
        <PayloadItem PayloadHash="nf4nDWT7ONAfwYHfqRqFjpEPhrAlczeUGcP5BrXM32A=" PayloadSize="338558" Path="FeaturesOnDemand\fr-fr\baseless\Microsoft-Windows-ServerManager-Tools-FoD-Package~31bf3856ad364e35~wow64~fr-fr~.psf" PayloadType="ExpressPSF" />
      </Payload>
    </Package>
    <Package ID="Microsoft-Windows-Shielded-VM-Tools-FoD-Package~31bf3856ad364e35~amd64~fr-fr~" InstalledSize="380383" Version="10.0.20348.1">
      <SatelliteInfo>
        <ApplyToInfo>
          <ApplyTo Type="language" Value="fr-FR" />
        </ApplyToInfo>
      </SatelliteInfo>
      <Payload>
        <PayloadItem PayloadHash="omq8FxfHZZZcvREY/wk9FPH8A+d0DIM6h2eVdup5ue8=" PayloadSize="14125" Path="FeaturesOnDemand\fr-fr\baseless\Microsoft-Windows-Shielded-VM-Tools-FoD-Package~31bf3856ad364e35~amd64~fr-fr~.cab" PayloadType="ExpressCab" />
        <PayloadItem PayloadHash="udV6auMBjjafTcPdh8wLS0oN1dRFuhOpd1nZof6Mbqw=" PayloadSize="162005" Path="FeaturesOnDemand\fr-fr\baseless\Microsoft-Windows-Shielded-VM-Tools-FoD-Package~31bf3856ad364e35~amd64~fr-fr~.psf" PayloadType="ExpressPSF" />
      </Payload>
    </Package>
    <Package ID="Microsoft-Windows-SNMP-Client-Package~31bf3856ad364e35~amd64~fr-fr~" InstalledSize="135566" Version="10.0.20348.1">
      <SatelliteInfo>
        <ApplyToInfo>
          <ApplyTo Type="language" Value="fr-FR" />
        </ApplyToInfo>
      </SatelliteInfo>
      <Payload>
        <PayloadItem PayloadHash="14/iqelVj3pn3w4i4643eFNv2m0tU0Z70M+KL3vHmw0=" PayloadSize="11633" Path="FeaturesOnDemand\fr-fr\baseless\Microsoft-Windows-SNMP-Client-Package~31bf3856ad364e35~amd64~fr-fr~.cab" PayloadType="ExpressCab" />
        <PayloadItem PayloadHash="J9ZT92GbEo/tQX65S1vWeieyjxUabb1/mPjyIv7vt7M=" PayloadSize="90390" Path="FeaturesOnDemand\fr-fr\baseless\Microsoft-Windows-SNMP-Client-Package~31bf3856ad364e35~amd64~fr-fr~.psf" PayloadType="ExpressPSF" />
      </Payload>
    </Package>
    <Package ID="Microsoft-Windows-SNMP-Client-Package~31bf3856ad364e35~wow64~fr-fr~" InstalledSize="135780" Version="10.0.20348.1">
      <SatelliteInfo>
        <ApplyToInfo>
          <ApplyTo Type="arch" Value="wow64" />
          <ApplyTo Type="language" Value="fr-FR" />
        </ApplyToInfo>
      </SatelliteInfo>
      <Payload>
        <PayloadItem PayloadHash="HgV4eSB6ziA5jUYOOE/B3dbHuJwkoSU3c2QWF1kb9oo=" PayloadSize="11603" Path="FeaturesOnDemand\fr-fr\baseless\Microsoft-Windows-SNMP-Client-Package~31bf3856ad364e35~wow64~fr-fr~.cab" PayloadType="ExpressCab" />
        <PayloadItem PayloadHash="JtcmIzWI4/sSJ6JSo9ZmwgDGSgma3p3BCEiNFpDBeiM=" PayloadSize="90557" Path="FeaturesOnDemand\fr-fr\baseless\Microsoft-Windows-SNMP-Client-Package~31bf3856ad364e35~wow64~fr-fr~.psf" PayloadType="ExpressPSF" />
      </Payload>
    </Package>
    <Package ID="Microsoft-Windows-StepsRecorder-Package~31bf3856ad364e35~amd64~fr-fr~" InstalledSize="27235" Version="10.0.20348.1">
      <SatelliteInfo>
        <ApplyToInfo>
          <ApplyTo Type="language" Value="fr-FR" />
        </ApplyToInfo>
      </SatelliteInfo>
      <Payload>
        <PayloadItem PayloadHash="ToHzL8JTb17LHjteJPq0zdw2O5ITHYaeta11K7sq5Bs=" PayloadSize="10027" Path="FeaturesOnDemand\fr-fr\baseless\Microsoft-Windows-StepsRecorder-Package~31bf3856ad364e35~amd64~fr-fr~.cab" PayloadType="ExpressCab" />
        <PayloadItem PayloadHash="DT2nYQox0ESmYPOVOV2K7BouTmwsEAnaIfycdSQhEWo=" PayloadSize="53339" Path="FeaturesOnDemand\fr-fr\baseless\Microsoft-Windows-StepsRecorder-Package~31bf3856ad364e35~amd64~fr-fr~.psf" PayloadType="ExpressPSF" />
      </Payload>
    </Package>
    <Package ID="Microsoft-Windows-StepsRecorder-Package~31bf3856ad364e35~wow64~fr-fr~" InstalledSize="11396" Version="10.0.20348.1">
      <SatelliteInfo>
        <ApplyToInfo>
          <ApplyTo Type="arch" Value="wow64" />
          <ApplyTo Type="language" Value="fr-FR" />
        </ApplyToInfo>
      </SatelliteInfo>
      <Payload>
        <PayloadItem PayloadHash="KvLMOuPk+ff6+YFWTvA+OeJFBT6LuZTA4qYoSGKGsls=" PayloadSize="9811" Path="FeaturesOnDemand\fr-fr\baseless\Microsoft-Windows-StepsRecorder-Package~31bf3856ad364e35~wow64~fr-fr~.cab" PayloadType="ExpressCab" />
        <PayloadItem PayloadHash="AT9i8eH2txWB2B9b2QUQBX9AEq6ij70x05gAAD8Nai4=" PayloadSize="49084" Path="FeaturesOnDemand\fr-fr\baseless\Microsoft-Windows-StepsRecorder-Package~31bf3856ad364e35~wow64~fr-fr~.psf" PayloadType="ExpressPSF" />
      </Payload>
    </Package>
    <Package ID="Microsoft-Windows-StorageManagement-FoD-Package~31bf3856ad364e35~amd64~fr-fr~" InstalledSize="1647669" Version="10.0.20348.1">
      <SatelliteInfo>
        <ApplyToInfo>
          <ApplyTo Type="language" Value="fr-FR" />
        </ApplyToInfo>
      </SatelliteInfo>
      <Payload>
        <PayloadItem PayloadHash="G4XALbwvhy1Jp7p38ysYuhu304l5xLGaacflX0MUVx8=" PayloadSize="11821" Path="FeaturesOnDemand\fr-fr\baseless\Microsoft-Windows-StorageManagement-FoD-Package~31bf3856ad364e35~amd64~fr-fr~.cab" PayloadType="ExpressCab" />
        <PayloadItem PayloadHash="MVpvvhd8KH1fbg2Tsty3CKGWhY+scxSB/84ZEx0f3LY=" PayloadSize="186772" Path="FeaturesOnDemand\fr-fr\baseless\Microsoft-Windows-StorageManagement-FoD-Package~31bf3856ad364e35~amd64~fr-fr~.psf" PayloadType="ExpressPSF" />
      </Payload>
    </Package>
    <Package ID="Microsoft-Windows-StorageManagement-FoD-Package~31bf3856ad364e35~wow64~fr-fr~" InstalledSize="1084304" Version="10.0.20348.1">
      <SatelliteInfo>
        <ApplyToInfo>
          <ApplyTo Type="arch" Value="wow64" />
          <ApplyTo Type="language" Value="fr-FR" />
        </ApplyToInfo>
      </SatelliteInfo>
      <Payload>
        <PayloadItem PayloadHash="maW+xVW4g+bAF4ThrBnGCxoJz8RLYgNynG8YeoUire4=" PayloadSize="10643" Path="FeaturesOnDemand\fr-fr\baseless\Microsoft-Windows-StorageManagement-FoD-Package~31bf3856ad364e35~wow64~fr-fr~.cab" PayloadType="ExpressCab" />
        <PayloadItem PayloadHash="EsHrGQHgOHaT+MIQKAVLkIHls5q7NfO8oD4+w0NGsEc=" PayloadSize="108775" Path="FeaturesOnDemand\fr-fr\baseless\Microsoft-Windows-StorageManagement-FoD-Package~31bf3856ad364e35~wow64~fr-fr~.psf" PayloadType="ExpressPSF" />
      </Payload>
    </Package>
    <Package ID="Microsoft-Windows-StorageMigrationService-Management-Tools-FOD-Package~31bf3856ad364e35~amd64~fr-fr~" InstalledSize="84105" Version="10.0.20348.1">
      <SatelliteInfo>
        <ApplyToInfo>
          <ApplyTo Type="language" Value="fr-FR" />
        </ApplyToInfo>
      </SatelliteInfo>
      <Payload>
        <PayloadItem PayloadHash="dqp8/OHQGTiwBb0DaBV5WUFFI+P2X5GcSXmrgXlFhXI=" PayloadSize="10269" Path="FeaturesOnDemand\fr-fr\baseless\Microsoft-Windows-StorageMigrationService-Management-Tools-FOD-Package~31bf3856ad364e35~amd64~fr-fr~.cab" PayloadType="ExpressCab" />
        <PayloadItem PayloadHash="DecRs+h5KMu0TAKboGscxh4dVof64pmsfeg2xtCQ9YY=" PayloadSize="69881" Path="FeaturesOnDemand\fr-fr\baseless\Microsoft-Windows-StorageMigrationService-Management-Tools-FOD-Package~31bf3856ad364e35~amd64~fr-fr~.psf" PayloadType="ExpressPSF" />
      </Payload>
    </Package>
    <Package ID="Microsoft-Windows-StorageReplica-Tools-FoD-Package~31bf3856ad364e35~amd64~fr-fr~" InstalledSize="455158" Version="10.0.20348.1">
      <SatelliteInfo>
        <ApplyToInfo>
          <ApplyTo Type="language" Value="fr-FR" />
        </ApplyToInfo>
      </SatelliteInfo>
      <Payload>
        <PayloadItem PayloadHash="qrb29Hnt5xOKXpiKnk2uz+mF2OtlCfnkWSrRJvryKqU=" PayloadSize="10611" Path="FeaturesOnDemand\fr-fr\baseless\Microsoft-Windows-StorageReplica-Tools-FoD-Package~31bf3856ad364e35~amd64~fr-fr~.cab" PayloadType="ExpressCab" />
        <PayloadItem PayloadHash="santiXHSPpNjhca1udCxYKxIF6Sr+e3x/3xYc0VHsGE=" PayloadSize="112217" Path="FeaturesOnDemand\fr-fr\baseless\Microsoft-Windows-StorageReplica-Tools-FoD-Package~31bf3856ad364e35~amd64~fr-fr~.psf" PayloadType="ExpressPSF" />
      </Payload>
    </Package>
    <Package ID="Microsoft-Windows-SystemInsights-Management-Tools-FOD-Package~31bf3856ad364e35~amd64~fr-fr~" InstalledSize="42040" Version="10.0.20348.1">
      <SatelliteInfo>
        <ApplyToInfo>
          <ApplyTo Type="language" Value="fr-FR" />
        </ApplyToInfo>
      </SatelliteInfo>
      <Payload>
        <PayloadItem PayloadHash="7iVKDlFBe2bnbtEV+Exl9DNWRpN9ar5f2mROvpWYNkU=" PayloadSize="10259" Path="FeaturesOnDemand\fr-fr\baseless\Microsoft-Windows-SystemInsights-Management-Tools-FOD-Package~31bf3856ad364e35~amd64~fr-fr~.cab" PayloadType="ExpressCab" />
        <PayloadItem PayloadHash="+DbE3mygjvJSgfFaseZdJhjomBxm1jJgJtpDvFtLlpc=" PayloadSize="61465" Path="FeaturesOnDemand\fr-fr\baseless\Microsoft-Windows-SystemInsights-Management-Tools-FOD-Package~31bf3856ad364e35~amd64~fr-fr~.psf" PayloadType="ExpressPSF" />
      </Payload>
    </Package>
    <Package ID="Microsoft-Windows-VolumeActivation-Tools-FoD-Package~31bf3856ad364e35~amd64~fr-fr~" InstalledSize="226550" Version="10.0.20348.1">
      <SatelliteInfo>
        <ApplyToInfo>
          <ApplyTo Type="language" Value="fr-FR" />
        </ApplyToInfo>
      </SatelliteInfo>
      <Payload>
        <PayloadItem PayloadHash="Ojj0HAw54DIvFE7EKsM7bc0gT77iaiYtGowHjre/qss=" PayloadSize="10143" Path="FeaturesOnDemand\fr-fr\baseless\Microsoft-Windows-VolumeActivation-Tools-FoD-Package~31bf3856ad364e35~amd64~fr-fr~.cab" PayloadType="ExpressCab" />
        <PayloadItem PayloadHash="n6fOBtlpOlHzJ/Jk4T3GYm+7xtlbsIuKceBzZ88AsCE=" PayloadSize="172255" Path="FeaturesOnDemand\fr-fr\baseless\Microsoft-Windows-VolumeActivation-Tools-FoD-Package~31bf3856ad364e35~amd64~fr-fr~.psf" PayloadType="ExpressPSF" />
      </Payload>
    </Package>
    <Package ID="Microsoft-Windows-WirelessDisplay-FOD-Package~31bf3856ad364e35~amd64~fr-fr~" InstalledSize="34543" Version="10.0.20348.1">
      <SatelliteInfo>
        <ApplyToInfo>
          <ApplyTo Type="language" Value="fr-FR" />
        </ApplyToInfo>
      </SatelliteInfo>
      <Payload>
        <PayloadItem PayloadHash="fTNVTN65jKlDJ9UC13aAnlg7hubCw/jjwSSBdv8xN5c=" PayloadSize="10265" Path="FeaturesOnDemand\fr-fr\baseless\Microsoft-Windows-WirelessDisplay-FOD-Package~31bf3856ad364e35~amd64~fr-fr~.cab" PayloadType="ExpressCab" />
        <PayloadItem PayloadHash="WIamynzKsNvAsbMtfK5cQ8TmEw2fdNJXQFo6lOoOvRM=" PayloadSize="61353" Path="FeaturesOnDemand\fr-fr\baseless\Microsoft-Windows-WirelessDisplay-FOD-Package~31bf3856ad364e35~amd64~fr-fr~.psf" PayloadType="ExpressPSF" />
      </Payload>
    </Package>
    <Package ID="Microsoft-Windows-WMI-SNMP-Provider-Client-Package~31bf3856ad364e35~amd64~fr-fr~" InstalledSize="53254" Version="10.0.20348.1">
      <SatelliteInfo>
        <ApplyToInfo>
          <ApplyTo Type="language" Value="fr-FR" />
        </ApplyToInfo>
      </SatelliteInfo>
      <Payload>
        <PayloadItem PayloadHash="/qZVKm1BEGFYBOMi6xk6PmIXFvi4PKYzhi4eb6PWDec=" PayloadSize="10587" Path="FeaturesOnDemand\fr-fr\baseless\Microsoft-Windows-WMI-SNMP-Provider-Client-Package~31bf3856ad364e35~amd64~fr-fr~.cab" PayloadType="ExpressCab" />
        <PayloadItem PayloadHash="12DHOV6JA8DltK2o8OR/uO75lKEKiI61qa49XiV4ZIw=" PayloadSize="64666" Path="FeaturesOnDemand\fr-fr\baseless\Microsoft-Windows-WMI-SNMP-Provider-Client-Package~31bf3856ad364e35~amd64~fr-fr~.psf" PayloadType="ExpressPSF" />
      </Payload>
    </Package>
    <Package ID="Microsoft-Windows-WMI-SNMP-Provider-Client-Package~31bf3856ad364e35~wow64~fr-fr~" InstalledSize="53331" Version="10.0.20348.1">
      <SatelliteInfo>
        <ApplyToInfo>
          <ApplyTo Type="arch" Value="wow64" />
          <ApplyTo Type="language" Value="fr-FR" />
        </ApplyToInfo>
      </SatelliteInfo>
      <Payload>
        <PayloadItem PayloadHash="tTDvbPKaL85HXBlF2xCxzJYqB4ZfPy7WGrKGaOfrn0U=" PayloadSize="10573" Path="FeaturesOnDemand\fr-fr\baseless\Microsoft-Windows-WMI-SNMP-Provider-Client-Package~31bf3856ad364e35~wow64~fr-fr~.cab" PayloadType="ExpressCab" />
        <PayloadItem PayloadHash="ZO/zCK2YIm3tfJ7zjuXf7QCTE/SJQ5dzSeyv5lzE9Qw=" PayloadSize="64700" Path="FeaturesOnDemand\fr-fr\baseless\Microsoft-Windows-WMI-SNMP-Provider-Client-Package~31bf3856ad364e35~wow64~fr-fr~.psf" PayloadType="ExpressPSF" />
      </Payload>
    </Package>
    <Package ID="Microsoft-Windows-WordPad-FoD-Package~31bf3856ad364e35~amd64~fr-fr~" InstalledSize="180017" Version="10.0.20348.1">
      <SatelliteInfo>
        <ApplyToInfo>
          <ApplyTo Type="language" Value="fr-FR" />
        </ApplyToInfo>
      </SatelliteInfo>
      <Payload>
        <PayloadItem PayloadHash="Swpq9G5/jSUwmXME2J8IArGrIdvA5Gh7v3UUhGgQrHo=" PayloadSize="10013" Path="FeaturesOnDemand\fr-fr\baseless\Microsoft-Windows-WordPad-FoD-Package~31bf3856ad364e35~amd64~fr-fr~.cab" PayloadType="ExpressCab" />
        <PayloadItem PayloadHash="G6XBhj6w45qmN3+KKLw7FnFpRmf1em3IXX0vt0CA4ZE=" PayloadSize="64100" Path="FeaturesOnDemand\fr-fr\baseless\Microsoft-Windows-WordPad-FoD-Package~31bf3856ad364e35~amd64~fr-fr~.psf" PayloadType="ExpressPSF" />
      </Payload>
    </Package>
    <Package ID="Microsoft-Windows-WordPad-FoD-Package~31bf3856ad364e35~wow64~fr-fr~" InstalledSize="180091" Version="10.0.20348.1">
      <SatelliteInfo>
        <ApplyToInfo>
          <ApplyTo Type="arch" Value="wow64" />
          <ApplyTo Type="language" Value="fr-FR" />
        </ApplyToInfo>
      </SatelliteInfo>
      <Payload>
        <PayloadItem PayloadHash="6dlQFQ2XYB8WbI6iDsXNzlYzsmoc/9HgyuXeOLY2Erc=" PayloadSize="10019" Path="FeaturesOnDemand\fr-fr\baseless\Microsoft-Windows-WordPad-FoD-Package~31bf3856ad364e35~wow64~fr-fr~.cab" PayloadType="ExpressCab" />
        <PayloadItem PayloadHash="mkU1ilAY5ZXrurk2uOtPAl10vXlv00a5b1Pf7a3doec=" PayloadSize="64093" Path="FeaturesOnDemand\fr-fr\baseless\Microsoft-Windows-WordPad-FoD-Package~31bf3856ad364e35~wow64~fr-fr~.psf" PayloadType="ExpressPSF" />
      </Payload>
    </Package>
    <Package ID="Microsoft-Windows-WSUS-Tools-FoD-Package~31bf3856ad364e35~amd64~fr-fr~" InstalledSize="2938653" Version="10.0.20348.1">
      <SatelliteInfo>
        <ApplyToInfo>
          <ApplyTo Type="language" Value="fr-FR" />
        </ApplyToInfo>
      </SatelliteInfo>
      <Payload>
        <PayloadItem PayloadHash="Q3/d8MxjrEYTAKkfcEMiBhzcvcnxBFCUgKvGBNo38/c=" PayloadSize="11145" Path="FeaturesOnDemand\fr-fr\baseless\Microsoft-Windows-WSUS-Tools-FoD-Package~31bf3856ad364e35~amd64~fr-fr~.cab" PayloadType="ExpressCab" />
        <PayloadItem PayloadHash="E2lbJJKXrsXK1h2sVCZ9CL1eGVLFclf6aDsoNScSDwE=" PayloadSize="377249" Path="FeaturesOnDemand\fr-fr\baseless\Microsoft-Windows-WSUS-Tools-FoD-Package~31bf3856ad364e35~amd64~fr-fr~.psf" PayloadType="ExpressPSF" />
      </Payload>
    </Package>
  </Packages>
  <ValuePair />
</CompDB>