<?xml version="1.0" encoding="utf-8"?>
<CompDB xmlns:xsi="http://www.w3.org/2001/XMLSchema-instance" xmlns:xsd="http://www.w3.org/2001/XMLSchema" CreatedDate="2021-05-08T14:05:10.0827021Z" Revision="1" SchemaVersion="1.2" Product="Server" BuildID="cba57a24-14e8-e0d9-3b38-ce9d5f1c983e" BuildInfo="fe_release.20348.1.210507-1500" OSVersion="10.0.20348.1" BuildArch="amd64" ReleaseType="Production" Type="Baseless" Name="Baseless~amd64~Server~~zh-tw" xmlns="http://schemas.microsoft.com/embedded/2004/10/ImageUpdate">
  <Tags Type="Language">
    <Tag Name="Language" Value="zh-tw" />
    <Tag Name="UpdateType" Value="Baseless" />
  </Tags>
  <Features>
    <Feature Type="LanguagePack" FeatureID="Language.UI.Server~zh-tw" FMID="MSDL" Group="Microsoft">
      <Packages>
        <Package ID="Microsoft-Windows-Server-LanguagePack-Package_zh-tw~31bf3856ad364e35~amd64~zh-tw~" PackageType="FeaturePackage" />
      </Packages>
    </Feature>
    <Feature Type="OnDemandFeature" FeatureID="Rsat.AzureStack.HCI.Management.Tools~~1.0" FMID="MSDN" Group="Microsoft">
      <Packages>
        <Package ID="Microsoft-AzureStack-HCI-Management-Tools-FOD-Package~31bf3856ad364e35~amd64~zh-tw~" PackageType="SatellitePackage" />
      </Packages>
    </Feature>
    <Feature Type="OnDemandFeature" FeatureID="Microsoft.Onecore.StorageManagement~~1.0" FMID="MSDN" Group="Microsoft">
      <Packages>
        <Package ID="Microsoft-OneCore-StorageManagement-FoD-Package~31bf3856ad364e35~amd64~zh-tw~" PackageType="SatellitePackage" />
        <Package ID="Microsoft-OneCore-StorageManagement-FoD-Package~31bf3856ad364e35~wow64~zh-tw~" PackageType="SatellitePackage" />
      </Packages>
    </Feature>
    <Feature Type="OnDemandFeature" FeatureID="Rsat.ActiveDirectory.DS-LDS.Tools~~1.0" FMID="MSDN" Group="Microsoft">
      <Dependencies>
        <Feature FeatureID="Rsat.ServerManager.Tools~~1.0" />
      </Dependencies>
      <Packages>
        <Package ID="Microsoft-Windows-ActiveDirectory-DS-LDS-Tools-FoD-Package~31bf3856ad364e35~amd64~zh-tw~" PackageType="SatellitePackage" />
        <Package ID="Microsoft-Windows-ActiveDirectory-DS-LDS-Tools-FoD-Package~31bf3856ad364e35~wow64~zh-tw~" PackageType="SatellitePackage" />
      </Packages>
    </Feature>
    <Feature Type="OnDemandFeature" FeatureID="Rsat.BitLocker.Recovery.Tools~~1.0" FMID="MSDN" Group="Microsoft">
      <Dependencies>
        <Feature FeatureID="Rsat.ActiveDirectory.DS-LDS.Tools~~1.0" />
      </Dependencies>
      <Packages>
        <Package ID="Microsoft-Windows-BitLocker-Recovery-Tools-FoD-Package~31bf3856ad364e35~amd64~zh-tw~" PackageType="SatellitePackage" />
      </Packages>
    </Feature>
    <Feature Type="OnDemandFeature" FeatureID="Rsat.CertificateServices.Tools~~1.0" FMID="MSDN" Group="Microsoft">
      <Packages>
        <Package ID="Microsoft-Windows-CertificateServices-Tools-FoD-Package~31bf3856ad364e35~amd64~zh-tw~" PackageType="SatellitePackage" />
      </Packages>
    </Feature>
    <Feature Type="OnDemandFeature" FeatureID="Microsoft.Composition.Test~~1.0" FMID="MSDN" Group="Microsoft">
      <Packages>
        <Package ID="Microsoft-Windows-Composition-Test-FOD-Package~31bf3856ad364e35~amd64~zh-tw~" PackageType="SatellitePackage" />
        <Package ID="Microsoft-Windows-Composition-Test-FOD-Package~31bf3856ad364e35~wow64~zh-tw~" PackageType="SatellitePackage" />
      </Packages>
    </Feature>
    <Feature Type="OnDemandFeature" FeatureID="Rsat.DHCP.Tools~~1.0" FMID="MSDN" Group="Microsoft">
      <Packages>
        <Package ID="Microsoft-Windows-DHCP-Tools-FoD-Package~31bf3856ad364e35~amd64~zh-tw~" PackageType="SatellitePackage" />
        <Package ID="Microsoft-Windows-DHCP-Tools-FoD-Package~31bf3856ad364e35~wow64~zh-tw~" PackageType="SatellitePackage" />
      </Packages>
    </Feature>
    <Feature Type="OnDemandFeature" FeatureID="Rsat.Dns.Tools~~1.0" FMID="MSDN" Group="Microsoft">
      <Packages>
        <Package ID="Microsoft-Windows-DNS-Tools-FoD-Package~31bf3856ad364e35~amd64~zh-tw~" PackageType="SatellitePackage" />
        <Package ID="Microsoft-Windows-DNS-Tools-FoD-Package~31bf3856ad364e35~wow64~zh-tw~" PackageType="SatellitePackage" />
      </Packages>
    </Feature>
    <Feature Type="OnDemandFeature" FeatureID="Windows.Desktop.EMS-SAC.Tools~~1.0" FMID="MSDN" Group="Microsoft">
      <Packages>
        <Package ID="Microsoft-Windows-EMS-SAC-Desktop-Tools-FoD-Package~31bf3856ad364e35~amd64~zh-tw~" PackageType="SatellitePackage" />
      </Packages>
    </Feature>
    <Feature Type="OnDemandFeature" FeatureID="Rsat.FailoverCluster.Management.Tools~~1.0" FMID="MSDN" Group="Microsoft">
      <Dependencies>
        <Feature FeatureID="Rsat.FileServices.Tools~~1.0" />
      </Dependencies>
      <Packages>
        <Package ID="Microsoft-Windows-FailoverCluster-Management-Tools-FOD-Package~31bf3856ad364e35~amd64~zh-tw~" PackageType="SatellitePackage" />
        <Package ID="Microsoft-Windows-FailoverCluster-Management-Tools-FOD-Package~31bf3856ad364e35~wow64~zh-tw~" PackageType="SatellitePackage" />
      </Packages>
    </Feature>
    <Feature Type="OnDemandFeature" FeatureID="Rsat.FileServices.Tools~~1.0" FMID="MSDN" Group="Microsoft">
      <Dependencies>
        <Feature FeatureID="Rsat.ServerManager.Tools~~1.0" />
      </Dependencies>
      <Packages>
        <Package ID="Microsoft-Windows-FileServices-Tools-FoD-Package~31bf3856ad364e35~amd64~zh-tw~" PackageType="SatellitePackage" />
        <Package ID="Microsoft-Windows-FileServices-Tools-FoD-Package~31bf3856ad364e35~wow64~zh-tw~" PackageType="SatellitePackage" />
      </Packages>
    </Feature>
    <Feature Type="OnDemandFeature" FeatureID="Rsat.GroupPolicy.Management.Tools~~1.0" FMID="MSDN" Group="Microsoft">
      <Packages>
        <Package ID="Microsoft-Windows-GroupPolicy-Management-Tools-FoD-Package~31bf3856ad364e35~amd64~zh-tw~" PackageType="SatellitePackage" />
        <Package ID="Microsoft-Windows-GroupPolicy-Management-Tools-FoD-Package~31bf3856ad364e35~wow64~zh-tw~" PackageType="SatellitePackage" />
      </Packages>
    </Feature>
    <Feature Type="OnDemandFeature" FeatureID="Rsat.IPAM.Client.Tools~~1.0" FMID="MSDN" Group="Microsoft">
      <Dependencies>
        <Feature FeatureID="Rsat.ServerManager.Tools~~1.0" />
      </Dependencies>
      <Packages>
        <Package ID="Microsoft-Windows-IPAM-Client-FoD-Package~31bf3856ad364e35~amd64~zh-tw~" PackageType="SatellitePackage" />
        <Package ID="Microsoft-Windows-IPAM-Client-FoD-Package~31bf3856ad364e35~wow64~zh-tw~" PackageType="SatellitePackage" />
      </Packages>
    </Feature>
    <Feature Type="OnDemandFeature" FeatureID="Network.Irda~~1.0" FMID="MSDN" Group="Microsoft">
      <Packages>
        <Package ID="Microsoft-Windows-IRDA-Package~31bf3856ad364e35~amd64~zh-tw~" PackageType="SatellitePackage" />
        <Package ID="Microsoft-Windows-IRDA-Package~31bf3856ad364e35~wow64~zh-tw~" PackageType="SatellitePackage" />
      </Packages>
    </Feature>
    <Feature Type="OnDemandFeature" FeatureID="Media.MediaFeaturePack~~1.0" FMID="MSDN" Group="Microsoft">
      <Packages>
        <Package ID="Microsoft-Windows-Media-Features-Package~31bf3856ad364e35~amd64~zh-tw~" PackageType="SatellitePackage" />
        <Package ID="Microsoft-Windows-Media-Features-Package~31bf3856ad364e35~wow64~zh-tw~" PackageType="SatellitePackage" />
      </Packages>
    </Feature>
    <Feature Type="OnDemandFeature" FeatureID="Microsoft.Windows.MSPaint~~1.0" FMID="MSDN" Group="Microsoft">
      <Packages>
        <Package ID="Microsoft-Windows-MSPaint-FoD-Package~31bf3856ad364e35~amd64~zh-tw~" PackageType="SatellitePackage" />
        <Package ID="Microsoft-Windows-MSPaint-FoD-Package~31bf3856ad364e35~wow64~zh-tw~" PackageType="SatellitePackage" />
      </Packages>
    </Feature>
    <Feature Type="OnDemandFeature" FeatureID="Rsat.NetworkController.Tools~~1.0" FMID="MSDN" Group="Microsoft">
      <Packages>
        <Package ID="Microsoft-Windows-NetworkController-Tools-FoD-Package~31bf3856ad364e35~amd64~zh-tw~" PackageType="SatellitePackage" />
      </Packages>
    </Feature>
    <Feature Type="OnDemandFeature" FeatureID="Rsat.NetworkLoadBalancing.Tools~~1.0" FMID="MSDN" Group="Microsoft">
      <Packages>
        <Package ID="Microsoft-Windows-NetworkLoadBalancing-Tools-FoD-Package~31bf3856ad364e35~amd64~zh-tw~" PackageType="SatellitePackage" />
      </Packages>
    </Feature>
    <Feature Type="OnDemandFeature" FeatureID="Microsoft.Windows.Notepad~~1.0" FMID="MSDN" Group="Microsoft">
      <Packages>
        <Package ID="Microsoft-Windows-Notepad-FoD-Package~31bf3856ad364e35~amd64~zh-tw~" PackageType="SatellitePackage" />
        <Package ID="Microsoft-Windows-Notepad-FoD-Package~31bf3856ad364e35~wow64~zh-tw~" PackageType="SatellitePackage" />
      </Packages>
    </Feature>
    <Feature Type="OnDemandFeature" FeatureID="Microsoft.Windows.PowerShell.ISE~~1.0" FMID="MSDN" Group="Microsoft">
      <Packages>
        <Package ID="Microsoft-Windows-PowerShell-ISE-FOD-Package~31bf3856ad364e35~amd64~zh-tw~" PackageType="SatellitePackage" />
        <Package ID="Microsoft-Windows-PowerShell-ISE-FOD-Package~31bf3856ad364e35~wow64~zh-tw~" PackageType="SatellitePackage" />
      </Packages>
    </Feature>
    <Feature Type="OnDemandFeature" FeatureID="Print.Management.Console~~1.0" FMID="MSDN" Group="Microsoft">
      <Packages>
        <Package ID="Microsoft-Windows-Printing-PMCPPC-FoD-Package~31bf3856ad364e35~amd64~zh-tw~" PackageType="SatellitePackage" />
      </Packages>
    </Feature>
    <Feature Type="OnDemandFeature" FeatureID="Print.Fax.Scan~~1.0" FMID="MSDN" Group="Microsoft">
      <Packages>
        <Package ID="Microsoft-Windows-Printing-WFS-FoD-Package~31bf3856ad364e35~amd64~zh-tw~" PackageType="SatellitePackage" />
      </Packages>
    </Feature>
    <Feature Type="OnDemandFeature" FeatureID="RasCMAK.Client~~1.0" FMID="MSDN" Group="Microsoft">
      <Packages>
        <Package ID="Microsoft-Windows-RasCMAK-Client-Package~31bf3856ad364e35~amd64~zh-tw~" PackageType="SatellitePackage" />
        <Package ID="Microsoft-Windows-RasCMAK-Client-Package~31bf3856ad364e35~wow64~zh-tw~" PackageType="SatellitePackage" />
      </Packages>
    </Feature>
    <Feature Type="OnDemandFeature" FeatureID="RIP.Listener~~1.0" FMID="MSDN" Group="Microsoft">
      <Packages>
        <Package ID="Microsoft-Windows-RasRip-Package~31bf3856ad364e35~amd64~zh-tw~" PackageType="SatellitePackage" />
      </Packages>
    </Feature>
    <Feature Type="OnDemandFeature" FeatureID="Rsat.RemoteAccess.Management.Tools~~1.0" FMID="MSDN" Group="Microsoft">
      <Dependencies>
        <Feature FeatureID="Rsat.GroupPolicy.Management.Tools~~1.0" />
        <Feature FeatureID="Rsat.ServerManager.Tools~~1.0" />
      </Dependencies>
      <Packages>
        <Package ID="Microsoft-Windows-RemoteAccess-Management-Tools-FoD-Package~31bf3856ad364e35~amd64~zh-tw~" PackageType="SatellitePackage" />
        <Package ID="Microsoft-Windows-RemoteAccess-Management-Tools-FoD-Package~31bf3856ad364e35~wow64~zh-tw~" PackageType="SatellitePackage" />
      </Packages>
    </Feature>
    <Feature Type="OnDemandFeature" FeatureID="Rsat.RemoteDesktop.Services.Tools~~1.0" FMID="MSDN" Group="Microsoft">
      <Packages>
        <Package ID="Microsoft-Windows-RemoteDesktop-Services-Tools-FoD-Package~31bf3856ad364e35~amd64~zh-tw~" PackageType="SatellitePackage" />
      </Packages>
    </Feature>
    <Feature Type="OnDemandFeature" FeatureID="ServerCore.AppCompatibility~~1.0" FMID="MSDN" Group="Microsoft">
      <Packages>
        <Package ID="Microsoft-Windows-Server-AppCompat-FoD-Package~31bf3856ad364e35~amd64~zh-tw~" PackageType="SatellitePackage" />
      </Packages>
    </Feature>
    <Feature Type="OnDemandFeature" FeatureID="Rsat.ServerManager.Tools~~1.0" FMID="MSDN" Group="Microsoft">
      <Packages>
        <Package ID="Microsoft-Windows-ServerManager-Tools-FoD-Package~31bf3856ad364e35~amd64~zh-tw~" PackageType="SatellitePackage" />
        <Package ID="Microsoft-Windows-ServerManager-Tools-FoD-Package~31bf3856ad364e35~wow64~zh-tw~" PackageType="SatellitePackage" />
      </Packages>
    </Feature>
    <Feature Type="OnDemandFeature" FeatureID="Rsat.Shielded.VM.Tools~~1.0" FMID="MSDN" Group="Microsoft">
      <Dependencies>
        <Feature FeatureID="Rsat.ServerManager.Tools~~1.0" />
      </Dependencies>
      <Packages>
        <Package ID="Microsoft-Windows-Shielded-VM-Tools-FoD-Package~31bf3856ad364e35~amd64~zh-tw~" PackageType="SatellitePackage" />
      </Packages>
    </Feature>
    <Feature Type="OnDemandFeature" FeatureID="SNMP.Client~~1.0" FMID="MSDN" Group="Microsoft">
      <Packages>
        <Package ID="Microsoft-Windows-SNMP-Client-Package~31bf3856ad364e35~amd64~zh-tw~" PackageType="SatellitePackage" />
        <Package ID="Microsoft-Windows-SNMP-Client-Package~31bf3856ad364e35~wow64~zh-tw~" PackageType="SatellitePackage" />
      </Packages>
    </Feature>
    <Feature Type="OnDemandFeature" FeatureID="App.StepsRecorder~~1.0" FMID="MSDN" Group="Microsoft">
      <Packages>
        <Package ID="Microsoft-Windows-StepsRecorder-Package~31bf3856ad364e35~amd64~zh-tw~" PackageType="SatellitePackage" />
        <Package ID="Microsoft-Windows-StepsRecorder-Package~31bf3856ad364e35~wow64~zh-tw~" PackageType="SatellitePackage" />
      </Packages>
    </Feature>
    <Feature Type="OnDemandFeature" FeatureID="Microsoft.Windows.StorageManagement~~1.0" FMID="MSDN" Group="Microsoft">
      <Packages>
        <Package ID="Microsoft-Windows-StorageManagement-FoD-Package~31bf3856ad364e35~amd64~zh-tw~" PackageType="SatellitePackage" />
        <Package ID="Microsoft-Windows-StorageManagement-FoD-Package~31bf3856ad364e35~wow64~zh-tw~" PackageType="SatellitePackage" />
      </Packages>
    </Feature>
    <Feature Type="OnDemandFeature" FeatureID="Rsat.StorageMigrationService.Management.Tools~~1.0" FMID="MSDN" Group="Microsoft">
      <Packages>
        <Package ID="Microsoft-Windows-StorageMigrationService-Management-Tools-FOD-Package~31bf3856ad364e35~amd64~zh-tw~" PackageType="SatellitePackage" />
      </Packages>
    </Feature>
    <Feature Type="OnDemandFeature" FeatureID="Rsat.StorageReplica.Tools~~1.0" FMID="MSDN" Group="Microsoft">
      <Packages>
        <Package ID="Microsoft-Windows-StorageReplica-Tools-FoD-Package~31bf3856ad364e35~amd64~zh-tw~" PackageType="SatellitePackage" />
      </Packages>
    </Feature>
    <Feature Type="OnDemandFeature" FeatureID="Rsat.SystemInsights.Management.Tools~~1.0" FMID="MSDN" Group="Microsoft">
      <Packages>
        <Package ID="Microsoft-Windows-SystemInsights-Management-Tools-FOD-Package~31bf3856ad364e35~amd64~zh-tw~" PackageType="SatellitePackage" />
      </Packages>
    </Feature>
    <Feature Type="OnDemandFeature" FeatureID="Rsat.VolumeActivation.Tools~~1.0" FMID="MSDN" Group="Microsoft">
      <Packages>
        <Package ID="Microsoft-Windows-VolumeActivation-Tools-FoD-Package~31bf3856ad364e35~amd64~zh-tw~" PackageType="SatellitePackage" />
      </Packages>
    </Feature>
    <Feature Type="OnDemandFeature" FeatureID="App.WirelessDisplay.Connect~~1.0" FMID="MSDN" Group="Microsoft">
      <Packages>
        <Package ID="Microsoft-Windows-WirelessDisplay-FOD-Package~31bf3856ad364e35~amd64~zh-tw~" PackageType="SatellitePackage" />
      </Packages>
    </Feature>
    <Feature Type="OnDemandFeature" FeatureID="WMI-SNMP-Provider.Client~~1.0" FMID="MSDN" Group="Microsoft">
      <Dependencies>
        <Feature FeatureID="SNMP.Client~~1.0" />
      </Dependencies>
      <Packages>
        <Package ID="Microsoft-Windows-WMI-SNMP-Provider-Client-Package~31bf3856ad364e35~amd64~zh-tw~" PackageType="SatellitePackage" />
        <Package ID="Microsoft-Windows-WMI-SNMP-Provider-Client-Package~31bf3856ad364e35~wow64~zh-tw~" PackageType="SatellitePackage" />
      </Packages>
    </Feature>
    <Feature Type="OnDemandFeature" FeatureID="Microsoft.Windows.WordPad~~1.0" FMID="MSDN" Group="Microsoft">
      <Packages>
        <Package ID="Microsoft-Windows-WordPad-FoD-Package~31bf3856ad364e35~amd64~zh-tw~" PackageType="SatellitePackage" />
        <Package ID="Microsoft-Windows-WordPad-FoD-Package~31bf3856ad364e35~wow64~zh-tw~" PackageType="SatellitePackage" />
      </Packages>
    </Feature>
    <Feature Type="OnDemandFeature" FeatureID="Rsat.WSUS.Tools~~1.0" FMID="MSDN" Group="Microsoft">
      <Packages>
        <Package ID="Microsoft-Windows-WSUS-Tools-FoD-Package~31bf3856ad364e35~amd64~zh-tw~" PackageType="SatellitePackage" />
      </Packages>
    </Feature>
  </Features>
  <Packages>
    <Package ID="Microsoft-Windows-Server-LanguagePack-Package_zh-tw~31bf3856ad364e35~amd64~zh-tw~" InstalledSize="307521731" Version="10.0.20348.1">
      <SatelliteInfo>
        <DeclareInfo>
          <Declare Type="language" Value="zh-TW" />
        </DeclareInfo>
      </SatelliteInfo>
      <Payload>
        <PayloadItem PayloadHash="iPQJPO5uz9iT9XBm4+zK7fpIGTHVuP0POHFlZNJdtuc=" PayloadSize="1228713" Path="UUP\Desktop\editionpackages\zh-tw\Server\baseless\Microsoft-Windows-Server-LanguagePack-Package_zh-tw~31bf3856ad364e35~amd64~zh-tw~.cab" PayloadType="ExpressCab" />
        <PayloadItem PayloadHash="vGGNeQwlENmBmRTJDX8yVT1JiTNCSs3fvIPhwNvPIHc=" PayloadSize="66033887" Path="UUP\Desktop\editionpackages\zh-tw\Server\baseless\Microsoft-Windows-Server-LanguagePack-Package_zh-tw~31bf3856ad364e35~amd64~zh-tw~.psf" PayloadType="ExpressPSF" />
      </Payload>
    </Package>
    <Package ID="Microsoft-AzureStack-HCI-Management-Tools-FOD-Package~31bf3856ad364e35~amd64~zh-tw~" InstalledSize="33283" Version="10.0.20348.1">
      <SatelliteInfo>
        <ApplyToInfo>
          <ApplyTo Type="language" Value="zh-TW" />
        </ApplyToInfo>
      </SatelliteInfo>
      <Payload>
        <PayloadItem PayloadHash="BV1FIo9Daxgz/ta+Ewk8G88Nm1GKAanTTGoLrAnz5Q4=" PayloadSize="10265" Path="FeaturesOnDemand\zh-tw\baseless\Microsoft-AzureStack-HCI-Management-Tools-FOD-Package~31bf3856ad364e35~amd64~zh-tw~.cab" PayloadType="ExpressCab" />
        <PayloadItem PayloadHash="lEqzISdTwwIEsZYKhWxchxqItTAiLrcdBgsB67jMu9U=" PayloadSize="60249" Path="FeaturesOnDemand\zh-tw\baseless\Microsoft-AzureStack-HCI-Management-Tools-FOD-Package~31bf3856ad364e35~amd64~zh-tw~.psf" PayloadType="ExpressPSF" />
      </Payload>
    </Package>
    <Package ID="Microsoft-OneCore-StorageManagement-FoD-Package~31bf3856ad364e35~amd64~zh-tw~" InstalledSize="1948842" Version="10.0.20348.1">
      <SatelliteInfo>
        <ApplyToInfo>
          <ApplyTo Type="language" Value="zh-TW" />
        </ApplyToInfo>
      </SatelliteInfo>
      <Payload>
        <PayloadItem PayloadHash="/TsMvzP5Gsr32f3tA40gZYVCURxGJf21vNC2iSYq4NI=" PayloadSize="11391" Path="FeaturesOnDemand\zh-tw\baseless\Microsoft-OneCore-StorageManagement-FoD-Package~31bf3856ad364e35~amd64~zh-tw~.cab" PayloadType="ExpressCab" />
        <PayloadItem PayloadHash="gOc48fgrlU5EImRDVSY7CPAPDrrWwkLWuJVpHjF3NDo=" PayloadSize="185135" Path="FeaturesOnDemand\zh-tw\baseless\Microsoft-OneCore-StorageManagement-FoD-Package~31bf3856ad364e35~amd64~zh-tw~.psf" PayloadType="ExpressPSF" />
      </Payload>
    </Package>
    <Package ID="Microsoft-OneCore-StorageManagement-FoD-Package~31bf3856ad364e35~wow64~zh-tw~" InstalledSize="1081698" Version="10.0.20348.1">
      <SatelliteInfo>
        <ApplyToInfo>
          <ApplyTo Type="arch" Value="wow64" />
          <ApplyTo Type="language" Value="zh-TW" />
        </ApplyToInfo>
      </SatelliteInfo>
      <Payload>
        <PayloadItem PayloadHash="KxYZNcW2gkm14cC3dcGepWZHEb22xXVQ8e4Wt6t0xvA=" PayloadSize="10443" Path="FeaturesOnDemand\zh-tw\baseless\Microsoft-OneCore-StorageManagement-FoD-Package~31bf3856ad364e35~wow64~zh-tw~.cab" PayloadType="ExpressCab" />
        <PayloadItem PayloadHash="LRrxeY8mWMx3n/tHT+u3Sf8zx/1ARCl5U2Y4g70ArA0=" PayloadSize="107751" Path="FeaturesOnDemand\zh-tw\baseless\Microsoft-OneCore-StorageManagement-FoD-Package~31bf3856ad364e35~wow64~zh-tw~.psf" PayloadType="ExpressPSF" />
      </Payload>
    </Package>
    <Package ID="Microsoft-Windows-ActiveDirectory-DS-LDS-Tools-FoD-Package~31bf3856ad364e35~amd64~zh-tw~" InstalledSize="6261934" Version="10.0.20348.1">
      <SatelliteInfo>
        <ApplyToInfo>
          <ApplyTo Type="language" Value="zh-TW" />
        </ApplyToInfo>
      </SatelliteInfo>
      <Payload>
        <PayloadItem PayloadHash="7PqEDX33/hXIAWJbr2u9J1KR2vGyHQcLfM4T1089ubM=" PayloadSize="20661" Path="FeaturesOnDemand\zh-tw\baseless\Microsoft-Windows-ActiveDirectory-DS-LDS-Tools-FoD-Package~31bf3856ad364e35~amd64~zh-tw~.cab" PayloadType="ExpressCab" />
        <PayloadItem PayloadHash="E1ruNgz+owenD3ZXrQjd6KBaRjgYto5ruxEMIe9+F3k=" PayloadSize="1105658" Path="FeaturesOnDemand\zh-tw\baseless\Microsoft-Windows-ActiveDirectory-DS-LDS-Tools-FoD-Package~31bf3856ad364e35~amd64~zh-tw~.psf" PayloadType="ExpressPSF" />
      </Payload>
    </Package>
    <Package ID="Microsoft-Windows-ActiveDirectory-DS-LDS-Tools-FoD-Package~31bf3856ad364e35~wow64~zh-tw~" InstalledSize="707394" Version="10.0.20348.1">
      <SatelliteInfo>
        <ApplyToInfo>
          <ApplyTo Type="arch" Value="wow64" />
          <ApplyTo Type="language" Value="zh-TW" />
        </ApplyToInfo>
      </SatelliteInfo>
      <Payload>
        <PayloadItem PayloadHash="dTEeWVlC4YvdYhoKuAhbDacx7tJeMzC1+KfHMFZOSnI=" PayloadSize="11239" Path="FeaturesOnDemand\zh-tw\baseless\Microsoft-Windows-ActiveDirectory-DS-LDS-Tools-FoD-Package~31bf3856ad364e35~wow64~zh-tw~.cab" PayloadType="ExpressCab" />
        <PayloadItem PayloadHash="ZCea1Ki+2b6fF4EkWPQ7flmhUMJ7h9GKk2QaMZyzjHA=" PayloadSize="147845" Path="FeaturesOnDemand\zh-tw\baseless\Microsoft-Windows-ActiveDirectory-DS-LDS-Tools-FoD-Package~31bf3856ad364e35~wow64~zh-tw~.psf" PayloadType="ExpressPSF" />
      </Payload>
    </Package>
    <Package ID="Microsoft-Windows-BitLocker-Recovery-Tools-FoD-Package~31bf3856ad364e35~amd64~zh-tw~" InstalledSize="28591" Version="10.0.20348.1">
      <SatelliteInfo>
        <ApplyToInfo>
          <ApplyTo Type="language" Value="zh-TW" />
        </ApplyToInfo>
      </SatelliteInfo>
      <Payload>
        <PayloadItem PayloadHash="5kLw3Obz0ysbj42lvipst1YxLaq9cFJgnOY7KFCLNBU=" PayloadSize="10277" Path="FeaturesOnDemand\zh-tw\baseless\Microsoft-Windows-BitLocker-Recovery-Tools-FoD-Package~31bf3856ad364e35~amd64~zh-tw~.cab" PayloadType="ExpressCab" />
        <PayloadItem PayloadHash="IQNxyznJzWvtGVeq09CBVYHrOhu6pnqM/N12+QONzv8=" PayloadSize="58492" Path="FeaturesOnDemand\zh-tw\baseless\Microsoft-Windows-BitLocker-Recovery-Tools-FoD-Package~31bf3856ad364e35~amd64~zh-tw~.psf" PayloadType="ExpressPSF" />
      </Payload>
    </Package>
    <Package ID="Microsoft-Windows-CertificateServices-Tools-FoD-Package~31bf3856ad364e35~amd64~zh-tw~" InstalledSize="902445" Version="10.0.20348.1">
      <SatelliteInfo>
        <ApplyToInfo>
          <ApplyTo Type="language" Value="zh-TW" />
        </ApplyToInfo>
      </SatelliteInfo>
      <Payload>
        <PayloadItem PayloadHash="l31r85bWwqA0KSkGJOBk/NwaFZJlHT5kZ9+KKUxzHC8=" PayloadSize="12139" Path="FeaturesOnDemand\zh-tw\baseless\Microsoft-Windows-CertificateServices-Tools-FoD-Package~31bf3856ad364e35~amd64~zh-tw~.cab" PayloadType="ExpressCab" />
        <PayloadItem PayloadHash="Xs0JuyIdJATU06NOVDgTBI/nnfEtuVsK1WV0bmJu4Q0=" PayloadSize="186996" Path="FeaturesOnDemand\zh-tw\baseless\Microsoft-Windows-CertificateServices-Tools-FoD-Package~31bf3856ad364e35~amd64~zh-tw~.psf" PayloadType="ExpressPSF" />
      </Payload>
    </Package>
    <Package ID="Microsoft-Windows-Composition-Test-FOD-Package~31bf3856ad364e35~amd64~zh-tw~" InstalledSize="21122" Version="10.0.20348.1">
      <SatelliteInfo>
        <ApplyToInfo>
          <ApplyTo Type="language" Value="zh-TW" />
        </ApplyToInfo>
      </SatelliteInfo>
      <Payload>
        <PayloadItem PayloadHash="SAghgAUH3REdFxv6O10hoHfdqyIJXsSPJgbBJ9NiZSQ=" PayloadSize="10009" Path="FeaturesOnDemand\zh-tw\baseless\Microsoft-Windows-Composition-Test-FOD-Package~31bf3856ad364e35~amd64~zh-tw~.cab" PayloadType="ExpressCab" />
        <PayloadItem PayloadHash="09E6jDL8RlJryqzKfOQiHlAHM+WnheIHjXiEI0SVbC4=" PayloadSize="55271" Path="FeaturesOnDemand\zh-tw\baseless\Microsoft-Windows-Composition-Test-FOD-Package~31bf3856ad364e35~amd64~zh-tw~.psf" PayloadType="ExpressPSF" />
      </Payload>
    </Package>
    <Package ID="Microsoft-Windows-Composition-Test-FOD-Package~31bf3856ad364e35~wow64~zh-tw~" InstalledSize="21207" Version="10.0.20348.1">
      <SatelliteInfo>
        <ApplyToInfo>
          <ApplyTo Type="arch" Value="wow64" />
          <ApplyTo Type="language" Value="zh-TW" />
        </ApplyToInfo>
      </SatelliteInfo>
      <Payload>
        <PayloadItem PayloadHash="EgrtWnmH/Dyb4G8L4XacNIoH8rCKwbKcNP3NSFeuBoY=" PayloadSize="10021" Path="FeaturesOnDemand\zh-tw\baseless\Microsoft-Windows-Composition-Test-FOD-Package~31bf3856ad364e35~wow64~zh-tw~.cab" PayloadType="ExpressCab" />
        <PayloadItem PayloadHash="invknZ/Gmth1pHbMzD5/Hhxo4iggMapksacE1NvErE0=" PayloadSize="55307" Path="FeaturesOnDemand\zh-tw\baseless\Microsoft-Windows-Composition-Test-FOD-Package~31bf3856ad364e35~wow64~zh-tw~.psf" PayloadType="ExpressPSF" />
      </Payload>
    </Package>
    <Package ID="Microsoft-Windows-DHCP-Tools-FoD-Package~31bf3856ad364e35~amd64~zh-tw~" InstalledSize="1864459" Version="10.0.20348.1">
      <SatelliteInfo>
        <ApplyToInfo>
          <ApplyTo Type="language" Value="zh-TW" />
        </ApplyToInfo>
      </SatelliteInfo>
      <Payload>
        <PayloadItem PayloadHash="XvgYXgLnhtWNnuC945xNTboyYDmo2znrSMQIP3cGQ1c=" PayloadSize="11327" Path="FeaturesOnDemand\zh-tw\baseless\Microsoft-Windows-DHCP-Tools-FoD-Package~31bf3856ad364e35~amd64~zh-tw~.cab" PayloadType="ExpressCab" />
        <PayloadItem PayloadHash="XsdIJoCNqARdFinadscD8TPOTrIKNtM12Nga6rLq2C4=" PayloadSize="231471" Path="FeaturesOnDemand\zh-tw\baseless\Microsoft-Windows-DHCP-Tools-FoD-Package~31bf3856ad364e35~amd64~zh-tw~.psf" PayloadType="ExpressPSF" />
      </Payload>
    </Package>
    <Package ID="Microsoft-Windows-DHCP-Tools-FoD-Package~31bf3856ad364e35~wow64~zh-tw~" InstalledSize="731573" Version="10.0.20348.1">
      <SatelliteInfo>
        <ApplyToInfo>
          <ApplyTo Type="arch" Value="wow64" />
          <ApplyTo Type="language" Value="zh-TW" />
        </ApplyToInfo>
      </SatelliteInfo>
      <Payload>
        <PayloadItem PayloadHash="BOM1rhAQSXpWThaqMTKBgBr1nwOW8hnazV/XAXK8JEM=" PayloadSize="10439" Path="FeaturesOnDemand\zh-tw\baseless\Microsoft-Windows-DHCP-Tools-FoD-Package~31bf3856ad364e35~wow64~zh-tw~.cab" PayloadType="ExpressCab" />
        <PayloadItem PayloadHash="Y1P5xQLOm99Y9d/SWrJ+m47obY+0GtZexBa7n2KNL6M=" PayloadSize="121946" Path="FeaturesOnDemand\zh-tw\baseless\Microsoft-Windows-DHCP-Tools-FoD-Package~31bf3856ad364e35~wow64~zh-tw~.psf" PayloadType="ExpressPSF" />
      </Payload>
    </Package>
    <Package ID="Microsoft-Windows-DNS-Tools-FoD-Package~31bf3856ad364e35~amd64~zh-tw~" InstalledSize="1435174" Version="10.0.20348.1">
      <SatelliteInfo>
        <ApplyToInfo>
          <ApplyTo Type="language" Value="zh-TW" />
        </ApplyToInfo>
      </SatelliteInfo>
      <Payload>
        <PayloadItem PayloadHash="/tH2lJILLLK8a31tBzOpk22p/981uE/RyKorcBuzrEM=" PayloadSize="11169" Path="FeaturesOnDemand\zh-tw\baseless\Microsoft-Windows-DNS-Tools-FoD-Package~31bf3856ad364e35~amd64~zh-tw~.cab" PayloadType="ExpressCab" />
        <PayloadItem PayloadHash="2Vr3k/JfXP/QAk2hyOAQaxLu+7nvYDF3ghYGSa35qYM=" PayloadSize="233219" Path="FeaturesOnDemand\zh-tw\baseless\Microsoft-Windows-DNS-Tools-FoD-Package~31bf3856ad364e35~amd64~zh-tw~.psf" PayloadType="ExpressPSF" />
      </Payload>
    </Package>
    <Package ID="Microsoft-Windows-DNS-Tools-FoD-Package~31bf3856ad364e35~wow64~zh-tw~" InstalledSize="12279" Version="10.0.20348.1">
      <SatelliteInfo>
        <ApplyToInfo>
          <ApplyTo Type="arch" Value="wow64" />
          <ApplyTo Type="language" Value="zh-TW" />
        </ApplyToInfo>
      </SatelliteInfo>
      <Payload>
        <PayloadItem PayloadHash="yoaj6H8ha083aVo53bWciPbGX+whzGpfGvav9aEF/jQ=" PayloadSize="9875" Path="FeaturesOnDemand\zh-tw\baseless\Microsoft-Windows-DNS-Tools-FoD-Package~31bf3856ad364e35~wow64~zh-tw~.cab" PayloadType="ExpressCab" />
        <PayloadItem PayloadHash="xGRJuWFMlbN22PDBR4lTVP8pVziDZxCOnBy7Mh7eSYM=" PayloadSize="49684" Path="FeaturesOnDemand\zh-tw\baseless\Microsoft-Windows-DNS-Tools-FoD-Package~31bf3856ad364e35~wow64~zh-tw~.psf" PayloadType="ExpressPSF" />
      </Payload>
    </Package>
    <Package ID="Microsoft-Windows-EMS-SAC-Desktop-Tools-FoD-Package~31bf3856ad364e35~amd64~zh-tw~" InstalledSize="89707" Version="10.0.20348.1">
      <SatelliteInfo>
        <ApplyToInfo>
          <ApplyTo Type="language" Value="zh-TW" />
        </ApplyToInfo>
      </SatelliteInfo>
      <Payload>
        <PayloadItem PayloadHash="MOZERwM6NCV3Zfi8DtVSX+RVw5K8ALIEMtuSmS+RnRQ=" PayloadSize="10955" Path="FeaturesOnDemand\zh-tw\baseless\Microsoft-Windows-EMS-SAC-Desktop-Tools-FoD-Package~31bf3856ad364e35~amd64~zh-tw~.cab" PayloadType="ExpressCab" />
        <PayloadItem PayloadHash="1RD77vBjk41/TzZ1orXvJs50fZjRlCpYqwSJOLHrezs=" PayloadSize="73616" Path="FeaturesOnDemand\zh-tw\baseless\Microsoft-Windows-EMS-SAC-Desktop-Tools-FoD-Package~31bf3856ad364e35~amd64~zh-tw~.psf" PayloadType="ExpressPSF" />
      </Payload>
    </Package>
    <Package ID="Microsoft-Windows-FailoverCluster-Management-Tools-FOD-Package~31bf3856ad364e35~amd64~zh-tw~" InstalledSize="8780297" Version="10.0.20348.1">
      <SatelliteInfo>
        <ApplyToInfo>
          <ApplyTo Type="language" Value="zh-TW" />
        </ApplyToInfo>
      </SatelliteInfo>
      <Payload>
        <PayloadItem PayloadHash="xBV6xQgF7q2y3TXhavvjJhtqXKAYXSu/WVzn2dPkXVs=" PayloadSize="16585" Path="FeaturesOnDemand\zh-tw\baseless\Microsoft-Windows-FailoverCluster-Management-Tools-FOD-Package~31bf3856ad364e35~amd64~zh-tw~.cab" PayloadType="ExpressCab" />
        <PayloadItem PayloadHash="k6g/TFs7SkV2p7TdONLu7709/1Cji39MGwHOC1PoVcw=" PayloadSize="2430791" Path="FeaturesOnDemand\zh-tw\baseless\Microsoft-Windows-FailoverCluster-Management-Tools-FOD-Package~31bf3856ad364e35~amd64~zh-tw~.psf" PayloadType="ExpressPSF" />
      </Payload>
    </Package>
    <Package ID="Microsoft-Windows-FailoverCluster-Management-Tools-FOD-Package~31bf3856ad364e35~wow64~zh-tw~" InstalledSize="52194" Version="10.0.20348.1">
      <SatelliteInfo>
        <ApplyToInfo>
          <ApplyTo Type="arch" Value="wow64" />
          <ApplyTo Type="language" Value="zh-TW" />
        </ApplyToInfo>
      </SatelliteInfo>
      <Payload>
        <PayloadItem PayloadHash="feXn4EFFo9Vz1n+Qkr6oH1hJ7Xa2Sb2G4aj5BuT1Tus=" PayloadSize="10941" Path="FeaturesOnDemand\zh-tw\baseless\Microsoft-Windows-FailoverCluster-Management-Tools-FOD-Package~31bf3856ad364e35~wow64~zh-tw~.cab" PayloadType="ExpressCab" />
        <PayloadItem PayloadHash="1aWNc4ECDaeOVQsOzTqWpFXM4GCzn1XnBHQzEPCTSt4=" PayloadSize="69914" Path="FeaturesOnDemand\zh-tw\baseless\Microsoft-Windows-FailoverCluster-Management-Tools-FOD-Package~31bf3856ad364e35~wow64~zh-tw~.psf" PayloadType="ExpressPSF" />
      </Payload>
    </Package>
    <Package ID="Microsoft-Windows-FileServices-Tools-FoD-Package~31bf3856ad364e35~amd64~zh-tw~" InstalledSize="4484654" Version="10.0.20348.1">
      <SatelliteInfo>
        <ApplyToInfo>
          <ApplyTo Type="language" Value="zh-TW" />
        </ApplyToInfo>
      </SatelliteInfo>
      <Payload>
        <PayloadItem PayloadHash="MOgU1kxcRwg4vTAUryzFNVbx9zdv3m5QwYOTk423qBc=" PayloadSize="16395" Path="FeaturesOnDemand\zh-tw\baseless\Microsoft-Windows-FileServices-Tools-FoD-Package~31bf3856ad364e35~amd64~zh-tw~.cab" PayloadType="ExpressCab" />
        <PayloadItem PayloadHash="xUW2Ey4XPVehM8NAxFovYQYcqEa5qa0+RpMc2eexkY8=" PayloadSize="683479" Path="FeaturesOnDemand\zh-tw\baseless\Microsoft-Windows-FileServices-Tools-FoD-Package~31bf3856ad364e35~amd64~zh-tw~.psf" PayloadType="ExpressPSF" />
      </Payload>
    </Package>
    <Package ID="Microsoft-Windows-FileServices-Tools-FoD-Package~31bf3856ad364e35~wow64~zh-tw~" InstalledSize="163402" Version="10.0.20348.1">
      <SatelliteInfo>
        <ApplyToInfo>
          <ApplyTo Type="arch" Value="wow64" />
          <ApplyTo Type="language" Value="zh-TW" />
        </ApplyToInfo>
      </SatelliteInfo>
      <Payload>
        <PayloadItem PayloadHash="OAHeZxkGRPahqScmMQ//S4Fa1uRX5aanU9N0ZrrNWLQ=" PayloadSize="10627" Path="FeaturesOnDemand\zh-tw\baseless\Microsoft-Windows-FileServices-Tools-FoD-Package~31bf3856ad364e35~wow64~zh-tw~.cab" PayloadType="ExpressCab" />
        <PayloadItem PayloadHash="ZzHgvdxowXTOmCmHAw3Hgd8mnflnhSnka9qeqNx/rok=" PayloadSize="76978" Path="FeaturesOnDemand\zh-tw\baseless\Microsoft-Windows-FileServices-Tools-FoD-Package~31bf3856ad364e35~wow64~zh-tw~.psf" PayloadType="ExpressPSF" />
      </Payload>
    </Package>
    <Package ID="Microsoft-Windows-GroupPolicy-Management-Tools-FoD-Package~31bf3856ad364e35~amd64~zh-tw~" InstalledSize="2018157" Version="10.0.20348.1">
      <SatelliteInfo>
        <ApplyToInfo>
          <ApplyTo Type="language" Value="zh-TW" />
        </ApplyToInfo>
      </SatelliteInfo>
      <Payload>
        <PayloadItem PayloadHash="vRdh9GbXhEDasNZnuksNEWi70SYwp9YYYVngsAE99EQ=" PayloadSize="13563" Path="FeaturesOnDemand\zh-tw\baseless\Microsoft-Windows-GroupPolicy-Management-Tools-FoD-Package~31bf3856ad364e35~amd64~zh-tw~.cab" PayloadType="ExpressCab" />
        <PayloadItem PayloadHash="V6WT68W2sSGv2vX1sJlSr18GVbniqbjVbQuIacJJoeQ=" PayloadSize="327031" Path="FeaturesOnDemand\zh-tw\baseless\Microsoft-Windows-GroupPolicy-Management-Tools-FoD-Package~31bf3856ad364e35~amd64~zh-tw~.psf" PayloadType="ExpressPSF" />
      </Payload>
    </Package>
    <Package ID="Microsoft-Windows-GroupPolicy-Management-Tools-FoD-Package~31bf3856ad364e35~wow64~zh-tw~" InstalledSize="258313" Version="10.0.20348.1">
      <SatelliteInfo>
        <ApplyToInfo>
          <ApplyTo Type="arch" Value="wow64" />
          <ApplyTo Type="language" Value="zh-TW" />
        </ApplyToInfo>
      </SatelliteInfo>
      <Payload>
        <PayloadItem PayloadHash="OmW69fkvGxjOhQxIdOmtQ0GHd0nLnoruKAKuoCiZWJ8=" PayloadSize="10415" Path="FeaturesOnDemand\zh-tw\baseless\Microsoft-Windows-GroupPolicy-Management-Tools-FoD-Package~31bf3856ad364e35~wow64~zh-tw~.cab" PayloadType="ExpressCab" />
        <PayloadItem PayloadHash="asHlYFw7lmG9g/G57Z437j9U9FYldWcQRwLOq0Q00P0=" PayloadSize="88951" Path="FeaturesOnDemand\zh-tw\baseless\Microsoft-Windows-GroupPolicy-Management-Tools-FoD-Package~31bf3856ad364e35~wow64~zh-tw~.psf" PayloadType="ExpressPSF" />
      </Payload>
    </Package>
    <Package ID="Microsoft-Windows-IPAM-Client-FoD-Package~31bf3856ad364e35~amd64~zh-tw~" InstalledSize="58867" Version="10.0.20348.1">
      <SatelliteInfo>
        <ApplyToInfo>
          <ApplyTo Type="language" Value="zh-TW" />
        </ApplyToInfo>
      </SatelliteInfo>
      <Payload>
        <PayloadItem PayloadHash="QibvgYdfDl6kaP+T3xElVkN5WlsXYy9gYv6I/Sa7bm0=" PayloadSize="10233" Path="FeaturesOnDemand\zh-tw\baseless\Microsoft-Windows-IPAM-Client-FoD-Package~31bf3856ad364e35~amd64~zh-tw~.cab" PayloadType="ExpressCab" />
        <PayloadItem PayloadHash="2zQlKblCYEHYTd0pAqNJUPUin65ysYBA6GL1wvEo824=" PayloadSize="60451" Path="FeaturesOnDemand\zh-tw\baseless\Microsoft-Windows-IPAM-Client-FoD-Package~31bf3856ad364e35~amd64~zh-tw~.psf" PayloadType="ExpressPSF" />
      </Payload>
    </Package>
    <Package ID="Microsoft-Windows-IPAM-Client-FoD-Package~31bf3856ad364e35~wow64~zh-tw~" InstalledSize="19025" Version="10.0.20348.1">
      <SatelliteInfo>
        <ApplyToInfo>
          <ApplyTo Type="arch" Value="wow64" />
          <ApplyTo Type="language" Value="zh-TW" />
        </ApplyToInfo>
      </SatelliteInfo>
      <Payload>
        <PayloadItem PayloadHash="nkIv2uauYZ9WCAnq/zQFDENm4KnST9b8k7ff+/XDbOw=" PayloadSize="10023" Path="FeaturesOnDemand\zh-tw\baseless\Microsoft-Windows-IPAM-Client-FoD-Package~31bf3856ad364e35~wow64~zh-tw~.cab" PayloadType="ExpressCab" />
        <PayloadItem PayloadHash="qDjOoW3WtGlWPNBdAiYDETKE42EXWAqvCzeLlj66dvs=" PayloadSize="51979" Path="FeaturesOnDemand\zh-tw\baseless\Microsoft-Windows-IPAM-Client-FoD-Package~31bf3856ad364e35~wow64~zh-tw~.psf" PayloadType="ExpressPSF" />
      </Payload>
    </Package>
    <Package ID="Microsoft-Windows-IRDA-Package~31bf3856ad364e35~amd64~zh-tw~" InstalledSize="42067" Version="10.0.20348.1">
      <SatelliteInfo>
        <ApplyToInfo>
          <ApplyTo Type="language" Value="zh-TW" />
        </ApplyToInfo>
      </SatelliteInfo>
      <Payload>
        <PayloadItem PayloadHash="3W2AdxNeM5//RHW6MiEyDrfuCGCz0Lc780yQOanYr2g=" PayloadSize="10835" Path="FeaturesOnDemand\zh-tw\baseless\Microsoft-Windows-IRDA-Package~31bf3856ad364e35~amd64~zh-tw~.cab" PayloadType="ExpressCab" />
        <PayloadItem PayloadHash="QpaMKyl8vzMoZSCqRA0UHLwYwHQrPwMhYS6E7YtIw0c=" PayloadSize="62157" Path="FeaturesOnDemand\zh-tw\baseless\Microsoft-Windows-IRDA-Package~31bf3856ad364e35~amd64~zh-tw~.psf" PayloadType="ExpressPSF" />
      </Payload>
    </Package>
    <Package ID="Microsoft-Windows-IRDA-Package~31bf3856ad364e35~wow64~zh-tw~" InstalledSize="11344" Version="10.0.20348.1">
      <SatelliteInfo>
        <ApplyToInfo>
          <ApplyTo Type="arch" Value="wow64" />
          <ApplyTo Type="language" Value="zh-TW" />
        </ApplyToInfo>
      </SatelliteInfo>
      <Payload>
        <PayloadItem PayloadHash="r+jdbRJsOMgKNdiXHB87inA2BU5BlKYEcu8QFOQRBx8=" PayloadSize="9807" Path="FeaturesOnDemand\zh-tw\baseless\Microsoft-Windows-IRDA-Package~31bf3856ad364e35~wow64~zh-tw~.cab" PayloadType="ExpressCab" />
        <PayloadItem PayloadHash="tZcUCgx21aA5uaE+sFW3jQUIgEGDpTNxvsVFfzCVfYI=" PayloadSize="49059" Path="FeaturesOnDemand\zh-tw\baseless\Microsoft-Windows-IRDA-Package~31bf3856ad364e35~wow64~zh-tw~.psf" PayloadType="ExpressPSF" />
      </Payload>
    </Package>
    <Package ID="Microsoft-Windows-Media-Features-Package~31bf3856ad364e35~amd64~zh-tw~" InstalledSize="1298407" Version="10.0.20348.1">
      <SatelliteInfo>
        <ApplyToInfo>
          <ApplyTo Type="language" Value="zh-TW" />
        </ApplyToInfo>
      </SatelliteInfo>
      <Payload>
        <PayloadItem PayloadHash="fyDnzSYIoedjNMpVVOUCik8CNTRAUzYrN8Yz4XQNUOI=" PayloadSize="29793" Path="FeaturesOnDemand\zh-tw\baseless\Microsoft-Windows-Media-Features-Package~31bf3856ad364e35~amd64~zh-tw~.cab" PayloadType="ExpressCab" />
        <PayloadItem PayloadHash="NUjZQFSDOxeOCpLpA7YaMwT475pmGa/wZ7GRQPa0Uyw=" PayloadSize="505189" Path="FeaturesOnDemand\zh-tw\baseless\Microsoft-Windows-Media-Features-Package~31bf3856ad364e35~amd64~zh-tw~.psf" PayloadType="ExpressPSF" />
      </Payload>
    </Package>
    <Package ID="Microsoft-Windows-Media-Features-Package~31bf3856ad364e35~wow64~zh-tw~" InstalledSize="350101" Version="10.0.20348.1">
      <SatelliteInfo>
        <ApplyToInfo>
          <ApplyTo Type="arch" Value="wow64" />
          <ApplyTo Type="language" Value="zh-TW" />
        </ApplyToInfo>
      </SatelliteInfo>
      <Payload>
        <PayloadItem PayloadHash="wFm/g04QJ3EmNcwfc3KJ47OiHORkzN9hvb0OofH6hME=" PayloadSize="18869" Path="FeaturesOnDemand\zh-tw\baseless\Microsoft-Windows-Media-Features-Package~31bf3856ad364e35~wow64~zh-tw~.cab" PayloadType="ExpressCab" />
        <PayloadItem PayloadHash="lfoH0VrmVscz6wkqphkYOeE72bI6Xl5/G5IlLkLQXbs=" PayloadSize="250954" Path="FeaturesOnDemand\zh-tw\baseless\Microsoft-Windows-Media-Features-Package~31bf3856ad364e35~wow64~zh-tw~.psf" PayloadType="ExpressPSF" />
      </Payload>
    </Package>
    <Package ID="Microsoft-Windows-MSPaint-FoD-Package~31bf3856ad364e35~amd64~zh-tw~" InstalledSize="51001" Version="10.0.20348.1">
      <SatelliteInfo>
        <ApplyToInfo>
          <ApplyTo Type="language" Value="zh-TW" />
        </ApplyToInfo>
      </SatelliteInfo>
      <Payload>
        <PayloadItem PayloadHash="W6Ppz2Ghv7oVOQGyjwaZrDKumtcSeOHIo+0ZQLBrI6I=" PayloadSize="9995" Path="FeaturesOnDemand\zh-tw\baseless\Microsoft-Windows-MSPaint-FoD-Package~31bf3856ad364e35~amd64~zh-tw~.cab" PayloadType="ExpressCab" />
        <PayloadItem PayloadHash="e7YI9WotvEEl7epx9Ohyctc+dXk+d+/CbR0GCdW6nM0=" PayloadSize="59912" Path="FeaturesOnDemand\zh-tw\baseless\Microsoft-Windows-MSPaint-FoD-Package~31bf3856ad364e35~amd64~zh-tw~.psf" PayloadType="ExpressPSF" />
      </Payload>
    </Package>
    <Package ID="Microsoft-Windows-MSPaint-FoD-Package~31bf3856ad364e35~wow64~zh-tw~" InstalledSize="51074" Version="10.0.20348.1">
      <SatelliteInfo>
        <ApplyToInfo>
          <ApplyTo Type="arch" Value="wow64" />
          <ApplyTo Type="language" Value="zh-TW" />
        </ApplyToInfo>
      </SatelliteInfo>
      <Payload>
        <PayloadItem PayloadHash="MS55k3ReO14KHB8ijEyWKJvZl5aVsFr5qeBk7TMuAMQ=" PayloadSize="9979" Path="FeaturesOnDemand\zh-tw\baseless\Microsoft-Windows-MSPaint-FoD-Package~31bf3856ad364e35~wow64~zh-tw~.cab" PayloadType="ExpressCab" />
        <PayloadItem PayloadHash="ZCKMLIUiPl7rmrn7RVEIP+etIQdhec597Fzpc2KMaTQ=" PayloadSize="59993" Path="FeaturesOnDemand\zh-tw\baseless\Microsoft-Windows-MSPaint-FoD-Package~31bf3856ad364e35~wow64~zh-tw~.psf" PayloadType="ExpressPSF" />
      </Payload>
    </Package>
    <Package ID="Microsoft-Windows-NetworkController-Tools-FoD-Package~31bf3856ad364e35~amd64~zh-tw~" InstalledSize="64734" Version="10.0.20348.1">
      <SatelliteInfo>
        <ApplyToInfo>
          <ApplyTo Type="language" Value="zh-TW" />
        </ApplyToInfo>
      </SatelliteInfo>
      <Payload>
        <PayloadItem PayloadHash="NdIq7ww85uImn6j4Ni3/ZCFmKVk04vOI89XZwczUGiw=" PayloadSize="10479" Path="FeaturesOnDemand\zh-tw\baseless\Microsoft-Windows-NetworkController-Tools-FoD-Package~31bf3856ad364e35~amd64~zh-tw~.cab" PayloadType="ExpressCab" />
        <PayloadItem PayloadHash="wBiPZTMEf5hbpQYb4LP1nqqvB7J1KP2FrSH3Vj3ychw=" PayloadSize="70838" Path="FeaturesOnDemand\zh-tw\baseless\Microsoft-Windows-NetworkController-Tools-FoD-Package~31bf3856ad364e35~amd64~zh-tw~.psf" PayloadType="ExpressPSF" />
      </Payload>
    </Package>
    <Package ID="Microsoft-Windows-NetworkLoadBalancing-Tools-FoD-Package~31bf3856ad364e35~amd64~zh-tw~" InstalledSize="242374" Version="10.0.20348.1">
      <SatelliteInfo>
        <ApplyToInfo>
          <ApplyTo Type="language" Value="zh-TW" />
        </ApplyToInfo>
      </SatelliteInfo>
      <Payload>
        <PayloadItem PayloadHash="kBn00ugO/R94nxlEC3rA6VrJ7/ayfagwVsTgICLk8w8=" PayloadSize="10887" Path="FeaturesOnDemand\zh-tw\baseless\Microsoft-Windows-NetworkLoadBalancing-Tools-FoD-Package~31bf3856ad364e35~amd64~zh-tw~.cab" PayloadType="ExpressCab" />
        <PayloadItem PayloadHash="6yWqFiK7Z9nTk0eI/gr5mPkffyxGDdNL2tZyl/0I9pE=" PayloadSize="101361" Path="FeaturesOnDemand\zh-tw\baseless\Microsoft-Windows-NetworkLoadBalancing-Tools-FoD-Package~31bf3856ad364e35~amd64~zh-tw~.psf" PayloadType="ExpressPSF" />
      </Payload>
    </Package>
    <Package ID="Microsoft-Windows-Notepad-FoD-Package~31bf3856ad364e35~amd64~zh-tw~" InstalledSize="20795" Version="10.0.20348.1">
      <SatelliteInfo>
        <ApplyToInfo>
          <ApplyTo Type="language" Value="zh-TW" />
        </ApplyToInfo>
      </SatelliteInfo>
      <Payload>
        <PayloadItem PayloadHash="NMSCdTGNEDvzo6HZc4plii23CEhCplX5mcyKYfC5MRE=" PayloadSize="10007" Path="FeaturesOnDemand\zh-tw\baseless\Microsoft-Windows-Notepad-FoD-Package~31bf3856ad364e35~amd64~zh-tw~.cab" PayloadType="ExpressCab" />
        <PayloadItem PayloadHash="F1WnjzBk+K/Q/eattlwRMKXp0mPgMfCr0hzrr2dqaCc=" PayloadSize="53374" Path="FeaturesOnDemand\zh-tw\baseless\Microsoft-Windows-Notepad-FoD-Package~31bf3856ad364e35~amd64~zh-tw~.psf" PayloadType="ExpressPSF" />
      </Payload>
    </Package>
    <Package ID="Microsoft-Windows-Notepad-FoD-Package~31bf3856ad364e35~wow64~zh-tw~" InstalledSize="11166" Version="10.0.20348.1">
      <SatelliteInfo>
        <ApplyToInfo>
          <ApplyTo Type="arch" Value="wow64" />
          <ApplyTo Type="language" Value="zh-TW" />
        </ApplyToInfo>
      </SatelliteInfo>
      <Payload>
        <PayloadItem PayloadHash="AFcdYmry2rlyqv0FstdxS7oJZRuVettCCGJYlJnZ5aQ=" PayloadSize="9783" Path="FeaturesOnDemand\zh-tw\baseless\Microsoft-Windows-Notepad-FoD-Package~31bf3856ad364e35~wow64~zh-tw~.cab" PayloadType="ExpressCab" />
        <PayloadItem PayloadHash="cjv/qIlTPMd1sMeu0LQIPuwWVRw4c/FJnlVsGatPj/s=" PayloadSize="48989" Path="FeaturesOnDemand\zh-tw\baseless\Microsoft-Windows-Notepad-FoD-Package~31bf3856ad364e35~wow64~zh-tw~.psf" PayloadType="ExpressPSF" />
      </Payload>
    </Package>
    <Package ID="Microsoft-Windows-PowerShell-ISE-FOD-Package~31bf3856ad364e35~amd64~zh-tw~" InstalledSize="870663" Version="10.0.20348.1">
      <SatelliteInfo>
        <ApplyToInfo>
          <ApplyTo Type="language" Value="zh-TW" />
        </ApplyToInfo>
      </SatelliteInfo>
      <Payload>
        <PayloadItem PayloadHash="5pLH91/nnHe0R3BQSAowOvUje4UAlhx3YMbxo0kNj3M=" PayloadSize="10861" Path="FeaturesOnDemand\zh-tw\baseless\Microsoft-Windows-PowerShell-ISE-FOD-Package~31bf3856ad364e35~amd64~zh-tw~.cab" PayloadType="ExpressCab" />
        <PayloadItem PayloadHash="TguOyMsOiVSP0RbSx5U3AobzBoyEZKDDhWkdUwbeJPc=" PayloadSize="343541" Path="FeaturesOnDemand\zh-tw\baseless\Microsoft-Windows-PowerShell-ISE-FOD-Package~31bf3856ad364e35~amd64~zh-tw~.psf" PayloadType="ExpressPSF" />
      </Payload>
    </Package>
    <Package ID="Microsoft-Windows-PowerShell-ISE-FOD-Package~31bf3856ad364e35~wow64~zh-tw~" InstalledSize="71309" Version="10.0.20348.1">
      <SatelliteInfo>
        <ApplyToInfo>
          <ApplyTo Type="arch" Value="wow64" />
          <ApplyTo Type="language" Value="zh-TW" />
        </ApplyToInfo>
      </SatelliteInfo>
      <Payload>
        <PayloadItem PayloadHash="s+bH1LsiyEMeQW+glStPNBAfQLx7+lFy5jkMqIHq8x4=" PayloadSize="10011" Path="FeaturesOnDemand\zh-tw\baseless\Microsoft-Windows-PowerShell-ISE-FOD-Package~31bf3856ad364e35~wow64~zh-tw~.cab" PayloadType="ExpressCab" />
        <PayloadItem PayloadHash="o+/UIViGC1vOryqVf9tMY8KRhj0/U6s1QI+0Bw8EcPg=" PayloadSize="68841" Path="FeaturesOnDemand\zh-tw\baseless\Microsoft-Windows-PowerShell-ISE-FOD-Package~31bf3856ad364e35~wow64~zh-tw~.psf" PayloadType="ExpressPSF" />
      </Payload>
    </Package>
    <Package ID="Microsoft-Windows-Printing-PMCPPC-FoD-Package~31bf3856ad364e35~amd64~zh-tw~" InstalledSize="203198" Version="10.0.20348.1">
      <SatelliteInfo>
        <ApplyToInfo>
          <ApplyTo Type="language" Value="zh-TW" />
        </ApplyToInfo>
      </SatelliteInfo>
      <Payload>
        <PayloadItem PayloadHash="H80NTgjtd+eDxEurs1GZdMpLFTMhRy/SO6pAR5fPtZU=" PayloadSize="10269" Path="FeaturesOnDemand\zh-tw\baseless\Microsoft-Windows-Printing-PMCPPC-FoD-Package~31bf3856ad364e35~amd64~zh-tw~.cab" PayloadType="ExpressCab" />
        <PayloadItem PayloadHash="Pxp+GXiuNiNiyGJRaOo3yWOStcQlv7bixQE8HPKnrk0=" PayloadSize="78799" Path="FeaturesOnDemand\zh-tw\baseless\Microsoft-Windows-Printing-PMCPPC-FoD-Package~31bf3856ad364e35~amd64~zh-tw~.psf" PayloadType="ExpressPSF" />
      </Payload>
    </Package>
    <Package ID="Microsoft-Windows-Printing-WFS-FoD-Package~31bf3856ad364e35~amd64~zh-tw~" InstalledSize="363066" Version="10.0.20348.1">
      <SatelliteInfo>
        <ApplyToInfo>
          <ApplyTo Type="language" Value="zh-TW" />
        </ApplyToInfo>
      </SatelliteInfo>
      <Payload>
        <PayloadItem PayloadHash="wfVlhwTjFNefcZB7XBHJQ6e0nUdq/d4k6+JoPhw92yw=" PayloadSize="11365" Path="FeaturesOnDemand\zh-tw\baseless\Microsoft-Windows-Printing-WFS-FoD-Package~31bf3856ad364e35~amd64~zh-tw~.cab" PayloadType="ExpressCab" />
        <PayloadItem PayloadHash="rtk6vKA8tmMw+6RwRJy97TadipL7Ry4QaJiJYh7Zs70=" PayloadSize="180248" Path="FeaturesOnDemand\zh-tw\baseless\Microsoft-Windows-Printing-WFS-FoD-Package~31bf3856ad364e35~amd64~zh-tw~.psf" PayloadType="ExpressPSF" />
      </Payload>
    </Package>
    <Package ID="Microsoft-Windows-RasCMAK-Client-Package~31bf3856ad364e35~amd64~zh-tw~" InstalledSize="446720" Version="10.0.20348.1">
      <SatelliteInfo>
        <ApplyToInfo>
          <ApplyTo Type="language" Value="zh-TW" />
        </ApplyToInfo>
      </SatelliteInfo>
      <Payload>
        <PayloadItem PayloadHash="99sMZGvVNMHrQ+Br1Kg5z+AL+MoXYWlHa2nlRzRPH+o=" PayloadSize="10925" Path="FeaturesOnDemand\zh-tw\baseless\Microsoft-Windows-RasCMAK-Client-Package~31bf3856ad364e35~amd64~zh-tw~.cab" PayloadType="ExpressCab" />
        <PayloadItem PayloadHash="Tcys6mxu5vv8O7HyF2ELvCzF3HLmbRIr8c7NFya9A4A=" PayloadSize="182513" Path="FeaturesOnDemand\zh-tw\baseless\Microsoft-Windows-RasCMAK-Client-Package~31bf3856ad364e35~amd64~zh-tw~.psf" PayloadType="ExpressPSF" />
      </Payload>
    </Package>
    <Package ID="Microsoft-Windows-RasCMAK-Client-Package~31bf3856ad364e35~wow64~zh-tw~" InstalledSize="757516" Version="10.0.20348.1">
      <SatelliteInfo>
        <ApplyToInfo>
          <ApplyTo Type="arch" Value="wow64" />
          <ApplyTo Type="language" Value="zh-TW" />
        </ApplyToInfo>
      </SatelliteInfo>
      <Payload>
        <PayloadItem PayloadHash="uKwFxICnzj4xk4PUq0n35eFOHf2SZBxITJUDXjW0d2I=" PayloadSize="11145" Path="FeaturesOnDemand\zh-tw\baseless\Microsoft-Windows-RasCMAK-Client-Package~31bf3856ad364e35~wow64~zh-tw~.cab" PayloadType="ExpressCab" />
        <PayloadItem PayloadHash="+uwsKkfhm5ayBRtTgwoydOmK1t2h13GV0n11JFN1eQw=" PayloadSize="585018" Path="FeaturesOnDemand\zh-tw\baseless\Microsoft-Windows-RasCMAK-Client-Package~31bf3856ad364e35~wow64~zh-tw~.psf" PayloadType="ExpressPSF" />
      </Payload>
    </Package>
    <Package ID="Microsoft-Windows-RasRip-Package~31bf3856ad364e35~amd64~zh-tw~" InstalledSize="19597" Version="10.0.20348.1">
      <SatelliteInfo>
        <ApplyToInfo>
          <ApplyTo Type="language" Value="zh-TW" />
        </ApplyToInfo>
      </SatelliteInfo>
      <Payload>
        <PayloadItem PayloadHash="wq3qvSvhwc0Ri3esalqrd+Cr0cAmMT4xuMgaqYW7rY4=" PayloadSize="10013" Path="FeaturesOnDemand\zh-tw\baseless\Microsoft-Windows-RasRip-Package~31bf3856ad364e35~amd64~zh-tw~.cab" PayloadType="ExpressCab" />
        <PayloadItem PayloadHash="LZkvhmPOYsSVwD7yy00Nys6kr+CCxf4BdAN2UktSw50=" PayloadSize="52253" Path="FeaturesOnDemand\zh-tw\baseless\Microsoft-Windows-RasRip-Package~31bf3856ad364e35~amd64~zh-tw~.psf" PayloadType="ExpressPSF" />
      </Payload>
    </Package>
    <Package ID="Microsoft-Windows-RemoteAccess-Management-Tools-FoD-Package~31bf3856ad364e35~amd64~zh-tw~" InstalledSize="17955099" Version="10.0.20348.1">
      <SatelliteInfo>
        <ApplyToInfo>
          <ApplyTo Type="language" Value="zh-TW" />
        </ApplyToInfo>
      </SatelliteInfo>
      <Payload>
        <PayloadItem PayloadHash="rzg7cYCsHHEr0n5DsogRtDDax/tr5+vi7e6COMyIM3o=" PayloadSize="13187" Path="FeaturesOnDemand\zh-tw\baseless\Microsoft-Windows-RemoteAccess-Management-Tools-FoD-Package~31bf3856ad364e35~amd64~zh-tw~.cab" PayloadType="ExpressCab" />
        <PayloadItem PayloadHash="rNoIXNo5AjPaTy1KZJ8hhAjX3qcVLWX0cOQLBPgmle0=" PayloadSize="3404154" Path="FeaturesOnDemand\zh-tw\baseless\Microsoft-Windows-RemoteAccess-Management-Tools-FoD-Package~31bf3856ad364e35~amd64~zh-tw~.psf" PayloadType="ExpressPSF" />
      </Payload>
    </Package>
    <Package ID="Microsoft-Windows-RemoteAccess-Management-Tools-FoD-Package~31bf3856ad364e35~wow64~zh-tw~" InstalledSize="12628" Version="10.0.20348.1">
      <SatelliteInfo>
        <ApplyToInfo>
          <ApplyTo Type="arch" Value="wow64" />
          <ApplyTo Type="language" Value="zh-TW" />
        </ApplyToInfo>
      </SatelliteInfo>
      <Payload>
        <PayloadItem PayloadHash="NmqU+XwsXCtjPYCIixJLpl/A8J1MWscaKWT7sxzn5co=" PayloadSize="9889" Path="FeaturesOnDemand\zh-tw\baseless\Microsoft-Windows-RemoteAccess-Management-Tools-FoD-Package~31bf3856ad364e35~wow64~zh-tw~.cab" PayloadType="ExpressCab" />
        <PayloadItem PayloadHash="tPuGmfXVNaZIkxLsmgoUfIiZIvv4N0+PxIsD2+AXoNY=" PayloadSize="49739" Path="FeaturesOnDemand\zh-tw\baseless\Microsoft-Windows-RemoteAccess-Management-Tools-FoD-Package~31bf3856ad364e35~wow64~zh-tw~.psf" PayloadType="ExpressPSF" />
      </Payload>
    </Package>
    <Package ID="Microsoft-Windows-RemoteDesktop-Services-Tools-FoD-Package~31bf3856ad364e35~amd64~zh-tw~" InstalledSize="1393685" Version="10.0.20348.1">
      <SatelliteInfo>
        <ApplyToInfo>
          <ApplyTo Type="language" Value="zh-TW" />
        </ApplyToInfo>
      </SatelliteInfo>
      <Payload>
        <PayloadItem PayloadHash="5U4bKfNeh5H9iZG6lZX18J3WKXhtf5Gu/k7J5yndSyc=" PayloadSize="11655" Path="FeaturesOnDemand\zh-tw\baseless\Microsoft-Windows-RemoteDesktop-Services-Tools-FoD-Package~31bf3856ad364e35~amd64~zh-tw~.cab" PayloadType="ExpressCab" />
        <PayloadItem PayloadHash="oHV4xD/KDUo/lB6AKwe8aI2Q+BUWExD5zy0z171OlHM=" PayloadSize="286540" Path="FeaturesOnDemand\zh-tw\baseless\Microsoft-Windows-RemoteDesktop-Services-Tools-FoD-Package~31bf3856ad364e35~amd64~zh-tw~.psf" PayloadType="ExpressPSF" />
      </Payload>
    </Package>
    <Package ID="Microsoft-Windows-Server-AppCompat-FoD-Package~31bf3856ad364e35~amd64~zh-tw~" InstalledSize="26804593" Version="10.0.20348.1">
      <SatelliteInfo>
        <ApplyToInfo>
          <ApplyTo Type="language" Value="zh-TW" />
        </ApplyToInfo>
      </SatelliteInfo>
      <Payload>
        <PayloadItem PayloadHash="IBqmkO8w9veHurjF2i0MY+utwfkKlokAj5qmhqK1E4w=" PayloadSize="73947" Path="FeaturesOnDemand\zh-tw\baseless\Microsoft-Windows-Server-AppCompat-FoD-Package~31bf3856ad364e35~amd64~zh-tw~.cab" PayloadType="ExpressCab" />
        <PayloadItem PayloadHash="77K8reTtffZNTFjB06WiwKW7nnyM5l2qpSQvxBZ/VXU=" PayloadSize="7374698" Path="FeaturesOnDemand\zh-tw\baseless\Microsoft-Windows-Server-AppCompat-FoD-Package~31bf3856ad364e35~amd64~zh-tw~.psf" PayloadType="ExpressPSF" />
      </Payload>
    </Package>
    <Package ID="Microsoft-Windows-ServerManager-Tools-FoD-Package~31bf3856ad364e35~amd64~zh-tw~" InstalledSize="10725075" Version="10.0.20348.1">
      <SatelliteInfo>
        <ApplyToInfo>
          <ApplyTo Type="language" Value="zh-TW" />
        </ApplyToInfo>
      </SatelliteInfo>
      <Payload>
        <PayloadItem PayloadHash="ppEGWjBqBts8RJbZzOkdC8qptmV3KunfIAKsR+/CcDk=" PayloadSize="23231" Path="FeaturesOnDemand\zh-tw\baseless\Microsoft-Windows-ServerManager-Tools-FoD-Package~31bf3856ad364e35~amd64~zh-tw~.cab" PayloadType="ExpressCab" />
        <PayloadItem PayloadHash="zLcgFoHQ2RpOR1BPjjK+rwf34alaj+7UnYZQnC59Hfw=" PayloadSize="2164954" Path="FeaturesOnDemand\zh-tw\baseless\Microsoft-Windows-ServerManager-Tools-FoD-Package~31bf3856ad364e35~amd64~zh-tw~.psf" PayloadType="ExpressPSF" />
      </Payload>
    </Package>
    <Package ID="Microsoft-Windows-ServerManager-Tools-FoD-Package~31bf3856ad364e35~wow64~zh-tw~" InstalledSize="1103743" Version="10.0.20348.1">
      <SatelliteInfo>
        <ApplyToInfo>
          <ApplyTo Type="arch" Value="wow64" />
          <ApplyTo Type="language" Value="zh-TW" />
        </ApplyToInfo>
      </SatelliteInfo>
      <Payload>
        <PayloadItem PayloadHash="/uObuAytynShpcFOtiVNJg8cdzSjSLeL24pQLruzzpA=" PayloadSize="10757" Path="FeaturesOnDemand\zh-tw\baseless\Microsoft-Windows-ServerManager-Tools-FoD-Package~31bf3856ad364e35~wow64~zh-tw~.cab" PayloadType="ExpressCab" />
        <PayloadItem PayloadHash="JTry6vFDCNPL4C8tEK4TFvYYAIJgzpphnU9eekc2pco=" PayloadSize="334411" Path="FeaturesOnDemand\zh-tw\baseless\Microsoft-Windows-ServerManager-Tools-FoD-Package~31bf3856ad364e35~wow64~zh-tw~.psf" PayloadType="ExpressPSF" />
      </Payload>
    </Package>
    <Package ID="Microsoft-Windows-Shielded-VM-Tools-FoD-Package~31bf3856ad364e35~amd64~zh-tw~" InstalledSize="315650" Version="10.0.20348.1">
      <SatelliteInfo>
        <ApplyToInfo>
          <ApplyTo Type="language" Value="zh-TW" />
        </ApplyToInfo>
      </SatelliteInfo>
      <Payload>
        <PayloadItem PayloadHash="FdPY2KSBkgdq0mqBrK9L3o4rPATuHcoui+VKOo1tV2w=" PayloadSize="14215" Path="FeaturesOnDemand\zh-tw\baseless\Microsoft-Windows-Shielded-VM-Tools-FoD-Package~31bf3856ad364e35~amd64~zh-tw~.cab" PayloadType="ExpressCab" />
        <PayloadItem PayloadHash="zZLVO5d1BxMwd7EETEIPv04nO31glO6z77MC1e4UQWA=" PayloadSize="156545" Path="FeaturesOnDemand\zh-tw\baseless\Microsoft-Windows-Shielded-VM-Tools-FoD-Package~31bf3856ad364e35~amd64~zh-tw~.psf" PayloadType="ExpressPSF" />
      </Payload>
    </Package>
    <Package ID="Microsoft-Windows-SNMP-Client-Package~31bf3856ad364e35~amd64~zh-tw~" InstalledSize="133709" Version="10.0.20348.1">
      <SatelliteInfo>
        <ApplyToInfo>
          <ApplyTo Type="language" Value="zh-TW" />
        </ApplyToInfo>
      </SatelliteInfo>
      <Payload>
        <PayloadItem PayloadHash="1Pre/fmqm4N4jIUlXjQ2LynYffOIp1/mNRu7XulD+Zg=" PayloadSize="11951" Path="FeaturesOnDemand\zh-tw\baseless\Microsoft-Windows-SNMP-Client-Package~31bf3856ad364e35~amd64~zh-tw~.cab" PayloadType="ExpressCab" />
        <PayloadItem PayloadHash="jq+Ad89cfSX+YMgNZgpzSutJeRV5x8A5dGka4gywKE0=" PayloadSize="95746" Path="FeaturesOnDemand\zh-tw\baseless\Microsoft-Windows-SNMP-Client-Package~31bf3856ad364e35~amd64~zh-tw~.psf" PayloadType="ExpressPSF" />
      </Payload>
    </Package>
    <Package ID="Microsoft-Windows-SNMP-Client-Package~31bf3856ad364e35~wow64~zh-tw~" InstalledSize="133940" Version="10.0.20348.1">
      <SatelliteInfo>
        <ApplyToInfo>
          <ApplyTo Type="arch" Value="wow64" />
          <ApplyTo Type="language" Value="zh-TW" />
        </ApplyToInfo>
      </SatelliteInfo>
      <Payload>
        <PayloadItem PayloadHash="z3XETPhWM2LsDclyPQZfpBcXXI7WOQ8S8WAXKEAMDh8=" PayloadSize="12003" Path="FeaturesOnDemand\zh-tw\baseless\Microsoft-Windows-SNMP-Client-Package~31bf3856ad364e35~wow64~zh-tw~.cab" PayloadType="ExpressCab" />
        <PayloadItem PayloadHash="ooTLKwPugND8pEPJkxgb389DHwZGUOVaD9VZuQPNFtI=" PayloadSize="95890" Path="FeaturesOnDemand\zh-tw\baseless\Microsoft-Windows-SNMP-Client-Package~31bf3856ad364e35~wow64~zh-tw~.psf" PayloadType="ExpressPSF" />
      </Payload>
    </Package>
    <Package ID="Microsoft-Windows-StepsRecorder-Package~31bf3856ad364e35~amd64~zh-tw~" InstalledSize="19544" Version="10.0.20348.1">
      <SatelliteInfo>
        <ApplyToInfo>
          <ApplyTo Type="language" Value="zh-TW" />
        </ApplyToInfo>
      </SatelliteInfo>
      <Payload>
        <PayloadItem PayloadHash="jX+MYNIUr2zcz0mDwTTOXn3JQ0VDM8Y43aevXGD4uQ8=" PayloadSize="9997" Path="FeaturesOnDemand\zh-tw\baseless\Microsoft-Windows-StepsRecorder-Package~31bf3856ad364e35~amd64~zh-tw~.cab" PayloadType="ExpressCab" />
        <PayloadItem PayloadHash="Sl2iq5rrFPACyChcDnqCkJwT2geBw5E5vT890rYahS8=" PayloadSize="52743" Path="FeaturesOnDemand\zh-tw\baseless\Microsoft-Windows-StepsRecorder-Package~31bf3856ad364e35~amd64~zh-tw~.psf" PayloadType="ExpressPSF" />
      </Payload>
    </Package>
    <Package ID="Microsoft-Windows-StepsRecorder-Package~31bf3856ad364e35~wow64~zh-tw~" InstalledSize="11382" Version="10.0.20348.1">
      <SatelliteInfo>
        <ApplyToInfo>
          <ApplyTo Type="arch" Value="wow64" />
          <ApplyTo Type="language" Value="zh-TW" />
        </ApplyToInfo>
      </SatelliteInfo>
      <Payload>
        <PayloadItem PayloadHash="vYkv9L30/GiNNbjkz2VJfeJYQaGv4YTEQ2PXHTrMbls=" PayloadSize="9789" Path="FeaturesOnDemand\zh-tw\baseless\Microsoft-Windows-StepsRecorder-Package~31bf3856ad364e35~wow64~zh-tw~.cab" PayloadType="ExpressCab" />
        <PayloadItem PayloadHash="vRqVfqM1yTg4ZQDvjqZ+thElI0SB+TW3VYieqZL+dBY=" PayloadSize="49074" Path="FeaturesOnDemand\zh-tw\baseless\Microsoft-Windows-StepsRecorder-Package~31bf3856ad364e35~wow64~zh-tw~.psf" PayloadType="ExpressPSF" />
      </Payload>
    </Package>
    <Package ID="Microsoft-Windows-StorageManagement-FoD-Package~31bf3856ad364e35~amd64~zh-tw~" InstalledSize="1620005" Version="10.0.20348.1">
      <SatelliteInfo>
        <ApplyToInfo>
          <ApplyTo Type="language" Value="zh-TW" />
        </ApplyToInfo>
      </SatelliteInfo>
      <Payload>
        <PayloadItem PayloadHash="uQNBAPrURXcJ1rIVgy+q3J9Zbw5NNMkHvl86kb7Pnr8=" PayloadSize="11841" Path="FeaturesOnDemand\zh-tw\baseless\Microsoft-Windows-StorageManagement-FoD-Package~31bf3856ad364e35~amd64~zh-tw~.cab" PayloadType="ExpressCab" />
        <PayloadItem PayloadHash="me3o/613D7Ja3QIn0pzesvXEXfdmSbx10+2/fjqox8Y=" PayloadSize="185265" Path="FeaturesOnDemand\zh-tw\baseless\Microsoft-Windows-StorageManagement-FoD-Package~31bf3856ad364e35~amd64~zh-tw~.psf" PayloadType="ExpressPSF" />
      </Payload>
    </Package>
    <Package ID="Microsoft-Windows-StorageManagement-FoD-Package~31bf3856ad364e35~wow64~zh-tw~" InstalledSize="1084310" Version="10.0.20348.1">
      <SatelliteInfo>
        <ApplyToInfo>
          <ApplyTo Type="arch" Value="wow64" />
          <ApplyTo Type="language" Value="zh-TW" />
        </ApplyToInfo>
      </SatelliteInfo>
      <Payload>
        <PayloadItem PayloadHash="R5UpqMansm9G2tDtup7rEFBlPBfO/3J9HOJWFDYVjd8=" PayloadSize="10647" Path="FeaturesOnDemand\zh-tw\baseless\Microsoft-Windows-StorageManagement-FoD-Package~31bf3856ad364e35~wow64~zh-tw~.cab" PayloadType="ExpressCab" />
        <PayloadItem PayloadHash="PNeTnGvCCEBBFVhlja6ZXKAGut3YlVrKsHVaeqWiN+k=" PayloadSize="108780" Path="FeaturesOnDemand\zh-tw\baseless\Microsoft-Windows-StorageManagement-FoD-Package~31bf3856ad364e35~wow64~zh-tw~.psf" PayloadType="ExpressPSF" />
      </Payload>
    </Package>
    <Package ID="Microsoft-Windows-StorageMigrationService-Management-Tools-FOD-Package~31bf3856ad364e35~amd64~zh-tw~" InstalledSize="73374" Version="10.0.20348.1">
      <SatelliteInfo>
        <ApplyToInfo>
          <ApplyTo Type="language" Value="zh-TW" />
        </ApplyToInfo>
      </SatelliteInfo>
      <Payload>
        <PayloadItem PayloadHash="WpxyK2kX16391JVq0ZwwZd0fIt4FkClDvV7wTBp6SIM=" PayloadSize="10283" Path="FeaturesOnDemand\zh-tw\baseless\Microsoft-Windows-StorageMigrationService-Management-Tools-FOD-Package~31bf3856ad364e35~amd64~zh-tw~.cab" PayloadType="ExpressCab" />
        <PayloadItem PayloadHash="IX5eNokXlAZqX78TrAMkz+Lai3enRM9Lg0hImbbp75Q=" PayloadSize="68900" Path="FeaturesOnDemand\zh-tw\baseless\Microsoft-Windows-StorageMigrationService-Management-Tools-FOD-Package~31bf3856ad364e35~amd64~zh-tw~.psf" PayloadType="ExpressPSF" />
      </Payload>
    </Package>
    <Package ID="Microsoft-Windows-StorageReplica-Tools-FoD-Package~31bf3856ad364e35~amd64~zh-tw~" InstalledSize="218356" Version="10.0.20348.1">
      <SatelliteInfo>
        <ApplyToInfo>
          <ApplyTo Type="language" Value="zh-TW" />
        </ApplyToInfo>
      </SatelliteInfo>
      <Payload>
        <PayloadItem PayloadHash="8FnNvt6IfOy7ZuRUH+/JvpWvkkc6GPntS+0EEavpwBM=" PayloadSize="10617" Path="FeaturesOnDemand\zh-tw\baseless\Microsoft-Windows-StorageReplica-Tools-FoD-Package~31bf3856ad364e35~amd64~zh-tw~.cab" PayloadType="ExpressCab" />
        <PayloadItem PayloadHash="cQXnbJvgZjvxN9ctphMl6Wri00ksy0PDvALXqZpRzQQ=" PayloadSize="102109" Path="FeaturesOnDemand\zh-tw\baseless\Microsoft-Windows-StorageReplica-Tools-FoD-Package~31bf3856ad364e35~amd64~zh-tw~.psf" PayloadType="ExpressPSF" />
      </Payload>
    </Package>
    <Package ID="Microsoft-Windows-SystemInsights-Management-Tools-FOD-Package~31bf3856ad364e35~amd64~zh-tw~" InstalledSize="38434" Version="10.0.20348.1">
      <SatelliteInfo>
        <ApplyToInfo>
          <ApplyTo Type="language" Value="zh-TW" />
        </ApplyToInfo>
      </SatelliteInfo>
      <Payload>
        <PayloadItem PayloadHash="q8fSFkzsR08VfUmpi0P4dt6QKMbY5vTXiunkJhvgZ88=" PayloadSize="10291" Path="FeaturesOnDemand\zh-tw\baseless\Microsoft-Windows-SystemInsights-Management-Tools-FOD-Package~31bf3856ad364e35~amd64~zh-tw~.cab" PayloadType="ExpressCab" />
        <PayloadItem PayloadHash="hyjVH/zNWclxThaQ4ErGqGdQqoueYnN71IhLULfJjx4=" PayloadSize="61190" Path="FeaturesOnDemand\zh-tw\baseless\Microsoft-Windows-SystemInsights-Management-Tools-FOD-Package~31bf3856ad364e35~amd64~zh-tw~.psf" PayloadType="ExpressPSF" />
      </Payload>
    </Package>
    <Package ID="Microsoft-Windows-VolumeActivation-Tools-FoD-Package~31bf3856ad364e35~amd64~zh-tw~" InstalledSize="222472" Version="10.0.20348.1">
      <SatelliteInfo>
        <ApplyToInfo>
          <ApplyTo Type="language" Value="zh-TW" />
        </ApplyToInfo>
      </SatelliteInfo>
      <Payload>
        <PayloadItem PayloadHash="1FGtbWjjwv5BUSgreE+q5+P+uPDns342MHRTfVsPXJ0=" PayloadSize="10167" Path="FeaturesOnDemand\zh-tw\baseless\Microsoft-Windows-VolumeActivation-Tools-FoD-Package~31bf3856ad364e35~amd64~zh-tw~.cab" PayloadType="ExpressCab" />
        <PayloadItem PayloadHash="AqNU4bT+15OmpoSAhu3XUqLL1rin0geyGfaxn7mrcVk=" PayloadSize="171934" Path="FeaturesOnDemand\zh-tw\baseless\Microsoft-Windows-VolumeActivation-Tools-FoD-Package~31bf3856ad364e35~amd64~zh-tw~.psf" PayloadType="ExpressPSF" />
      </Payload>
    </Package>
    <Package ID="Microsoft-Windows-WirelessDisplay-FOD-Package~31bf3856ad364e35~amd64~zh-tw~" InstalledSize="32609" Version="10.0.20348.1">
      <SatelliteInfo>
        <ApplyToInfo>
          <ApplyTo Type="language" Value="zh-TW" />
        </ApplyToInfo>
      </SatelliteInfo>
      <Payload>
        <PayloadItem PayloadHash="KTTgw+477a8RX40n0JM5NOwMaiCHlWtcloybrtxj0w8=" PayloadSize="10269" Path="FeaturesOnDemand\zh-tw\baseless\Microsoft-Windows-WirelessDisplay-FOD-Package~31bf3856ad364e35~amd64~zh-tw~.cab" PayloadType="ExpressCab" />
        <PayloadItem PayloadHash="jfM2YkZM4doUTLrZa3HYiCDLU2zacuskcrkv8/210KU=" PayloadSize="61236" Path="FeaturesOnDemand\zh-tw\baseless\Microsoft-Windows-WirelessDisplay-FOD-Package~31bf3856ad364e35~amd64~zh-tw~.psf" PayloadType="ExpressPSF" />
      </Payload>
    </Package>
    <Package ID="Microsoft-Windows-WMI-SNMP-Provider-Client-Package~31bf3856ad364e35~amd64~zh-tw~" InstalledSize="53254" Version="10.0.20348.1">
      <SatelliteInfo>
        <ApplyToInfo>
          <ApplyTo Type="language" Value="zh-TW" />
        </ApplyToInfo>
      </SatelliteInfo>
      <Payload>
        <PayloadItem PayloadHash="ZDRcoRjmq630GTG3dQ5QeObdzzsL5S03lZlk58jAdNk=" PayloadSize="10629" Path="FeaturesOnDemand\zh-tw\baseless\Microsoft-Windows-WMI-SNMP-Provider-Client-Package~31bf3856ad364e35~amd64~zh-tw~.cab" PayloadType="ExpressCab" />
        <PayloadItem PayloadHash="DIKvo350crrTemmditoSWSrIy6HgjyaFbgj89G+OyPU=" PayloadSize="64686" Path="FeaturesOnDemand\zh-tw\baseless\Microsoft-Windows-WMI-SNMP-Provider-Client-Package~31bf3856ad364e35~amd64~zh-tw~.psf" PayloadType="ExpressPSF" />
      </Payload>
    </Package>
    <Package ID="Microsoft-Windows-WMI-SNMP-Provider-Client-Package~31bf3856ad364e35~wow64~zh-tw~" InstalledSize="53316" Version="10.0.20348.1">
      <SatelliteInfo>
        <ApplyToInfo>
          <ApplyTo Type="arch" Value="wow64" />
          <ApplyTo Type="language" Value="zh-TW" />
        </ApplyToInfo>
      </SatelliteInfo>
      <Payload>
        <PayloadItem PayloadHash="JRFFZAW9uxWkDWQciYDUUPwN5UJdLWOEcxd7K8H/2eU=" PayloadSize="10577" Path="FeaturesOnDemand\zh-tw\baseless\Microsoft-Windows-WMI-SNMP-Provider-Client-Package~31bf3856ad364e35~wow64~zh-tw~.cab" PayloadType="ExpressCab" />
        <PayloadItem PayloadHash="iWJeP1ovggN+0/sVB9P50WIAfwSVXf22nlxIcmj5mPg=" PayloadSize="64730" Path="FeaturesOnDemand\zh-tw\baseless\Microsoft-Windows-WMI-SNMP-Provider-Client-Package~31bf3856ad364e35~wow64~zh-tw~.psf" PayloadType="ExpressPSF" />
      </Payload>
    </Package>
    <Package ID="Microsoft-Windows-WordPad-FoD-Package~31bf3856ad364e35~amd64~zh-tw~" InstalledSize="49986" Version="10.0.20348.1">
      <SatelliteInfo>
        <ApplyToInfo>
          <ApplyTo Type="language" Value="zh-TW" />
        </ApplyToInfo>
      </SatelliteInfo>
      <Payload>
        <PayloadItem PayloadHash="1hqbUcUxBM8a6fO14pprhV1RlzsSWwmakQzHhS0hcvY=" PayloadSize="9997" Path="FeaturesOnDemand\zh-tw\baseless\Microsoft-Windows-WordPad-FoD-Package~31bf3856ad364e35~amd64~zh-tw~.cab" PayloadType="ExpressCab" />
        <PayloadItem PayloadHash="mkr1Jlh0Ogk03Cjla/wPe5saeiUWWVVmUVxV82+itOQ=" PayloadSize="59342" Path="FeaturesOnDemand\zh-tw\baseless\Microsoft-Windows-WordPad-FoD-Package~31bf3856ad364e35~amd64~zh-tw~.psf" PayloadType="ExpressPSF" />
      </Payload>
    </Package>
    <Package ID="Microsoft-Windows-WordPad-FoD-Package~31bf3856ad364e35~wow64~zh-tw~" InstalledSize="50072" Version="10.0.20348.1">
      <SatelliteInfo>
        <ApplyToInfo>
          <ApplyTo Type="arch" Value="wow64" />
          <ApplyTo Type="language" Value="zh-TW" />
        </ApplyToInfo>
      </SatelliteInfo>
      <Payload>
        <PayloadItem PayloadHash="utYIV+4Smam6ZW5uvPCghW36w/mDpnlXC1MnF/xUr2o=" PayloadSize="10017" Path="FeaturesOnDemand\zh-tw\baseless\Microsoft-Windows-WordPad-FoD-Package~31bf3856ad364e35~wow64~zh-tw~.cab" PayloadType="ExpressCab" />
        <PayloadItem PayloadHash="fw45i1CickCDVjyHf+hfNLzj1LbvJU4Y2905LaS3uDY=" PayloadSize="59364" Path="FeaturesOnDemand\zh-tw\baseless\Microsoft-Windows-WordPad-FoD-Package~31bf3856ad364e35~wow64~zh-tw~.psf" PayloadType="ExpressPSF" />
      </Payload>
    </Package>
    <Package ID="Microsoft-Windows-WSUS-Tools-FoD-Package~31bf3856ad364e35~amd64~zh-tw~" InstalledSize="2864071" Version="10.0.20348.1">
      <SatelliteInfo>
        <ApplyToInfo>
          <ApplyTo Type="language" Value="zh-TW" />
        </ApplyToInfo>
      </SatelliteInfo>
      <Payload>
        <PayloadItem PayloadHash="7t9Hg10F8GfiZEjSSoidbshFZkmv0Da/CsxbCuoEjY8=" PayloadSize="11163" Path="FeaturesOnDemand\zh-tw\baseless\Microsoft-Windows-WSUS-Tools-FoD-Package~31bf3856ad364e35~amd64~zh-tw~.cab" PayloadType="ExpressCab" />
        <PayloadItem PayloadHash="9NdUwZvXmiJjQghX34SQqQYOTSk7wFT+k1IMaRtsxQI=" PayloadSize="369444" Path="FeaturesOnDemand\zh-tw\baseless\Microsoft-Windows-WSUS-Tools-FoD-Package~31bf3856ad364e35~amd64~zh-tw~.psf" PayloadType="ExpressPSF" />
      </Payload>
    </Package>
  </Packages>
  <ValuePair />
</CompDB>