<?xml version="1.0" encoding="utf-8"?>
<CompDB xmlns:xsi="http://www.w3.org/2001/XMLSchema-instance" xmlns:xsd="http://www.w3.org/2001/XMLSchema" CreatedDate="2021-05-08T13:43:32.5426224Z" Revision="1" SchemaVersion="1.2" Product="Server" BuildID="cba57a24-14e8-e0d9-3b38-ce9d5f1c983e" BuildInfo="fe_release.20348.1.210507-1500" OSVersion="10.0.20348.1" BuildArch="amd64" ReleaseType="Production" Type="Baseless" Name="Baseless~amd64~Server~~he-il" xmlns="http://schemas.microsoft.com/embedded/2004/10/ImageUpdate">
  <Tags Type="Language">
    <Tag Name="Language" Value="he-il" />
    <Tag Name="UpdateType" Value="Baseless" />
  </Tags>
  <Features>
    <Feature Type="LanguagePack" FeatureID="Language.UI.Server~he-il" FMID="MSDL" Group="Microsoft">
      <Packages>
        <Package ID="Microsoft-Windows-Server-LanguagePack-Package_he-il~31bf3856ad364e35~amd64~he-il~" PackageType="FeaturePackage" />
      </Packages>
    </Feature>
    <Feature Type="OnDemandFeature" FeatureID="Rsat.AzureStack.HCI.Management.Tools~~1.0" FMID="MSDN" Group="Microsoft">
      <Packages>
        <Package ID="Microsoft-AzureStack-HCI-Management-Tools-FOD-Package~31bf3856ad364e35~amd64~he-il~" PackageType="SatellitePackage" />
      </Packages>
    </Feature>
    <Feature Type="OnDemandFeature" FeatureID="Microsoft.Onecore.StorageManagement~~1.0" FMID="MSDN" Group="Microsoft">
      <Packages>
        <Package ID="Microsoft-OneCore-StorageManagement-FoD-Package~31bf3856ad364e35~amd64~he-il~" PackageType="SatellitePackage" />
        <Package ID="Microsoft-OneCore-StorageManagement-FoD-Package~31bf3856ad364e35~wow64~he-il~" PackageType="SatellitePackage" />
      </Packages>
    </Feature>
    <Feature Type="OnDemandFeature" FeatureID="Rsat.ActiveDirectory.DS-LDS.Tools~~1.0" FMID="MSDN" Group="Microsoft">
      <Dependencies>
        <Feature FeatureID="Rsat.ServerManager.Tools~~1.0" />
      </Dependencies>
      <Packages>
        <Package ID="Microsoft-Windows-ActiveDirectory-DS-LDS-Tools-FoD-Package~31bf3856ad364e35~amd64~he-il~" PackageType="SatellitePackage" />
        <Package ID="Microsoft-Windows-ActiveDirectory-DS-LDS-Tools-FoD-Package~31bf3856ad364e35~wow64~he-il~" PackageType="SatellitePackage" />
      </Packages>
    </Feature>
    <Feature Type="OnDemandFeature" FeatureID="Rsat.BitLocker.Recovery.Tools~~1.0" FMID="MSDN" Group="Microsoft">
      <Dependencies>
        <Feature FeatureID="Rsat.ActiveDirectory.DS-LDS.Tools~~1.0" />
      </Dependencies>
      <Packages>
        <Package ID="Microsoft-Windows-BitLocker-Recovery-Tools-FoD-Package~31bf3856ad364e35~amd64~he-il~" PackageType="SatellitePackage" />
      </Packages>
    </Feature>
    <Feature Type="OnDemandFeature" FeatureID="Rsat.CertificateServices.Tools~~1.0" FMID="MSDN" Group="Microsoft">
      <Packages>
        <Package ID="Microsoft-Windows-CertificateServices-Tools-FoD-Package~31bf3856ad364e35~amd64~he-il~" PackageType="SatellitePackage" />
      </Packages>
    </Feature>
    <Feature Type="OnDemandFeature" FeatureID="Microsoft.Composition.Test~~1.0" FMID="MSDN" Group="Microsoft">
      <Packages>
        <Package ID="Microsoft-Windows-Composition-Test-FOD-Package~31bf3856ad364e35~amd64~he-il~" PackageType="SatellitePackage" />
        <Package ID="Microsoft-Windows-Composition-Test-FOD-Package~31bf3856ad364e35~wow64~he-il~" PackageType="SatellitePackage" />
      </Packages>
    </Feature>
    <Feature Type="OnDemandFeature" FeatureID="Rsat.DHCP.Tools~~1.0" FMID="MSDN" Group="Microsoft">
      <Packages>
        <Package ID="Microsoft-Windows-DHCP-Tools-FoD-Package~31bf3856ad364e35~amd64~he-il~" PackageType="SatellitePackage" />
        <Package ID="Microsoft-Windows-DHCP-Tools-FoD-Package~31bf3856ad364e35~wow64~he-il~" PackageType="SatellitePackage" />
      </Packages>
    </Feature>
    <Feature Type="OnDemandFeature" FeatureID="Rsat.Dns.Tools~~1.0" FMID="MSDN" Group="Microsoft">
      <Packages>
        <Package ID="Microsoft-Windows-DNS-Tools-FoD-Package~31bf3856ad364e35~amd64~he-il~" PackageType="SatellitePackage" />
        <Package ID="Microsoft-Windows-DNS-Tools-FoD-Package~31bf3856ad364e35~wow64~he-il~" PackageType="SatellitePackage" />
      </Packages>
    </Feature>
    <Feature Type="OnDemandFeature" FeatureID="Windows.Desktop.EMS-SAC.Tools~~1.0" FMID="MSDN" Group="Microsoft">
      <Packages>
        <Package ID="Microsoft-Windows-EMS-SAC-Desktop-Tools-FoD-Package~31bf3856ad364e35~amd64~he-il~" PackageType="SatellitePackage" />
      </Packages>
    </Feature>
    <Feature Type="OnDemandFeature" FeatureID="Rsat.FailoverCluster.Management.Tools~~1.0" FMID="MSDN" Group="Microsoft">
      <Dependencies>
        <Feature FeatureID="Rsat.FileServices.Tools~~1.0" />
      </Dependencies>
      <Packages>
        <Package ID="Microsoft-Windows-FailoverCluster-Management-Tools-FOD-Package~31bf3856ad364e35~amd64~he-il~" PackageType="SatellitePackage" />
        <Package ID="Microsoft-Windows-FailoverCluster-Management-Tools-FOD-Package~31bf3856ad364e35~wow64~he-il~" PackageType="SatellitePackage" />
      </Packages>
    </Feature>
    <Feature Type="OnDemandFeature" FeatureID="Rsat.FileServices.Tools~~1.0" FMID="MSDN" Group="Microsoft">
      <Dependencies>
        <Feature FeatureID="Rsat.ServerManager.Tools~~1.0" />
      </Dependencies>
      <Packages>
        <Package ID="Microsoft-Windows-FileServices-Tools-FoD-Package~31bf3856ad364e35~amd64~he-il~" PackageType="SatellitePackage" />
        <Package ID="Microsoft-Windows-FileServices-Tools-FoD-Package~31bf3856ad364e35~wow64~he-il~" PackageType="SatellitePackage" />
      </Packages>
    </Feature>
    <Feature Type="OnDemandFeature" FeatureID="Rsat.GroupPolicy.Management.Tools~~1.0" FMID="MSDN" Group="Microsoft">
      <Packages>
        <Package ID="Microsoft-Windows-GroupPolicy-Management-Tools-FoD-Package~31bf3856ad364e35~amd64~he-il~" PackageType="SatellitePackage" />
        <Package ID="Microsoft-Windows-GroupPolicy-Management-Tools-FoD-Package~31bf3856ad364e35~wow64~he-il~" PackageType="SatellitePackage" />
      </Packages>
    </Feature>
    <Feature Type="OnDemandFeature" FeatureID="Rsat.IPAM.Client.Tools~~1.0" FMID="MSDN" Group="Microsoft">
      <Dependencies>
        <Feature FeatureID="Rsat.ServerManager.Tools~~1.0" />
      </Dependencies>
      <Packages>
        <Package ID="Microsoft-Windows-IPAM-Client-FoD-Package~31bf3856ad364e35~amd64~he-il~" PackageType="SatellitePackage" />
        <Package ID="Microsoft-Windows-IPAM-Client-FoD-Package~31bf3856ad364e35~wow64~he-il~" PackageType="SatellitePackage" />
      </Packages>
    </Feature>
    <Feature Type="OnDemandFeature" FeatureID="Network.Irda~~1.0" FMID="MSDN" Group="Microsoft">
      <Packages>
        <Package ID="Microsoft-Windows-IRDA-Package~31bf3856ad364e35~amd64~he-il~" PackageType="SatellitePackage" />
        <Package ID="Microsoft-Windows-IRDA-Package~31bf3856ad364e35~wow64~he-il~" PackageType="SatellitePackage" />
      </Packages>
    </Feature>
    <Feature Type="OnDemandFeature" FeatureID="Media.MediaFeaturePack~~1.0" FMID="MSDN" Group="Microsoft">
      <Packages>
        <Package ID="Microsoft-Windows-Media-Features-Package~31bf3856ad364e35~amd64~he-il~" PackageType="SatellitePackage" />
        <Package ID="Microsoft-Windows-Media-Features-Package~31bf3856ad364e35~wow64~he-il~" PackageType="SatellitePackage" />
      </Packages>
    </Feature>
    <Feature Type="OnDemandFeature" FeatureID="Microsoft.Windows.MSPaint~~1.0" FMID="MSDN" Group="Microsoft">
      <Packages>
        <Package ID="Microsoft-Windows-MSPaint-FoD-Package~31bf3856ad364e35~amd64~he-il~" PackageType="SatellitePackage" />
        <Package ID="Microsoft-Windows-MSPaint-FoD-Package~31bf3856ad364e35~wow64~he-il~" PackageType="SatellitePackage" />
      </Packages>
    </Feature>
    <Feature Type="OnDemandFeature" FeatureID="Rsat.NetworkController.Tools~~1.0" FMID="MSDN" Group="Microsoft">
      <Packages>
        <Package ID="Microsoft-Windows-NetworkController-Tools-FoD-Package~31bf3856ad364e35~amd64~he-il~" PackageType="SatellitePackage" />
      </Packages>
    </Feature>
    <Feature Type="OnDemandFeature" FeatureID="Rsat.NetworkLoadBalancing.Tools~~1.0" FMID="MSDN" Group="Microsoft">
      <Packages>
        <Package ID="Microsoft-Windows-NetworkLoadBalancing-Tools-FoD-Package~31bf3856ad364e35~amd64~he-il~" PackageType="SatellitePackage" />
      </Packages>
    </Feature>
    <Feature Type="OnDemandFeature" FeatureID="Microsoft.Windows.Notepad~~1.0" FMID="MSDN" Group="Microsoft">
      <Packages>
        <Package ID="Microsoft-Windows-Notepad-FoD-Package~31bf3856ad364e35~amd64~he-il~" PackageType="SatellitePackage" />
        <Package ID="Microsoft-Windows-Notepad-FoD-Package~31bf3856ad364e35~wow64~he-il~" PackageType="SatellitePackage" />
      </Packages>
    </Feature>
    <Feature Type="OnDemandFeature" FeatureID="Microsoft.Windows.PowerShell.ISE~~1.0" FMID="MSDN" Group="Microsoft">
      <Packages>
        <Package ID="Microsoft-Windows-PowerShell-ISE-FOD-Package~31bf3856ad364e35~amd64~he-il~" PackageType="SatellitePackage" />
        <Package ID="Microsoft-Windows-PowerShell-ISE-FOD-Package~31bf3856ad364e35~wow64~he-il~" PackageType="SatellitePackage" />
      </Packages>
    </Feature>
    <Feature Type="OnDemandFeature" FeatureID="Print.Management.Console~~1.0" FMID="MSDN" Group="Microsoft">
      <Packages>
        <Package ID="Microsoft-Windows-Printing-PMCPPC-FoD-Package~31bf3856ad364e35~amd64~he-il~" PackageType="SatellitePackage" />
      </Packages>
    </Feature>
    <Feature Type="OnDemandFeature" FeatureID="Print.Fax.Scan~~1.0" FMID="MSDN" Group="Microsoft">
      <Packages>
        <Package ID="Microsoft-Windows-Printing-WFS-FoD-Package~31bf3856ad364e35~amd64~he-il~" PackageType="SatellitePackage" />
      </Packages>
    </Feature>
    <Feature Type="OnDemandFeature" FeatureID="RasCMAK.Client~~1.0" FMID="MSDN" Group="Microsoft">
      <Packages>
        <Package ID="Microsoft-Windows-RasCMAK-Client-Package~31bf3856ad364e35~amd64~he-il~" PackageType="SatellitePackage" />
        <Package ID="Microsoft-Windows-RasCMAK-Client-Package~31bf3856ad364e35~wow64~he-il~" PackageType="SatellitePackage" />
      </Packages>
    </Feature>
    <Feature Type="OnDemandFeature" FeatureID="RIP.Listener~~1.0" FMID="MSDN" Group="Microsoft">
      <Packages>
        <Package ID="Microsoft-Windows-RasRip-Package~31bf3856ad364e35~amd64~he-il~" PackageType="SatellitePackage" />
      </Packages>
    </Feature>
    <Feature Type="OnDemandFeature" FeatureID="Rsat.RemoteAccess.Management.Tools~~1.0" FMID="MSDN" Group="Microsoft">
      <Dependencies>
        <Feature FeatureID="Rsat.GroupPolicy.Management.Tools~~1.0" />
        <Feature FeatureID="Rsat.ServerManager.Tools~~1.0" />
      </Dependencies>
      <Packages>
        <Package ID="Microsoft-Windows-RemoteAccess-Management-Tools-FoD-Package~31bf3856ad364e35~amd64~he-il~" PackageType="SatellitePackage" />
        <Package ID="Microsoft-Windows-RemoteAccess-Management-Tools-FoD-Package~31bf3856ad364e35~wow64~he-il~" PackageType="SatellitePackage" />
      </Packages>
    </Feature>
    <Feature Type="OnDemandFeature" FeatureID="Rsat.RemoteDesktop.Services.Tools~~1.0" FMID="MSDN" Group="Microsoft">
      <Packages>
        <Package ID="Microsoft-Windows-RemoteDesktop-Services-Tools-FoD-Package~31bf3856ad364e35~amd64~he-il~" PackageType="SatellitePackage" />
      </Packages>
    </Feature>
    <Feature Type="OnDemandFeature" FeatureID="ServerCore.AppCompatibility~~1.0" FMID="MSDN" Group="Microsoft">
      <Packages>
        <Package ID="Microsoft-Windows-Server-AppCompat-FoD-Package~31bf3856ad364e35~amd64~he-il~" PackageType="SatellitePackage" />
      </Packages>
    </Feature>
    <Feature Type="OnDemandFeature" FeatureID="Rsat.ServerManager.Tools~~1.0" FMID="MSDN" Group="Microsoft">
      <Packages>
        <Package ID="Microsoft-Windows-ServerManager-Tools-FoD-Package~31bf3856ad364e35~amd64~he-il~" PackageType="SatellitePackage" />
        <Package ID="Microsoft-Windows-ServerManager-Tools-FoD-Package~31bf3856ad364e35~wow64~he-il~" PackageType="SatellitePackage" />
      </Packages>
    </Feature>
    <Feature Type="OnDemandFeature" FeatureID="Rsat.Shielded.VM.Tools~~1.0" FMID="MSDN" Group="Microsoft">
      <Dependencies>
        <Feature FeatureID="Rsat.ServerManager.Tools~~1.0" />
      </Dependencies>
      <Packages>
        <Package ID="Microsoft-Windows-Shielded-VM-Tools-FoD-Package~31bf3856ad364e35~amd64~he-il~" PackageType="SatellitePackage" />
      </Packages>
    </Feature>
    <Feature Type="OnDemandFeature" FeatureID="SNMP.Client~~1.0" FMID="MSDN" Group="Microsoft">
      <Packages>
        <Package ID="Microsoft-Windows-SNMP-Client-Package~31bf3856ad364e35~amd64~he-il~" PackageType="SatellitePackage" />
        <Package ID="Microsoft-Windows-SNMP-Client-Package~31bf3856ad364e35~wow64~he-il~" PackageType="SatellitePackage" />
      </Packages>
    </Feature>
    <Feature Type="OnDemandFeature" FeatureID="App.StepsRecorder~~1.0" FMID="MSDN" Group="Microsoft">
      <Packages>
        <Package ID="Microsoft-Windows-StepsRecorder-Package~31bf3856ad364e35~amd64~he-il~" PackageType="SatellitePackage" />
        <Package ID="Microsoft-Windows-StepsRecorder-Package~31bf3856ad364e35~wow64~he-il~" PackageType="SatellitePackage" />
      </Packages>
    </Feature>
    <Feature Type="OnDemandFeature" FeatureID="Microsoft.Windows.StorageManagement~~1.0" FMID="MSDN" Group="Microsoft">
      <Packages>
        <Package ID="Microsoft-Windows-StorageManagement-FoD-Package~31bf3856ad364e35~amd64~he-il~" PackageType="SatellitePackage" />
        <Package ID="Microsoft-Windows-StorageManagement-FoD-Package~31bf3856ad364e35~wow64~he-il~" PackageType="SatellitePackage" />
      </Packages>
    </Feature>
    <Feature Type="OnDemandFeature" FeatureID="Rsat.StorageMigrationService.Management.Tools~~1.0" FMID="MSDN" Group="Microsoft">
      <Packages>
        <Package ID="Microsoft-Windows-StorageMigrationService-Management-Tools-FOD-Package~31bf3856ad364e35~amd64~he-il~" PackageType="SatellitePackage" />
      </Packages>
    </Feature>
    <Feature Type="OnDemandFeature" FeatureID="Rsat.StorageReplica.Tools~~1.0" FMID="MSDN" Group="Microsoft">
      <Packages>
        <Package ID="Microsoft-Windows-StorageReplica-Tools-FoD-Package~31bf3856ad364e35~amd64~he-il~" PackageType="SatellitePackage" />
      </Packages>
    </Feature>
    <Feature Type="OnDemandFeature" FeatureID="Rsat.SystemInsights.Management.Tools~~1.0" FMID="MSDN" Group="Microsoft">
      <Packages>
        <Package ID="Microsoft-Windows-SystemInsights-Management-Tools-FOD-Package~31bf3856ad364e35~amd64~he-il~" PackageType="SatellitePackage" />
      </Packages>
    </Feature>
    <Feature Type="OnDemandFeature" FeatureID="Rsat.VolumeActivation.Tools~~1.0" FMID="MSDN" Group="Microsoft">
      <Packages>
        <Package ID="Microsoft-Windows-VolumeActivation-Tools-FoD-Package~31bf3856ad364e35~amd64~he-il~" PackageType="SatellitePackage" />
      </Packages>
    </Feature>
    <Feature Type="OnDemandFeature" FeatureID="App.WirelessDisplay.Connect~~1.0" FMID="MSDN" Group="Microsoft">
      <Packages>
        <Package ID="Microsoft-Windows-WirelessDisplay-FOD-Package~31bf3856ad364e35~amd64~he-il~" PackageType="SatellitePackage" />
      </Packages>
    </Feature>
    <Feature Type="OnDemandFeature" FeatureID="WMI-SNMP-Provider.Client~~1.0" FMID="MSDN" Group="Microsoft">
      <Dependencies>
        <Feature FeatureID="SNMP.Client~~1.0" />
      </Dependencies>
      <Packages>
        <Package ID="Microsoft-Windows-WMI-SNMP-Provider-Client-Package~31bf3856ad364e35~amd64~he-il~" PackageType="SatellitePackage" />
        <Package ID="Microsoft-Windows-WMI-SNMP-Provider-Client-Package~31bf3856ad364e35~wow64~he-il~" PackageType="SatellitePackage" />
      </Packages>
    </Feature>
    <Feature Type="OnDemandFeature" FeatureID="Microsoft.Windows.WordPad~~1.0" FMID="MSDN" Group="Microsoft">
      <Packages>
        <Package ID="Microsoft-Windows-WordPad-FoD-Package~31bf3856ad364e35~amd64~he-il~" PackageType="SatellitePackage" />
        <Package ID="Microsoft-Windows-WordPad-FoD-Package~31bf3856ad364e35~wow64~he-il~" PackageType="SatellitePackage" />
      </Packages>
    </Feature>
    <Feature Type="OnDemandFeature" FeatureID="Rsat.WSUS.Tools~~1.0" FMID="MSDN" Group="Microsoft">
      <Packages>
        <Package ID="Microsoft-Windows-WSUS-Tools-FoD-Package~31bf3856ad364e35~amd64~he-il~" PackageType="SatellitePackage" />
      </Packages>
    </Feature>
  </Features>
  <Packages>
    <Package ID="Microsoft-Windows-Server-LanguagePack-Package_he-il~31bf3856ad364e35~amd64~he-il~" InstalledSize="316082258" Version="10.0.20348.1">
      <SatelliteInfo>
        <DeclareInfo>
          <Declare Type="language" Value="he-IL" />
        </DeclareInfo>
      </SatelliteInfo>
      <Payload>
        <PayloadItem PayloadHash="E1Vyk8JlOk19BF217rn30OHLFJk69WNx1NqUh8WoS5k=" PayloadSize="1172869" Path="UUP\Desktop\editionpackages\he-il\Server\baseless\Microsoft-Windows-Server-LanguagePack-Package_he-il~31bf3856ad364e35~amd64~he-il~.cab" PayloadType="ExpressCab" />
        <PayloadItem PayloadHash="KB+ez2aT41HlOp2UNKa0vqCjusFTDhckVT38lKcvwdw=" PayloadSize="63479892" Path="UUP\Desktop\editionpackages\he-il\Server\baseless\Microsoft-Windows-Server-LanguagePack-Package_he-il~31bf3856ad364e35~amd64~he-il~.psf" PayloadType="ExpressPSF" />
      </Payload>
    </Package>
    <Package ID="Microsoft-AzureStack-HCI-Management-Tools-FOD-Package~31bf3856ad364e35~amd64~he-il~" InstalledSize="33272" Version="10.0.20348.1">
      <SatelliteInfo>
        <ApplyToInfo>
          <ApplyTo Type="language" Value="he-IL" />
        </ApplyToInfo>
      </SatelliteInfo>
      <Payload>
        <PayloadItem PayloadHash="VaXWhioGT8b9tCaPFmVuTKqhy0ozuZjauOCTIiyBql8=" PayloadSize="10281" Path="FeaturesOnDemand\he-il\baseless\Microsoft-AzureStack-HCI-Management-Tools-FOD-Package~31bf3856ad364e35~amd64~he-il~.cab" PayloadType="ExpressCab" />
        <PayloadItem PayloadHash="qkjK4HwduDdFGjE/k0A3Csn5WyIXlMcl04F6/r/is/0=" PayloadSize="59886" Path="FeaturesOnDemand\he-il\baseless\Microsoft-AzureStack-HCI-Management-Tools-FOD-Package~31bf3856ad364e35~amd64~he-il~.psf" PayloadType="ExpressPSF" />
      </Payload>
    </Package>
    <Package ID="Microsoft-OneCore-StorageManagement-FoD-Package~31bf3856ad364e35~amd64~he-il~" InstalledSize="1986418" Version="10.0.20348.1">
      <SatelliteInfo>
        <ApplyToInfo>
          <ApplyTo Type="language" Value="he-IL" />
        </ApplyToInfo>
      </SatelliteInfo>
      <Payload>
        <PayloadItem PayloadHash="rymc0JhwFlM93TjO+KUd97PwuRNsQr6zXgpSzcIjaPc=" PayloadSize="11379" Path="FeaturesOnDemand\he-il\baseless\Microsoft-OneCore-StorageManagement-FoD-Package~31bf3856ad364e35~amd64~he-il~.cab" PayloadType="ExpressCab" />
        <PayloadItem PayloadHash="F65bJURrILtzxSjppsJ0tQs7lNoOq8Hf0qdq76VLLlY=" PayloadSize="184392" Path="FeaturesOnDemand\he-il\baseless\Microsoft-OneCore-StorageManagement-FoD-Package~31bf3856ad364e35~amd64~he-il~.psf" PayloadType="ExpressPSF" />
      </Payload>
    </Package>
    <Package ID="Microsoft-OneCore-StorageManagement-FoD-Package~31bf3856ad364e35~wow64~he-il~" InstalledSize="1081683" Version="10.0.20348.1">
      <SatelliteInfo>
        <ApplyToInfo>
          <ApplyTo Type="arch" Value="wow64" />
          <ApplyTo Type="language" Value="he-IL" />
        </ApplyToInfo>
      </SatelliteInfo>
      <Payload>
        <PayloadItem PayloadHash="FbRUyR9XuybuQ90qOSj/a9mKhqBB1eDMo1xBiX9A4ws=" PayloadSize="10413" Path="FeaturesOnDemand\he-il\baseless\Microsoft-OneCore-StorageManagement-FoD-Package~31bf3856ad364e35~wow64~he-il~.cab" PayloadType="ExpressCab" />
        <PayloadItem PayloadHash="ioAK5ulFKHoDCD8VrWpNANntWDuuvhCan6rA59Pdltc=" PayloadSize="107764" Path="FeaturesOnDemand\he-il\baseless\Microsoft-OneCore-StorageManagement-FoD-Package~31bf3856ad364e35~wow64~he-il~.psf" PayloadType="ExpressPSF" />
      </Payload>
    </Package>
    <Package ID="Microsoft-Windows-ActiveDirectory-DS-LDS-Tools-FoD-Package~31bf3856ad364e35~amd64~he-il~" InstalledSize="5644672" Version="10.0.20348.1">
      <SatelliteInfo>
        <ApplyToInfo>
          <ApplyTo Type="language" Value="he-IL" />
        </ApplyToInfo>
      </SatelliteInfo>
      <Payload>
        <PayloadItem PayloadHash="FtibpnTbRjLUxRGdyQ5WG3LvAvDK7eQ5f9iouLyoLCA=" PayloadSize="17385" Path="FeaturesOnDemand\he-il\baseless\Microsoft-Windows-ActiveDirectory-DS-LDS-Tools-FoD-Package~31bf3856ad364e35~amd64~he-il~.cab" PayloadType="ExpressCab" />
        <PayloadItem PayloadHash="wIzkx/c9xi/MWxWDVLmu4CVEwUfSc1cqx9u9T6hmFP0=" PayloadSize="907287" Path="FeaturesOnDemand\he-il\baseless\Microsoft-Windows-ActiveDirectory-DS-LDS-Tools-FoD-Package~31bf3856ad364e35~amd64~he-il~.psf" PayloadType="ExpressPSF" />
      </Payload>
    </Package>
    <Package ID="Microsoft-Windows-ActiveDirectory-DS-LDS-Tools-FoD-Package~31bf3856ad364e35~wow64~he-il~" InstalledSize="787197" Version="10.0.20348.1">
      <SatelliteInfo>
        <ApplyToInfo>
          <ApplyTo Type="arch" Value="wow64" />
          <ApplyTo Type="language" Value="he-IL" />
        </ApplyToInfo>
      </SatelliteInfo>
      <Payload>
        <PayloadItem PayloadHash="MWsy4AiQaTOnFg2k+F8X1au8xgrbtwTzCAO1IXheJwo=" PayloadSize="11217" Path="FeaturesOnDemand\he-il\baseless\Microsoft-Windows-ActiveDirectory-DS-LDS-Tools-FoD-Package~31bf3856ad364e35~wow64~he-il~.cab" PayloadType="ExpressCab" />
        <PayloadItem PayloadHash="zJhpyYQq4B6zfgKsAGoR4lRH0WIsUrFH/321g8d0zV0=" PayloadSize="150818" Path="FeaturesOnDemand\he-il\baseless\Microsoft-Windows-ActiveDirectory-DS-LDS-Tools-FoD-Package~31bf3856ad364e35~wow64~he-il~.psf" PayloadType="ExpressPSF" />
      </Payload>
    </Package>
    <Package ID="Microsoft-Windows-BitLocker-Recovery-Tools-FoD-Package~31bf3856ad364e35~amd64~he-il~" InstalledSize="31638" Version="10.0.20348.1">
      <SatelliteInfo>
        <ApplyToInfo>
          <ApplyTo Type="language" Value="he-IL" />
        </ApplyToInfo>
      </SatelliteInfo>
      <Payload>
        <PayloadItem PayloadHash="VPUUbcImjB5BiFuMUqywywgtCQX/Z7Cau9J9DS1Ymvg=" PayloadSize="10277" Path="FeaturesOnDemand\he-il\baseless\Microsoft-Windows-BitLocker-Recovery-Tools-FoD-Package~31bf3856ad364e35~amd64~he-il~.cab" PayloadType="ExpressCab" />
        <PayloadItem PayloadHash="3+bVEKCT/5SYk4lFfntuFF3ZH9WGFuVcQkI5WqhrzhY=" PayloadSize="58638" Path="FeaturesOnDemand\he-il\baseless\Microsoft-Windows-BitLocker-Recovery-Tools-FoD-Package~31bf3856ad364e35~amd64~he-il~.psf" PayloadType="ExpressPSF" />
      </Payload>
    </Package>
    <Package ID="Microsoft-Windows-CertificateServices-Tools-FoD-Package~31bf3856ad364e35~amd64~he-il~" InstalledSize="996065" Version="10.0.20348.1">
      <SatelliteInfo>
        <ApplyToInfo>
          <ApplyTo Type="language" Value="he-IL" />
        </ApplyToInfo>
      </SatelliteInfo>
      <Payload>
        <PayloadItem PayloadHash="Btc5HtMuGAZITgH3fchrhynlb39OKV8ykVS3j907/zY=" PayloadSize="12167" Path="FeaturesOnDemand\he-il\baseless\Microsoft-Windows-CertificateServices-Tools-FoD-Package~31bf3856ad364e35~amd64~he-il~.cab" PayloadType="ExpressCab" />
        <PayloadItem PayloadHash="w4BPwGT/OP6BG/lSIWT35Oq1Jr0oPwKeHVu+zEBC4V8=" PayloadSize="190948" Path="FeaturesOnDemand\he-il\baseless\Microsoft-Windows-CertificateServices-Tools-FoD-Package~31bf3856ad364e35~amd64~he-il~.psf" PayloadType="ExpressPSF" />
      </Payload>
    </Package>
    <Package ID="Microsoft-Windows-Composition-Test-FOD-Package~31bf3856ad364e35~amd64~he-il~" InstalledSize="21098" Version="10.0.20348.1">
      <SatelliteInfo>
        <ApplyToInfo>
          <ApplyTo Type="language" Value="he-IL" />
        </ApplyToInfo>
      </SatelliteInfo>
      <Payload>
        <PayloadItem PayloadHash="rbqXis73bOdXrlypyZjPbgihxzktQpbjFRFQamZEdJk=" PayloadSize="10029" Path="FeaturesOnDemand\he-il\baseless\Microsoft-Windows-Composition-Test-FOD-Package~31bf3856ad364e35~amd64~he-il~.cab" PayloadType="ExpressCab" />
        <PayloadItem PayloadHash="Dy0FM1n9SCwIoKQBbZxnmYMh3uvklU7hXPEhKMChyQY=" PayloadSize="55285" Path="FeaturesOnDemand\he-il\baseless\Microsoft-Windows-Composition-Test-FOD-Package~31bf3856ad364e35~amd64~he-il~.psf" PayloadType="ExpressPSF" />
      </Payload>
    </Package>
    <Package ID="Microsoft-Windows-Composition-Test-FOD-Package~31bf3856ad364e35~wow64~he-il~" InstalledSize="21219" Version="10.0.20348.1">
      <SatelliteInfo>
        <ApplyToInfo>
          <ApplyTo Type="arch" Value="wow64" />
          <ApplyTo Type="language" Value="he-IL" />
        </ApplyToInfo>
      </SatelliteInfo>
      <Payload>
        <PayloadItem PayloadHash="NKSeHEiTeUb1NsRzHB/hYl0/k1Nlu2xhcZfCT1gcbuQ=" PayloadSize="10015" Path="FeaturesOnDemand\he-il\baseless\Microsoft-Windows-Composition-Test-FOD-Package~31bf3856ad364e35~wow64~he-il~.cab" PayloadType="ExpressCab" />
        <PayloadItem PayloadHash="6mqWV5DVqQpP8zt8XxG5noLN0Q5FpVXdx8NEjKQ5jrc=" PayloadSize="55322" Path="FeaturesOnDemand\he-il\baseless\Microsoft-Windows-Composition-Test-FOD-Package~31bf3856ad364e35~wow64~he-il~.psf" PayloadType="ExpressPSF" />
      </Payload>
    </Package>
    <Package ID="Microsoft-Windows-DHCP-Tools-FoD-Package~31bf3856ad364e35~amd64~he-il~" InstalledSize="1797302" Version="10.0.20348.1">
      <SatelliteInfo>
        <ApplyToInfo>
          <ApplyTo Type="language" Value="he-IL" />
        </ApplyToInfo>
      </SatelliteInfo>
      <Payload>
        <PayloadItem PayloadHash="op4Aw/Df+YtMeCFYvnRY1IEO63AlCRs4d69HO7VNw6Q=" PayloadSize="11141" Path="FeaturesOnDemand\he-il\baseless\Microsoft-Windows-DHCP-Tools-FoD-Package~31bf3856ad364e35~amd64~he-il~.cab" PayloadType="ExpressCab" />
        <PayloadItem PayloadHash="edBEfIxZxIgut4P4shHMhu32lD9U57emibbB+EwsjgM=" PayloadSize="198780" Path="FeaturesOnDemand\he-il\baseless\Microsoft-Windows-DHCP-Tools-FoD-Package~31bf3856ad364e35~amd64~he-il~.psf" PayloadType="ExpressPSF" />
      </Payload>
    </Package>
    <Package ID="Microsoft-Windows-DHCP-Tools-FoD-Package~31bf3856ad364e35~wow64~he-il~" InstalledSize="479203" Version="10.0.20348.1">
      <SatelliteInfo>
        <ApplyToInfo>
          <ApplyTo Type="arch" Value="wow64" />
          <ApplyTo Type="language" Value="he-IL" />
        </ApplyToInfo>
      </SatelliteInfo>
      <Payload>
        <PayloadItem PayloadHash="sBm6gO+RqEzCYFEeHKRSpmJLfygoshy5ni/g8TXarQM=" PayloadSize="10243" Path="FeaturesOnDemand\he-il\baseless\Microsoft-Windows-DHCP-Tools-FoD-Package~31bf3856ad364e35~wow64~he-il~.cab" PayloadType="ExpressCab" />
        <PayloadItem PayloadHash="MYhUG5MfnHapO9uNO/YFcGRGdrAOYyEU4IMjWR+07PQ=" PayloadSize="88615" Path="FeaturesOnDemand\he-il\baseless\Microsoft-Windows-DHCP-Tools-FoD-Package~31bf3856ad364e35~wow64~he-il~.psf" PayloadType="ExpressPSF" />
      </Payload>
    </Package>
    <Package ID="Microsoft-Windows-DNS-Tools-FoD-Package~31bf3856ad364e35~amd64~he-il~" InstalledSize="1879912" Version="10.0.20348.1">
      <SatelliteInfo>
        <ApplyToInfo>
          <ApplyTo Type="language" Value="he-IL" />
        </ApplyToInfo>
      </SatelliteInfo>
      <Payload>
        <PayloadItem PayloadHash="UvrLuk/dlvT0kyZd612QknpUNlDAr/af9t7vTOO3IYY=" PayloadSize="10963" Path="FeaturesOnDemand\he-il\baseless\Microsoft-Windows-DNS-Tools-FoD-Package~31bf3856ad364e35~amd64~he-il~.cab" PayloadType="ExpressCab" />
        <PayloadItem PayloadHash="8Hu3+HhNVE89Jvo+FbA6gpflZOrgt8Mc1eIub1n7dMM=" PayloadSize="221320" Path="FeaturesOnDemand\he-il\baseless\Microsoft-Windows-DNS-Tools-FoD-Package~31bf3856ad364e35~amd64~he-il~.psf" PayloadType="ExpressPSF" />
      </Payload>
    </Package>
    <Package ID="Microsoft-Windows-DNS-Tools-FoD-Package~31bf3856ad364e35~wow64~he-il~" InstalledSize="12278" Version="10.0.20348.1">
      <SatelliteInfo>
        <ApplyToInfo>
          <ApplyTo Type="arch" Value="wow64" />
          <ApplyTo Type="language" Value="he-IL" />
        </ApplyToInfo>
      </SatelliteInfo>
      <Payload>
        <PayloadItem PayloadHash="7i6VT9ydZgIvw6JxC+VbpBmlFb2agmHfigxVlJvDQko=" PayloadSize="9879" Path="FeaturesOnDemand\he-il\baseless\Microsoft-Windows-DNS-Tools-FoD-Package~31bf3856ad364e35~wow64~he-il~.cab" PayloadType="ExpressCab" />
        <PayloadItem PayloadHash="JOfoR/zBC7V+hDHEUFfLyHVScqExgZFSLUj1BfuUtPs=" PayloadSize="49693" Path="FeaturesOnDemand\he-il\baseless\Microsoft-Windows-DNS-Tools-FoD-Package~31bf3856ad364e35~wow64~he-il~.psf" PayloadType="ExpressPSF" />
      </Payload>
    </Package>
    <Package ID="Microsoft-Windows-EMS-SAC-Desktop-Tools-FoD-Package~31bf3856ad364e35~amd64~he-il~" InstalledSize="69691" Version="10.0.20348.1">
      <SatelliteInfo>
        <ApplyToInfo>
          <ApplyTo Type="language" Value="he-IL" />
        </ApplyToInfo>
      </SatelliteInfo>
      <Payload>
        <PayloadItem PayloadHash="i8+NN7tJu50UexMFffzIw5xQnfkj1k8A8HoQ7fAz6kw=" PayloadSize="10527" Path="FeaturesOnDemand\he-il\baseless\Microsoft-Windows-EMS-SAC-Desktop-Tools-FoD-Package~31bf3856ad364e35~amd64~he-il~.cab" PayloadType="ExpressCab" />
        <PayloadItem PayloadHash="4rK5ZZnSVAfc+GT8DiS7AiBIUIK3Puozmu2aMRIB+BU=" PayloadSize="66194" Path="FeaturesOnDemand\he-il\baseless\Microsoft-Windows-EMS-SAC-Desktop-Tools-FoD-Package~31bf3856ad364e35~amd64~he-il~.psf" PayloadType="ExpressPSF" />
      </Payload>
    </Package>
    <Package ID="Microsoft-Windows-FailoverCluster-Management-Tools-FOD-Package~31bf3856ad364e35~amd64~he-il~" InstalledSize="8883665" Version="10.0.20348.1">
      <SatelliteInfo>
        <ApplyToInfo>
          <ApplyTo Type="language" Value="he-IL" />
        </ApplyToInfo>
      </SatelliteInfo>
      <Payload>
        <PayloadItem PayloadHash="O5CKSB7JPvHDMisbJgs0kmGIhBLGzWeVo3/FKMmKdiM=" PayloadSize="16619" Path="FeaturesOnDemand\he-il\baseless\Microsoft-Windows-FailoverCluster-Management-Tools-FOD-Package~31bf3856ad364e35~amd64~he-il~.cab" PayloadType="ExpressCab" />
        <PayloadItem PayloadHash="Zp8BhX/sR9ESfXC5/ztsdj0PB5a+ab6ErWCL9qe2gdc=" PayloadSize="2429549" Path="FeaturesOnDemand\he-il\baseless\Microsoft-Windows-FailoverCluster-Management-Tools-FOD-Package~31bf3856ad364e35~amd64~he-il~.psf" PayloadType="ExpressPSF" />
      </Payload>
    </Package>
    <Package ID="Microsoft-Windows-FailoverCluster-Management-Tools-FOD-Package~31bf3856ad364e35~wow64~he-il~" InstalledSize="60613" Version="10.0.20348.1">
      <SatelliteInfo>
        <ApplyToInfo>
          <ApplyTo Type="arch" Value="wow64" />
          <ApplyTo Type="language" Value="he-IL" />
        </ApplyToInfo>
      </SatelliteInfo>
      <Payload>
        <PayloadItem PayloadHash="CYkFwj/x1XlYf5WulggcEFzQzMKHJJfCcd7sPPkbgQM=" PayloadSize="10925" Path="FeaturesOnDemand\he-il\baseless\Microsoft-Windows-FailoverCluster-Management-Tools-FOD-Package~31bf3856ad364e35~wow64~he-il~.cab" PayloadType="ExpressCab" />
        <PayloadItem PayloadHash="+gB871sS6ZoAY8tB0uihlE9g9fs4ePMS9fJ5jj/eiYI=" PayloadSize="70432" Path="FeaturesOnDemand\he-il\baseless\Microsoft-Windows-FailoverCluster-Management-Tools-FOD-Package~31bf3856ad364e35~wow64~he-il~.psf" PayloadType="ExpressPSF" />
      </Payload>
    </Package>
    <Package ID="Microsoft-Windows-FileServices-Tools-FoD-Package~31bf3856ad364e35~amd64~he-il~" InstalledSize="4128503" Version="10.0.20348.1">
      <SatelliteInfo>
        <ApplyToInfo>
          <ApplyTo Type="language" Value="he-IL" />
        </ApplyToInfo>
      </SatelliteInfo>
      <Payload>
        <PayloadItem PayloadHash="rGWueZYZlWMt73QHh7drkrQJQUoEeeXQ/OzS4l6Pkig=" PayloadSize="14777" Path="FeaturesOnDemand\he-il\baseless\Microsoft-Windows-FileServices-Tools-FoD-Package~31bf3856ad364e35~amd64~he-il~.cab" PayloadType="ExpressCab" />
        <PayloadItem PayloadHash="JSm220jGQrZRToo07I2epCQtBlf2HNQSOQbRhvsa05E=" PayloadSize="600529" Path="FeaturesOnDemand\he-il\baseless\Microsoft-Windows-FileServices-Tools-FoD-Package~31bf3856ad364e35~amd64~he-il~.psf" PayloadType="ExpressPSF" />
      </Payload>
    </Package>
    <Package ID="Microsoft-Windows-FileServices-Tools-FoD-Package~31bf3856ad364e35~wow64~he-il~" InstalledSize="171409" Version="10.0.20348.1">
      <SatelliteInfo>
        <ApplyToInfo>
          <ApplyTo Type="arch" Value="wow64" />
          <ApplyTo Type="language" Value="he-IL" />
        </ApplyToInfo>
      </SatelliteInfo>
      <Payload>
        <PayloadItem PayloadHash="dZ9J1uwh91iERMk9db8epfNvM9UNKMTRDmsT/jFOwSA=" PayloadSize="10625" Path="FeaturesOnDemand\he-il\baseless\Microsoft-Windows-FileServices-Tools-FoD-Package~31bf3856ad364e35~wow64~he-il~.cab" PayloadType="ExpressCab" />
        <PayloadItem PayloadHash="D35D4Lm76goeELrLAwW3ZcFHdy4A0CbfitmNCDHLs1U=" PayloadSize="76380" Path="FeaturesOnDemand\he-il\baseless\Microsoft-Windows-FileServices-Tools-FoD-Package~31bf3856ad364e35~wow64~he-il~.psf" PayloadType="ExpressPSF" />
      </Payload>
    </Package>
    <Package ID="Microsoft-Windows-GroupPolicy-Management-Tools-FoD-Package~31bf3856ad364e35~amd64~he-il~" InstalledSize="2251625" Version="10.0.20348.1">
      <SatelliteInfo>
        <ApplyToInfo>
          <ApplyTo Type="language" Value="he-IL" />
        </ApplyToInfo>
      </SatelliteInfo>
      <Payload>
        <PayloadItem PayloadHash="q35N1CHjcgCaOoL13HOwHhI1azGLZ9PiXlKDbGxXclI=" PayloadSize="13565" Path="FeaturesOnDemand\he-il\baseless\Microsoft-Windows-GroupPolicy-Management-Tools-FoD-Package~31bf3856ad364e35~amd64~he-il~.cab" PayloadType="ExpressCab" />
        <PayloadItem PayloadHash="mMl0CJQ2CTuOzHBTUsIZjdQXefhvmBJ/LbJ6dX/cjcQ=" PayloadSize="333726" Path="FeaturesOnDemand\he-il\baseless\Microsoft-Windows-GroupPolicy-Management-Tools-FoD-Package~31bf3856ad364e35~amd64~he-il~.psf" PayloadType="ExpressPSF" />
      </Payload>
    </Package>
    <Package ID="Microsoft-Windows-GroupPolicy-Management-Tools-FoD-Package~31bf3856ad364e35~wow64~he-il~" InstalledSize="305932" Version="10.0.20348.1">
      <SatelliteInfo>
        <ApplyToInfo>
          <ApplyTo Type="arch" Value="wow64" />
          <ApplyTo Type="language" Value="he-IL" />
        </ApplyToInfo>
      </SatelliteInfo>
      <Payload>
        <PayloadItem PayloadHash="SwMqOua8oGZGSlbwlbzMS62HFMovtT9biGZIB0DRcjU=" PayloadSize="10397" Path="FeaturesOnDemand\he-il\baseless\Microsoft-Windows-GroupPolicy-Management-Tools-FoD-Package~31bf3856ad364e35~wow64~he-il~.cab" PayloadType="ExpressCab" />
        <PayloadItem PayloadHash="IDBu8gNd+8bOiT+RmBPegqt8QUkRm/73eB8WCyRXK/0=" PayloadSize="90621" Path="FeaturesOnDemand\he-il\baseless\Microsoft-Windows-GroupPolicy-Management-Tools-FoD-Package~31bf3856ad364e35~wow64~he-il~.psf" PayloadType="ExpressPSF" />
      </Payload>
    </Package>
    <Package ID="Microsoft-Windows-IPAM-Client-FoD-Package~31bf3856ad364e35~amd64~he-il~" InstalledSize="98749" Version="10.0.20348.1">
      <SatelliteInfo>
        <ApplyToInfo>
          <ApplyTo Type="language" Value="he-IL" />
        </ApplyToInfo>
      </SatelliteInfo>
      <Payload>
        <PayloadItem PayloadHash="CFJAEzOV7XWQA+r8tm3Hot+u9TaIK54cvlw/prJC0VE=" PayloadSize="10229" Path="FeaturesOnDemand\he-il\baseless\Microsoft-Windows-IPAM-Client-FoD-Package~31bf3856ad364e35~amd64~he-il~.cab" PayloadType="ExpressCab" />
        <PayloadItem PayloadHash="2pWmqQCc8/VIcRl9PCT4mjngeqKK8ChWWHMMh4Vx8Vo=" PayloadSize="61085" Path="FeaturesOnDemand\he-il\baseless\Microsoft-Windows-IPAM-Client-FoD-Package~31bf3856ad364e35~amd64~he-il~.psf" PayloadType="ExpressPSF" />
      </Payload>
    </Package>
    <Package ID="Microsoft-Windows-IPAM-Client-FoD-Package~31bf3856ad364e35~wow64~he-il~" InstalledSize="23587" Version="10.0.20348.1">
      <SatelliteInfo>
        <ApplyToInfo>
          <ApplyTo Type="arch" Value="wow64" />
          <ApplyTo Type="language" Value="he-IL" />
        </ApplyToInfo>
      </SatelliteInfo>
      <Payload>
        <PayloadItem PayloadHash="gRPwrkHf+JQyjafVI8xBhovlfutC5jscsMNRYDnyBvg=" PayloadSize="10019" Path="FeaturesOnDemand\he-il\baseless\Microsoft-Windows-IPAM-Client-FoD-Package~31bf3856ad364e35~wow64~he-il~.cab" PayloadType="ExpressCab" />
        <PayloadItem PayloadHash="7l1gG2v7M2dxgoOdmqwJYieWUOgKJRJfD/TsawTjzF0=" PayloadSize="51942" Path="FeaturesOnDemand\he-il\baseless\Microsoft-Windows-IPAM-Client-FoD-Package~31bf3856ad364e35~wow64~he-il~.psf" PayloadType="ExpressPSF" />
      </Payload>
    </Package>
    <Package ID="Microsoft-Windows-IRDA-Package~31bf3856ad364e35~amd64~he-il~" InstalledSize="54349" Version="10.0.20348.1">
      <SatelliteInfo>
        <ApplyToInfo>
          <ApplyTo Type="language" Value="he-IL" />
        </ApplyToInfo>
      </SatelliteInfo>
      <Payload>
        <PayloadItem PayloadHash="iQPuk58ohaW+ZTm4Z+5s1XzUySq3Dkbh/6KxzhnuesE=" PayloadSize="10881" Path="FeaturesOnDemand\he-il\baseless\Microsoft-Windows-IRDA-Package~31bf3856ad364e35~amd64~he-il~.cab" PayloadType="ExpressCab" />
        <PayloadItem PayloadHash="u+KlW7m5gP0l2DcbYSQ3qgTx3ZbkYh0HswgapgLwYno=" PayloadSize="63100" Path="FeaturesOnDemand\he-il\baseless\Microsoft-Windows-IRDA-Package~31bf3856ad364e35~amd64~he-il~.psf" PayloadType="ExpressPSF" />
      </Payload>
    </Package>
    <Package ID="Microsoft-Windows-IRDA-Package~31bf3856ad364e35~wow64~he-il~" InstalledSize="11344" Version="10.0.20348.1">
      <SatelliteInfo>
        <ApplyToInfo>
          <ApplyTo Type="arch" Value="wow64" />
          <ApplyTo Type="language" Value="he-IL" />
        </ApplyToInfo>
      </SatelliteInfo>
      <Payload>
        <PayloadItem PayloadHash="OQEvxazjMMMhGfrZm5KsakGWdAmGnnMtKXgLnEBF5kc=" PayloadSize="9799" Path="FeaturesOnDemand\he-il\baseless\Microsoft-Windows-IRDA-Package~31bf3856ad364e35~wow64~he-il~.cab" PayloadType="ExpressCab" />
        <PayloadItem PayloadHash="GpuMHWzabVB1AtDYNuWq0K6rvUGJ0CJPa26cZyVqXYs=" PayloadSize="49085" Path="FeaturesOnDemand\he-il\baseless\Microsoft-Windows-IRDA-Package~31bf3856ad364e35~wow64~he-il~.psf" PayloadType="ExpressPSF" />
      </Payload>
    </Package>
    <Package ID="Microsoft-Windows-Media-Features-Package~31bf3856ad364e35~amd64~he-il~" InstalledSize="1594366" Version="10.0.20348.1">
      <SatelliteInfo>
        <ApplyToInfo>
          <ApplyTo Type="language" Value="he-IL" />
        </ApplyToInfo>
      </SatelliteInfo>
      <Payload>
        <PayloadItem PayloadHash="b+Q51UgrMqc8fFPJM2tCIgfkYAS5PZbshMPUyluZDsc=" PayloadSize="29741" Path="FeaturesOnDemand\he-il\baseless\Microsoft-Windows-Media-Features-Package~31bf3856ad364e35~amd64~he-il~.cab" PayloadType="ExpressCab" />
        <PayloadItem PayloadHash="AxotAzFq6NCqEGEbEAMQgjO+JZsuui19hWg4yUCIcTk=" PayloadSize="519736" Path="FeaturesOnDemand\he-il\baseless\Microsoft-Windows-Media-Features-Package~31bf3856ad364e35~amd64~he-il~.psf" PayloadType="ExpressPSF" />
      </Payload>
    </Package>
    <Package ID="Microsoft-Windows-Media-Features-Package~31bf3856ad364e35~wow64~he-il~" InstalledSize="359089" Version="10.0.20348.1">
      <SatelliteInfo>
        <ApplyToInfo>
          <ApplyTo Type="arch" Value="wow64" />
          <ApplyTo Type="language" Value="he-IL" />
        </ApplyToInfo>
      </SatelliteInfo>
      <Payload>
        <PayloadItem PayloadHash="tbHM68OaRtsVRGaJq+WUUiYxjz+5+aaLTEaCxP6uyhs=" PayloadSize="18855" Path="FeaturesOnDemand\he-il\baseless\Microsoft-Windows-Media-Features-Package~31bf3856ad364e35~wow64~he-il~.cab" PayloadType="ExpressCab" />
        <PayloadItem PayloadHash="Pml+Prbs/ypgUSBNTq/KUfcFxaOTWyZeAN/qR0ppPC8=" PayloadSize="251251" Path="FeaturesOnDemand\he-il\baseless\Microsoft-Windows-Media-Features-Package~31bf3856ad364e35~wow64~he-il~.psf" PayloadType="ExpressPSF" />
      </Payload>
    </Package>
    <Package ID="Microsoft-Windows-MSPaint-FoD-Package~31bf3856ad364e35~amd64~he-il~" InstalledSize="64825" Version="10.0.20348.1">
      <SatelliteInfo>
        <ApplyToInfo>
          <ApplyTo Type="language" Value="he-IL" />
        </ApplyToInfo>
      </SatelliteInfo>
      <Payload>
        <PayloadItem PayloadHash="vYNITrAoDq/VOvAZYwHbPMrgsqSvGYr4XXpUpTR9Ttw=" PayloadSize="10013" Path="FeaturesOnDemand\he-il\baseless\Microsoft-Windows-MSPaint-FoD-Package~31bf3856ad364e35~amd64~he-il~.cab" PayloadType="ExpressCab" />
        <PayloadItem PayloadHash="1A7MPbF3VKhCLJcrvD9o5geRmr2HnuRzvdeWfjQJVH8=" PayloadSize="60964" Path="FeaturesOnDemand\he-il\baseless\Microsoft-Windows-MSPaint-FoD-Package~31bf3856ad364e35~amd64~he-il~.psf" PayloadType="ExpressPSF" />
      </Payload>
    </Package>
    <Package ID="Microsoft-Windows-MSPaint-FoD-Package~31bf3856ad364e35~wow64~he-il~" InstalledSize="64885" Version="10.0.20348.1">
      <SatelliteInfo>
        <ApplyToInfo>
          <ApplyTo Type="arch" Value="wow64" />
          <ApplyTo Type="language" Value="he-IL" />
        </ApplyToInfo>
      </SatelliteInfo>
      <Payload>
        <PayloadItem PayloadHash="IV6LdddIgPBhhSJEWNy7mb9mpqTQq8bDOPG4v/pIqlQ=" PayloadSize="10009" Path="FeaturesOnDemand\he-il\baseless\Microsoft-Windows-MSPaint-FoD-Package~31bf3856ad364e35~wow64~he-il~.cab" PayloadType="ExpressCab" />
        <PayloadItem PayloadHash="jprAHX20k+xGJdbbnNDWnHFJNzwaGpiuakyk8IO26uo=" PayloadSize="61004" Path="FeaturesOnDemand\he-il\baseless\Microsoft-Windows-MSPaint-FoD-Package~31bf3856ad364e35~wow64~he-il~.psf" PayloadType="ExpressPSF" />
      </Payload>
    </Package>
    <Package ID="Microsoft-Windows-NetworkController-Tools-FoD-Package~31bf3856ad364e35~amd64~he-il~" InstalledSize="67768" Version="10.0.20348.1">
      <SatelliteInfo>
        <ApplyToInfo>
          <ApplyTo Type="language" Value="he-IL" />
        </ApplyToInfo>
      </SatelliteInfo>
      <Payload>
        <PayloadItem PayloadHash="HjVxKL4id1nvUf2rTtz04k5EW5heDww2TapD+fRo/V4=" PayloadSize="10485" Path="FeaturesOnDemand\he-il\baseless\Microsoft-Windows-NetworkController-Tools-FoD-Package~31bf3856ad364e35~amd64~he-il~.cab" PayloadType="ExpressCab" />
        <PayloadItem PayloadHash="79zGwbQUZawN6zz0xfjdcN4f3lT9zQ5PQvVJJY2Q/xE=" PayloadSize="70423" Path="FeaturesOnDemand\he-il\baseless\Microsoft-Windows-NetworkController-Tools-FoD-Package~31bf3856ad364e35~amd64~he-il~.psf" PayloadType="ExpressPSF" />
      </Payload>
    </Package>
    <Package ID="Microsoft-Windows-NetworkLoadBalancing-Tools-FoD-Package~31bf3856ad364e35~amd64~he-il~" InstalledSize="234828" Version="10.0.20348.1">
      <SatelliteInfo>
        <ApplyToInfo>
          <ApplyTo Type="language" Value="he-IL" />
        </ApplyToInfo>
      </SatelliteInfo>
      <Payload>
        <PayloadItem PayloadHash="e8cOyhGHv8xDZPnrwFd6jnqU3bwrP9AcqU/jMiMNyYU=" PayloadSize="10573" Path="FeaturesOnDemand\he-il\baseless\Microsoft-Windows-NetworkLoadBalancing-Tools-FoD-Package~31bf3856ad364e35~amd64~he-il~.cab" PayloadType="ExpressCab" />
        <PayloadItem PayloadHash="UVjoPMQwSOK9uHA5dQmgu1fuHO5XmPTT4j1oc3iYRbE=" PayloadSize="89366" Path="FeaturesOnDemand\he-il\baseless\Microsoft-Windows-NetworkLoadBalancing-Tools-FoD-Package~31bf3856ad364e35~amd64~he-il~.psf" PayloadType="ExpressPSF" />
      </Payload>
    </Package>
    <Package ID="Microsoft-Windows-Notepad-FoD-Package~31bf3856ad364e35~amd64~he-il~" InstalledSize="23863" Version="10.0.20348.1">
      <SatelliteInfo>
        <ApplyToInfo>
          <ApplyTo Type="language" Value="he-IL" />
        </ApplyToInfo>
      </SatelliteInfo>
      <Payload>
        <PayloadItem PayloadHash="svR5SzvrjFmyCIAaP1BF1HdDdM9b6bQOO1Em78tsKPQ=" PayloadSize="9997" Path="FeaturesOnDemand\he-il\baseless\Microsoft-Windows-Notepad-FoD-Package~31bf3856ad364e35~amd64~he-il~.cab" PayloadType="ExpressCab" />
        <PayloadItem PayloadHash="aV36XzV794seGAMRRxNehMuBa/keJNvfrwUi0OcaDmI=" PayloadSize="53580" Path="FeaturesOnDemand\he-il\baseless\Microsoft-Windows-Notepad-FoD-Package~31bf3856ad364e35~amd64~he-il~.psf" PayloadType="ExpressPSF" />
      </Payload>
    </Package>
    <Package ID="Microsoft-Windows-Notepad-FoD-Package~31bf3856ad364e35~wow64~he-il~" InstalledSize="11153" Version="10.0.20348.1">
      <SatelliteInfo>
        <ApplyToInfo>
          <ApplyTo Type="arch" Value="wow64" />
          <ApplyTo Type="language" Value="he-IL" />
        </ApplyToInfo>
      </SatelliteInfo>
      <Payload>
        <PayloadItem PayloadHash="65iDzm/LaGOPTdnY2jOOWDs7Hlus3prDDCoZ5oALSxg=" PayloadSize="9785" Path="FeaturesOnDemand\he-il\baseless\Microsoft-Windows-Notepad-FoD-Package~31bf3856ad364e35~wow64~he-il~.cab" PayloadType="ExpressCab" />
        <PayloadItem PayloadHash="yAXeQTjSE0m9n9M54dYfBROTfLR1BR6QAz/pyXASOR0=" PayloadSize="49007" Path="FeaturesOnDemand\he-il\baseless\Microsoft-Windows-Notepad-FoD-Package~31bf3856ad364e35~wow64~he-il~.psf" PayloadType="ExpressPSF" />
      </Payload>
    </Package>
    <Package ID="Microsoft-Windows-PowerShell-ISE-FOD-Package~31bf3856ad364e35~amd64~he-il~" InstalledSize="870602" Version="10.0.20348.1">
      <SatelliteInfo>
        <ApplyToInfo>
          <ApplyTo Type="language" Value="he-IL" />
        </ApplyToInfo>
      </SatelliteInfo>
      <Payload>
        <PayloadItem PayloadHash="i8i34JSd/csEnlUSVPR9hBBa0u+qj5/wkmPmF2iDxCk=" PayloadSize="10867" Path="FeaturesOnDemand\he-il\baseless\Microsoft-Windows-PowerShell-ISE-FOD-Package~31bf3856ad364e35~amd64~he-il~.cab" PayloadType="ExpressCab" />
        <PayloadItem PayloadHash="PDEV8o8LVbHysXufGvyuJcHBIY2+xmAwbcrxAs5xyPo=" PayloadSize="341969" Path="FeaturesOnDemand\he-il\baseless\Microsoft-Windows-PowerShell-ISE-FOD-Package~31bf3856ad364e35~amd64~he-il~.psf" PayloadType="ExpressPSF" />
      </Payload>
    </Package>
    <Package ID="Microsoft-Windows-PowerShell-ISE-FOD-Package~31bf3856ad364e35~wow64~he-il~" InstalledSize="71316" Version="10.0.20348.1">
      <SatelliteInfo>
        <ApplyToInfo>
          <ApplyTo Type="arch" Value="wow64" />
          <ApplyTo Type="language" Value="he-IL" />
        </ApplyToInfo>
      </SatelliteInfo>
      <Payload>
        <PayloadItem PayloadHash="m2PWnN/iP3ujqd7IP/d9MzWhqDCRz3MO1zujggvojlU=" PayloadSize="10029" Path="FeaturesOnDemand\he-il\baseless\Microsoft-Windows-PowerShell-ISE-FOD-Package~31bf3856ad364e35~wow64~he-il~.cab" PayloadType="ExpressCab" />
        <PayloadItem PayloadHash="ObFWYF6l4l54K7NUDGyAa3cy3i1hvgcIyUdudpWFqo4=" PayloadSize="68684" Path="FeaturesOnDemand\he-il\baseless\Microsoft-Windows-PowerShell-ISE-FOD-Package~31bf3856ad364e35~wow64~he-il~.psf" PayloadType="ExpressPSF" />
      </Payload>
    </Package>
    <Package ID="Microsoft-Windows-Printing-PMCPPC-FoD-Package~31bf3856ad364e35~amd64~he-il~" InstalledSize="222129" Version="10.0.20348.1">
      <SatelliteInfo>
        <ApplyToInfo>
          <ApplyTo Type="language" Value="he-IL" />
        </ApplyToInfo>
      </SatelliteInfo>
      <Payload>
        <PayloadItem PayloadHash="rOEmavJ4RN4SZc0tMQ3+f/JMiJvzZVAbPJV7WKve3Lc=" PayloadSize="10261" Path="FeaturesOnDemand\he-il\baseless\Microsoft-Windows-Printing-PMCPPC-FoD-Package~31bf3856ad364e35~amd64~he-il~.cab" PayloadType="ExpressCab" />
        <PayloadItem PayloadHash="vvh3xI0SNDtY6JpivIcGJLviS2HLLaCosv7m2NuA1rI=" PayloadSize="79627" Path="FeaturesOnDemand\he-il\baseless\Microsoft-Windows-Printing-PMCPPC-FoD-Package~31bf3856ad364e35~amd64~he-il~.psf" PayloadType="ExpressPSF" />
      </Payload>
    </Package>
    <Package ID="Microsoft-Windows-Printing-WFS-FoD-Package~31bf3856ad364e35~amd64~he-il~" InstalledSize="471703" Version="10.0.20348.1">
      <SatelliteInfo>
        <ApplyToInfo>
          <ApplyTo Type="language" Value="he-IL" />
        </ApplyToInfo>
      </SatelliteInfo>
      <Payload>
        <PayloadItem PayloadHash="wWlIs/MYwXPlA0Hvtrxzt8NcVL14Avh51wxGHCJhV8o=" PayloadSize="11367" Path="FeaturesOnDemand\he-il\baseless\Microsoft-Windows-Printing-WFS-FoD-Package~31bf3856ad364e35~amd64~he-il~.cab" PayloadType="ExpressCab" />
        <PayloadItem PayloadHash="nIhS6pUi0aKeE9aotZbXklky5MMMnEOnnzrY4N+IWV0=" PayloadSize="179016" Path="FeaturesOnDemand\he-il\baseless\Microsoft-Windows-Printing-WFS-FoD-Package~31bf3856ad364e35~amd64~he-il~.psf" PayloadType="ExpressPSF" />
      </Payload>
    </Package>
    <Package ID="Microsoft-Windows-RasCMAK-Client-Package~31bf3856ad364e35~amd64~he-il~" InstalledSize="266076" Version="10.0.20348.1">
      <SatelliteInfo>
        <ApplyToInfo>
          <ApplyTo Type="language" Value="he-IL" />
        </ApplyToInfo>
      </SatelliteInfo>
      <Payload>
        <PayloadItem PayloadHash="n7N0/nwjPGDNfNvwwn1r8L6CpQeTRujlw5uPnUVOFHc=" PayloadSize="10495" Path="FeaturesOnDemand\he-il\baseless\Microsoft-Windows-RasCMAK-Client-Package~31bf3856ad364e35~amd64~he-il~.cab" PayloadType="ExpressCab" />
        <PayloadItem PayloadHash="Y/3llvum+JFI/mzM9JPhudmROzC3m4U6pgu6prp/oEg=" PayloadSize="121219" Path="FeaturesOnDemand\he-il\baseless\Microsoft-Windows-RasCMAK-Client-Package~31bf3856ad364e35~amd64~he-il~.psf" PayloadType="ExpressPSF" />
      </Payload>
    </Package>
    <Package ID="Microsoft-Windows-RasCMAK-Client-Package~31bf3856ad364e35~wow64~he-il~" InstalledSize="417684" Version="10.0.20348.1">
      <SatelliteInfo>
        <ApplyToInfo>
          <ApplyTo Type="arch" Value="wow64" />
          <ApplyTo Type="language" Value="he-IL" />
        </ApplyToInfo>
      </SatelliteInfo>
      <Payload>
        <PayloadItem PayloadHash="6IabWuXntP3u6EHFyw9EDDPL+5evN19uldtQA6KEYdI=" PayloadSize="10621" Path="FeaturesOnDemand\he-il\baseless\Microsoft-Windows-RasCMAK-Client-Package~31bf3856ad364e35~wow64~he-il~.cab" PayloadType="ExpressCab" />
        <PayloadItem PayloadHash="tUsKRJyqPmHP7rH01MlMfksrSVFeEffHIkymVKGmoas=" PayloadSize="322553" Path="FeaturesOnDemand\he-il\baseless\Microsoft-Windows-RasCMAK-Client-Package~31bf3856ad364e35~wow64~he-il~.psf" PayloadType="ExpressPSF" />
      </Payload>
    </Package>
    <Package ID="Microsoft-Windows-RasRip-Package~31bf3856ad364e35~amd64~he-il~" InstalledSize="25222" Version="10.0.20348.1">
      <SatelliteInfo>
        <ApplyToInfo>
          <ApplyTo Type="language" Value="he-IL" />
        </ApplyToInfo>
      </SatelliteInfo>
      <Payload>
        <PayloadItem PayloadHash="BeEmGo8TzWaW4tNq2e/mFz7PGEcdx79Nx+LQsG3DqYg=" PayloadSize="10031" Path="FeaturesOnDemand\he-il\baseless\Microsoft-Windows-RasRip-Package~31bf3856ad364e35~amd64~he-il~.cab" PayloadType="ExpressCab" />
        <PayloadItem PayloadHash="W4ec/lwIpCG3hNn7j8PuhZVeegLLnAFyyIWOD+HqMUk=" PayloadSize="52447" Path="FeaturesOnDemand\he-il\baseless\Microsoft-Windows-RasRip-Package~31bf3856ad364e35~amd64~he-il~.psf" PayloadType="ExpressPSF" />
      </Payload>
    </Package>
    <Package ID="Microsoft-Windows-RemoteAccess-Management-Tools-FoD-Package~31bf3856ad364e35~amd64~he-il~" InstalledSize="18531042" Version="10.0.20348.1">
      <SatelliteInfo>
        <ApplyToInfo>
          <ApplyTo Type="language" Value="he-IL" />
        </ApplyToInfo>
      </SatelliteInfo>
      <Payload>
        <PayloadItem PayloadHash="IOM3gdroYaOu2b1btsR93ltVMqoV5H9hBXOSDOeWI00=" PayloadSize="12781" Path="FeaturesOnDemand\he-il\baseless\Microsoft-Windows-RemoteAccess-Management-Tools-FoD-Package~31bf3856ad364e35~amd64~he-il~.cab" PayloadType="ExpressCab" />
        <PayloadItem PayloadHash="ehOifVQ5jVZN1RJTinsEmytdGW7JX0/Y2hyYbbuFghk=" PayloadSize="3387597" Path="FeaturesOnDemand\he-il\baseless\Microsoft-Windows-RemoteAccess-Management-Tools-FoD-Package~31bf3856ad364e35~amd64~he-il~.psf" PayloadType="ExpressPSF" />
      </Payload>
    </Package>
    <Package ID="Microsoft-Windows-RemoteAccess-Management-Tools-FoD-Package~31bf3856ad364e35~wow64~he-il~" InstalledSize="12628" Version="10.0.20348.1">
      <SatelliteInfo>
        <ApplyToInfo>
          <ApplyTo Type="arch" Value="wow64" />
          <ApplyTo Type="language" Value="he-IL" />
        </ApplyToInfo>
      </SatelliteInfo>
      <Payload>
        <PayloadItem PayloadHash="FMBr+DfxrkQeKa5c70Wfe9TFQVWB5Xxstq+L/fjq4sc=" PayloadSize="9895" Path="FeaturesOnDemand\he-il\baseless\Microsoft-Windows-RemoteAccess-Management-Tools-FoD-Package~31bf3856ad364e35~wow64~he-il~.cab" PayloadType="ExpressCab" />
        <PayloadItem PayloadHash="ZCEeESXH4SiBuU9XpmU9j8sEWKZwwVUo40gsXg/Bi94=" PayloadSize="49715" Path="FeaturesOnDemand\he-il\baseless\Microsoft-Windows-RemoteAccess-Management-Tools-FoD-Package~31bf3856ad364e35~wow64~he-il~.psf" PayloadType="ExpressPSF" />
      </Payload>
    </Package>
    <Package ID="Microsoft-Windows-RemoteDesktop-Services-Tools-FoD-Package~31bf3856ad364e35~amd64~he-il~" InstalledSize="1500102" Version="10.0.20348.1">
      <SatelliteInfo>
        <ApplyToInfo>
          <ApplyTo Type="language" Value="he-IL" />
        </ApplyToInfo>
      </SatelliteInfo>
      <Payload>
        <PayloadItem PayloadHash="5F1OtcWdeAwEhbRsXRIDO9rTxTbyBGZCvdxeyftgnPc=" PayloadSize="11697" Path="FeaturesOnDemand\he-il\baseless\Microsoft-Windows-RemoteDesktop-Services-Tools-FoD-Package~31bf3856ad364e35~amd64~he-il~.cab" PayloadType="ExpressCab" />
        <PayloadItem PayloadHash="WqRTYJX3PaQzgRCs+qwP4nTQ8pDTtTzQRXIIiyWD9ck=" PayloadSize="288579" Path="FeaturesOnDemand\he-il\baseless\Microsoft-Windows-RemoteDesktop-Services-Tools-FoD-Package~31bf3856ad364e35~amd64~he-il~.psf" PayloadType="ExpressPSF" />
      </Payload>
    </Package>
    <Package ID="Microsoft-Windows-Server-AppCompat-FoD-Package~31bf3856ad364e35~amd64~he-il~" InstalledSize="28196735" Version="10.0.20348.1">
      <SatelliteInfo>
        <ApplyToInfo>
          <ApplyTo Type="language" Value="he-IL" />
        </ApplyToInfo>
      </SatelliteInfo>
      <Payload>
        <PayloadItem PayloadHash="5Z093bSl5KgI/BmERtBVBnVSu9t/XbXhKdWKvrmcui4=" PayloadSize="73921" Path="FeaturesOnDemand\he-il\baseless\Microsoft-Windows-Server-AppCompat-FoD-Package~31bf3856ad364e35~amd64~he-il~.cab" PayloadType="ExpressCab" />
        <PayloadItem PayloadHash="RL3ysZko3WZZDg4xDtFVRjrt0LL5+t+Gpgg1Rm+aavA=" PayloadSize="7409869" Path="FeaturesOnDemand\he-il\baseless\Microsoft-Windows-Server-AppCompat-FoD-Package~31bf3856ad364e35~amd64~he-il~.psf" PayloadType="ExpressPSF" />
      </Payload>
    </Package>
    <Package ID="Microsoft-Windows-ServerManager-Tools-FoD-Package~31bf3856ad364e35~amd64~he-il~" InstalledSize="10870639" Version="10.0.20348.1">
      <SatelliteInfo>
        <ApplyToInfo>
          <ApplyTo Type="language" Value="he-IL" />
        </ApplyToInfo>
      </SatelliteInfo>
      <Payload>
        <PayloadItem PayloadHash="NWcxIbe7aOoV2oNbIw7xdJ1TjmBRezjC+NdsSBtYyGI=" PayloadSize="23227" Path="FeaturesOnDemand\he-il\baseless\Microsoft-Windows-ServerManager-Tools-FoD-Package~31bf3856ad364e35~amd64~he-il~.cab" PayloadType="ExpressCab" />
        <PayloadItem PayloadHash="JCukhzp+hzrns+pWorNX8Y44jJQBteIdI7RTzfwYVh0=" PayloadSize="2159818" Path="FeaturesOnDemand\he-il\baseless\Microsoft-Windows-ServerManager-Tools-FoD-Package~31bf3856ad364e35~amd64~he-il~.psf" PayloadType="ExpressPSF" />
      </Payload>
    </Package>
    <Package ID="Microsoft-Windows-ServerManager-Tools-FoD-Package~31bf3856ad364e35~wow64~he-il~" InstalledSize="1133128" Version="10.0.20348.1">
      <SatelliteInfo>
        <ApplyToInfo>
          <ApplyTo Type="arch" Value="wow64" />
          <ApplyTo Type="language" Value="he-IL" />
        </ApplyToInfo>
      </SatelliteInfo>
      <Payload>
        <PayloadItem PayloadHash="o3qhDoJcC4z8E7vDS7Ou7u/WDQTV+NmFRYWMflm2jZQ=" PayloadSize="10779" Path="FeaturesOnDemand\he-il\baseless\Microsoft-Windows-ServerManager-Tools-FoD-Package~31bf3856ad364e35~wow64~he-il~.cab" PayloadType="ExpressCab" />
        <PayloadItem PayloadHash="gn9yXQNX1yZEox67Wwgf8t2c1pTTj/MlOkDFSQ6BJpw=" PayloadSize="334972" Path="FeaturesOnDemand\he-il\baseless\Microsoft-Windows-ServerManager-Tools-FoD-Package~31bf3856ad364e35~wow64~he-il~.psf" PayloadType="ExpressPSF" />
      </Payload>
    </Package>
    <Package ID="Microsoft-Windows-Shielded-VM-Tools-FoD-Package~31bf3856ad364e35~amd64~he-il~" InstalledSize="354718" Version="10.0.20348.1">
      <SatelliteInfo>
        <ApplyToInfo>
          <ApplyTo Type="language" Value="he-IL" />
        </ApplyToInfo>
      </SatelliteInfo>
      <Payload>
        <PayloadItem PayloadHash="g9pYCiasTMWa12oEuHNuXxibYw84ecgTYaXFPuumx7A=" PayloadSize="14175" Path="FeaturesOnDemand\he-il\baseless\Microsoft-Windows-Shielded-VM-Tools-FoD-Package~31bf3856ad364e35~amd64~he-il~.cab" PayloadType="ExpressCab" />
        <PayloadItem PayloadHash="nOa/PXz2kXZWkRPS888Yo0nK3hFqndzCLh4uFm2kBXo=" PayloadSize="155643" Path="FeaturesOnDemand\he-il\baseless\Microsoft-Windows-Shielded-VM-Tools-FoD-Package~31bf3856ad364e35~amd64~he-il~.psf" PayloadType="ExpressPSF" />
      </Payload>
    </Package>
    <Package ID="Microsoft-Windows-SNMP-Client-Package~31bf3856ad364e35~amd64~he-il~" InstalledSize="140751" Version="10.0.20348.1">
      <SatelliteInfo>
        <ApplyToInfo>
          <ApplyTo Type="language" Value="he-IL" />
        </ApplyToInfo>
      </SatelliteInfo>
      <Payload>
        <PayloadItem PayloadHash="/tyHD+NxMWoLeZRKBtok/MGL1eNjQavJNUVz7Qcu5HA=" PayloadSize="11621" Path="FeaturesOnDemand\he-il\baseless\Microsoft-Windows-SNMP-Client-Package~31bf3856ad364e35~amd64~he-il~.cab" PayloadType="ExpressCab" />
        <PayloadItem PayloadHash="0NLb+8LHj7fO71w8NVeoal6Vu6vbVCF1d0mCU/sGAh0=" PayloadSize="91258" Path="FeaturesOnDemand\he-il\baseless\Microsoft-Windows-SNMP-Client-Package~31bf3856ad364e35~amd64~he-il~.psf" PayloadType="ExpressPSF" />
      </Payload>
    </Package>
    <Package ID="Microsoft-Windows-SNMP-Client-Package~31bf3856ad364e35~wow64~he-il~" InstalledSize="140956" Version="10.0.20348.1">
      <SatelliteInfo>
        <ApplyToInfo>
          <ApplyTo Type="arch" Value="wow64" />
          <ApplyTo Type="language" Value="he-IL" />
        </ApplyToInfo>
      </SatelliteInfo>
      <Payload>
        <PayloadItem PayloadHash="7uo0C48HqyNS0/fkUWf1fFqJhkYHLsgkWtOIlc95O+U=" PayloadSize="11653" Path="FeaturesOnDemand\he-il\baseless\Microsoft-Windows-SNMP-Client-Package~31bf3856ad364e35~wow64~he-il~.cab" PayloadType="ExpressCab" />
        <PayloadItem PayloadHash="2sqRg9oYEPictueE2d8YS09d62qUmYDi/H/5yqSJkN4=" PayloadSize="91384" Path="FeaturesOnDemand\he-il\baseless\Microsoft-Windows-SNMP-Client-Package~31bf3856ad364e35~wow64~he-il~.psf" PayloadType="ExpressPSF" />
      </Payload>
    </Package>
    <Package ID="Microsoft-Windows-StepsRecorder-Package~31bf3856ad364e35~amd64~he-il~" InstalledSize="23140" Version="10.0.20348.1">
      <SatelliteInfo>
        <ApplyToInfo>
          <ApplyTo Type="language" Value="he-IL" />
        </ApplyToInfo>
      </SatelliteInfo>
      <Payload>
        <PayloadItem PayloadHash="2mUejwhuRmx2eHWFkCSI1xT6swRZJAYHx1YtWXSUe0M=" PayloadSize="10029" Path="FeaturesOnDemand\he-il\baseless\Microsoft-Windows-StepsRecorder-Package~31bf3856ad364e35~amd64~he-il~.cab" PayloadType="ExpressCab" />
        <PayloadItem PayloadHash="m/1dfsShox2pRMuYdzn0HQFmV3rjFXvvEC2j/o57plM=" PayloadSize="53049" Path="FeaturesOnDemand\he-il\baseless\Microsoft-Windows-StepsRecorder-Package~31bf3856ad364e35~amd64~he-il~.psf" PayloadType="ExpressPSF" />
      </Payload>
    </Package>
    <Package ID="Microsoft-Windows-StepsRecorder-Package~31bf3856ad364e35~wow64~he-il~" InstalledSize="11396" Version="10.0.20348.1">
      <SatelliteInfo>
        <ApplyToInfo>
          <ApplyTo Type="arch" Value="wow64" />
          <ApplyTo Type="language" Value="he-IL" />
        </ApplyToInfo>
      </SatelliteInfo>
      <Payload>
        <PayloadItem PayloadHash="ikKFMMeCVcQhfAM5JI6YtV+zRcQxtIMZCIxy/LWt9/0=" PayloadSize="9807" Path="FeaturesOnDemand\he-il\baseless\Microsoft-Windows-StepsRecorder-Package~31bf3856ad364e35~wow64~he-il~.cab" PayloadType="ExpressCab" />
        <PayloadItem PayloadHash="SZxTnWP03ni8Nc8dZWSx01Hjby2yRa9B9+jh47uVhyQ=" PayloadSize="49079" Path="FeaturesOnDemand\he-il\baseless\Microsoft-Windows-StepsRecorder-Package~31bf3856ad364e35~wow64~he-il~.psf" PayloadType="ExpressPSF" />
      </Payload>
    </Package>
    <Package ID="Microsoft-Windows-StorageManagement-FoD-Package~31bf3856ad364e35~amd64~he-il~" InstalledSize="1638407" Version="10.0.20348.1">
      <SatelliteInfo>
        <ApplyToInfo>
          <ApplyTo Type="language" Value="he-IL" />
        </ApplyToInfo>
      </SatelliteInfo>
      <Payload>
        <PayloadItem PayloadHash="5XXLIByn+EyDbFXVIa5v9ffU5f/1F8bP/ZuwVRFhjG4=" PayloadSize="11867" Path="FeaturesOnDemand\he-il\baseless\Microsoft-Windows-StorageManagement-FoD-Package~31bf3856ad364e35~amd64~he-il~.cab" PayloadType="ExpressCab" />
        <PayloadItem PayloadHash="FsKgYuF2wRpHWDM5rWSR5mEyMoWOwOyAYagPmrz6lGc=" PayloadSize="185101" Path="FeaturesOnDemand\he-il\baseless\Microsoft-Windows-StorageManagement-FoD-Package~31bf3856ad364e35~amd64~he-il~.psf" PayloadType="ExpressPSF" />
      </Payload>
    </Package>
    <Package ID="Microsoft-Windows-StorageManagement-FoD-Package~31bf3856ad364e35~wow64~he-il~" InstalledSize="1084282" Version="10.0.20348.1">
      <SatelliteInfo>
        <ApplyToInfo>
          <ApplyTo Type="arch" Value="wow64" />
          <ApplyTo Type="language" Value="he-IL" />
        </ApplyToInfo>
      </SatelliteInfo>
      <Payload>
        <PayloadItem PayloadHash="rS/HX3+RwNCdl6Ge4CtSqWhcpj0CBVzlF7SYxgzDQFM=" PayloadSize="10647" Path="FeaturesOnDemand\he-il\baseless\Microsoft-Windows-StorageManagement-FoD-Package~31bf3856ad364e35~wow64~he-il~.cab" PayloadType="ExpressCab" />
        <PayloadItem PayloadHash="UePI7tzjmqJvUgYg4rb9eHrUMe8uUj+6RcmvfeJaDlc=" PayloadSize="108814" Path="FeaturesOnDemand\he-il\baseless\Microsoft-Windows-StorageManagement-FoD-Package~31bf3856ad364e35~wow64~he-il~.psf" PayloadType="ExpressPSF" />
      </Payload>
    </Package>
    <Package ID="Microsoft-Windows-StorageMigrationService-Management-Tools-FOD-Package~31bf3856ad364e35~amd64~he-il~" InstalledSize="76408" Version="10.0.20348.1">
      <SatelliteInfo>
        <ApplyToInfo>
          <ApplyTo Type="language" Value="he-IL" />
        </ApplyToInfo>
      </SatelliteInfo>
      <Payload>
        <PayloadItem PayloadHash="aCoSNcB0kUXEkRl/bOr6/rsH18czh4S1gEBuu/Ai8Ns=" PayloadSize="10301" Path="FeaturesOnDemand\he-il\baseless\Microsoft-Windows-StorageMigrationService-Management-Tools-FOD-Package~31bf3856ad364e35~amd64~he-il~.cab" PayloadType="ExpressCab" />
        <PayloadItem PayloadHash="fNJKYqnLGUvi6AfmzRtJdqK9a77SMoPX3plzT1fHIsI=" PayloadSize="68578" Path="FeaturesOnDemand\he-il\baseless\Microsoft-Windows-StorageMigrationService-Management-Tools-FOD-Package~31bf3856ad364e35~amd64~he-il~.psf" PayloadType="ExpressPSF" />
      </Payload>
    </Package>
    <Package ID="Microsoft-Windows-StorageReplica-Tools-FoD-Package~31bf3856ad364e35~amd64~he-il~" InstalledSize="396561" Version="10.0.20348.1">
      <SatelliteInfo>
        <ApplyToInfo>
          <ApplyTo Type="language" Value="he-IL" />
        </ApplyToInfo>
      </SatelliteInfo>
      <Payload>
        <PayloadItem PayloadHash="JDPY7LML5yDruf6gx7mJtne+5bTBtp0iosQlWAGvLHI=" PayloadSize="10613" Path="FeaturesOnDemand\he-il\baseless\Microsoft-Windows-StorageReplica-Tools-FoD-Package~31bf3856ad364e35~amd64~he-il~.cab" PayloadType="ExpressCab" />
        <PayloadItem PayloadHash="Mh5Iqa/DWhvqgrq6crCkF1ejmZUY27WSodCmxF5TZuU=" PayloadSize="107093" Path="FeaturesOnDemand\he-il\baseless\Microsoft-Windows-StorageReplica-Tools-FoD-Package~31bf3856ad364e35~amd64~he-il~.psf" PayloadType="ExpressPSF" />
      </Payload>
    </Package>
    <Package ID="Microsoft-Windows-SystemInsights-Management-Tools-FOD-Package~31bf3856ad364e35~amd64~he-il~" InstalledSize="39444" Version="10.0.20348.1">
      <SatelliteInfo>
        <ApplyToInfo>
          <ApplyTo Type="language" Value="he-IL" />
        </ApplyToInfo>
      </SatelliteInfo>
      <Payload>
        <PayloadItem PayloadHash="JS82okdXQZiXPDWaMmXRQOvSBqE5m1JNLk3swg2I6Kg=" PayloadSize="10273" Path="FeaturesOnDemand\he-il\baseless\Microsoft-Windows-SystemInsights-Management-Tools-FOD-Package~31bf3856ad364e35~amd64~he-il~.cab" PayloadType="ExpressCab" />
        <PayloadItem PayloadHash="0lqes18rBMhmMhPvXdMa8ElgZytKg1MJMRbYxl9W3EA=" PayloadSize="60998" Path="FeaturesOnDemand\he-il\baseless\Microsoft-Windows-SystemInsights-Management-Tools-FOD-Package~31bf3856ad364e35~amd64~he-il~.psf" PayloadType="ExpressPSF" />
      </Payload>
    </Package>
    <Package ID="Microsoft-Windows-VolumeActivation-Tools-FoD-Package~31bf3856ad364e35~amd64~he-il~" InstalledSize="222963" Version="10.0.20348.1">
      <SatelliteInfo>
        <ApplyToInfo>
          <ApplyTo Type="language" Value="he-IL" />
        </ApplyToInfo>
      </SatelliteInfo>
      <Payload>
        <PayloadItem PayloadHash="wQNlM8w1nNDL7tC0FKMc8gr1RIxY7V+Ll01LILoq3VM=" PayloadSize="10163" Path="FeaturesOnDemand\he-il\baseless\Microsoft-Windows-VolumeActivation-Tools-FoD-Package~31bf3856ad364e35~amd64~he-il~.cab" PayloadType="ExpressCab" />
        <PayloadItem PayloadHash="bRoVULt7aJFFaDS9SqpqNqnHIWk/rn+Gu68jKEgrZh8=" PayloadSize="171477" Path="FeaturesOnDemand\he-il\baseless\Microsoft-Windows-VolumeActivation-Tools-FoD-Package~31bf3856ad364e35~amd64~he-il~.psf" PayloadType="ExpressPSF" />
      </Payload>
    </Package>
    <Package ID="Microsoft-Windows-WirelessDisplay-FOD-Package~31bf3856ad364e35~amd64~he-il~" InstalledSize="34934" Version="10.0.20348.1">
      <SatelliteInfo>
        <ApplyToInfo>
          <ApplyTo Type="language" Value="he-IL" />
        </ApplyToInfo>
      </SatelliteInfo>
      <Payload>
        <PayloadItem PayloadHash="DcxyJF5PMav1+g9J/VEQNN2OlKbSVZ+oUoHseJ0gmkY=" PayloadSize="10269" Path="FeaturesOnDemand\he-il\baseless\Microsoft-Windows-WirelessDisplay-FOD-Package~31bf3856ad364e35~amd64~he-il~.cab" PayloadType="ExpressCab" />
        <PayloadItem PayloadHash="qiGeGfswIsHIQ0CudHc1pbpf99wC10wVJ+rqbmfmwCg=" PayloadSize="61344" Path="FeaturesOnDemand\he-il\baseless\Microsoft-Windows-WirelessDisplay-FOD-Package~31bf3856ad364e35~amd64~he-il~.psf" PayloadType="ExpressPSF" />
      </Payload>
    </Package>
    <Package ID="Microsoft-Windows-WMI-SNMP-Provider-Client-Package~31bf3856ad364e35~amd64~he-il~" InstalledSize="53215" Version="10.0.20348.1">
      <SatelliteInfo>
        <ApplyToInfo>
          <ApplyTo Type="language" Value="he-IL" />
        </ApplyToInfo>
      </SatelliteInfo>
      <Payload>
        <PayloadItem PayloadHash="8CSz+ESDIm/yD2mXfUjVo9ICXgIv7USS4xE7EgmqtRw=" PayloadSize="10599" Path="FeaturesOnDemand\he-il\baseless\Microsoft-Windows-WMI-SNMP-Provider-Client-Package~31bf3856ad364e35~amd64~he-il~.cab" PayloadType="ExpressCab" />
        <PayloadItem PayloadHash="Q/tQvD/agjnLzvtQYSbG01HXmWqL96lt+4qE1TTQFz8=" PayloadSize="64645" Path="FeaturesOnDemand\he-il\baseless\Microsoft-Windows-WMI-SNMP-Provider-Client-Package~31bf3856ad364e35~amd64~he-il~.psf" PayloadType="ExpressPSF" />
      </Payload>
    </Package>
    <Package ID="Microsoft-Windows-WMI-SNMP-Provider-Client-Package~31bf3856ad364e35~wow64~he-il~" InstalledSize="53331" Version="10.0.20348.1">
      <SatelliteInfo>
        <ApplyToInfo>
          <ApplyTo Type="arch" Value="wow64" />
          <ApplyTo Type="language" Value="he-IL" />
        </ApplyToInfo>
      </SatelliteInfo>
      <Payload>
        <PayloadItem PayloadHash="nus928V6Ws9zyQpsrAJcNtCk7FeCDeb52097oXH+5PM=" PayloadSize="10593" Path="FeaturesOnDemand\he-il\baseless\Microsoft-Windows-WMI-SNMP-Provider-Client-Package~31bf3856ad364e35~wow64~he-il~.cab" PayloadType="ExpressCab" />
        <PayloadItem PayloadHash="ucB90oqp7BcwsdD+DsSOVfM4DpCdliFnk5kr7pWnwVQ=" PayloadSize="64696" Path="FeaturesOnDemand\he-il\baseless\Microsoft-Windows-WMI-SNMP-Provider-Client-Package~31bf3856ad364e35~wow64~he-il~.psf" PayloadType="ExpressPSF" />
      </Payload>
    </Package>
    <Package ID="Microsoft-Windows-WordPad-FoD-Package~31bf3856ad364e35~amd64~he-il~" InstalledSize="878900" Version="10.0.20348.1">
      <SatelliteInfo>
        <ApplyToInfo>
          <ApplyTo Type="language" Value="he-IL" />
        </ApplyToInfo>
      </SatelliteInfo>
      <Payload>
        <PayloadItem PayloadHash="xSkScva/gx8vUMQsHeCYWRQyxuwYmAW4XM+XKbDHGB8=" PayloadSize="9987" Path="FeaturesOnDemand\he-il\baseless\Microsoft-Windows-WordPad-FoD-Package~31bf3856ad364e35~amd64~he-il~.cab" PayloadType="ExpressCab" />
        <PayloadItem PayloadHash="vHPlGeRAzkUgSS/NmS5EJGRK/flAywNbndtk2z3rg4U=" PayloadSize="71412" Path="FeaturesOnDemand\he-il\baseless\Microsoft-Windows-WordPad-FoD-Package~31bf3856ad364e35~amd64~he-il~.psf" PayloadType="ExpressPSF" />
      </Payload>
    </Package>
    <Package ID="Microsoft-Windows-WordPad-FoD-Package~31bf3856ad364e35~wow64~he-il~" InstalledSize="878974" Version="10.0.20348.1">
      <SatelliteInfo>
        <ApplyToInfo>
          <ApplyTo Type="arch" Value="wow64" />
          <ApplyTo Type="language" Value="he-IL" />
        </ApplyToInfo>
      </SatelliteInfo>
      <Payload>
        <PayloadItem PayloadHash="v5FERyRwLfGCdv+iCcJNFaNgHxws5cxE0xjy5xoG8t8=" PayloadSize="10009" Path="FeaturesOnDemand\he-il\baseless\Microsoft-Windows-WordPad-FoD-Package~31bf3856ad364e35~wow64~he-il~.cab" PayloadType="ExpressCab" />
        <PayloadItem PayloadHash="ASsjy41bLgeHo6bO9yNFCM9ZFlZnJTEM8mBhz7OV/dk=" PayloadSize="71450" Path="FeaturesOnDemand\he-il\baseless\Microsoft-Windows-WordPad-FoD-Package~31bf3856ad364e35~wow64~he-il~.psf" PayloadType="ExpressPSF" />
      </Payload>
    </Package>
    <Package ID="Microsoft-Windows-WSUS-Tools-FoD-Package~31bf3856ad364e35~amd64~he-il~" InstalledSize="2921274" Version="10.0.20348.1">
      <SatelliteInfo>
        <ApplyToInfo>
          <ApplyTo Type="language" Value="he-IL" />
        </ApplyToInfo>
      </SatelliteInfo>
      <Payload>
        <PayloadItem PayloadHash="h+BL0kldgtWuevlGP0/7rmGJ647QRd01Q/4ewZmX1eo=" PayloadSize="11125" Path="FeaturesOnDemand\he-il\baseless\Microsoft-Windows-WSUS-Tools-FoD-Package~31bf3856ad364e35~amd64~he-il~.cab" PayloadType="ExpressCab" />
        <PayloadItem PayloadHash="WKnwSFFx8mmMB8zJ/pr+aoQCnxXin/c29d33E5L9vpI=" PayloadSize="384722" Path="FeaturesOnDemand\he-il\baseless\Microsoft-Windows-WSUS-Tools-FoD-Package~31bf3856ad364e35~amd64~he-il~.psf" PayloadType="ExpressPSF" />
      </Payload>
    </Package>
  </Packages>
  <ValuePair />
</CompDB>