<?xml version="1.0" encoding="utf-8"?>
<CompDB xmlns:xsi="http://www.w3.org/2001/XMLSchema-instance" xmlns:xsd="http://www.w3.org/2001/XMLSchema" CreatedDate="2021-05-08T13:52:42.6541722Z" Revision="1" SchemaVersion="1.2" Product="Server" BuildID="cba57a24-14e8-e0d9-3b38-ce9d5f1c983e" BuildInfo="fe_release.20348.1.210507-1500" OSVersion="10.0.20348.1" BuildArch="amd64" ReleaseType="Production" Type="Baseless" Name="Baseless~amd64~Server~~ja-jp" xmlns="http://schemas.microsoft.com/embedded/2004/10/ImageUpdate">
  <Tags Type="Language">
    <Tag Name="Language" Value="ja-jp" />
    <Tag Name="UpdateType" Value="Baseless" />
  </Tags>
  <Features>
    <Feature Type="LanguagePack" FeatureID="Language.UI.Server~ja-jp" FMID="MSDL" Group="Microsoft">
      <Packages>
        <Package ID="Microsoft-Windows-Server-LanguagePack-Package_ja-jp~31bf3856ad364e35~amd64~ja-jp~" PackageType="FeaturePackage" />
      </Packages>
    </Feature>
    <Feature Type="OnDemandFeature" FeatureID="Rsat.AzureStack.HCI.Management.Tools~~1.0" FMID="MSDN" Group="Microsoft">
      <Packages>
        <Package ID="Microsoft-AzureStack-HCI-Management-Tools-FOD-Package~31bf3856ad364e35~amd64~ja-jp~" PackageType="SatellitePackage" />
      </Packages>
    </Feature>
    <Feature Type="OnDemandFeature" FeatureID="Microsoft.Onecore.StorageManagement~~1.0" FMID="MSDN" Group="Microsoft">
      <Packages>
        <Package ID="Microsoft-OneCore-StorageManagement-FoD-Package~31bf3856ad364e35~amd64~ja-jp~" PackageType="SatellitePackage" />
        <Package ID="Microsoft-OneCore-StorageManagement-FoD-Package~31bf3856ad364e35~wow64~ja-jp~" PackageType="SatellitePackage" />
      </Packages>
    </Feature>
    <Feature Type="OnDemandFeature" FeatureID="Rsat.ActiveDirectory.DS-LDS.Tools~~1.0" FMID="MSDN" Group="Microsoft">
      <Dependencies>
        <Feature FeatureID="Rsat.ServerManager.Tools~~1.0" />
      </Dependencies>
      <Packages>
        <Package ID="Microsoft-Windows-ActiveDirectory-DS-LDS-Tools-FoD-Package~31bf3856ad364e35~amd64~ja-jp~" PackageType="SatellitePackage" />
        <Package ID="Microsoft-Windows-ActiveDirectory-DS-LDS-Tools-FoD-Package~31bf3856ad364e35~wow64~ja-jp~" PackageType="SatellitePackage" />
      </Packages>
    </Feature>
    <Feature Type="OnDemandFeature" FeatureID="Rsat.BitLocker.Recovery.Tools~~1.0" FMID="MSDN" Group="Microsoft">
      <Dependencies>
        <Feature FeatureID="Rsat.ActiveDirectory.DS-LDS.Tools~~1.0" />
      </Dependencies>
      <Packages>
        <Package ID="Microsoft-Windows-BitLocker-Recovery-Tools-FoD-Package~31bf3856ad364e35~amd64~ja-jp~" PackageType="SatellitePackage" />
      </Packages>
    </Feature>
    <Feature Type="OnDemandFeature" FeatureID="Rsat.CertificateServices.Tools~~1.0" FMID="MSDN" Group="Microsoft">
      <Packages>
        <Package ID="Microsoft-Windows-CertificateServices-Tools-FoD-Package~31bf3856ad364e35~amd64~ja-jp~" PackageType="SatellitePackage" />
      </Packages>
    </Feature>
    <Feature Type="OnDemandFeature" FeatureID="Microsoft.Composition.Test~~1.0" FMID="MSDN" Group="Microsoft">
      <Packages>
        <Package ID="Microsoft-Windows-Composition-Test-FOD-Package~31bf3856ad364e35~amd64~ja-jp~" PackageType="SatellitePackage" />
        <Package ID="Microsoft-Windows-Composition-Test-FOD-Package~31bf3856ad364e35~wow64~ja-jp~" PackageType="SatellitePackage" />
      </Packages>
    </Feature>
    <Feature Type="OnDemandFeature" FeatureID="Rsat.DHCP.Tools~~1.0" FMID="MSDN" Group="Microsoft">
      <Packages>
        <Package ID="Microsoft-Windows-DHCP-Tools-FoD-Package~31bf3856ad364e35~amd64~ja-jp~" PackageType="SatellitePackage" />
        <Package ID="Microsoft-Windows-DHCP-Tools-FoD-Package~31bf3856ad364e35~wow64~ja-jp~" PackageType="SatellitePackage" />
      </Packages>
    </Feature>
    <Feature Type="OnDemandFeature" FeatureID="Rsat.Dns.Tools~~1.0" FMID="MSDN" Group="Microsoft">
      <Packages>
        <Package ID="Microsoft-Windows-DNS-Tools-FoD-Package~31bf3856ad364e35~amd64~ja-jp~" PackageType="SatellitePackage" />
        <Package ID="Microsoft-Windows-DNS-Tools-FoD-Package~31bf3856ad364e35~wow64~ja-jp~" PackageType="SatellitePackage" />
      </Packages>
    </Feature>
    <Feature Type="OnDemandFeature" FeatureID="Windows.Desktop.EMS-SAC.Tools~~1.0" FMID="MSDN" Group="Microsoft">
      <Packages>
        <Package ID="Microsoft-Windows-EMS-SAC-Desktop-Tools-FoD-Package~31bf3856ad364e35~amd64~ja-jp~" PackageType="SatellitePackage" />
      </Packages>
    </Feature>
    <Feature Type="OnDemandFeature" FeatureID="Rsat.FailoverCluster.Management.Tools~~1.0" FMID="MSDN" Group="Microsoft">
      <Dependencies>
        <Feature FeatureID="Rsat.FileServices.Tools~~1.0" />
      </Dependencies>
      <Packages>
        <Package ID="Microsoft-Windows-FailoverCluster-Management-Tools-FOD-Package~31bf3856ad364e35~amd64~ja-jp~" PackageType="SatellitePackage" />
        <Package ID="Microsoft-Windows-FailoverCluster-Management-Tools-FOD-Package~31bf3856ad364e35~wow64~ja-jp~" PackageType="SatellitePackage" />
      </Packages>
    </Feature>
    <Feature Type="OnDemandFeature" FeatureID="Rsat.FileServices.Tools~~1.0" FMID="MSDN" Group="Microsoft">
      <Dependencies>
        <Feature FeatureID="Rsat.ServerManager.Tools~~1.0" />
      </Dependencies>
      <Packages>
        <Package ID="Microsoft-Windows-FileServices-Tools-FoD-Package~31bf3856ad364e35~amd64~ja-jp~" PackageType="SatellitePackage" />
        <Package ID="Microsoft-Windows-FileServices-Tools-FoD-Package~31bf3856ad364e35~wow64~ja-jp~" PackageType="SatellitePackage" />
      </Packages>
    </Feature>
    <Feature Type="OnDemandFeature" FeatureID="Rsat.GroupPolicy.Management.Tools~~1.0" FMID="MSDN" Group="Microsoft">
      <Packages>
        <Package ID="Microsoft-Windows-GroupPolicy-Management-Tools-FoD-Package~31bf3856ad364e35~amd64~ja-jp~" PackageType="SatellitePackage" />
        <Package ID="Microsoft-Windows-GroupPolicy-Management-Tools-FoD-Package~31bf3856ad364e35~wow64~ja-jp~" PackageType="SatellitePackage" />
      </Packages>
    </Feature>
    <Feature Type="OnDemandFeature" FeatureID="Rsat.IPAM.Client.Tools~~1.0" FMID="MSDN" Group="Microsoft">
      <Dependencies>
        <Feature FeatureID="Rsat.ServerManager.Tools~~1.0" />
      </Dependencies>
      <Packages>
        <Package ID="Microsoft-Windows-IPAM-Client-FoD-Package~31bf3856ad364e35~amd64~ja-jp~" PackageType="SatellitePackage" />
        <Package ID="Microsoft-Windows-IPAM-Client-FoD-Package~31bf3856ad364e35~wow64~ja-jp~" PackageType="SatellitePackage" />
      </Packages>
    </Feature>
    <Feature Type="OnDemandFeature" FeatureID="Network.Irda~~1.0" FMID="MSDN" Group="Microsoft">
      <Packages>
        <Package ID="Microsoft-Windows-IRDA-Package~31bf3856ad364e35~amd64~ja-jp~" PackageType="SatellitePackage" />
        <Package ID="Microsoft-Windows-IRDA-Package~31bf3856ad364e35~wow64~ja-jp~" PackageType="SatellitePackage" />
      </Packages>
    </Feature>
    <Feature Type="OnDemandFeature" FeatureID="Media.MediaFeaturePack~~1.0" FMID="MSDN" Group="Microsoft">
      <Packages>
        <Package ID="Microsoft-Windows-Media-Features-Package~31bf3856ad364e35~amd64~ja-jp~" PackageType="SatellitePackage" />
        <Package ID="Microsoft-Windows-Media-Features-Package~31bf3856ad364e35~wow64~ja-jp~" PackageType="SatellitePackage" />
      </Packages>
    </Feature>
    <Feature Type="OnDemandFeature" FeatureID="Microsoft.Windows.MSPaint~~1.0" FMID="MSDN" Group="Microsoft">
      <Packages>
        <Package ID="Microsoft-Windows-MSPaint-FoD-Package~31bf3856ad364e35~amd64~ja-jp~" PackageType="SatellitePackage" />
        <Package ID="Microsoft-Windows-MSPaint-FoD-Package~31bf3856ad364e35~wow64~ja-jp~" PackageType="SatellitePackage" />
      </Packages>
    </Feature>
    <Feature Type="OnDemandFeature" FeatureID="Rsat.NetworkController.Tools~~1.0" FMID="MSDN" Group="Microsoft">
      <Packages>
        <Package ID="Microsoft-Windows-NetworkController-Tools-FoD-Package~31bf3856ad364e35~amd64~ja-jp~" PackageType="SatellitePackage" />
      </Packages>
    </Feature>
    <Feature Type="OnDemandFeature" FeatureID="Rsat.NetworkLoadBalancing.Tools~~1.0" FMID="MSDN" Group="Microsoft">
      <Packages>
        <Package ID="Microsoft-Windows-NetworkLoadBalancing-Tools-FoD-Package~31bf3856ad364e35~amd64~ja-jp~" PackageType="SatellitePackage" />
      </Packages>
    </Feature>
    <Feature Type="OnDemandFeature" FeatureID="Microsoft.Windows.Notepad~~1.0" FMID="MSDN" Group="Microsoft">
      <Packages>
        <Package ID="Microsoft-Windows-Notepad-FoD-Package~31bf3856ad364e35~amd64~ja-jp~" PackageType="SatellitePackage" />
        <Package ID="Microsoft-Windows-Notepad-FoD-Package~31bf3856ad364e35~wow64~ja-jp~" PackageType="SatellitePackage" />
      </Packages>
    </Feature>
    <Feature Type="OnDemandFeature" FeatureID="Microsoft.Windows.PowerShell.ISE~~1.0" FMID="MSDN" Group="Microsoft">
      <Packages>
        <Package ID="Microsoft-Windows-PowerShell-ISE-FOD-Package~31bf3856ad364e35~amd64~ja-jp~" PackageType="SatellitePackage" />
        <Package ID="Microsoft-Windows-PowerShell-ISE-FOD-Package~31bf3856ad364e35~wow64~ja-jp~" PackageType="SatellitePackage" />
      </Packages>
    </Feature>
    <Feature Type="OnDemandFeature" FeatureID="Print.Management.Console~~1.0" FMID="MSDN" Group="Microsoft">
      <Packages>
        <Package ID="Microsoft-Windows-Printing-PMCPPC-FoD-Package~31bf3856ad364e35~amd64~ja-jp~" PackageType="SatellitePackage" />
      </Packages>
    </Feature>
    <Feature Type="OnDemandFeature" FeatureID="Print.Fax.Scan~~1.0" FMID="MSDN" Group="Microsoft">
      <Packages>
        <Package ID="Microsoft-Windows-Printing-WFS-FoD-Package~31bf3856ad364e35~amd64~ja-jp~" PackageType="SatellitePackage" />
      </Packages>
    </Feature>
    <Feature Type="OnDemandFeature" FeatureID="RasCMAK.Client~~1.0" FMID="MSDN" Group="Microsoft">
      <Packages>
        <Package ID="Microsoft-Windows-RasCMAK-Client-Package~31bf3856ad364e35~amd64~ja-jp~" PackageType="SatellitePackage" />
        <Package ID="Microsoft-Windows-RasCMAK-Client-Package~31bf3856ad364e35~wow64~ja-jp~" PackageType="SatellitePackage" />
      </Packages>
    </Feature>
    <Feature Type="OnDemandFeature" FeatureID="RIP.Listener~~1.0" FMID="MSDN" Group="Microsoft">
      <Packages>
        <Package ID="Microsoft-Windows-RasRip-Package~31bf3856ad364e35~amd64~ja-jp~" PackageType="SatellitePackage" />
      </Packages>
    </Feature>
    <Feature Type="OnDemandFeature" FeatureID="Rsat.RemoteAccess.Management.Tools~~1.0" FMID="MSDN" Group="Microsoft">
      <Dependencies>
        <Feature FeatureID="Rsat.GroupPolicy.Management.Tools~~1.0" />
        <Feature FeatureID="Rsat.ServerManager.Tools~~1.0" />
      </Dependencies>
      <Packages>
        <Package ID="Microsoft-Windows-RemoteAccess-Management-Tools-FoD-Package~31bf3856ad364e35~amd64~ja-jp~" PackageType="SatellitePackage" />
        <Package ID="Microsoft-Windows-RemoteAccess-Management-Tools-FoD-Package~31bf3856ad364e35~wow64~ja-jp~" PackageType="SatellitePackage" />
      </Packages>
    </Feature>
    <Feature Type="OnDemandFeature" FeatureID="Rsat.RemoteDesktop.Services.Tools~~1.0" FMID="MSDN" Group="Microsoft">
      <Packages>
        <Package ID="Microsoft-Windows-RemoteDesktop-Services-Tools-FoD-Package~31bf3856ad364e35~amd64~ja-jp~" PackageType="SatellitePackage" />
      </Packages>
    </Feature>
    <Feature Type="OnDemandFeature" FeatureID="ServerCore.AppCompatibility~~1.0" FMID="MSDN" Group="Microsoft">
      <Packages>
        <Package ID="Microsoft-Windows-Server-AppCompat-FoD-Package~31bf3856ad364e35~amd64~ja-jp~" PackageType="SatellitePackage" />
      </Packages>
    </Feature>
    <Feature Type="OnDemandFeature" FeatureID="Rsat.ServerManager.Tools~~1.0" FMID="MSDN" Group="Microsoft">
      <Packages>
        <Package ID="Microsoft-Windows-ServerManager-Tools-FoD-Package~31bf3856ad364e35~amd64~ja-jp~" PackageType="SatellitePackage" />
        <Package ID="Microsoft-Windows-ServerManager-Tools-FoD-Package~31bf3856ad364e35~wow64~ja-jp~" PackageType="SatellitePackage" />
      </Packages>
    </Feature>
    <Feature Type="OnDemandFeature" FeatureID="Rsat.Shielded.VM.Tools~~1.0" FMID="MSDN" Group="Microsoft">
      <Dependencies>
        <Feature FeatureID="Rsat.ServerManager.Tools~~1.0" />
      </Dependencies>
      <Packages>
        <Package ID="Microsoft-Windows-Shielded-VM-Tools-FoD-Package~31bf3856ad364e35~amd64~ja-jp~" PackageType="SatellitePackage" />
      </Packages>
    </Feature>
    <Feature Type="OnDemandFeature" FeatureID="SNMP.Client~~1.0" FMID="MSDN" Group="Microsoft">
      <Packages>
        <Package ID="Microsoft-Windows-SNMP-Client-Package~31bf3856ad364e35~amd64~ja-jp~" PackageType="SatellitePackage" />
        <Package ID="Microsoft-Windows-SNMP-Client-Package~31bf3856ad364e35~wow64~ja-jp~" PackageType="SatellitePackage" />
      </Packages>
    </Feature>
    <Feature Type="OnDemandFeature" FeatureID="App.StepsRecorder~~1.0" FMID="MSDN" Group="Microsoft">
      <Packages>
        <Package ID="Microsoft-Windows-StepsRecorder-Package~31bf3856ad364e35~amd64~ja-jp~" PackageType="SatellitePackage" />
        <Package ID="Microsoft-Windows-StepsRecorder-Package~31bf3856ad364e35~wow64~ja-jp~" PackageType="SatellitePackage" />
      </Packages>
    </Feature>
    <Feature Type="OnDemandFeature" FeatureID="Microsoft.Windows.StorageManagement~~1.0" FMID="MSDN" Group="Microsoft">
      <Packages>
        <Package ID="Microsoft-Windows-StorageManagement-FoD-Package~31bf3856ad364e35~amd64~ja-jp~" PackageType="SatellitePackage" />
        <Package ID="Microsoft-Windows-StorageManagement-FoD-Package~31bf3856ad364e35~wow64~ja-jp~" PackageType="SatellitePackage" />
      </Packages>
    </Feature>
    <Feature Type="OnDemandFeature" FeatureID="Rsat.StorageMigrationService.Management.Tools~~1.0" FMID="MSDN" Group="Microsoft">
      <Packages>
        <Package ID="Microsoft-Windows-StorageMigrationService-Management-Tools-FOD-Package~31bf3856ad364e35~amd64~ja-jp~" PackageType="SatellitePackage" />
      </Packages>
    </Feature>
    <Feature Type="OnDemandFeature" FeatureID="Rsat.StorageReplica.Tools~~1.0" FMID="MSDN" Group="Microsoft">
      <Packages>
        <Package ID="Microsoft-Windows-StorageReplica-Tools-FoD-Package~31bf3856ad364e35~amd64~ja-jp~" PackageType="SatellitePackage" />
      </Packages>
    </Feature>
    <Feature Type="OnDemandFeature" FeatureID="Rsat.SystemInsights.Management.Tools~~1.0" FMID="MSDN" Group="Microsoft">
      <Packages>
        <Package ID="Microsoft-Windows-SystemInsights-Management-Tools-FOD-Package~31bf3856ad364e35~amd64~ja-jp~" PackageType="SatellitePackage" />
      </Packages>
    </Feature>
    <Feature Type="OnDemandFeature" FeatureID="Rsat.VolumeActivation.Tools~~1.0" FMID="MSDN" Group="Microsoft">
      <Packages>
        <Package ID="Microsoft-Windows-VolumeActivation-Tools-FoD-Package~31bf3856ad364e35~amd64~ja-jp~" PackageType="SatellitePackage" />
      </Packages>
    </Feature>
    <Feature Type="OnDemandFeature" FeatureID="App.WirelessDisplay.Connect~~1.0" FMID="MSDN" Group="Microsoft">
      <Packages>
        <Package ID="Microsoft-Windows-WirelessDisplay-FOD-Package~31bf3856ad364e35~amd64~ja-jp~" PackageType="SatellitePackage" />
      </Packages>
    </Feature>
    <Feature Type="OnDemandFeature" FeatureID="WMI-SNMP-Provider.Client~~1.0" FMID="MSDN" Group="Microsoft">
      <Dependencies>
        <Feature FeatureID="SNMP.Client~~1.0" />
      </Dependencies>
      <Packages>
        <Package ID="Microsoft-Windows-WMI-SNMP-Provider-Client-Package~31bf3856ad364e35~amd64~ja-jp~" PackageType="SatellitePackage" />
        <Package ID="Microsoft-Windows-WMI-SNMP-Provider-Client-Package~31bf3856ad364e35~wow64~ja-jp~" PackageType="SatellitePackage" />
      </Packages>
    </Feature>
    <Feature Type="OnDemandFeature" FeatureID="Microsoft.Windows.WordPad~~1.0" FMID="MSDN" Group="Microsoft">
      <Packages>
        <Package ID="Microsoft-Windows-WordPad-FoD-Package~31bf3856ad364e35~amd64~ja-jp~" PackageType="SatellitePackage" />
        <Package ID="Microsoft-Windows-WordPad-FoD-Package~31bf3856ad364e35~wow64~ja-jp~" PackageType="SatellitePackage" />
      </Packages>
    </Feature>
    <Feature Type="OnDemandFeature" FeatureID="Rsat.WSUS.Tools~~1.0" FMID="MSDN" Group="Microsoft">
      <Packages>
        <Package ID="Microsoft-Windows-WSUS-Tools-FoD-Package~31bf3856ad364e35~amd64~ja-jp~" PackageType="SatellitePackage" />
      </Packages>
    </Feature>
  </Features>
  <Packages>
    <Package ID="Microsoft-Windows-Server-LanguagePack-Package_ja-jp~31bf3856ad364e35~amd64~ja-jp~" InstalledSize="334778600" Version="10.0.20348.1">
      <SatelliteInfo>
        <DeclareInfo>
          <Declare Type="language" Value="ja-JP" />
        </DeclareInfo>
      </SatelliteInfo>
      <Payload>
        <PayloadItem PayloadHash="1ER/A05m41GuYoBkHqy81hE7Ei0MEItHDrC+x0G+63Y=" PayloadSize="1229081" Path="UUP\Desktop\editionpackages\ja-jp\Server\baseless\Microsoft-Windows-Server-LanguagePack-Package_ja-jp~31bf3856ad364e35~amd64~ja-jp~.cab" PayloadType="ExpressCab" />
        <PayloadItem PayloadHash="7fkiEnDHP9iVhGh5zrE/WeoPCewhU133/Wp8VwARmO4=" PayloadSize="67391886" Path="UUP\Desktop\editionpackages\ja-jp\Server\baseless\Microsoft-Windows-Server-LanguagePack-Package_ja-jp~31bf3856ad364e35~amd64~ja-jp~.psf" PayloadType="ExpressPSF" />
      </Payload>
    </Package>
    <Package ID="Microsoft-AzureStack-HCI-Management-Tools-FOD-Package~31bf3856ad364e35~amd64~ja-jp~" InstalledSize="34305" Version="10.0.20348.1">
      <SatelliteInfo>
        <ApplyToInfo>
          <ApplyTo Type="language" Value="ja-JP" />
        </ApplyToInfo>
      </SatelliteInfo>
      <Payload>
        <PayloadItem PayloadHash="owsgHGd4rZV8cyfXPbLi6Jk1fNI3loPDPB2MGu+XKQs=" PayloadSize="10283" Path="FeaturesOnDemand\ja-jp\baseless\Microsoft-AzureStack-HCI-Management-Tools-FOD-Package~31bf3856ad364e35~amd64~ja-jp~.cab" PayloadType="ExpressCab" />
        <PayloadItem PayloadHash="hMNnkgbYWY87Yq7jjOXMpePRdTJHFuBygLMzEHT0xFo=" PayloadSize="60453" Path="FeaturesOnDemand\ja-jp\baseless\Microsoft-AzureStack-HCI-Management-Tools-FOD-Package~31bf3856ad364e35~amd64~ja-jp~.psf" PayloadType="ExpressPSF" />
      </Payload>
    </Package>
    <Package ID="Microsoft-OneCore-StorageManagement-FoD-Package~31bf3856ad364e35~amd64~ja-jp~" InstalledSize="1962933" Version="10.0.20348.1">
      <SatelliteInfo>
        <ApplyToInfo>
          <ApplyTo Type="language" Value="ja-JP" />
        </ApplyToInfo>
      </SatelliteInfo>
      <Payload>
        <PayloadItem PayloadHash="929P7+MK/q7muSog4txZ7ePT0hBV8mJUbNEcNCUaE2Y=" PayloadSize="11377" Path="FeaturesOnDemand\ja-jp\baseless\Microsoft-OneCore-StorageManagement-FoD-Package~31bf3856ad364e35~amd64~ja-jp~.cab" PayloadType="ExpressCab" />
        <PayloadItem PayloadHash="P61Z6ZoWgtr0HHYX7kumEde9O65WuTIf5n1QlAbCIa0=" PayloadSize="186110" Path="FeaturesOnDemand\ja-jp\baseless\Microsoft-OneCore-StorageManagement-FoD-Package~31bf3856ad364e35~amd64~ja-jp~.psf" PayloadType="ExpressPSF" />
      </Payload>
    </Package>
    <Package ID="Microsoft-OneCore-StorageManagement-FoD-Package~31bf3856ad364e35~wow64~ja-jp~" InstalledSize="1081671" Version="10.0.20348.1">
      <SatelliteInfo>
        <ApplyToInfo>
          <ApplyTo Type="arch" Value="wow64" />
          <ApplyTo Type="language" Value="ja-JP" />
        </ApplyToInfo>
      </SatelliteInfo>
      <Payload>
        <PayloadItem PayloadHash="/dS/RTz2YascuTInB57s5FIc4xXAqWZqopIpqYSW1Sc=" PayloadSize="10429" Path="FeaturesOnDemand\ja-jp\baseless\Microsoft-OneCore-StorageManagement-FoD-Package~31bf3856ad364e35~wow64~ja-jp~.cab" PayloadType="ExpressCab" />
        <PayloadItem PayloadHash="yQ+8aSmSJUW//FQ/W+XlLLvp1nRj3NFKlFoCLPa2xiA=" PayloadSize="107738" Path="FeaturesOnDemand\ja-jp\baseless\Microsoft-OneCore-StorageManagement-FoD-Package~31bf3856ad364e35~wow64~ja-jp~.psf" PayloadType="ExpressPSF" />
      </Payload>
    </Package>
    <Package ID="Microsoft-Windows-ActiveDirectory-DS-LDS-Tools-FoD-Package~31bf3856ad364e35~amd64~ja-jp~" InstalledSize="6754539" Version="10.0.20348.1">
      <SatelliteInfo>
        <ApplyToInfo>
          <ApplyTo Type="language" Value="ja-JP" />
        </ApplyToInfo>
      </SatelliteInfo>
      <Payload>
        <PayloadItem PayloadHash="ahmjbklP7/chvn7X1otTngXLxp9bDXLoFp8ZMKiHixY=" PayloadSize="20655" Path="FeaturesOnDemand\ja-jp\baseless\Microsoft-Windows-ActiveDirectory-DS-LDS-Tools-FoD-Package~31bf3856ad364e35~amd64~ja-jp~.cab" PayloadType="ExpressCab" />
        <PayloadItem PayloadHash="fES6sjUf9mxmuxwjLH6YvXFGMt6AL7EdwCfvfMbhvG8=" PayloadSize="1131216" Path="FeaturesOnDemand\ja-jp\baseless\Microsoft-Windows-ActiveDirectory-DS-LDS-Tools-FoD-Package~31bf3856ad364e35~amd64~ja-jp~.psf" PayloadType="ExpressPSF" />
      </Payload>
    </Package>
    <Package ID="Microsoft-Windows-ActiveDirectory-DS-LDS-Tools-FoD-Package~31bf3856ad364e35~wow64~ja-jp~" InstalledSize="731676" Version="10.0.20348.1">
      <SatelliteInfo>
        <ApplyToInfo>
          <ApplyTo Type="arch" Value="wow64" />
          <ApplyTo Type="language" Value="ja-JP" />
        </ApplyToInfo>
      </SatelliteInfo>
      <Payload>
        <PayloadItem PayloadHash="8Ywsb+O5B53GX8puQg86Gl9hsEyNlazuiG8ltJNRFKE=" PayloadSize="11243" Path="FeaturesOnDemand\ja-jp\baseless\Microsoft-Windows-ActiveDirectory-DS-LDS-Tools-FoD-Package~31bf3856ad364e35~wow64~ja-jp~.cab" PayloadType="ExpressCab" />
        <PayloadItem PayloadHash="AJQPh1VlyIJHSMcrMh3KqGLdFQPziX4n5+hjijtU6t4=" PayloadSize="149191" Path="FeaturesOnDemand\ja-jp\baseless\Microsoft-Windows-ActiveDirectory-DS-LDS-Tools-FoD-Package~31bf3856ad364e35~wow64~ja-jp~.psf" PayloadType="ExpressPSF" />
      </Payload>
    </Package>
    <Package ID="Microsoft-Windows-BitLocker-Recovery-Tools-FoD-Package~31bf3856ad364e35~amd64~ja-jp~" InstalledSize="29642" Version="10.0.20348.1">
      <SatelliteInfo>
        <ApplyToInfo>
          <ApplyTo Type="language" Value="ja-JP" />
        </ApplyToInfo>
      </SatelliteInfo>
      <Payload>
        <PayloadItem PayloadHash="lPAk+Qo04exhHTMABwPkQnuTNCIBS0ySxdFBYRJerC8=" PayloadSize="10271" Path="FeaturesOnDemand\ja-jp\baseless\Microsoft-Windows-BitLocker-Recovery-Tools-FoD-Package~31bf3856ad364e35~amd64~ja-jp~.cab" PayloadType="ExpressCab" />
        <PayloadItem PayloadHash="u0uNtrJ9OZZPDyQwn4kjbZPjJpGXpa6MIosyeOtpzjI=" PayloadSize="58566" Path="FeaturesOnDemand\ja-jp\baseless\Microsoft-Windows-BitLocker-Recovery-Tools-FoD-Package~31bf3856ad364e35~amd64~ja-jp~.psf" PayloadType="ExpressPSF" />
      </Payload>
    </Package>
    <Package ID="Microsoft-Windows-CertificateServices-Tools-FoD-Package~31bf3856ad364e35~amd64~ja-jp~" InstalledSize="935805" Version="10.0.20348.1">
      <SatelliteInfo>
        <ApplyToInfo>
          <ApplyTo Type="language" Value="ja-JP" />
        </ApplyToInfo>
      </SatelliteInfo>
      <Payload>
        <PayloadItem PayloadHash="71BytRdmd+tc9lHUwKWCiVLbrzioFX/bjsmDZZC+zdg=" PayloadSize="12163" Path="FeaturesOnDemand\ja-jp\baseless\Microsoft-Windows-CertificateServices-Tools-FoD-Package~31bf3856ad364e35~amd64~ja-jp~.cab" PayloadType="ExpressCab" />
        <PayloadItem PayloadHash="dOLtdbH0GLxC/6tfq4IQQonKZ28FPjgMz7XeFkyyp3Q=" PayloadSize="189931" Path="FeaturesOnDemand\ja-jp\baseless\Microsoft-Windows-CertificateServices-Tools-FoD-Package~31bf3856ad364e35~amd64~ja-jp~.psf" PayloadType="ExpressPSF" />
      </Payload>
    </Package>
    <Package ID="Microsoft-Windows-Composition-Test-FOD-Package~31bf3856ad364e35~amd64~ja-jp~" InstalledSize="21122" Version="10.0.20348.1">
      <SatelliteInfo>
        <ApplyToInfo>
          <ApplyTo Type="language" Value="ja-JP" />
        </ApplyToInfo>
      </SatelliteInfo>
      <Payload>
        <PayloadItem PayloadHash="AOgHo0iq1TI8phwgV/oHl7h9b2cRS6+N5AqIzAo3JuY=" PayloadSize="9993" Path="FeaturesOnDemand\ja-jp\baseless\Microsoft-Windows-Composition-Test-FOD-Package~31bf3856ad364e35~amd64~ja-jp~.cab" PayloadType="ExpressCab" />
        <PayloadItem PayloadHash="yEh7c1uV4wUtigSTxOj5Sk2/6rUoFVBb2qBJiuv519M=" PayloadSize="55267" Path="FeaturesOnDemand\ja-jp\baseless\Microsoft-Windows-Composition-Test-FOD-Package~31bf3856ad364e35~amd64~ja-jp~.psf" PayloadType="ExpressPSF" />
      </Payload>
    </Package>
    <Package ID="Microsoft-Windows-Composition-Test-FOD-Package~31bf3856ad364e35~wow64~ja-jp~" InstalledSize="21219" Version="10.0.20348.1">
      <SatelliteInfo>
        <ApplyToInfo>
          <ApplyTo Type="arch" Value="wow64" />
          <ApplyTo Type="language" Value="ja-JP" />
        </ApplyToInfo>
      </SatelliteInfo>
      <Payload>
        <PayloadItem PayloadHash="Laf968LlxGiudAW7NKFCWjMCe74eqiOiWokvzA927lY=" PayloadSize="10019" Path="FeaturesOnDemand\ja-jp\baseless\Microsoft-Windows-Composition-Test-FOD-Package~31bf3856ad364e35~wow64~ja-jp~.cab" PayloadType="ExpressCab" />
        <PayloadItem PayloadHash="g2BUVIY8a5CUsA8uyyprCkpWfnUn1bQNSN605SrB/Mk=" PayloadSize="55307" Path="FeaturesOnDemand\ja-jp\baseless\Microsoft-Windows-Composition-Test-FOD-Package~31bf3856ad364e35~wow64~ja-jp~.psf" PayloadType="ExpressPSF" />
      </Payload>
    </Package>
    <Package ID="Microsoft-Windows-DHCP-Tools-FoD-Package~31bf3856ad364e35~amd64~ja-jp~" InstalledSize="1993085" Version="10.0.20348.1">
      <SatelliteInfo>
        <ApplyToInfo>
          <ApplyTo Type="language" Value="ja-JP" />
        </ApplyToInfo>
      </SatelliteInfo>
      <Payload>
        <PayloadItem PayloadHash="DCyTIsbv2bAWAAmz8ip9A5RXQe2OSEzaHQjDIbKvsks=" PayloadSize="11317" Path="FeaturesOnDemand\ja-jp\baseless\Microsoft-Windows-DHCP-Tools-FoD-Package~31bf3856ad364e35~amd64~ja-jp~.cab" PayloadType="ExpressCab" />
        <PayloadItem PayloadHash="LQjQ+nhAhr5OdoEcsstUYVInu+aag2qYnj8HXVG1q64=" PayloadSize="234097" Path="FeaturesOnDemand\ja-jp\baseless\Microsoft-Windows-DHCP-Tools-FoD-Package~31bf3856ad364e35~amd64~ja-jp~.psf" PayloadType="ExpressPSF" />
      </Payload>
    </Package>
    <Package ID="Microsoft-Windows-DHCP-Tools-FoD-Package~31bf3856ad364e35~wow64~ja-jp~" InstalledSize="802711" Version="10.0.20348.1">
      <SatelliteInfo>
        <ApplyToInfo>
          <ApplyTo Type="arch" Value="wow64" />
          <ApplyTo Type="language" Value="ja-JP" />
        </ApplyToInfo>
      </SatelliteInfo>
      <Payload>
        <PayloadItem PayloadHash="IqFKnBie2g9Xsy6JG1pIjfoeD0qOswhL1y9Y6qbemng=" PayloadSize="10425" Path="FeaturesOnDemand\ja-jp\baseless\Microsoft-Windows-DHCP-Tools-FoD-Package~31bf3856ad364e35~wow64~ja-jp~.cab" PayloadType="ExpressCab" />
        <PayloadItem PayloadHash="ABVBbmWbHV4HYz8YpmEZNFJtFRLXjLSJT73mx+GpgLE=" PayloadSize="123103" Path="FeaturesOnDemand\ja-jp\baseless\Microsoft-Windows-DHCP-Tools-FoD-Package~31bf3856ad364e35~wow64~ja-jp~.psf" PayloadType="ExpressPSF" />
      </Payload>
    </Package>
    <Package ID="Microsoft-Windows-DNS-Tools-FoD-Package~31bf3856ad364e35~amd64~ja-jp~" InstalledSize="1605066" Version="10.0.20348.1">
      <SatelliteInfo>
        <ApplyToInfo>
          <ApplyTo Type="language" Value="ja-JP" />
        </ApplyToInfo>
      </SatelliteInfo>
      <Payload>
        <PayloadItem PayloadHash="LAYN8pkHsUd5FIDpapJDctnWWypYpp8kblVFhagSH8Q=" PayloadSize="11195" Path="FeaturesOnDemand\ja-jp\baseless\Microsoft-Windows-DNS-Tools-FoD-Package~31bf3856ad364e35~amd64~ja-jp~.cab" PayloadType="ExpressCab" />
        <PayloadItem PayloadHash="ybUtut4yulvsiCjQqNQSdZlL1mW5SZ6lnPyU2D2aGtI=" PayloadSize="239504" Path="FeaturesOnDemand\ja-jp\baseless\Microsoft-Windows-DNS-Tools-FoD-Package~31bf3856ad364e35~amd64~ja-jp~.psf" PayloadType="ExpressPSF" />
      </Payload>
    </Package>
    <Package ID="Microsoft-Windows-DNS-Tools-FoD-Package~31bf3856ad364e35~wow64~ja-jp~" InstalledSize="12290" Version="10.0.20348.1">
      <SatelliteInfo>
        <ApplyToInfo>
          <ApplyTo Type="arch" Value="wow64" />
          <ApplyTo Type="language" Value="ja-JP" />
        </ApplyToInfo>
      </SatelliteInfo>
      <Payload>
        <PayloadItem PayloadHash="Nqg93TiEFfsV9BDfa/cj584xwEPkQhWwAuBZoAjEU78=" PayloadSize="9869" Path="FeaturesOnDemand\ja-jp\baseless\Microsoft-Windows-DNS-Tools-FoD-Package~31bf3856ad364e35~wow64~ja-jp~.cab" PayloadType="ExpressCab" />
        <PayloadItem PayloadHash="NjDveKF1rXGOGI5uQGEx1TfqMTSNGGTWTuUp/TqNDfg=" PayloadSize="49674" Path="FeaturesOnDemand\ja-jp\baseless\Microsoft-Windows-DNS-Tools-FoD-Package~31bf3856ad364e35~wow64~ja-jp~.psf" PayloadType="ExpressPSF" />
      </Payload>
    </Package>
    <Package ID="Microsoft-Windows-EMS-SAC-Desktop-Tools-FoD-Package~31bf3856ad364e35~amd64~ja-jp~" InstalledSize="93825" Version="10.0.20348.1">
      <SatelliteInfo>
        <ApplyToInfo>
          <ApplyTo Type="language" Value="ja-JP" />
        </ApplyToInfo>
      </SatelliteInfo>
      <Payload>
        <PayloadItem PayloadHash="kUTf2Z/ERsk1lHAlIi7piRYPhJeJtwi3hsQDw3VUg88=" PayloadSize="10927" Path="FeaturesOnDemand\ja-jp\baseless\Microsoft-Windows-EMS-SAC-Desktop-Tools-FoD-Package~31bf3856ad364e35~amd64~ja-jp~.cab" PayloadType="ExpressCab" />
        <PayloadItem PayloadHash="xEunr3qDICjVgfarYyOBOQrbh44mMHXzAUyd6J2JVww=" PayloadSize="74188" Path="FeaturesOnDemand\ja-jp\baseless\Microsoft-Windows-EMS-SAC-Desktop-Tools-FoD-Package~31bf3856ad364e35~amd64~ja-jp~.psf" PayloadType="ExpressPSF" />
      </Payload>
    </Package>
    <Package ID="Microsoft-Windows-FailoverCluster-Management-Tools-FOD-Package~31bf3856ad364e35~amd64~ja-jp~" InstalledSize="9150271" Version="10.0.20348.1">
      <SatelliteInfo>
        <ApplyToInfo>
          <ApplyTo Type="language" Value="ja-JP" />
        </ApplyToInfo>
      </SatelliteInfo>
      <Payload>
        <PayloadItem PayloadHash="aYteLPC9pSBk3dBa+7kiOyzYBfso3wCsLW9wTJHV9YM=" PayloadSize="16537" Path="FeaturesOnDemand\ja-jp\baseless\Microsoft-Windows-FailoverCluster-Management-Tools-FOD-Package~31bf3856ad364e35~amd64~ja-jp~.cab" PayloadType="ExpressCab" />
        <PayloadItem PayloadHash="f1qZLjKIgsP2E0q4xBwuvA7YnVO1NE8egIWmlxvTK4M=" PayloadSize="2447943" Path="FeaturesOnDemand\ja-jp\baseless\Microsoft-Windows-FailoverCluster-Management-Tools-FOD-Package~31bf3856ad364e35~amd64~ja-jp~.psf" PayloadType="ExpressPSF" />
      </Payload>
    </Package>
    <Package ID="Microsoft-Windows-FailoverCluster-Management-Tools-FOD-Package~31bf3856ad364e35~wow64~ja-jp~" InstalledSize="54934" Version="10.0.20348.1">
      <SatelliteInfo>
        <ApplyToInfo>
          <ApplyTo Type="arch" Value="wow64" />
          <ApplyTo Type="language" Value="ja-JP" />
        </ApplyToInfo>
      </SatelliteInfo>
      <Payload>
        <PayloadItem PayloadHash="OEc5wHNNS2VpgZISHiz8hsYZd3/4OxO4tXbt1xltubc=" PayloadSize="10983" Path="FeaturesOnDemand\ja-jp\baseless\Microsoft-Windows-FailoverCluster-Management-Tools-FOD-Package~31bf3856ad364e35~wow64~ja-jp~.cab" PayloadType="ExpressCab" />
        <PayloadItem PayloadHash="Z+0eBZz2nQU5QB2DprG5nxfS9wYYzHxWMN9luQGO4xo=" PayloadSize="70410" Path="FeaturesOnDemand\ja-jp\baseless\Microsoft-Windows-FailoverCluster-Management-Tools-FOD-Package~31bf3856ad364e35~wow64~ja-jp~.psf" PayloadType="ExpressPSF" />
      </Payload>
    </Package>
    <Package ID="Microsoft-Windows-FileServices-Tools-FoD-Package~31bf3856ad364e35~amd64~ja-jp~" InstalledSize="4768008" Version="10.0.20348.1">
      <SatelliteInfo>
        <ApplyToInfo>
          <ApplyTo Type="language" Value="ja-JP" />
        </ApplyToInfo>
      </SatelliteInfo>
      <Payload>
        <PayloadItem PayloadHash="c2JyynvVH8IzK118xAy5bkz/JLTVv0oEdOoArW9hG8Q=" PayloadSize="16333" Path="FeaturesOnDemand\ja-jp\baseless\Microsoft-Windows-FileServices-Tools-FoD-Package~31bf3856ad364e35~amd64~ja-jp~.cab" PayloadType="ExpressCab" />
        <PayloadItem PayloadHash="dXtfO1Isa7Kag8L5SsqS/Mi19/XF2IFiRBlIbNJyseQ=" PayloadSize="696424" Path="FeaturesOnDemand\ja-jp\baseless\Microsoft-Windows-FileServices-Tools-FoD-Package~31bf3856ad364e35~amd64~ja-jp~.psf" PayloadType="ExpressPSF" />
      </Payload>
    </Package>
    <Package ID="Microsoft-Windows-FileServices-Tools-FoD-Package~31bf3856ad364e35~wow64~ja-jp~" InstalledSize="198721" Version="10.0.20348.1">
      <SatelliteInfo>
        <ApplyToInfo>
          <ApplyTo Type="arch" Value="wow64" />
          <ApplyTo Type="language" Value="ja-JP" />
        </ApplyToInfo>
      </SatelliteInfo>
      <Payload>
        <PayloadItem PayloadHash="7UyPik/jGoEG8xcGyRApc1j/GxbavFtrUKQOrgguoOQ=" PayloadSize="10627" Path="FeaturesOnDemand\ja-jp\baseless\Microsoft-Windows-FileServices-Tools-FoD-Package~31bf3856ad364e35~wow64~ja-jp~.cab" PayloadType="ExpressCab" />
        <PayloadItem PayloadHash="nCVNZy7fyePr4t8xEjN42EBenfoDotgFUjMLN3Ecpn0=" PayloadSize="78180" Path="FeaturesOnDemand\ja-jp\baseless\Microsoft-Windows-FileServices-Tools-FoD-Package~31bf3856ad364e35~wow64~ja-jp~.psf" PayloadType="ExpressPSF" />
      </Payload>
    </Package>
    <Package ID="Microsoft-Windows-GroupPolicy-Management-Tools-FoD-Package~31bf3856ad364e35~amd64~ja-jp~" InstalledSize="2117493" Version="10.0.20348.1">
      <SatelliteInfo>
        <ApplyToInfo>
          <ApplyTo Type="language" Value="ja-JP" />
        </ApplyToInfo>
      </SatelliteInfo>
      <Payload>
        <PayloadItem PayloadHash="AlKhcocJHTwNuW2tWTT5YHisHutg00C78zMhQUIMbUU=" PayloadSize="13581" Path="FeaturesOnDemand\ja-jp\baseless\Microsoft-Windows-GroupPolicy-Management-Tools-FoD-Package~31bf3856ad364e35~amd64~ja-jp~.cab" PayloadType="ExpressCab" />
        <PayloadItem PayloadHash="hzA0ehgQLIM+iATSAUIWbwCs10UMedG/LiHlRHxRdR8=" PayloadSize="334414" Path="FeaturesOnDemand\ja-jp\baseless\Microsoft-Windows-GroupPolicy-Management-Tools-FoD-Package~31bf3856ad364e35~amd64~ja-jp~.psf" PayloadType="ExpressPSF" />
      </Payload>
    </Package>
    <Package ID="Microsoft-Windows-GroupPolicy-Management-Tools-FoD-Package~31bf3856ad364e35~wow64~ja-jp~" InstalledSize="274709" Version="10.0.20348.1">
      <SatelliteInfo>
        <ApplyToInfo>
          <ApplyTo Type="arch" Value="wow64" />
          <ApplyTo Type="language" Value="ja-JP" />
        </ApplyToInfo>
      </SatelliteInfo>
      <Payload>
        <PayloadItem PayloadHash="iyVCA7GtRKGI+TbiiFIK7rkTTWhsOtqjJVYFHI4Ko8g=" PayloadSize="10367" Path="FeaturesOnDemand\ja-jp\baseless\Microsoft-Windows-GroupPolicy-Management-Tools-FoD-Package~31bf3856ad364e35~wow64~ja-jp~.cab" PayloadType="ExpressCab" />
        <PayloadItem PayloadHash="hieBlDpMZZbD4jkYl/p/voldTjicdxOsYfqNWAMIdEc=" PayloadSize="90174" Path="FeaturesOnDemand\ja-jp\baseless\Microsoft-Windows-GroupPolicy-Management-Tools-FoD-Package~31bf3856ad364e35~wow64~ja-jp~.psf" PayloadType="ExpressPSF" />
      </Payload>
    </Package>
    <Package ID="Microsoft-Windows-IPAM-Client-FoD-Package~31bf3856ad364e35~amd64~ja-jp~" InstalledSize="70807" Version="10.0.20348.1">
      <SatelliteInfo>
        <ApplyToInfo>
          <ApplyTo Type="language" Value="ja-JP" />
        </ApplyToInfo>
      </SatelliteInfo>
      <Payload>
        <PayloadItem PayloadHash="FfIwD8ZYYkuENtwJ1dKAUgRB5fPH/mIdKni0+akPEF0=" PayloadSize="10231" Path="FeaturesOnDemand\ja-jp\baseless\Microsoft-Windows-IPAM-Client-FoD-Package~31bf3856ad364e35~amd64~ja-jp~.cab" PayloadType="ExpressCab" />
        <PayloadItem PayloadHash="vlnX4mbFXgp1tllXCNsv8ndhUyaZsDmOp/lzDNStHBo=" PayloadSize="60723" Path="FeaturesOnDemand\ja-jp\baseless\Microsoft-Windows-IPAM-Client-FoD-Package~31bf3856ad364e35~amd64~ja-jp~.psf" PayloadType="ExpressPSF" />
      </Payload>
    </Package>
    <Package ID="Microsoft-Windows-IPAM-Client-FoD-Package~31bf3856ad364e35~wow64~ja-jp~" InstalledSize="20738" Version="10.0.20348.1">
      <SatelliteInfo>
        <ApplyToInfo>
          <ApplyTo Type="arch" Value="wow64" />
          <ApplyTo Type="language" Value="ja-JP" />
        </ApplyToInfo>
      </SatelliteInfo>
      <Payload>
        <PayloadItem PayloadHash="VB5Rg5ehy3tEQVlTobQ+vv2pwtxUDQ0DrukvRwHiBAk=" PayloadSize="10015" Path="FeaturesOnDemand\ja-jp\baseless\Microsoft-Windows-IPAM-Client-FoD-Package~31bf3856ad364e35~wow64~ja-jp~.cab" PayloadType="ExpressCab" />
        <PayloadItem PayloadHash="lwKX38A5ZOHjxd2oiZgFzX3gV5N4F4D45/5c/SbcduQ=" PayloadSize="52079" Path="FeaturesOnDemand\ja-jp\baseless\Microsoft-Windows-IPAM-Client-FoD-Package~31bf3856ad364e35~wow64~ja-jp~.psf" PayloadType="ExpressPSF" />
      </Payload>
    </Package>
    <Package ID="Microsoft-Windows-IRDA-Package~31bf3856ad364e35~amd64~ja-jp~" InstalledSize="46151" Version="10.0.20348.1">
      <SatelliteInfo>
        <ApplyToInfo>
          <ApplyTo Type="language" Value="ja-JP" />
        </ApplyToInfo>
      </SatelliteInfo>
      <Payload>
        <PayloadItem PayloadHash="LRk0iT/vtqAAROdsFlh8o/rktCABoWVhN+q7c5Kef8k=" PayloadSize="10857" Path="FeaturesOnDemand\ja-jp\baseless\Microsoft-Windows-IRDA-Package~31bf3856ad364e35~amd64~ja-jp~.cab" PayloadType="ExpressCab" />
        <PayloadItem PayloadHash="4MmuDUv7CfjP8sf7ue6NmcoiFXz4camQ18IsJylEBWc=" PayloadSize="62574" Path="FeaturesOnDemand\ja-jp\baseless\Microsoft-Windows-IRDA-Package~31bf3856ad364e35~amd64~ja-jp~.psf" PayloadType="ExpressPSF" />
      </Payload>
    </Package>
    <Package ID="Microsoft-Windows-IRDA-Package~31bf3856ad364e35~wow64~ja-jp~" InstalledSize="11344" Version="10.0.20348.1">
      <SatelliteInfo>
        <ApplyToInfo>
          <ApplyTo Type="arch" Value="wow64" />
          <ApplyTo Type="language" Value="ja-JP" />
        </ApplyToInfo>
      </SatelliteInfo>
      <Payload>
        <PayloadItem PayloadHash="TMMNoHjaoEyFHSAmilL2Rqd1EYqJlobKMn/H22vQf1U=" PayloadSize="9775" Path="FeaturesOnDemand\ja-jp\baseless\Microsoft-Windows-IRDA-Package~31bf3856ad364e35~wow64~ja-jp~.cab" PayloadType="ExpressCab" />
        <PayloadItem PayloadHash="l7yUUUE0iK9M5qKjAl1moJs4HcS+MVsrt6m6Y8dJVZ4=" PayloadSize="49071" Path="FeaturesOnDemand\ja-jp\baseless\Microsoft-Windows-IRDA-Package~31bf3856ad364e35~wow64~ja-jp~.psf" PayloadType="ExpressPSF" />
      </Payload>
    </Package>
    <Package ID="Microsoft-Windows-Media-Features-Package~31bf3856ad364e35~amd64~ja-jp~" InstalledSize="1427229" Version="10.0.20348.1">
      <SatelliteInfo>
        <ApplyToInfo>
          <ApplyTo Type="language" Value="ja-JP" />
        </ApplyToInfo>
      </SatelliteInfo>
      <Payload>
        <PayloadItem PayloadHash="hisfxthnuuMj2S0CMYZpaba5k6GwsAUpnW1uAhej/mw=" PayloadSize="29829" Path="FeaturesOnDemand\ja-jp\baseless\Microsoft-Windows-Media-Features-Package~31bf3856ad364e35~amd64~ja-jp~.cab" PayloadType="ExpressCab" />
        <PayloadItem PayloadHash="/js1T4tBBgV9onfP8lviu8Ht5xSaBG0S6ND5AVBKd14=" PayloadSize="514260" Path="FeaturesOnDemand\ja-jp\baseless\Microsoft-Windows-Media-Features-Package~31bf3856ad364e35~amd64~ja-jp~.psf" PayloadType="ExpressPSF" />
      </Payload>
    </Package>
    <Package ID="Microsoft-Windows-Media-Features-Package~31bf3856ad364e35~wow64~ja-jp~" InstalledSize="353681" Version="10.0.20348.1">
      <SatelliteInfo>
        <ApplyToInfo>
          <ApplyTo Type="arch" Value="wow64" />
          <ApplyTo Type="language" Value="ja-JP" />
        </ApplyToInfo>
      </SatelliteInfo>
      <Payload>
        <PayloadItem PayloadHash="M8vsL0ZkT0LHSCGRQx/7OrnIZ1cAij+p1fL3s4hHEhc=" PayloadSize="18883" Path="FeaturesOnDemand\ja-jp\baseless\Microsoft-Windows-Media-Features-Package~31bf3856ad364e35~wow64~ja-jp~.cab" PayloadType="ExpressCab" />
        <PayloadItem PayloadHash="3RMYlbdiY9aRF+bqJrU0ZmZJimgIOAIdavb08ndk/E8=" PayloadSize="251427" Path="FeaturesOnDemand\ja-jp\baseless\Microsoft-Windows-Media-Features-Package~31bf3856ad364e35~wow64~ja-jp~.psf" PayloadType="ExpressPSF" />
      </Payload>
    </Package>
    <Package ID="Microsoft-Windows-MSPaint-FoD-Package~31bf3856ad364e35~amd64~ja-jp~" InstalledSize="56092" Version="10.0.20348.1">
      <SatelliteInfo>
        <ApplyToInfo>
          <ApplyTo Type="language" Value="ja-JP" />
        </ApplyToInfo>
      </SatelliteInfo>
      <Payload>
        <PayloadItem PayloadHash="PE3LXXaAKtQnN1Tg+wY8qn07qqZe9MAjBFQ+puaOryY=" PayloadSize="10013" Path="FeaturesOnDemand\ja-jp\baseless\Microsoft-Windows-MSPaint-FoD-Package~31bf3856ad364e35~amd64~ja-jp~.cab" PayloadType="ExpressCab" />
        <PayloadItem PayloadHash="uMY6JuZ7e0g8PWmDLGB0m2UNuQBMvEv6e1SoOvpOWr4=" PayloadSize="60563" Path="FeaturesOnDemand\ja-jp\baseless\Microsoft-Windows-MSPaint-FoD-Package~31bf3856ad364e35~amd64~ja-jp~.psf" PayloadType="ExpressPSF" />
      </Payload>
    </Package>
    <Package ID="Microsoft-Windows-MSPaint-FoD-Package~31bf3856ad364e35~wow64~ja-jp~" InstalledSize="56180" Version="10.0.20348.1">
      <SatelliteInfo>
        <ApplyToInfo>
          <ApplyTo Type="arch" Value="wow64" />
          <ApplyTo Type="language" Value="ja-JP" />
        </ApplyToInfo>
      </SatelliteInfo>
      <Payload>
        <PayloadItem PayloadHash="Hu/0PRzD3cLxy7fhhVLnDwRimsn+29SXS4mVEFM7yYw=" PayloadSize="9991" Path="FeaturesOnDemand\ja-jp\baseless\Microsoft-Windows-MSPaint-FoD-Package~31bf3856ad364e35~wow64~ja-jp~.cab" PayloadType="ExpressCab" />
        <PayloadItem PayloadHash="DsycoVJ6Rql78iJ2m3NIZaswjg7FUMxH7wiEUeAjLs0=" PayloadSize="60596" Path="FeaturesOnDemand\ja-jp\baseless\Microsoft-Windows-MSPaint-FoD-Package~31bf3856ad364e35~wow64~ja-jp~.psf" PayloadType="ExpressPSF" />
      </Payload>
    </Package>
    <Package ID="Microsoft-Windows-NetworkController-Tools-FoD-Package~31bf3856ad364e35~amd64~ja-jp~" InstalledSize="78524" Version="10.0.20348.1">
      <SatelliteInfo>
        <ApplyToInfo>
          <ApplyTo Type="language" Value="ja-JP" />
        </ApplyToInfo>
      </SatelliteInfo>
      <Payload>
        <PayloadItem PayloadHash="kqVTaimvexVbFmrw2Evp5konn1NZg8Z8GbWjMAiDG80=" PayloadSize="10515" Path="FeaturesOnDemand\ja-jp\baseless\Microsoft-Windows-NetworkController-Tools-FoD-Package~31bf3856ad364e35~amd64~ja-jp~.cab" PayloadType="ExpressCab" />
        <PayloadItem PayloadHash="+Xmy3xPGhVmcrWhgiaUxD9NqOuYtd90wctf/tRabsQQ=" PayloadSize="71454" Path="FeaturesOnDemand\ja-jp\baseless\Microsoft-Windows-NetworkController-Tools-FoD-Package~31bf3856ad364e35~amd64~ja-jp~.psf" PayloadType="ExpressPSF" />
      </Payload>
    </Package>
    <Package ID="Microsoft-Windows-NetworkLoadBalancing-Tools-FoD-Package~31bf3856ad364e35~amd64~ja-jp~" InstalledSize="281798" Version="10.0.20348.1">
      <SatelliteInfo>
        <ApplyToInfo>
          <ApplyTo Type="language" Value="ja-JP" />
        </ApplyToInfo>
      </SatelliteInfo>
      <Payload>
        <PayloadItem PayloadHash="/K5Y2pDY7zPLYHmaCFwTFqhbgfQGB3iAOONZ5lmmAxM=" PayloadSize="10873" Path="FeaturesOnDemand\ja-jp\baseless\Microsoft-Windows-NetworkLoadBalancing-Tools-FoD-Package~31bf3856ad364e35~amd64~ja-jp~.cab" PayloadType="ExpressCab" />
        <PayloadItem PayloadHash="1+3PElZg9UmQuq6AROo2OP++s+SDDLUxvQHYoErK10I=" PayloadSize="103612" Path="FeaturesOnDemand\ja-jp\baseless\Microsoft-Windows-NetworkLoadBalancing-Tools-FoD-Package~31bf3856ad364e35~amd64~ja-jp~.psf" PayloadType="ExpressPSF" />
      </Payload>
    </Package>
    <Package ID="Microsoft-Windows-Notepad-FoD-Package~31bf3856ad364e35~amd64~ja-jp~" InstalledSize="21830" Version="10.0.20348.1">
      <SatelliteInfo>
        <ApplyToInfo>
          <ApplyTo Type="language" Value="ja-JP" />
        </ApplyToInfo>
      </SatelliteInfo>
      <Payload>
        <PayloadItem PayloadHash="XP6MQMBODZBoVF0zYkBw6noTe0qXuefdlwcgX9kaurE=" PayloadSize="9991" Path="FeaturesOnDemand\ja-jp\baseless\Microsoft-Windows-Notepad-FoD-Package~31bf3856ad364e35~amd64~ja-jp~.cab" PayloadType="ExpressCab" />
        <PayloadItem PayloadHash="QhQkdq8rwffPltSJSc/olEhGu6MsUjijnRzjMv8eeTE=" PayloadSize="53543" Path="FeaturesOnDemand\ja-jp\baseless\Microsoft-Windows-Notepad-FoD-Package~31bf3856ad364e35~amd64~ja-jp~.psf" PayloadType="ExpressPSF" />
      </Payload>
    </Package>
    <Package ID="Microsoft-Windows-Notepad-FoD-Package~31bf3856ad364e35~wow64~ja-jp~" InstalledSize="11141" Version="10.0.20348.1">
      <SatelliteInfo>
        <ApplyToInfo>
          <ApplyTo Type="arch" Value="wow64" />
          <ApplyTo Type="language" Value="ja-JP" />
        </ApplyToInfo>
      </SatelliteInfo>
      <Payload>
        <PayloadItem PayloadHash="jOzzDFHvFWhq8nphe1439g0R/gU/KxwY/ggGBF5xbdI=" PayloadSize="9777" Path="FeaturesOnDemand\ja-jp\baseless\Microsoft-Windows-Notepad-FoD-Package~31bf3856ad364e35~wow64~ja-jp~.cab" PayloadType="ExpressCab" />
        <PayloadItem PayloadHash="Wn1soNcr8I4Sl/HNvkC4NrjfeQ1okBLD7levi16/c78=" PayloadSize="48989" Path="FeaturesOnDemand\ja-jp\baseless\Microsoft-Windows-Notepad-FoD-Package~31bf3856ad364e35~wow64~ja-jp~.psf" PayloadType="ExpressPSF" />
      </Payload>
    </Package>
    <Package ID="Microsoft-Windows-PowerShell-ISE-FOD-Package~31bf3856ad364e35~amd64~ja-jp~" InstalledSize="882421" Version="10.0.20348.1">
      <SatelliteInfo>
        <ApplyToInfo>
          <ApplyTo Type="language" Value="ja-JP" />
        </ApplyToInfo>
      </SatelliteInfo>
      <Payload>
        <PayloadItem PayloadHash="3gBEx1R/AIC9rAfNLRplxd6aW/+KBDlSSWQU5tgo2Fg=" PayloadSize="10815" Path="FeaturesOnDemand\ja-jp\baseless\Microsoft-Windows-PowerShell-ISE-FOD-Package~31bf3856ad364e35~amd64~ja-jp~.cab" PayloadType="ExpressCab" />
        <PayloadItem PayloadHash="j7MzZVh2IAheco4mX3mvy/FSM/hUQGfWcZONUBYGGXs=" PayloadSize="344904" Path="FeaturesOnDemand\ja-jp\baseless\Microsoft-Windows-PowerShell-ISE-FOD-Package~31bf3856ad364e35~amd64~ja-jp~.psf" PayloadType="ExpressPSF" />
      </Payload>
    </Package>
    <Package ID="Microsoft-Windows-PowerShell-ISE-FOD-Package~31bf3856ad364e35~wow64~ja-jp~" InstalledSize="71292" Version="10.0.20348.1">
      <SatelliteInfo>
        <ApplyToInfo>
          <ApplyTo Type="arch" Value="wow64" />
          <ApplyTo Type="language" Value="ja-JP" />
        </ApplyToInfo>
      </SatelliteInfo>
      <Payload>
        <PayloadItem PayloadHash="BFXKdDcfjBg7IyvCU4baxAdOwhdkS/5ha/YYZiFYvgc=" PayloadSize="10013" Path="FeaturesOnDemand\ja-jp\baseless\Microsoft-Windows-PowerShell-ISE-FOD-Package~31bf3856ad364e35~wow64~ja-jp~.cab" PayloadType="ExpressCab" />
        <PayloadItem PayloadHash="sjncxJcmn8375koUUcV582MhZY0kvCZZU/5dUZEAdXs=" PayloadSize="68927" Path="FeaturesOnDemand\ja-jp\baseless\Microsoft-Windows-PowerShell-ISE-FOD-Package~31bf3856ad364e35~wow64~ja-jp~.psf" PayloadType="ExpressPSF" />
      </Payload>
    </Package>
    <Package ID="Microsoft-Windows-Printing-PMCPPC-FoD-Package~31bf3856ad364e35~amd64~ja-jp~" InstalledSize="208842" Version="10.0.20348.1">
      <SatelliteInfo>
        <ApplyToInfo>
          <ApplyTo Type="language" Value="ja-JP" />
        </ApplyToInfo>
      </SatelliteInfo>
      <Payload>
        <PayloadItem PayloadHash="YPqJQXCgH/9Y3GYMRI9YUq94v8f2qVUOGLdi1O0PqGg=" PayloadSize="10273" Path="FeaturesOnDemand\ja-jp\baseless\Microsoft-Windows-Printing-PMCPPC-FoD-Package~31bf3856ad364e35~amd64~ja-jp~.cab" PayloadType="ExpressCab" />
        <PayloadItem PayloadHash="1RDfg80PtnB/a1JOQeZ9F4fYhpD/iLEk2JGprxaBUUA=" PayloadSize="79350" Path="FeaturesOnDemand\ja-jp\baseless\Microsoft-Windows-Printing-PMCPPC-FoD-Package~31bf3856ad364e35~amd64~ja-jp~.psf" PayloadType="ExpressPSF" />
      </Payload>
    </Package>
    <Package ID="Microsoft-Windows-Printing-WFS-FoD-Package~31bf3856ad364e35~amd64~ja-jp~" InstalledSize="398548" Version="10.0.20348.1">
      <SatelliteInfo>
        <ApplyToInfo>
          <ApplyTo Type="language" Value="ja-JP" />
        </ApplyToInfo>
      </SatelliteInfo>
      <Payload>
        <PayloadItem PayloadHash="+YloabbIvF4QzZ5XcVbQLSkunIkBlmVHxEoROgHP7Tw=" PayloadSize="11359" Path="FeaturesOnDemand\ja-jp\baseless\Microsoft-Windows-Printing-WFS-FoD-Package~31bf3856ad364e35~amd64~ja-jp~.cab" PayloadType="ExpressCab" />
        <PayloadItem PayloadHash="fL2/5vWyUHmIj1mF66dn3CTJ7MA8AuWLIzVlLaQReek=" PayloadSize="169999" Path="FeaturesOnDemand\ja-jp\baseless\Microsoft-Windows-Printing-WFS-FoD-Package~31bf3856ad364e35~amd64~ja-jp~.psf" PayloadType="ExpressPSF" />
      </Payload>
    </Package>
    <Package ID="Microsoft-Windows-RasCMAK-Client-Package~31bf3856ad364e35~amd64~ja-jp~" InstalledSize="456988" Version="10.0.20348.1">
      <SatelliteInfo>
        <ApplyToInfo>
          <ApplyTo Type="language" Value="ja-JP" />
        </ApplyToInfo>
      </SatelliteInfo>
      <Payload>
        <PayloadItem PayloadHash="GvzWc3kmc+mNsdz0cJYThm8S7v8ikaRR+cFItl75ku4=" PayloadSize="10903" Path="FeaturesOnDemand\ja-jp\baseless\Microsoft-Windows-RasCMAK-Client-Package~31bf3856ad364e35~amd64~ja-jp~.cab" PayloadType="ExpressCab" />
        <PayloadItem PayloadHash="OVhNoL9KAAP+HINVzwnAWqggSXKWvv5NjoCqzSl/FEk=" PayloadSize="183150" Path="FeaturesOnDemand\ja-jp\baseless\Microsoft-Windows-RasCMAK-Client-Package~31bf3856ad364e35~amd64~ja-jp~.psf" PayloadType="ExpressPSF" />
      </Payload>
    </Package>
    <Package ID="Microsoft-Windows-RasCMAK-Client-Package~31bf3856ad364e35~wow64~ja-jp~" InstalledSize="768265" Version="10.0.20348.1">
      <SatelliteInfo>
        <ApplyToInfo>
          <ApplyTo Type="arch" Value="wow64" />
          <ApplyTo Type="language" Value="ja-JP" />
        </ApplyToInfo>
      </SatelliteInfo>
      <Payload>
        <PayloadItem PayloadHash="+EZMidKXrryQ884qTCy4fW0ZYq/EvJSuXwl5aF/5OyU=" PayloadSize="11101" Path="FeaturesOnDemand\ja-jp\baseless\Microsoft-Windows-RasCMAK-Client-Package~31bf3856ad364e35~wow64~ja-jp~.cab" PayloadType="ExpressCab" />
        <PayloadItem PayloadHash="/KExnPV9sjvihX7pMXap2VLaHxu9yUkZKMTw4NUwEQg=" PayloadSize="585878" Path="FeaturesOnDemand\ja-jp\baseless\Microsoft-Windows-RasCMAK-Client-Package~31bf3856ad364e35~wow64~ja-jp~.psf" PayloadType="ExpressPSF" />
      </Payload>
    </Package>
    <Package ID="Microsoft-Windows-RasRip-Package~31bf3856ad364e35~amd64~ja-jp~" InstalledSize="21645" Version="10.0.20348.1">
      <SatelliteInfo>
        <ApplyToInfo>
          <ApplyTo Type="language" Value="ja-JP" />
        </ApplyToInfo>
      </SatelliteInfo>
      <Payload>
        <PayloadItem PayloadHash="My6wW3LSImBMx9QWDYJMVtAwDFNjyoBLrsw+oU4fSTY=" PayloadSize="10017" Path="FeaturesOnDemand\ja-jp\baseless\Microsoft-Windows-RasRip-Package~31bf3856ad364e35~amd64~ja-jp~.cab" PayloadType="ExpressCab" />
        <PayloadItem PayloadHash="zrQY/FfnfJZ/T7CsOujPYKcv4SHO0nbXmZwz8jJi4IQ=" PayloadSize="52453" Path="FeaturesOnDemand\ja-jp\baseless\Microsoft-Windows-RasRip-Package~31bf3856ad364e35~amd64~ja-jp~.psf" PayloadType="ExpressPSF" />
      </Payload>
    </Package>
    <Package ID="Microsoft-Windows-RemoteAccess-Management-Tools-FoD-Package~31bf3856ad364e35~amd64~ja-jp~" InstalledSize="18290644" Version="10.0.20348.1">
      <SatelliteInfo>
        <ApplyToInfo>
          <ApplyTo Type="language" Value="ja-JP" />
        </ApplyToInfo>
      </SatelliteInfo>
      <Payload>
        <PayloadItem PayloadHash="fiu60n5Wn+Wc6hhGMQENJ9jt7bCeXeNllakd2/fO5Tw=" PayloadSize="13175" Path="FeaturesOnDemand\ja-jp\baseless\Microsoft-Windows-RemoteAccess-Management-Tools-FoD-Package~31bf3856ad364e35~amd64~ja-jp~.cab" PayloadType="ExpressCab" />
        <PayloadItem PayloadHash="HiEOz3wPYuiHCwYDuzD464PwKwMdeyZ2V+Ooe/GM6FM=" PayloadSize="3409043" Path="FeaturesOnDemand\ja-jp\baseless\Microsoft-Windows-RemoteAccess-Management-Tools-FoD-Package~31bf3856ad364e35~amd64~ja-jp~.psf" PayloadType="ExpressPSF" />
      </Payload>
    </Package>
    <Package ID="Microsoft-Windows-RemoteAccess-Management-Tools-FoD-Package~31bf3856ad364e35~wow64~ja-jp~" InstalledSize="12640" Version="10.0.20348.1">
      <SatelliteInfo>
        <ApplyToInfo>
          <ApplyTo Type="arch" Value="wow64" />
          <ApplyTo Type="language" Value="ja-JP" />
        </ApplyToInfo>
      </SatelliteInfo>
      <Payload>
        <PayloadItem PayloadHash="uP4VLHEFuQJKZIHly2UNQB38DSemun0HnPSso2i+buA=" PayloadSize="9895" Path="FeaturesOnDemand\ja-jp\baseless\Microsoft-Windows-RemoteAccess-Management-Tools-FoD-Package~31bf3856ad364e35~wow64~ja-jp~.cab" PayloadType="ExpressCab" />
        <PayloadItem PayloadHash="CrYbY5vsx0ZTvjibSqd+NfMdjxR7QDYjjL6Gev1T8iM=" PayloadSize="49722" Path="FeaturesOnDemand\ja-jp\baseless\Microsoft-Windows-RemoteAccess-Management-Tools-FoD-Package~31bf3856ad364e35~wow64~ja-jp~.psf" PayloadType="ExpressPSF" />
      </Payload>
    </Package>
    <Package ID="Microsoft-Windows-RemoteDesktop-Services-Tools-FoD-Package~31bf3856ad364e35~amd64~ja-jp~" InstalledSize="1466935" Version="10.0.20348.1">
      <SatelliteInfo>
        <ApplyToInfo>
          <ApplyTo Type="language" Value="ja-JP" />
        </ApplyToInfo>
      </SatelliteInfo>
      <Payload>
        <PayloadItem PayloadHash="7MMDCaLh544rLcfn8XlUiuAD5dSFqHmC73rjDrQAd+k=" PayloadSize="11651" Path="FeaturesOnDemand\ja-jp\baseless\Microsoft-Windows-RemoteDesktop-Services-Tools-FoD-Package~31bf3856ad364e35~amd64~ja-jp~.cab" PayloadType="ExpressCab" />
        <PayloadItem PayloadHash="VcQtKQtRk25kXBt6O1BKorxTrHoWqwdBaIPxI1q0uxE=" PayloadSize="289067" Path="FeaturesOnDemand\ja-jp\baseless\Microsoft-Windows-RemoteDesktop-Services-Tools-FoD-Package~31bf3856ad364e35~amd64~ja-jp~.psf" PayloadType="ExpressPSF" />
      </Payload>
    </Package>
    <Package ID="Microsoft-Windows-Server-AppCompat-FoD-Package~31bf3856ad364e35~amd64~ja-jp~" InstalledSize="28278908" Version="10.0.20348.1">
      <SatelliteInfo>
        <ApplyToInfo>
          <ApplyTo Type="language" Value="ja-JP" />
        </ApplyToInfo>
      </SatelliteInfo>
      <Payload>
        <PayloadItem PayloadHash="VuYqBk8nL3N1MpJt3eKeA3GtjbJmZ+AFmlLCFdUQkuE=" PayloadSize="74075" Path="FeaturesOnDemand\ja-jp\baseless\Microsoft-Windows-Server-AppCompat-FoD-Package~31bf3856ad364e35~amd64~ja-jp~.cab" PayloadType="ExpressCab" />
        <PayloadItem PayloadHash="smQCIWO+DN5mbuxR/ezUsXevf88ySGcC3DW6B2j7Byk=" PayloadSize="7455581" Path="FeaturesOnDemand\ja-jp\baseless\Microsoft-Windows-Server-AppCompat-FoD-Package~31bf3856ad364e35~amd64~ja-jp~.psf" PayloadType="ExpressPSF" />
      </Payload>
    </Package>
    <Package ID="Microsoft-Windows-ServerManager-Tools-FoD-Package~31bf3856ad364e35~amd64~ja-jp~" InstalledSize="11179262" Version="10.0.20348.1">
      <SatelliteInfo>
        <ApplyToInfo>
          <ApplyTo Type="language" Value="ja-JP" />
        </ApplyToInfo>
      </SatelliteInfo>
      <Payload>
        <PayloadItem PayloadHash="xN6IvxUzuJ1DLhBPIdrf7wEkoznAUIQaI0rjhB6cAqc=" PayloadSize="23203" Path="FeaturesOnDemand\ja-jp\baseless\Microsoft-Windows-ServerManager-Tools-FoD-Package~31bf3856ad364e35~amd64~ja-jp~.cab" PayloadType="ExpressCab" />
        <PayloadItem PayloadHash="rinJcr32z+vDa0vfhZH/g8P32xCNyixu1HZqVlcfOt8=" PayloadSize="2182556" Path="FeaturesOnDemand\ja-jp\baseless\Microsoft-Windows-ServerManager-Tools-FoD-Package~31bf3856ad364e35~amd64~ja-jp~.psf" PayloadType="ExpressPSF" />
      </Payload>
    </Package>
    <Package ID="Microsoft-Windows-ServerManager-Tools-FoD-Package~31bf3856ad364e35~wow64~ja-jp~" InstalledSize="1163231" Version="10.0.20348.1">
      <SatelliteInfo>
        <ApplyToInfo>
          <ApplyTo Type="arch" Value="wow64" />
          <ApplyTo Type="language" Value="ja-JP" />
        </ApplyToInfo>
      </SatelliteInfo>
      <Payload>
        <PayloadItem PayloadHash="ie7I6cySI3/fD9t/LlcfrEdsUvDORudmX1pzpWctk24=" PayloadSize="10759" Path="FeaturesOnDemand\ja-jp\baseless\Microsoft-Windows-ServerManager-Tools-FoD-Package~31bf3856ad364e35~wow64~ja-jp~.cab" PayloadType="ExpressCab" />
        <PayloadItem PayloadHash="tBHQJzpnw4/3LxPlkhBuUtYXFjp2lWFnv3zBh8uuzqQ=" PayloadSize="335955" Path="FeaturesOnDemand\ja-jp\baseless\Microsoft-Windows-ServerManager-Tools-FoD-Package~31bf3856ad364e35~wow64~ja-jp~.psf" PayloadType="ExpressPSF" />
      </Payload>
    </Package>
    <Package ID="Microsoft-Windows-Shielded-VM-Tools-FoD-Package~31bf3856ad364e35~amd64~ja-jp~" InstalledSize="360427" Version="10.0.20348.1">
      <SatelliteInfo>
        <ApplyToInfo>
          <ApplyTo Type="language" Value="ja-JP" />
        </ApplyToInfo>
      </SatelliteInfo>
      <Payload>
        <PayloadItem PayloadHash="GKKgpING02qc3IodKK3P5o8Gd2Spgr7mqzQMQnl4aew=" PayloadSize="14155" Path="FeaturesOnDemand\ja-jp\baseless\Microsoft-Windows-Shielded-VM-Tools-FoD-Package~31bf3856ad364e35~amd64~ja-jp~.cab" PayloadType="ExpressCab" />
        <PayloadItem PayloadHash="iUPuRszz+JnwJj5/htbf8bBqMbbij6i3IiwfRo7W3cA=" PayloadSize="159741" Path="FeaturesOnDemand\ja-jp\baseless\Microsoft-Windows-Shielded-VM-Tools-FoD-Package~31bf3856ad364e35~amd64~ja-jp~.psf" PayloadType="ExpressPSF" />
      </Payload>
    </Package>
    <Package ID="Microsoft-Windows-SNMP-Client-Package~31bf3856ad364e35~amd64~ja-jp~" InstalledSize="143336" Version="10.0.20348.1">
      <SatelliteInfo>
        <ApplyToInfo>
          <ApplyTo Type="language" Value="ja-JP" />
        </ApplyToInfo>
      </SatelliteInfo>
      <Payload>
        <PayloadItem PayloadHash="O/x5JoaCxa6tIav8bodc4YJNUxr2tcwkX9lRhO+PjFc=" PayloadSize="12017" Path="FeaturesOnDemand\ja-jp\baseless\Microsoft-Windows-SNMP-Client-Package~31bf3856ad364e35~amd64~ja-jp~.cab" PayloadType="ExpressCab" />
        <PayloadItem PayloadHash="Ukh7E2SuN77JnPD6DQAfnKVFM4dNFLabtlLTMmctHr4=" PayloadSize="96713" Path="FeaturesOnDemand\ja-jp\baseless\Microsoft-Windows-SNMP-Client-Package~31bf3856ad364e35~amd64~ja-jp~.psf" PayloadType="ExpressPSF" />
      </Payload>
    </Package>
    <Package ID="Microsoft-Windows-SNMP-Client-Package~31bf3856ad364e35~wow64~ja-jp~" InstalledSize="143617" Version="10.0.20348.1">
      <SatelliteInfo>
        <ApplyToInfo>
          <ApplyTo Type="arch" Value="wow64" />
          <ApplyTo Type="language" Value="ja-JP" />
        </ApplyToInfo>
      </SatelliteInfo>
      <Payload>
        <PayloadItem PayloadHash="DnlFk6i2CEQXSj9uylPLxLaxxuzZqU5m+WdjY2y38iY=" PayloadSize="12035" Path="FeaturesOnDemand\ja-jp\baseless\Microsoft-Windows-SNMP-Client-Package~31bf3856ad364e35~wow64~ja-jp~.cab" PayloadType="ExpressCab" />
        <PayloadItem PayloadHash="kQi7bG9dpdT/rA4enc2fmU6nQdRerqgAAH4MDPjQbaY=" PayloadSize="96911" Path="FeaturesOnDemand\ja-jp\baseless\Microsoft-Windows-SNMP-Client-Package~31bf3856ad364e35~wow64~ja-jp~.psf" PayloadType="ExpressPSF" />
      </Payload>
    </Package>
    <Package ID="Microsoft-Windows-StepsRecorder-Package~31bf3856ad364e35~amd64~ja-jp~" InstalledSize="21092" Version="10.0.20348.1">
      <SatelliteInfo>
        <ApplyToInfo>
          <ApplyTo Type="language" Value="ja-JP" />
        </ApplyToInfo>
      </SatelliteInfo>
      <Payload>
        <PayloadItem PayloadHash="05nOhzPs1Rn8AYvhSNz3jz8Bv+KRhCJNQGRt/EbhdTU=" PayloadSize="9987" Path="FeaturesOnDemand\ja-jp\baseless\Microsoft-Windows-StepsRecorder-Package~31bf3856ad364e35~amd64~ja-jp~.cab" PayloadType="ExpressCab" />
        <PayloadItem PayloadHash="8oRA9YrPOGD0Y8Gr1BifFKS7W1Mlou0j136/p+/umZ0=" PayloadSize="52970" Path="FeaturesOnDemand\ja-jp\baseless\Microsoft-Windows-StepsRecorder-Package~31bf3856ad364e35~amd64~ja-jp~.psf" PayloadType="ExpressPSF" />
      </Payload>
    </Package>
    <Package ID="Microsoft-Windows-StepsRecorder-Package~31bf3856ad364e35~wow64~ja-jp~" InstalledSize="11409" Version="10.0.20348.1">
      <SatelliteInfo>
        <ApplyToInfo>
          <ApplyTo Type="arch" Value="wow64" />
          <ApplyTo Type="language" Value="ja-JP" />
        </ApplyToInfo>
      </SatelliteInfo>
      <Payload>
        <PayloadItem PayloadHash="7H0rT1IYMqQBt4uYZs6VSq3EU52k/nWcTVI6Qc2Lev4=" PayloadSize="9793" Path="FeaturesOnDemand\ja-jp\baseless\Microsoft-Windows-StepsRecorder-Package~31bf3856ad364e35~wow64~ja-jp~.cab" PayloadType="ExpressCab" />
        <PayloadItem PayloadHash="jQ7e7Xk9B+YCyQoHAg13MrdT7qS4MWkLGvk5vnE/DSc=" PayloadSize="49085" Path="FeaturesOnDemand\ja-jp\baseless\Microsoft-Windows-StepsRecorder-Package~31bf3856ad364e35~wow64~ja-jp~.psf" PayloadType="ExpressPSF" />
      </Payload>
    </Package>
    <Package ID="Microsoft-Windows-StorageManagement-FoD-Package~31bf3856ad364e35~amd64~ja-jp~" InstalledSize="1627674" Version="10.0.20348.1">
      <SatelliteInfo>
        <ApplyToInfo>
          <ApplyTo Type="language" Value="ja-JP" />
        </ApplyToInfo>
      </SatelliteInfo>
      <Payload>
        <PayloadItem PayloadHash="STX+BEsFoCqe/UGbwxhy7noNRxia7JguGv7X4BW47Rc=" PayloadSize="11807" Path="FeaturesOnDemand\ja-jp\baseless\Microsoft-Windows-StorageManagement-FoD-Package~31bf3856ad364e35~amd64~ja-jp~.cab" PayloadType="ExpressCab" />
        <PayloadItem PayloadHash="8P80cDsOOUUaUG8Hhqoh3e9O2VyA2ShNemQwRYYNpt0=" PayloadSize="186036" Path="FeaturesOnDemand\ja-jp\baseless\Microsoft-Windows-StorageManagement-FoD-Package~31bf3856ad364e35~amd64~ja-jp~.psf" PayloadType="ExpressPSF" />
      </Payload>
    </Package>
    <Package ID="Microsoft-Windows-StorageManagement-FoD-Package~31bf3856ad364e35~wow64~ja-jp~" InstalledSize="1084309" Version="10.0.20348.1">
      <SatelliteInfo>
        <ApplyToInfo>
          <ApplyTo Type="arch" Value="wow64" />
          <ApplyTo Type="language" Value="ja-JP" />
        </ApplyToInfo>
      </SatelliteInfo>
      <Payload>
        <PayloadItem PayloadHash="DO6UbCX0WR0mJHGr/XB8Ze+YN6aaW3pDdcLZGqGJXig=" PayloadSize="10643" Path="FeaturesOnDemand\ja-jp\baseless\Microsoft-Windows-StorageManagement-FoD-Package~31bf3856ad364e35~wow64~ja-jp~.cab" PayloadType="ExpressCab" />
        <PayloadItem PayloadHash="Gvrg9eGORIbYNRe1mxy1Tlzi2h3m7vDZ9OswS7C4LRQ=" PayloadSize="108806" Path="FeaturesOnDemand\ja-jp\baseless\Microsoft-Windows-StorageManagement-FoD-Package~31bf3856ad364e35~wow64~ja-jp~.psf" PayloadType="ExpressPSF" />
      </Payload>
    </Package>
    <Package ID="Microsoft-Windows-StorageMigrationService-Management-Tools-FOD-Package~31bf3856ad364e35~amd64~ja-jp~" InstalledSize="91238" Version="10.0.20348.1">
      <SatelliteInfo>
        <ApplyToInfo>
          <ApplyTo Type="language" Value="ja-JP" />
        </ApplyToInfo>
      </SatelliteInfo>
      <Payload>
        <PayloadItem PayloadHash="mhFMD3rteEs0YIYs4onEzx2Pxt6mQ/MlldrgB1h6xXs=" PayloadSize="10279" Path="FeaturesOnDemand\ja-jp\baseless\Microsoft-Windows-StorageMigrationService-Management-Tools-FOD-Package~31bf3856ad364e35~amd64~ja-jp~.cab" PayloadType="ExpressCab" />
        <PayloadItem PayloadHash="FBok/fOCVtqRp/phjH8bZ9i6mxikG7BwlA6+5OaDUT8=" PayloadSize="69531" Path="FeaturesOnDemand\ja-jp\baseless\Microsoft-Windows-StorageMigrationService-Management-Tools-FOD-Package~31bf3856ad364e35~amd64~ja-jp~.psf" PayloadType="ExpressPSF" />
      </Payload>
    </Package>
    <Package ID="Microsoft-Windows-StorageReplica-Tools-FoD-Package~31bf3856ad364e35~amd64~ja-jp~" InstalledSize="279301" Version="10.0.20348.1">
      <SatelliteInfo>
        <ApplyToInfo>
          <ApplyTo Type="language" Value="ja-JP" />
        </ApplyToInfo>
      </SatelliteInfo>
      <Payload>
        <PayloadItem PayloadHash="+GhlW0a/CbRtNy2xPLjTPq9SgAtVCQ2OGC3om63PSic=" PayloadSize="10601" Path="FeaturesOnDemand\ja-jp\baseless\Microsoft-Windows-StorageReplica-Tools-FoD-Package~31bf3856ad364e35~amd64~ja-jp~.cab" PayloadType="ExpressCab" />
        <PayloadItem PayloadHash="olpoBf5FGzV+sbeRseSY3PX+y76Lcpqj5zPTJ1bXnQo=" PayloadSize="105150" Path="FeaturesOnDemand\ja-jp\baseless\Microsoft-Windows-StorageReplica-Tools-FoD-Package~31bf3856ad364e35~amd64~ja-jp~.psf" PayloadType="ExpressPSF" />
      </Payload>
    </Package>
    <Package ID="Microsoft-Windows-SystemInsights-Management-Tools-FOD-Package~31bf3856ad364e35~amd64~ja-jp~" InstalledSize="42012" Version="10.0.20348.1">
      <SatelliteInfo>
        <ApplyToInfo>
          <ApplyTo Type="language" Value="ja-JP" />
        </ApplyToInfo>
      </SatelliteInfo>
      <Payload>
        <PayloadItem PayloadHash="lv5SKYVHgh7tCFELeg5AXMx25nVmmvnfq/aU+yUE+6w=" PayloadSize="10285" Path="FeaturesOnDemand\ja-jp\baseless\Microsoft-Windows-SystemInsights-Management-Tools-FOD-Package~31bf3856ad364e35~amd64~ja-jp~.cab" PayloadType="ExpressCab" />
        <PayloadItem PayloadHash="aK0vQoBu2GZtZhjyUdfUvWjEdgrHoIX+wLF6ZfjHq5I=" PayloadSize="61401" Path="FeaturesOnDemand\ja-jp\baseless\Microsoft-Windows-SystemInsights-Management-Tools-FOD-Package~31bf3856ad364e35~amd64~ja-jp~.psf" PayloadType="ExpressPSF" />
      </Payload>
    </Package>
    <Package ID="Microsoft-Windows-VolumeActivation-Tools-FoD-Package~31bf3856ad364e35~amd64~ja-jp~" InstalledSize="228582" Version="10.0.20348.1">
      <SatelliteInfo>
        <ApplyToInfo>
          <ApplyTo Type="language" Value="ja-JP" />
        </ApplyToInfo>
      </SatelliteInfo>
      <Payload>
        <PayloadItem PayloadHash="TbTASnqCXhN90X3Szd+jijGoT3NdL+B/zpusc+zwS+Y=" PayloadSize="10139" Path="FeaturesOnDemand\ja-jp\baseless\Microsoft-Windows-VolumeActivation-Tools-FoD-Package~31bf3856ad364e35~amd64~ja-jp~.cab" PayloadType="ExpressCab" />
        <PayloadItem PayloadHash="of2NnRgrSgi5IfEwEB8ybzOMjjXefkPWfm0S04glPi4=" PayloadSize="172365" Path="FeaturesOnDemand\ja-jp\baseless\Microsoft-Windows-VolumeActivation-Tools-FoD-Package~31bf3856ad364e35~amd64~ja-jp~.psf" PayloadType="ExpressPSF" />
      </Payload>
    </Package>
    <Package ID="Microsoft-Windows-WirelessDisplay-FOD-Package~31bf3856ad364e35~amd64~ja-jp~" InstalledSize="34279" Version="10.0.20348.1">
      <SatelliteInfo>
        <ApplyToInfo>
          <ApplyTo Type="language" Value="ja-JP" />
        </ApplyToInfo>
      </SatelliteInfo>
      <Payload>
        <PayloadItem PayloadHash="fuZcXouDCziwWKGTLRLxjLNfAELwLYmx86m9gkwfdc4=" PayloadSize="10267" Path="FeaturesOnDemand\ja-jp\baseless\Microsoft-Windows-WirelessDisplay-FOD-Package~31bf3856ad364e35~amd64~ja-jp~.cab" PayloadType="ExpressCab" />
        <PayloadItem PayloadHash="35VILLoPisxQzAfweE2a8G1aWNEMi5Re15NNluS64zw=" PayloadSize="61333" Path="FeaturesOnDemand\ja-jp\baseless\Microsoft-Windows-WirelessDisplay-FOD-Package~31bf3856ad364e35~amd64~ja-jp~.psf" PayloadType="ExpressPSF" />
      </Payload>
    </Package>
    <Package ID="Microsoft-Windows-WMI-SNMP-Provider-Client-Package~31bf3856ad364e35~amd64~ja-jp~" InstalledSize="53238" Version="10.0.20348.1">
      <SatelliteInfo>
        <ApplyToInfo>
          <ApplyTo Type="language" Value="ja-JP" />
        </ApplyToInfo>
      </SatelliteInfo>
      <Payload>
        <PayloadItem PayloadHash="Xq/OXWdqbVf1aS8XfWhoZ+OJS3Hasc5++CL9Kun27Zc=" PayloadSize="10587" Path="FeaturesOnDemand\ja-jp\baseless\Microsoft-Windows-WMI-SNMP-Provider-Client-Package~31bf3856ad364e35~amd64~ja-jp~.cab" PayloadType="ExpressCab" />
        <PayloadItem PayloadHash="uZmJPisEQdAwMTx2GIZlXjCdEOX9pnJJil7noGr34w0=" PayloadSize="64695" Path="FeaturesOnDemand\ja-jp\baseless\Microsoft-Windows-WMI-SNMP-Provider-Client-Package~31bf3856ad364e35~amd64~ja-jp~.psf" PayloadType="ExpressPSF" />
      </Payload>
    </Package>
    <Package ID="Microsoft-Windows-WMI-SNMP-Provider-Client-Package~31bf3856ad364e35~wow64~ja-jp~" InstalledSize="53357" Version="10.0.20348.1">
      <SatelliteInfo>
        <ApplyToInfo>
          <ApplyTo Type="arch" Value="wow64" />
          <ApplyTo Type="language" Value="ja-JP" />
        </ApplyToInfo>
      </SatelliteInfo>
      <Payload>
        <PayloadItem PayloadHash="eTRFgQuANnPVfphfa7h6M/jLBJDdIyesA2kUBxgSZdU=" PayloadSize="10591" Path="FeaturesOnDemand\ja-jp\baseless\Microsoft-Windows-WMI-SNMP-Provider-Client-Package~31bf3856ad364e35~wow64~ja-jp~.cab" PayloadType="ExpressCab" />
        <PayloadItem PayloadHash="JFXQRCCUwhANtpFMJ87BTpA3rf3/joouQ3BXYkUZ/Dg=" PayloadSize="64688" Path="FeaturesOnDemand\ja-jp\baseless\Microsoft-Windows-WMI-SNMP-Provider-Client-Package~31bf3856ad364e35~wow64~ja-jp~.psf" PayloadType="ExpressPSF" />
      </Payload>
    </Package>
    <Package ID="Microsoft-Windows-WordPad-FoD-Package~31bf3856ad364e35~amd64~ja-jp~" InstalledSize="166210" Version="10.0.20348.1">
      <SatelliteInfo>
        <ApplyToInfo>
          <ApplyTo Type="language" Value="ja-JP" />
        </ApplyToInfo>
      </SatelliteInfo>
      <Payload>
        <PayloadItem PayloadHash="MFLZ/RDeqKmkKmDndvWcjBeBk0wq8D79zDyMftQzTIo=" PayloadSize="10019" Path="FeaturesOnDemand\ja-jp\baseless\Microsoft-Windows-WordPad-FoD-Package~31bf3856ad364e35~amd64~ja-jp~.cab" PayloadType="ExpressCab" />
        <PayloadItem PayloadHash="xOrFt8pmUrWdbAZKY3TzcTS1ByR75eUnrnNOFcQLTrY=" PayloadSize="61027" Path="FeaturesOnDemand\ja-jp\baseless\Microsoft-Windows-WordPad-FoD-Package~31bf3856ad364e35~amd64~ja-jp~.psf" PayloadType="ExpressPSF" />
      </Payload>
    </Package>
    <Package ID="Microsoft-Windows-WordPad-FoD-Package~31bf3856ad364e35~wow64~ja-jp~" InstalledSize="166284" Version="10.0.20348.1">
      <SatelliteInfo>
        <ApplyToInfo>
          <ApplyTo Type="arch" Value="wow64" />
          <ApplyTo Type="language" Value="ja-JP" />
        </ApplyToInfo>
      </SatelliteInfo>
      <Payload>
        <PayloadItem PayloadHash="gB4QS9FRrrCqUtbN75jgJzZDXcaDBk4YNPfPHRGNIS0=" PayloadSize="9991" Path="FeaturesOnDemand\ja-jp\baseless\Microsoft-Windows-WordPad-FoD-Package~31bf3856ad364e35~wow64~ja-jp~.cab" PayloadType="ExpressCab" />
        <PayloadItem PayloadHash="t67zSD617ZxMYHN8wW503OrNPqpWxhdhCmAdr4h7thA=" PayloadSize="61057" Path="FeaturesOnDemand\ja-jp\baseless\Microsoft-Windows-WordPad-FoD-Package~31bf3856ad364e35~wow64~ja-jp~.psf" PayloadType="ExpressPSF" />
      </Payload>
    </Package>
    <Package ID="Microsoft-Windows-WSUS-Tools-FoD-Package~31bf3856ad364e35~amd64~ja-jp~" InstalledSize="2984911" Version="10.0.20348.1">
      <SatelliteInfo>
        <ApplyToInfo>
          <ApplyTo Type="language" Value="ja-JP" />
        </ApplyToInfo>
      </SatelliteInfo>
      <Payload>
        <PayloadItem PayloadHash="k7k8qBWH4p/fV3aNfccRFMWvO9CzgCDQKiSops7T+ro=" PayloadSize="11159" Path="FeaturesOnDemand\ja-jp\baseless\Microsoft-Windows-WSUS-Tools-FoD-Package~31bf3856ad364e35~amd64~ja-jp~.cab" PayloadType="ExpressCab" />
        <PayloadItem PayloadHash="TGiDJJaE9EB3i/3jFEZlnw3GhsLUH5vtX4e6b/0/Fx4=" PayloadSize="387927" Path="FeaturesOnDemand\ja-jp\baseless\Microsoft-Windows-WSUS-Tools-FoD-Package~31bf3856ad364e35~amd64~ja-jp~.psf" PayloadType="ExpressPSF" />
      </Payload>
    </Package>
  </Packages>
  <ValuePair />
</CompDB>