<?xml version="1.0" encoding="utf-8"?>
<CompDB xmlns:xsi="http://www.w3.org/2001/XMLSchema-instance" xmlns:xsd="http://www.w3.org/2001/XMLSchema" CreatedDate="2021-05-08T14:00:03.1030519Z" Revision="1" SchemaVersion="1.2" Product="Server" BuildID="cba57a24-14e8-e0d9-3b38-ce9d5f1c983e" BuildInfo="fe_release.20348.1.210507-1500" OSVersion="10.0.20348.1" BuildArch="amd64" ReleaseType="Production" Type="Baseless" Name="Baseless~amd64~Server~~fr-ca" xmlns="http://schemas.microsoft.com/embedded/2004/10/ImageUpdate">
  <Tags Type="Language">
    <Tag Name="Language" Value="fr-ca" />
    <Tag Name="UpdateType" Value="Baseless" />
  </Tags>
  <Features>
    <Feature Type="LanguagePack" FeatureID="Language.UI.Server~fr-ca" FMID="MSDL" Group="Microsoft">
      <Packages>
        <Package ID="Microsoft-Windows-Server-LanguagePack-Package_fr-ca~31bf3856ad364e35~amd64~fr-ca~" PackageType="FeaturePackage" />
      </Packages>
    </Feature>
    <Feature Type="OnDemandFeature" FeatureID="Rsat.AzureStack.HCI.Management.Tools~~1.0" FMID="MSDN" Group="Microsoft">
      <Packages>
        <Package ID="Microsoft-AzureStack-HCI-Management-Tools-FOD-Package~31bf3856ad364e35~amd64~fr-ca~" PackageType="SatellitePackage" />
      </Packages>
    </Feature>
    <Feature Type="OnDemandFeature" FeatureID="Microsoft.Onecore.StorageManagement~~1.0" FMID="MSDN" Group="Microsoft">
      <Packages>
        <Package ID="Microsoft-OneCore-StorageManagement-FoD-Package~31bf3856ad364e35~amd64~fr-ca~" PackageType="SatellitePackage" />
        <Package ID="Microsoft-OneCore-StorageManagement-FoD-Package~31bf3856ad364e35~wow64~fr-ca~" PackageType="SatellitePackage" />
      </Packages>
    </Feature>
    <Feature Type="OnDemandFeature" FeatureID="Rsat.ActiveDirectory.DS-LDS.Tools~~1.0" FMID="MSDN" Group="Microsoft">
      <Dependencies>
        <Feature FeatureID="Rsat.ServerManager.Tools~~1.0" />
      </Dependencies>
      <Packages>
        <Package ID="Microsoft-Windows-ActiveDirectory-DS-LDS-Tools-FoD-Package~31bf3856ad364e35~amd64~fr-ca~" PackageType="SatellitePackage" />
        <Package ID="Microsoft-Windows-ActiveDirectory-DS-LDS-Tools-FoD-Package~31bf3856ad364e35~wow64~fr-ca~" PackageType="SatellitePackage" />
      </Packages>
    </Feature>
    <Feature Type="OnDemandFeature" FeatureID="Rsat.BitLocker.Recovery.Tools~~1.0" FMID="MSDN" Group="Microsoft">
      <Dependencies>
        <Feature FeatureID="Rsat.ActiveDirectory.DS-LDS.Tools~~1.0" />
      </Dependencies>
      <Packages>
        <Package ID="Microsoft-Windows-BitLocker-Recovery-Tools-FoD-Package~31bf3856ad364e35~amd64~fr-ca~" PackageType="SatellitePackage" />
      </Packages>
    </Feature>
    <Feature Type="OnDemandFeature" FeatureID="Rsat.CertificateServices.Tools~~1.0" FMID="MSDN" Group="Microsoft">
      <Packages>
        <Package ID="Microsoft-Windows-CertificateServices-Tools-FoD-Package~31bf3856ad364e35~amd64~fr-ca~" PackageType="SatellitePackage" />
      </Packages>
    </Feature>
    <Feature Type="OnDemandFeature" FeatureID="Microsoft.Composition.Test~~1.0" FMID="MSDN" Group="Microsoft">
      <Packages>
        <Package ID="Microsoft-Windows-Composition-Test-FOD-Package~31bf3856ad364e35~amd64~fr-ca~" PackageType="SatellitePackage" />
        <Package ID="Microsoft-Windows-Composition-Test-FOD-Package~31bf3856ad364e35~wow64~fr-ca~" PackageType="SatellitePackage" />
      </Packages>
    </Feature>
    <Feature Type="OnDemandFeature" FeatureID="Rsat.DHCP.Tools~~1.0" FMID="MSDN" Group="Microsoft">
      <Packages>
        <Package ID="Microsoft-Windows-DHCP-Tools-FoD-Package~31bf3856ad364e35~amd64~fr-ca~" PackageType="SatellitePackage" />
        <Package ID="Microsoft-Windows-DHCP-Tools-FoD-Package~31bf3856ad364e35~wow64~fr-ca~" PackageType="SatellitePackage" />
      </Packages>
    </Feature>
    <Feature Type="OnDemandFeature" FeatureID="Rsat.Dns.Tools~~1.0" FMID="MSDN" Group="Microsoft">
      <Packages>
        <Package ID="Microsoft-Windows-DNS-Tools-FoD-Package~31bf3856ad364e35~amd64~fr-ca~" PackageType="SatellitePackage" />
        <Package ID="Microsoft-Windows-DNS-Tools-FoD-Package~31bf3856ad364e35~wow64~fr-ca~" PackageType="SatellitePackage" />
      </Packages>
    </Feature>
    <Feature Type="OnDemandFeature" FeatureID="Windows.Desktop.EMS-SAC.Tools~~1.0" FMID="MSDN" Group="Microsoft">
      <Packages>
        <Package ID="Microsoft-Windows-EMS-SAC-Desktop-Tools-FoD-Package~31bf3856ad364e35~amd64~fr-ca~" PackageType="SatellitePackage" />
      </Packages>
    </Feature>
    <Feature Type="OnDemandFeature" FeatureID="Rsat.FailoverCluster.Management.Tools~~1.0" FMID="MSDN" Group="Microsoft">
      <Dependencies>
        <Feature FeatureID="Rsat.FileServices.Tools~~1.0" />
      </Dependencies>
      <Packages>
        <Package ID="Microsoft-Windows-FailoverCluster-Management-Tools-FOD-Package~31bf3856ad364e35~amd64~fr-ca~" PackageType="SatellitePackage" />
        <Package ID="Microsoft-Windows-FailoverCluster-Management-Tools-FOD-Package~31bf3856ad364e35~wow64~fr-ca~" PackageType="SatellitePackage" />
      </Packages>
    </Feature>
    <Feature Type="OnDemandFeature" FeatureID="Rsat.FileServices.Tools~~1.0" FMID="MSDN" Group="Microsoft">
      <Dependencies>
        <Feature FeatureID="Rsat.ServerManager.Tools~~1.0" />
      </Dependencies>
      <Packages>
        <Package ID="Microsoft-Windows-FileServices-Tools-FoD-Package~31bf3856ad364e35~amd64~fr-ca~" PackageType="SatellitePackage" />
        <Package ID="Microsoft-Windows-FileServices-Tools-FoD-Package~31bf3856ad364e35~wow64~fr-ca~" PackageType="SatellitePackage" />
      </Packages>
    </Feature>
    <Feature Type="OnDemandFeature" FeatureID="Rsat.GroupPolicy.Management.Tools~~1.0" FMID="MSDN" Group="Microsoft">
      <Packages>
        <Package ID="Microsoft-Windows-GroupPolicy-Management-Tools-FoD-Package~31bf3856ad364e35~amd64~fr-ca~" PackageType="SatellitePackage" />
        <Package ID="Microsoft-Windows-GroupPolicy-Management-Tools-FoD-Package~31bf3856ad364e35~wow64~fr-ca~" PackageType="SatellitePackage" />
      </Packages>
    </Feature>
    <Feature Type="OnDemandFeature" FeatureID="Rsat.IPAM.Client.Tools~~1.0" FMID="MSDN" Group="Microsoft">
      <Dependencies>
        <Feature FeatureID="Rsat.ServerManager.Tools~~1.0" />
      </Dependencies>
      <Packages>
        <Package ID="Microsoft-Windows-IPAM-Client-FoD-Package~31bf3856ad364e35~amd64~fr-ca~" PackageType="SatellitePackage" />
        <Package ID="Microsoft-Windows-IPAM-Client-FoD-Package~31bf3856ad364e35~wow64~fr-ca~" PackageType="SatellitePackage" />
      </Packages>
    </Feature>
    <Feature Type="OnDemandFeature" FeatureID="Network.Irda~~1.0" FMID="MSDN" Group="Microsoft">
      <Packages>
        <Package ID="Microsoft-Windows-IRDA-Package~31bf3856ad364e35~amd64~fr-ca~" PackageType="SatellitePackage" />
        <Package ID="Microsoft-Windows-IRDA-Package~31bf3856ad364e35~wow64~fr-ca~" PackageType="SatellitePackage" />
      </Packages>
    </Feature>
    <Feature Type="OnDemandFeature" FeatureID="Media.MediaFeaturePack~~1.0" FMID="MSDN" Group="Microsoft">
      <Packages>
        <Package ID="Microsoft-Windows-Media-Features-Package~31bf3856ad364e35~amd64~fr-ca~" PackageType="SatellitePackage" />
        <Package ID="Microsoft-Windows-Media-Features-Package~31bf3856ad364e35~wow64~fr-ca~" PackageType="SatellitePackage" />
      </Packages>
    </Feature>
    <Feature Type="OnDemandFeature" FeatureID="Microsoft.Windows.MSPaint~~1.0" FMID="MSDN" Group="Microsoft">
      <Packages>
        <Package ID="Microsoft-Windows-MSPaint-FoD-Package~31bf3856ad364e35~amd64~fr-ca~" PackageType="SatellitePackage" />
        <Package ID="Microsoft-Windows-MSPaint-FoD-Package~31bf3856ad364e35~wow64~fr-ca~" PackageType="SatellitePackage" />
      </Packages>
    </Feature>
    <Feature Type="OnDemandFeature" FeatureID="Rsat.NetworkController.Tools~~1.0" FMID="MSDN" Group="Microsoft">
      <Packages>
        <Package ID="Microsoft-Windows-NetworkController-Tools-FoD-Package~31bf3856ad364e35~amd64~fr-ca~" PackageType="SatellitePackage" />
      </Packages>
    </Feature>
    <Feature Type="OnDemandFeature" FeatureID="Rsat.NetworkLoadBalancing.Tools~~1.0" FMID="MSDN" Group="Microsoft">
      <Packages>
        <Package ID="Microsoft-Windows-NetworkLoadBalancing-Tools-FoD-Package~31bf3856ad364e35~amd64~fr-ca~" PackageType="SatellitePackage" />
      </Packages>
    </Feature>
    <Feature Type="OnDemandFeature" FeatureID="Microsoft.Windows.Notepad~~1.0" FMID="MSDN" Group="Microsoft">
      <Packages>
        <Package ID="Microsoft-Windows-Notepad-FoD-Package~31bf3856ad364e35~amd64~fr-ca~" PackageType="SatellitePackage" />
        <Package ID="Microsoft-Windows-Notepad-FoD-Package~31bf3856ad364e35~wow64~fr-ca~" PackageType="SatellitePackage" />
      </Packages>
    </Feature>
    <Feature Type="OnDemandFeature" FeatureID="Microsoft.Windows.PowerShell.ISE~~1.0" FMID="MSDN" Group="Microsoft">
      <Packages>
        <Package ID="Microsoft-Windows-PowerShell-ISE-FOD-Package~31bf3856ad364e35~amd64~fr-ca~" PackageType="SatellitePackage" />
        <Package ID="Microsoft-Windows-PowerShell-ISE-FOD-Package~31bf3856ad364e35~wow64~fr-ca~" PackageType="SatellitePackage" />
      </Packages>
    </Feature>
    <Feature Type="OnDemandFeature" FeatureID="Print.Management.Console~~1.0" FMID="MSDN" Group="Microsoft">
      <Packages>
        <Package ID="Microsoft-Windows-Printing-PMCPPC-FoD-Package~31bf3856ad364e35~amd64~fr-ca~" PackageType="SatellitePackage" />
      </Packages>
    </Feature>
    <Feature Type="OnDemandFeature" FeatureID="Print.Fax.Scan~~1.0" FMID="MSDN" Group="Microsoft">
      <Packages>
        <Package ID="Microsoft-Windows-Printing-WFS-FoD-Package~31bf3856ad364e35~amd64~fr-ca~" PackageType="SatellitePackage" />
      </Packages>
    </Feature>
    <Feature Type="OnDemandFeature" FeatureID="RasCMAK.Client~~1.0" FMID="MSDN" Group="Microsoft">
      <Packages>
        <Package ID="Microsoft-Windows-RasCMAK-Client-Package~31bf3856ad364e35~amd64~fr-ca~" PackageType="SatellitePackage" />
        <Package ID="Microsoft-Windows-RasCMAK-Client-Package~31bf3856ad364e35~wow64~fr-ca~" PackageType="SatellitePackage" />
      </Packages>
    </Feature>
    <Feature Type="OnDemandFeature" FeatureID="RIP.Listener~~1.0" FMID="MSDN" Group="Microsoft">
      <Packages>
        <Package ID="Microsoft-Windows-RasRip-Package~31bf3856ad364e35~amd64~fr-ca~" PackageType="SatellitePackage" />
      </Packages>
    </Feature>
    <Feature Type="OnDemandFeature" FeatureID="Rsat.RemoteAccess.Management.Tools~~1.0" FMID="MSDN" Group="Microsoft">
      <Dependencies>
        <Feature FeatureID="Rsat.GroupPolicy.Management.Tools~~1.0" />
        <Feature FeatureID="Rsat.ServerManager.Tools~~1.0" />
      </Dependencies>
      <Packages>
        <Package ID="Microsoft-Windows-RemoteAccess-Management-Tools-FoD-Package~31bf3856ad364e35~amd64~fr-ca~" PackageType="SatellitePackage" />
        <Package ID="Microsoft-Windows-RemoteAccess-Management-Tools-FoD-Package~31bf3856ad364e35~wow64~fr-ca~" PackageType="SatellitePackage" />
      </Packages>
    </Feature>
    <Feature Type="OnDemandFeature" FeatureID="Rsat.RemoteDesktop.Services.Tools~~1.0" FMID="MSDN" Group="Microsoft">
      <Packages>
        <Package ID="Microsoft-Windows-RemoteDesktop-Services-Tools-FoD-Package~31bf3856ad364e35~amd64~fr-ca~" PackageType="SatellitePackage" />
      </Packages>
    </Feature>
    <Feature Type="OnDemandFeature" FeatureID="ServerCore.AppCompatibility~~1.0" FMID="MSDN" Group="Microsoft">
      <Packages>
        <Package ID="Microsoft-Windows-Server-AppCompat-FoD-Package~31bf3856ad364e35~amd64~fr-ca~" PackageType="SatellitePackage" />
      </Packages>
    </Feature>
    <Feature Type="OnDemandFeature" FeatureID="Rsat.ServerManager.Tools~~1.0" FMID="MSDN" Group="Microsoft">
      <Packages>
        <Package ID="Microsoft-Windows-ServerManager-Tools-FoD-Package~31bf3856ad364e35~amd64~fr-ca~" PackageType="SatellitePackage" />
        <Package ID="Microsoft-Windows-ServerManager-Tools-FoD-Package~31bf3856ad364e35~wow64~fr-ca~" PackageType="SatellitePackage" />
      </Packages>
    </Feature>
    <Feature Type="OnDemandFeature" FeatureID="Rsat.Shielded.VM.Tools~~1.0" FMID="MSDN" Group="Microsoft">
      <Dependencies>
        <Feature FeatureID="Rsat.ServerManager.Tools~~1.0" />
      </Dependencies>
      <Packages>
        <Package ID="Microsoft-Windows-Shielded-VM-Tools-FoD-Package~31bf3856ad364e35~amd64~fr-ca~" PackageType="SatellitePackage" />
      </Packages>
    </Feature>
    <Feature Type="OnDemandFeature" FeatureID="SNMP.Client~~1.0" FMID="MSDN" Group="Microsoft">
      <Packages>
        <Package ID="Microsoft-Windows-SNMP-Client-Package~31bf3856ad364e35~amd64~fr-ca~" PackageType="SatellitePackage" />
        <Package ID="Microsoft-Windows-SNMP-Client-Package~31bf3856ad364e35~wow64~fr-ca~" PackageType="SatellitePackage" />
      </Packages>
    </Feature>
    <Feature Type="OnDemandFeature" FeatureID="App.StepsRecorder~~1.0" FMID="MSDN" Group="Microsoft">
      <Packages>
        <Package ID="Microsoft-Windows-StepsRecorder-Package~31bf3856ad364e35~amd64~fr-ca~" PackageType="SatellitePackage" />
        <Package ID="Microsoft-Windows-StepsRecorder-Package~31bf3856ad364e35~wow64~fr-ca~" PackageType="SatellitePackage" />
      </Packages>
    </Feature>
    <Feature Type="OnDemandFeature" FeatureID="Microsoft.Windows.StorageManagement~~1.0" FMID="MSDN" Group="Microsoft">
      <Packages>
        <Package ID="Microsoft-Windows-StorageManagement-FoD-Package~31bf3856ad364e35~amd64~fr-ca~" PackageType="SatellitePackage" />
        <Package ID="Microsoft-Windows-StorageManagement-FoD-Package~31bf3856ad364e35~wow64~fr-ca~" PackageType="SatellitePackage" />
      </Packages>
    </Feature>
    <Feature Type="OnDemandFeature" FeatureID="Rsat.StorageMigrationService.Management.Tools~~1.0" FMID="MSDN" Group="Microsoft">
      <Packages>
        <Package ID="Microsoft-Windows-StorageMigrationService-Management-Tools-FOD-Package~31bf3856ad364e35~amd64~fr-ca~" PackageType="SatellitePackage" />
      </Packages>
    </Feature>
    <Feature Type="OnDemandFeature" FeatureID="Rsat.StorageReplica.Tools~~1.0" FMID="MSDN" Group="Microsoft">
      <Packages>
        <Package ID="Microsoft-Windows-StorageReplica-Tools-FoD-Package~31bf3856ad364e35~amd64~fr-ca~" PackageType="SatellitePackage" />
      </Packages>
    </Feature>
    <Feature Type="OnDemandFeature" FeatureID="Rsat.SystemInsights.Management.Tools~~1.0" FMID="MSDN" Group="Microsoft">
      <Packages>
        <Package ID="Microsoft-Windows-SystemInsights-Management-Tools-FOD-Package~31bf3856ad364e35~amd64~fr-ca~" PackageType="SatellitePackage" />
      </Packages>
    </Feature>
    <Feature Type="OnDemandFeature" FeatureID="Rsat.VolumeActivation.Tools~~1.0" FMID="MSDN" Group="Microsoft">
      <Packages>
        <Package ID="Microsoft-Windows-VolumeActivation-Tools-FoD-Package~31bf3856ad364e35~amd64~fr-ca~" PackageType="SatellitePackage" />
      </Packages>
    </Feature>
    <Feature Type="OnDemandFeature" FeatureID="App.WirelessDisplay.Connect~~1.0" FMID="MSDN" Group="Microsoft">
      <Packages>
        <Package ID="Microsoft-Windows-WirelessDisplay-FOD-Package~31bf3856ad364e35~amd64~fr-ca~" PackageType="SatellitePackage" />
      </Packages>
    </Feature>
    <Feature Type="OnDemandFeature" FeatureID="WMI-SNMP-Provider.Client~~1.0" FMID="MSDN" Group="Microsoft">
      <Dependencies>
        <Feature FeatureID="SNMP.Client~~1.0" />
      </Dependencies>
      <Packages>
        <Package ID="Microsoft-Windows-WMI-SNMP-Provider-Client-Package~31bf3856ad364e35~amd64~fr-ca~" PackageType="SatellitePackage" />
        <Package ID="Microsoft-Windows-WMI-SNMP-Provider-Client-Package~31bf3856ad364e35~wow64~fr-ca~" PackageType="SatellitePackage" />
      </Packages>
    </Feature>
    <Feature Type="OnDemandFeature" FeatureID="Microsoft.Windows.WordPad~~1.0" FMID="MSDN" Group="Microsoft">
      <Packages>
        <Package ID="Microsoft-Windows-WordPad-FoD-Package~31bf3856ad364e35~amd64~fr-ca~" PackageType="SatellitePackage" />
        <Package ID="Microsoft-Windows-WordPad-FoD-Package~31bf3856ad364e35~wow64~fr-ca~" PackageType="SatellitePackage" />
      </Packages>
    </Feature>
    <Feature Type="OnDemandFeature" FeatureID="Rsat.WSUS.Tools~~1.0" FMID="MSDN" Group="Microsoft">
      <Packages>
        <Package ID="Microsoft-Windows-WSUS-Tools-FoD-Package~31bf3856ad364e35~amd64~fr-ca~" PackageType="SatellitePackage" />
      </Packages>
    </Feature>
  </Features>
  <Packages>
    <Package ID="Microsoft-Windows-Server-LanguagePack-Package_fr-ca~31bf3856ad364e35~amd64~fr-ca~" InstalledSize="326286516" Version="10.0.20348.1">
      <SatelliteInfo>
        <DeclareInfo>
          <Declare Type="language" Value="fr-CA" />
        </DeclareInfo>
      </SatelliteInfo>
      <Payload>
        <PayloadItem PayloadHash="6SPpLC4gjU0gW5V/9Xx+YNHYiFYz4OwnCfm4+PucloE=" PayloadSize="1172119" Path="UUP\Desktop\editionpackages\fr-ca\Server\baseless\Microsoft-Windows-Server-LanguagePack-Package_fr-ca~31bf3856ad364e35~amd64~fr-ca~.cab" PayloadType="ExpressCab" />
        <PayloadItem PayloadHash="KzJ4sWXVLQp2IOPIto9lgvZxuMjxehx129P9lRD+s8w=" PayloadSize="64213276" Path="UUP\Desktop\editionpackages\fr-ca\Server\baseless\Microsoft-Windows-Server-LanguagePack-Package_fr-ca~31bf3856ad364e35~amd64~fr-ca~.psf" PayloadType="ExpressPSF" />
      </Payload>
    </Package>
    <Package ID="Microsoft-AzureStack-HCI-Management-Tools-FOD-Package~31bf3856ad364e35~amd64~fr-ca~" InstalledSize="34303" Version="10.0.20348.1">
      <SatelliteInfo>
        <ApplyToInfo>
          <ApplyTo Type="language" Value="fr-CA" />
        </ApplyToInfo>
      </SatelliteInfo>
      <Payload>
        <PayloadItem PayloadHash="YiwgFgrXMJnN1loge0v77VoqZ/15eAjmLKEHTunuBW0=" PayloadSize="10267" Path="FeaturesOnDemand\fr-ca\baseless\Microsoft-AzureStack-HCI-Management-Tools-FOD-Package~31bf3856ad364e35~amd64~fr-ca~.cab" PayloadType="ExpressCab" />
        <PayloadItem PayloadHash="d3NWQiYQRSPhKKKDQTI3xOoY4qTtjQgX7vEbFq2ykKg=" PayloadSize="60364" Path="FeaturesOnDemand\fr-ca\baseless\Microsoft-AzureStack-HCI-Management-Tools-FOD-Package~31bf3856ad364e35~amd64~fr-ca~.psf" PayloadType="ExpressPSF" />
      </Payload>
    </Package>
    <Package ID="Microsoft-OneCore-StorageManagement-FoD-Package~31bf3856ad364e35~amd64~fr-ca~" InstalledSize="1986929" Version="10.0.20348.1">
      <SatelliteInfo>
        <ApplyToInfo>
          <ApplyTo Type="language" Value="fr-CA" />
        </ApplyToInfo>
      </SatelliteInfo>
      <Payload>
        <PayloadItem PayloadHash="CTizMQsXy+DG+tRIBvK50wvZKOxhVtv6OO28g8SbzVY=" PayloadSize="11373" Path="FeaturesOnDemand\fr-ca\baseless\Microsoft-OneCore-StorageManagement-FoD-Package~31bf3856ad364e35~amd64~fr-ca~.cab" PayloadType="ExpressCab" />
        <PayloadItem PayloadHash="fA+YahUV/HZ1m34MsMc//QIlD+eP570t1cxRsadCcRg=" PayloadSize="184770" Path="FeaturesOnDemand\fr-ca\baseless\Microsoft-OneCore-StorageManagement-FoD-Package~31bf3856ad364e35~amd64~fr-ca~.psf" PayloadType="ExpressPSF" />
      </Payload>
    </Package>
    <Package ID="Microsoft-OneCore-StorageManagement-FoD-Package~31bf3856ad364e35~wow64~fr-ca~" InstalledSize="1081698" Version="10.0.20348.1">
      <SatelliteInfo>
        <ApplyToInfo>
          <ApplyTo Type="arch" Value="wow64" />
          <ApplyTo Type="language" Value="fr-CA" />
        </ApplyToInfo>
      </SatelliteInfo>
      <Payload>
        <PayloadItem PayloadHash="M9PjBhVPz6XNGgX0Hz90O0QYlFvPVGuGgvhKDA4394A=" PayloadSize="10411" Path="FeaturesOnDemand\fr-ca\baseless\Microsoft-OneCore-StorageManagement-FoD-Package~31bf3856ad364e35~wow64~fr-ca~.cab" PayloadType="ExpressCab" />
        <PayloadItem PayloadHash="/DIjGpfGL28l62aBBjkp63TSxZydv0CUnbVxfwzWA2M=" PayloadSize="107747" Path="FeaturesOnDemand\fr-ca\baseless\Microsoft-OneCore-StorageManagement-FoD-Package~31bf3856ad364e35~wow64~fr-ca~.psf" PayloadType="ExpressPSF" />
      </Payload>
    </Package>
    <Package ID="Microsoft-Windows-ActiveDirectory-DS-LDS-Tools-FoD-Package~31bf3856ad364e35~amd64~fr-ca~" InstalledSize="6143484" Version="10.0.20348.1">
      <SatelliteInfo>
        <ApplyToInfo>
          <ApplyTo Type="language" Value="fr-CA" />
        </ApplyToInfo>
      </SatelliteInfo>
      <Payload>
        <PayloadItem PayloadHash="y+kgOQ/JbD51DDnRYg1pKuHO94zn/a/MGdAm4HY5yM0=" PayloadSize="17447" Path="FeaturesOnDemand\fr-ca\baseless\Microsoft-Windows-ActiveDirectory-DS-LDS-Tools-FoD-Package~31bf3856ad364e35~amd64~fr-ca~.cab" PayloadType="ExpressCab" />
        <PayloadItem PayloadHash="ru0QTYix5v5turJ42uPXH3fj7YbmZnNgSV1dwragYgQ=" PayloadSize="949588" Path="FeaturesOnDemand\fr-ca\baseless\Microsoft-Windows-ActiveDirectory-DS-LDS-Tools-FoD-Package~31bf3856ad364e35~amd64~fr-ca~.psf" PayloadType="ExpressPSF" />
      </Payload>
    </Package>
    <Package ID="Microsoft-Windows-ActiveDirectory-DS-LDS-Tools-FoD-Package~31bf3856ad364e35~wow64~fr-ca~" InstalledSize="816494" Version="10.0.20348.1">
      <SatelliteInfo>
        <ApplyToInfo>
          <ApplyTo Type="arch" Value="wow64" />
          <ApplyTo Type="language" Value="fr-CA" />
        </ApplyToInfo>
      </SatelliteInfo>
      <Payload>
        <PayloadItem PayloadHash="jKCUWdhRyaDcMFQ9rUFjsM8IMs1J+G8DcsbJyghkcvI=" PayloadSize="11253" Path="FeaturesOnDemand\fr-ca\baseless\Microsoft-Windows-ActiveDirectory-DS-LDS-Tools-FoD-Package~31bf3856ad364e35~wow64~fr-ca~.cab" PayloadType="ExpressCab" />
        <PayloadItem PayloadHash="2kEvh8hCtG9lA6pDQGVXr01VdSspJhKwRo5T/Y74EyI=" PayloadSize="153597" Path="FeaturesOnDemand\fr-ca\baseless\Microsoft-Windows-ActiveDirectory-DS-LDS-Tools-FoD-Package~31bf3856ad364e35~wow64~fr-ca~.psf" PayloadType="ExpressPSF" />
      </Payload>
    </Package>
    <Package ID="Microsoft-Windows-BitLocker-Recovery-Tools-FoD-Package~31bf3856ad364e35~amd64~fr-ca~" InstalledSize="33711" Version="10.0.20348.1">
      <SatelliteInfo>
        <ApplyToInfo>
          <ApplyTo Type="language" Value="fr-CA" />
        </ApplyToInfo>
      </SatelliteInfo>
      <Payload>
        <PayloadItem PayloadHash="5dmp6+hVDMMIaRYaNAeG3i7dpOB2wc9bj7Zlec8VYG0=" PayloadSize="10253" Path="FeaturesOnDemand\fr-ca\baseless\Microsoft-Windows-BitLocker-Recovery-Tools-FoD-Package~31bf3856ad364e35~amd64~fr-ca~.cab" PayloadType="ExpressCab" />
        <PayloadItem PayloadHash="y3k57Xx44y0lEyLPY/EGVj/dXaM7eHwgNBw1Zr841Sg=" PayloadSize="58848" Path="FeaturesOnDemand\fr-ca\baseless\Microsoft-Windows-BitLocker-Recovery-Tools-FoD-Package~31bf3856ad364e35~amd64~fr-ca~.psf" PayloadType="ExpressPSF" />
      </Payload>
    </Package>
    <Package ID="Microsoft-Windows-CertificateServices-Tools-FoD-Package~31bf3856ad364e35~amd64~fr-ca~" InstalledSize="1050440" Version="10.0.20348.1">
      <SatelliteInfo>
        <ApplyToInfo>
          <ApplyTo Type="language" Value="fr-CA" />
        </ApplyToInfo>
      </SatelliteInfo>
      <Payload>
        <PayloadItem PayloadHash="i0iCEjhUtnlkynmbL+yUhWzXc+zamjmid5GdITu9JwA=" PayloadSize="12149" Path="FeaturesOnDemand\fr-ca\baseless\Microsoft-Windows-CertificateServices-Tools-FoD-Package~31bf3856ad364e35~amd64~fr-ca~.cab" PayloadType="ExpressCab" />
        <PayloadItem PayloadHash="aL0M+hr8n0fQ691jWee34Nl7LhU8GiZH21NvQKTh2I0=" PayloadSize="196260" Path="FeaturesOnDemand\fr-ca\baseless\Microsoft-Windows-CertificateServices-Tools-FoD-Package~31bf3856ad364e35~amd64~fr-ca~.psf" PayloadType="ExpressPSF" />
      </Payload>
    </Package>
    <Package ID="Microsoft-Windows-Composition-Test-FOD-Package~31bf3856ad364e35~amd64~fr-ca~" InstalledSize="21147" Version="10.0.20348.1">
      <SatelliteInfo>
        <ApplyToInfo>
          <ApplyTo Type="language" Value="fr-CA" />
        </ApplyToInfo>
      </SatelliteInfo>
      <Payload>
        <PayloadItem PayloadHash="xdg+9ASVjMNdRe0L1uiacLP9BJ3nmTHdsxZ8vN96FNE=" PayloadSize="10007" Path="FeaturesOnDemand\fr-ca\baseless\Microsoft-Windows-Composition-Test-FOD-Package~31bf3856ad364e35~amd64~fr-ca~.cab" PayloadType="ExpressCab" />
        <PayloadItem PayloadHash="Oa0W4Svn+UX7NACmeHYVWsZC+1MEbLRft2+Wf+zajYw=" PayloadSize="55257" Path="FeaturesOnDemand\fr-ca\baseless\Microsoft-Windows-Composition-Test-FOD-Package~31bf3856ad364e35~amd64~fr-ca~.psf" PayloadType="ExpressPSF" />
      </Payload>
    </Package>
    <Package ID="Microsoft-Windows-Composition-Test-FOD-Package~31bf3856ad364e35~wow64~fr-ca~" InstalledSize="21245" Version="10.0.20348.1">
      <SatelliteInfo>
        <ApplyToInfo>
          <ApplyTo Type="arch" Value="wow64" />
          <ApplyTo Type="language" Value="fr-CA" />
        </ApplyToInfo>
      </SatelliteInfo>
      <Payload>
        <PayloadItem PayloadHash="HXwO88r5+OEP/HYp1LTot2AFgGMJzikv1DvOFSgMZsk=" PayloadSize="10015" Path="FeaturesOnDemand\fr-ca\baseless\Microsoft-Windows-Composition-Test-FOD-Package~31bf3856ad364e35~wow64~fr-ca~.cab" PayloadType="ExpressCab" />
        <PayloadItem PayloadHash="wkDWAWCBG+oC1o0twDI9sW8ionpCpMMcgpR7Qws+qv8=" PayloadSize="55299" Path="FeaturesOnDemand\fr-ca\baseless\Microsoft-Windows-Composition-Test-FOD-Package~31bf3856ad364e35~wow64~fr-ca~.psf" PayloadType="ExpressPSF" />
      </Payload>
    </Package>
    <Package ID="Microsoft-Windows-DHCP-Tools-FoD-Package~31bf3856ad364e35~amd64~fr-ca~" InstalledSize="1879617" Version="10.0.20348.1">
      <SatelliteInfo>
        <ApplyToInfo>
          <ApplyTo Type="language" Value="fr-CA" />
        </ApplyToInfo>
      </SatelliteInfo>
      <Payload>
        <PayloadItem PayloadHash="xCJiwWyvUQS8LK3qiKjst0PN4YVTuYbSA4twBorBXro=" PayloadSize="11115" Path="FeaturesOnDemand\fr-ca\baseless\Microsoft-Windows-DHCP-Tools-FoD-Package~31bf3856ad364e35~amd64~fr-ca~.cab" PayloadType="ExpressCab" />
        <PayloadItem PayloadHash="o9uQ6X2/3Nr3l9dPtmLAhMymLYOtyDF936g31ys4LOU=" PayloadSize="206112" Path="FeaturesOnDemand\fr-ca\baseless\Microsoft-Windows-DHCP-Tools-FoD-Package~31bf3856ad364e35~amd64~fr-ca~.psf" PayloadType="ExpressPSF" />
      </Payload>
    </Package>
    <Package ID="Microsoft-Windows-DHCP-Tools-FoD-Package~31bf3856ad364e35~wow64~fr-ca~" InstalledSize="517034" Version="10.0.20348.1">
      <SatelliteInfo>
        <ApplyToInfo>
          <ApplyTo Type="arch" Value="wow64" />
          <ApplyTo Type="language" Value="fr-CA" />
        </ApplyToInfo>
      </SatelliteInfo>
      <Payload>
        <PayloadItem PayloadHash="lC/2d4NqH1rHvHYh9zx2JWFcyBpP0H1/PZhYauxGmFs=" PayloadSize="10221" Path="FeaturesOnDemand\fr-ca\baseless\Microsoft-Windows-DHCP-Tools-FoD-Package~31bf3856ad364e35~wow64~fr-ca~.cab" PayloadType="ExpressCab" />
        <PayloadItem PayloadHash="oanIaDZ36y9Nyyqnc7f8b5ePk+hWSJfVtFiA2X3xULQ=" PayloadSize="92703" Path="FeaturesOnDemand\fr-ca\baseless\Microsoft-Windows-DHCP-Tools-FoD-Package~31bf3856ad364e35~wow64~fr-ca~.psf" PayloadType="ExpressPSF" />
      </Payload>
    </Package>
    <Package ID="Microsoft-Windows-DNS-Tools-FoD-Package~31bf3856ad364e35~amd64~fr-ca~" InstalledSize="1946286" Version="10.0.20348.1">
      <SatelliteInfo>
        <ApplyToInfo>
          <ApplyTo Type="language" Value="fr-CA" />
        </ApplyToInfo>
      </SatelliteInfo>
      <Payload>
        <PayloadItem PayloadHash="DnpX03O8INLIVHkSfOTQcaoVugCQZleXIg6/jtRUeY8=" PayloadSize="10975" Path="FeaturesOnDemand\fr-ca\baseless\Microsoft-Windows-DNS-Tools-FoD-Package~31bf3856ad364e35~amd64~fr-ca~.cab" PayloadType="ExpressCab" />
        <PayloadItem PayloadHash="+tPjni/PYxGra+cp7TRPpRWeZ5zDho5WihWbFsAd1Gw=" PayloadSize="226793" Path="FeaturesOnDemand\fr-ca\baseless\Microsoft-Windows-DNS-Tools-FoD-Package~31bf3856ad364e35~amd64~fr-ca~.psf" PayloadType="ExpressPSF" />
      </Payload>
    </Package>
    <Package ID="Microsoft-Windows-DNS-Tools-FoD-Package~31bf3856ad364e35~wow64~fr-ca~" InstalledSize="12291" Version="10.0.20348.1">
      <SatelliteInfo>
        <ApplyToInfo>
          <ApplyTo Type="arch" Value="wow64" />
          <ApplyTo Type="language" Value="fr-CA" />
        </ApplyToInfo>
      </SatelliteInfo>
      <Payload>
        <PayloadItem PayloadHash="tHRu4TNHF3H+caRjH9dDBB0trijw/ZdiWS7IEfgvvAI=" PayloadSize="9875" Path="FeaturesOnDemand\fr-ca\baseless\Microsoft-Windows-DNS-Tools-FoD-Package~31bf3856ad364e35~wow64~fr-ca~.cab" PayloadType="ExpressCab" />
        <PayloadItem PayloadHash="c75wJo59u4PUo6i1PQhLK5LDJIK0HuEaZSgI314IY3Q=" PayloadSize="49658" Path="FeaturesOnDemand\fr-ca\baseless\Microsoft-Windows-DNS-Tools-FoD-Package~31bf3856ad364e35~wow64~fr-ca~.psf" PayloadType="ExpressPSF" />
      </Payload>
    </Package>
    <Package ID="Microsoft-Windows-EMS-SAC-Desktop-Tools-FoD-Package~31bf3856ad364e35~amd64~fr-ca~" InstalledSize="54250" Version="10.0.20348.1">
      <SatelliteInfo>
        <ApplyToInfo>
          <ApplyTo Type="language" Value="fr-CA" />
        </ApplyToInfo>
      </SatelliteInfo>
      <Payload>
        <PayloadItem PayloadHash="f0LU4NGRrlch1QuOvMzw1LClw/wdY/zFbB5ZoaiOyGI=" PayloadSize="10507" Path="FeaturesOnDemand\fr-ca\baseless\Microsoft-Windows-EMS-SAC-Desktop-Tools-FoD-Package~31bf3856ad364e35~amd64~fr-ca~.cab" PayloadType="ExpressCab" />
        <PayloadItem PayloadHash="zJqPFYHskjmFImSDfu+Hsl+dzFgV9HkO3UEIqe8TVhw=" PayloadSize="64458" Path="FeaturesOnDemand\fr-ca\baseless\Microsoft-Windows-EMS-SAC-Desktop-Tools-FoD-Package~31bf3856ad364e35~amd64~fr-ca~.psf" PayloadType="ExpressPSF" />
      </Payload>
    </Package>
    <Package ID="Microsoft-Windows-FailoverCluster-Management-Tools-FOD-Package~31bf3856ad364e35~amd64~fr-ca~" InstalledSize="9081448" Version="10.0.20348.1">
      <SatelliteInfo>
        <ApplyToInfo>
          <ApplyTo Type="language" Value="fr-CA" />
        </ApplyToInfo>
      </SatelliteInfo>
      <Payload>
        <PayloadItem PayloadHash="caH95svfE7KtZfMxsvK4uH96RREn7ekXnzCimqZ4UGo=" PayloadSize="16667" Path="FeaturesOnDemand\fr-ca\baseless\Microsoft-Windows-FailoverCluster-Management-Tools-FOD-Package~31bf3856ad364e35~amd64~fr-ca~.cab" PayloadType="ExpressCab" />
        <PayloadItem PayloadHash="EqXQr49uUxFhnpjECYpaUsMsUi9g86klN5e7a/K/QiU=" PayloadSize="2460965" Path="FeaturesOnDemand\fr-ca\baseless\Microsoft-Windows-FailoverCluster-Management-Tools-FOD-Package~31bf3856ad364e35~amd64~fr-ca~.psf" PayloadType="ExpressPSF" />
      </Payload>
    </Package>
    <Package ID="Microsoft-Windows-FailoverCluster-Management-Tools-FOD-Package~31bf3856ad364e35~wow64~fr-ca~" InstalledSize="64111" Version="10.0.20348.1">
      <SatelliteInfo>
        <ApplyToInfo>
          <ApplyTo Type="arch" Value="wow64" />
          <ApplyTo Type="language" Value="fr-CA" />
        </ApplyToInfo>
      </SatelliteInfo>
      <Payload>
        <PayloadItem PayloadHash="MDFbfUwfX3vSdgTKy3JjYZUo3lkYGsNEzVg0N9Tp9aU=" PayloadSize="10937" Path="FeaturesOnDemand\fr-ca\baseless\Microsoft-Windows-FailoverCluster-Management-Tools-FOD-Package~31bf3856ad364e35~wow64~fr-ca~.cab" PayloadType="ExpressCab" />
        <PayloadItem PayloadHash="E9g8SPnFCWaGlFgV9XaJcYS41TA74B1jxUHKNqtPUy0=" PayloadSize="70698" Path="FeaturesOnDemand\fr-ca\baseless\Microsoft-Windows-FailoverCluster-Management-Tools-FOD-Package~31bf3856ad364e35~wow64~fr-ca~.psf" PayloadType="ExpressPSF" />
      </Payload>
    </Package>
    <Package ID="Microsoft-Windows-FileServices-Tools-FoD-Package~31bf3856ad364e35~amd64~fr-ca~" InstalledSize="4335328" Version="10.0.20348.1">
      <SatelliteInfo>
        <ApplyToInfo>
          <ApplyTo Type="language" Value="fr-CA" />
        </ApplyToInfo>
      </SatelliteInfo>
      <Payload>
        <PayloadItem PayloadHash="NK7V2JWAof7A634ZMjjFRaXQVTxHbOJd6boi37WsVj4=" PayloadSize="14787" Path="FeaturesOnDemand\fr-ca\baseless\Microsoft-Windows-FileServices-Tools-FoD-Package~31bf3856ad364e35~amd64~fr-ca~.cab" PayloadType="ExpressCab" />
        <PayloadItem PayloadHash="vM+p1ZegQe5M1Fwm2OcsTcnpHRT98PrTUNwya4KwE/g=" PayloadSize="622406" Path="FeaturesOnDemand\fr-ca\baseless\Microsoft-Windows-FileServices-Tools-FoD-Package~31bf3856ad364e35~amd64~fr-ca~.psf" PayloadType="ExpressPSF" />
      </Payload>
    </Package>
    <Package ID="Microsoft-Windows-FileServices-Tools-FoD-Package~31bf3856ad364e35~wow64~fr-ca~" InstalledSize="185699" Version="10.0.20348.1">
      <SatelliteInfo>
        <ApplyToInfo>
          <ApplyTo Type="arch" Value="wow64" />
          <ApplyTo Type="language" Value="fr-CA" />
        </ApplyToInfo>
      </SatelliteInfo>
      <Payload>
        <PayloadItem PayloadHash="iIWyZOq5TWicDx89wF4+x7AHyEfEOEHtAL0OAecEGzw=" PayloadSize="10617" Path="FeaturesOnDemand\fr-ca\baseless\Microsoft-Windows-FileServices-Tools-FoD-Package~31bf3856ad364e35~wow64~fr-ca~.cab" PayloadType="ExpressCab" />
        <PayloadItem PayloadHash="3vqRIvHcV5rSYhmqrmt2KDRxB7rLUA+YqAupRs0kLDY=" PayloadSize="78360" Path="FeaturesOnDemand\fr-ca\baseless\Microsoft-Windows-FileServices-Tools-FoD-Package~31bf3856ad364e35~wow64~fr-ca~.psf" PayloadType="ExpressPSF" />
      </Payload>
    </Package>
    <Package ID="Microsoft-Windows-GroupPolicy-Management-Tools-FoD-Package~31bf3856ad364e35~amd64~fr-ca~" InstalledSize="2392818" Version="10.0.20348.1">
      <SatelliteInfo>
        <ApplyToInfo>
          <ApplyTo Type="language" Value="fr-CA" />
        </ApplyToInfo>
      </SatelliteInfo>
      <Payload>
        <PayloadItem PayloadHash="dRa7rkHGoMw25P+898L0RbDPmHkNTFTM0pmvWUFqiws=" PayloadSize="13587" Path="FeaturesOnDemand\fr-ca\baseless\Microsoft-Windows-GroupPolicy-Management-Tools-FoD-Package~31bf3856ad364e35~amd64~fr-ca~.cab" PayloadType="ExpressCab" />
        <PayloadItem PayloadHash="8tKKLV0vqodIuCqGZhU9qKAKXBaoepPWgueHd1vdijk=" PayloadSize="349256" Path="FeaturesOnDemand\fr-ca\baseless\Microsoft-Windows-GroupPolicy-Management-Tools-FoD-Package~31bf3856ad364e35~amd64~fr-ca~.psf" PayloadType="ExpressPSF" />
      </Payload>
    </Package>
    <Package ID="Microsoft-Windows-GroupPolicy-Management-Tools-FoD-Package~31bf3856ad364e35~wow64~fr-ca~" InstalledSize="332576" Version="10.0.20348.1">
      <SatelliteInfo>
        <ApplyToInfo>
          <ApplyTo Type="arch" Value="wow64" />
          <ApplyTo Type="language" Value="fr-CA" />
        </ApplyToInfo>
      </SatelliteInfo>
      <Payload>
        <PayloadItem PayloadHash="IPFBrOoRHShDM+QXGRsqiy7IEPSirWns3PZDNqUOWgE=" PayloadSize="10399" Path="FeaturesOnDemand\fr-ca\baseless\Microsoft-Windows-GroupPolicy-Management-Tools-FoD-Package~31bf3856ad364e35~wow64~fr-ca~.cab" PayloadType="ExpressCab" />
        <PayloadItem PayloadHash="PC+3i/w/KHzHeiLIRemrT0dpGqzGywbrXwbBlrnnKrw=" PayloadSize="92884" Path="FeaturesOnDemand\fr-ca\baseless\Microsoft-Windows-GroupPolicy-Management-Tools-FoD-Package~31bf3856ad364e35~wow64~fr-ca~.psf" PayloadType="ExpressPSF" />
      </Payload>
    </Package>
    <Package ID="Microsoft-Windows-IPAM-Client-FoD-Package~31bf3856ad364e35~amd64~fr-ca~" InstalledSize="115842" Version="10.0.20348.1">
      <SatelliteInfo>
        <ApplyToInfo>
          <ApplyTo Type="language" Value="fr-CA" />
        </ApplyToInfo>
      </SatelliteInfo>
      <Payload>
        <PayloadItem PayloadHash="LJRRkfa31VZ/lDBoFEAAfFTQsuTLtFG9NtT9MId9p4o=" PayloadSize="10217" Path="FeaturesOnDemand\fr-ca\baseless\Microsoft-Windows-IPAM-Client-FoD-Package~31bf3856ad364e35~amd64~fr-ca~.cab" PayloadType="ExpressCab" />
        <PayloadItem PayloadHash="8c/mKvsFQykMwwqOv7l7uATBGFUginrYJJHe/Bhv6Uw=" PayloadSize="62382" Path="FeaturesOnDemand\fr-ca\baseless\Microsoft-Windows-IPAM-Client-FoD-Package~31bf3856ad364e35~amd64~fr-ca~.psf" PayloadType="ExpressPSF" />
      </Payload>
    </Package>
    <Package ID="Microsoft-Windows-IPAM-Client-FoD-Package~31bf3856ad364e35~wow64~fr-ca~" InstalledSize="25826" Version="10.0.20348.1">
      <SatelliteInfo>
        <ApplyToInfo>
          <ApplyTo Type="arch" Value="wow64" />
          <ApplyTo Type="language" Value="fr-CA" />
        </ApplyToInfo>
      </SatelliteInfo>
      <Payload>
        <PayloadItem PayloadHash="cwOdLuEv55G5EUIETfLrZ1Pt7/ZtbVLrC5H9YqIwgWQ=" PayloadSize="10013" Path="FeaturesOnDemand\fr-ca\baseless\Microsoft-Windows-IPAM-Client-FoD-Package~31bf3856ad364e35~wow64~fr-ca~.cab" PayloadType="ExpressCab" />
        <PayloadItem PayloadHash="ndX4QlHFNB2RCpA5+Z6SsE2p+ATqN9FjQm399+Q+/3Y=" PayloadSize="52226" Path="FeaturesOnDemand\fr-ca\baseless\Microsoft-Windows-IPAM-Client-FoD-Package~31bf3856ad364e35~wow64~fr-ca~.psf" PayloadType="ExpressPSF" />
      </Payload>
    </Package>
    <Package ID="Microsoft-Windows-IRDA-Package~31bf3856ad364e35~amd64~fr-ca~" InstalledSize="59961" Version="10.0.20348.1">
      <SatelliteInfo>
        <ApplyToInfo>
          <ApplyTo Type="language" Value="fr-CA" />
        </ApplyToInfo>
      </SatelliteInfo>
      <Payload>
        <PayloadItem PayloadHash="E0xlCYUxbbj1+JV1xGFpxyDSScVN+rw1t4BRfV0fO2w=" PayloadSize="10867" Path="FeaturesOnDemand\fr-ca\baseless\Microsoft-Windows-IRDA-Package~31bf3856ad364e35~amd64~fr-ca~.cab" PayloadType="ExpressCab" />
        <PayloadItem PayloadHash="Vfv8HgqKmqaKraZoeqTOj0kEEaei/McKBTePCRs7TWA=" PayloadSize="63589" Path="FeaturesOnDemand\fr-ca\baseless\Microsoft-Windows-IRDA-Package~31bf3856ad364e35~amd64~fr-ca~.psf" PayloadType="ExpressPSF" />
      </Payload>
    </Package>
    <Package ID="Microsoft-Windows-IRDA-Package~31bf3856ad364e35~wow64~fr-ca~" InstalledSize="11357" Version="10.0.20348.1">
      <SatelliteInfo>
        <ApplyToInfo>
          <ApplyTo Type="arch" Value="wow64" />
          <ApplyTo Type="language" Value="fr-CA" />
        </ApplyToInfo>
      </SatelliteInfo>
      <Payload>
        <PayloadItem PayloadHash="rCDJutFitRXKcmEp0tp+rtUch7VqDOHUm7dDIO7XPvI=" PayloadSize="9799" Path="FeaturesOnDemand\fr-ca\baseless\Microsoft-Windows-IRDA-Package~31bf3856ad364e35~wow64~fr-ca~.cab" PayloadType="ExpressCab" />
        <PayloadItem PayloadHash="Fmjx0YPJylo3B6cecOakc1DJV0DE8cYds3Mk0XomuMs=" PayloadSize="49072" Path="FeaturesOnDemand\fr-ca\baseless\Microsoft-Windows-IRDA-Package~31bf3856ad364e35~wow64~fr-ca~.psf" PayloadType="ExpressPSF" />
      </Payload>
    </Package>
    <Package ID="Microsoft-Windows-Media-Features-Package~31bf3856ad364e35~amd64~fr-ca~" InstalledSize="1835811" Version="10.0.20348.1">
      <SatelliteInfo>
        <ApplyToInfo>
          <ApplyTo Type="language" Value="fr-CA" />
        </ApplyToInfo>
      </SatelliteInfo>
      <Payload>
        <PayloadItem PayloadHash="FPix3Ect2bKuny53P/5z1Ohj5bqd2xV593z3NAIisUk=" PayloadSize="29939" Path="FeaturesOnDemand\fr-ca\baseless\Microsoft-Windows-Media-Features-Package~31bf3856ad364e35~amd64~fr-ca~.cab" PayloadType="ExpressCab" />
        <PayloadItem PayloadHash="e/mRCX3TjdZZ1BsfQ7uWWc+9VVVtf4iJMJlA+9Asp0w=" PayloadSize="532192" Path="FeaturesOnDemand\fr-ca\baseless\Microsoft-Windows-Media-Features-Package~31bf3856ad364e35~amd64~fr-ca~.psf" PayloadType="ExpressPSF" />
      </Payload>
    </Package>
    <Package ID="Microsoft-Windows-Media-Features-Package~31bf3856ad364e35~wow64~fr-ca~" InstalledSize="366185" Version="10.0.20348.1">
      <SatelliteInfo>
        <ApplyToInfo>
          <ApplyTo Type="arch" Value="wow64" />
          <ApplyTo Type="language" Value="fr-CA" />
        </ApplyToInfo>
      </SatelliteInfo>
      <Payload>
        <PayloadItem PayloadHash="XTLWjiw02+vD3IRdpCf5g0FNBbtw8PxsK0RgulKxAnI=" PayloadSize="18855" Path="FeaturesOnDemand\fr-ca\baseless\Microsoft-Windows-Media-Features-Package~31bf3856ad364e35~wow64~fr-ca~.cab" PayloadType="ExpressCab" />
        <PayloadItem PayloadHash="i9bWpZM9jkc03av5qyehlP8gJl1XJ3zUhfY3xoUGBoI=" PayloadSize="252293" Path="FeaturesOnDemand\fr-ca\baseless\Microsoft-Windows-Media-Features-Package~31bf3856ad364e35~wow64~fr-ca~.psf" PayloadType="ExpressPSF" />
      </Payload>
    </Package>
    <Package ID="Microsoft-Windows-MSPaint-FoD-Package~31bf3856ad364e35~amd64~fr-ca~" InstalledSize="75549" Version="10.0.20348.1">
      <SatelliteInfo>
        <ApplyToInfo>
          <ApplyTo Type="language" Value="fr-CA" />
        </ApplyToInfo>
      </SatelliteInfo>
      <Payload>
        <PayloadItem PayloadHash="BJ0q8MqGY5/9rWpr7vXolJZcoSCINWjKqiZUStLN1x4=" PayloadSize="9993" Path="FeaturesOnDemand\fr-ca\baseless\Microsoft-Windows-MSPaint-FoD-Package~31bf3856ad364e35~amd64~fr-ca~.cab" PayloadType="ExpressCab" />
        <PayloadItem PayloadHash="7tcbhnFSXljYZ8is+y4zkw6IvAKxZRF0JLtS7vY3yhA=" PayloadSize="61630" Path="FeaturesOnDemand\fr-ca\baseless\Microsoft-Windows-MSPaint-FoD-Package~31bf3856ad364e35~amd64~fr-ca~.psf" PayloadType="ExpressPSF" />
      </Payload>
    </Package>
    <Package ID="Microsoft-Windows-MSPaint-FoD-Package~31bf3856ad364e35~wow64~fr-ca~" InstalledSize="75624" Version="10.0.20348.1">
      <SatelliteInfo>
        <ApplyToInfo>
          <ApplyTo Type="arch" Value="wow64" />
          <ApplyTo Type="language" Value="fr-CA" />
        </ApplyToInfo>
      </SatelliteInfo>
      <Payload>
        <PayloadItem PayloadHash="wXhdT7S/vG/MMh+3ydLKJ3SQOUyJj37ourn7uT/nllM=" PayloadSize="10015" Path="FeaturesOnDemand\fr-ca\baseless\Microsoft-Windows-MSPaint-FoD-Package~31bf3856ad364e35~wow64~fr-ca~.cab" PayloadType="ExpressCab" />
        <PayloadItem PayloadHash="aU+3w4CAd8+KfJYHE/i/C4YPQjdi1VqdmK1bkiz5BmU=" PayloadSize="61678" Path="FeaturesOnDemand\fr-ca\baseless\Microsoft-Windows-MSPaint-FoD-Package~31bf3856ad364e35~wow64~fr-ca~.psf" PayloadType="ExpressPSF" />
      </Payload>
    </Package>
    <Package ID="Microsoft-Windows-NetworkController-Tools-FoD-Package~31bf3856ad364e35~amd64~fr-ca~" InstalledSize="72917" Version="10.0.20348.1">
      <SatelliteInfo>
        <ApplyToInfo>
          <ApplyTo Type="language" Value="fr-CA" />
        </ApplyToInfo>
      </SatelliteInfo>
      <Payload>
        <PayloadItem PayloadHash="ZNG8IZe3C5aw3bYtbfbY8VS8IzD+0p0/9UcMurk9k+Q=" PayloadSize="10483" Path="FeaturesOnDemand\fr-ca\baseless\Microsoft-Windows-NetworkController-Tools-FoD-Package~31bf3856ad364e35~amd64~fr-ca~.cab" PayloadType="ExpressCab" />
        <PayloadItem PayloadHash="LQYY6Zyt4JZO9jVsytuFicXQaxRefEcFBMqPRSmdqU0=" PayloadSize="71698" Path="FeaturesOnDemand\fr-ca\baseless\Microsoft-Windows-NetworkController-Tools-FoD-Package~31bf3856ad364e35~amd64~fr-ca~.psf" PayloadType="ExpressPSF" />
      </Payload>
    </Package>
    <Package ID="Microsoft-Windows-NetworkLoadBalancing-Tools-FoD-Package~31bf3856ad364e35~amd64~fr-ca~" InstalledSize="244476" Version="10.0.20348.1">
      <SatelliteInfo>
        <ApplyToInfo>
          <ApplyTo Type="language" Value="fr-CA" />
        </ApplyToInfo>
      </SatelliteInfo>
      <Payload>
        <PayloadItem PayloadHash="aUxuK3YmBNwcgLnb1HCwczN7oksidC3GnvDccrj5LHo=" PayloadSize="10563" Path="FeaturesOnDemand\fr-ca\baseless\Microsoft-Windows-NetworkLoadBalancing-Tools-FoD-Package~31bf3856ad364e35~amd64~fr-ca~.cab" PayloadType="ExpressCab" />
        <PayloadItem PayloadHash="2Kh251lBLWjuW0S7riZ8meK33McxIGVdrDKwQduKo5Q=" PayloadSize="90565" Path="FeaturesOnDemand\fr-ca\baseless\Microsoft-Windows-NetworkLoadBalancing-Tools-FoD-Package~31bf3856ad364e35~amd64~fr-ca~.psf" PayloadType="ExpressPSF" />
      </Payload>
    </Package>
    <Package ID="Microsoft-Windows-Notepad-FoD-Package~31bf3856ad364e35~amd64~fr-ca~" InstalledSize="25914" Version="10.0.20348.1">
      <SatelliteInfo>
        <ApplyToInfo>
          <ApplyTo Type="language" Value="fr-CA" />
        </ApplyToInfo>
      </SatelliteInfo>
      <Payload>
        <PayloadItem PayloadHash="pCgwuwSXdbwXkqjs0ZCqQmX7spfgKBF/HXTosN/K6/8=" PayloadSize="9983" Path="FeaturesOnDemand\fr-ca\baseless\Microsoft-Windows-Notepad-FoD-Package~31bf3856ad364e35~amd64~fr-ca~.cab" PayloadType="ExpressCab" />
        <PayloadItem PayloadHash="wqwKQf2XaQ2BOW235IzSmsNlll1d4hkb2Q0VWNR1Rco=" PayloadSize="53778" Path="FeaturesOnDemand\fr-ca\baseless\Microsoft-Windows-Notepad-FoD-Package~31bf3856ad364e35~amd64~fr-ca~.psf" PayloadType="ExpressPSF" />
      </Payload>
    </Package>
    <Package ID="Microsoft-Windows-Notepad-FoD-Package~31bf3856ad364e35~wow64~fr-ca~" InstalledSize="11166" Version="10.0.20348.1">
      <SatelliteInfo>
        <ApplyToInfo>
          <ApplyTo Type="arch" Value="wow64" />
          <ApplyTo Type="language" Value="fr-CA" />
        </ApplyToInfo>
      </SatelliteInfo>
      <Payload>
        <PayloadItem PayloadHash="3D0EU5e3R/SeEFvH2lyqRkDiAKdtI0a6zVeHhm4FWbQ=" PayloadSize="9785" Path="FeaturesOnDemand\fr-ca\baseless\Microsoft-Windows-Notepad-FoD-Package~31bf3856ad364e35~wow64~fr-ca~.cab" PayloadType="ExpressCab" />
        <PayloadItem PayloadHash="EMTgHsyBLEMRnnqmv81g5qp8tJhKvt4xkiG4WiNb5aM=" PayloadSize="49008" Path="FeaturesOnDemand\fr-ca\baseless\Microsoft-Windows-Notepad-FoD-Package~31bf3856ad364e35~wow64~fr-ca~.psf" PayloadType="ExpressPSF" />
      </Payload>
    </Package>
    <Package ID="Microsoft-Windows-PowerShell-ISE-FOD-Package~31bf3856ad364e35~amd64~fr-ca~" InstalledSize="878307" Version="10.0.20348.1">
      <SatelliteInfo>
        <ApplyToInfo>
          <ApplyTo Type="language" Value="fr-CA" />
        </ApplyToInfo>
      </SatelliteInfo>
      <Payload>
        <PayloadItem PayloadHash="rmkVO3PD/r60OfWzskXkXvJg4zyq+/jubLiUMdiPDIw=" PayloadSize="10845" Path="FeaturesOnDemand\fr-ca\baseless\Microsoft-Windows-PowerShell-ISE-FOD-Package~31bf3856ad364e35~amd64~fr-ca~.cab" PayloadType="ExpressCab" />
        <PayloadItem PayloadHash="m6xxbrZa/5pmK3yGTPmtIZk4gzOu8MDI2RBZQDh/1EA=" PayloadSize="344671" Path="FeaturesOnDemand\fr-ca\baseless\Microsoft-Windows-PowerShell-ISE-FOD-Package~31bf3856ad364e35~amd64~fr-ca~.psf" PayloadType="ExpressPSF" />
      </Payload>
    </Package>
    <Package ID="Microsoft-Windows-PowerShell-ISE-FOD-Package~31bf3856ad364e35~wow64~fr-ca~" InstalledSize="71805" Version="10.0.20348.1">
      <SatelliteInfo>
        <ApplyToInfo>
          <ApplyTo Type="arch" Value="wow64" />
          <ApplyTo Type="language" Value="fr-CA" />
        </ApplyToInfo>
      </SatelliteInfo>
      <Payload>
        <PayloadItem PayloadHash="tOA4Hip8uWAebsD1KnmxyrVwaE9cIavuO0wFG27gwwU=" PayloadSize="10037" Path="FeaturesOnDemand\fr-ca\baseless\Microsoft-Windows-PowerShell-ISE-FOD-Package~31bf3856ad364e35~wow64~fr-ca~.cab" PayloadType="ExpressCab" />
        <PayloadItem PayloadHash="bgOnJiYXgfz68tiLPYyioE//11udgQhCEAgatBrRXPo=" PayloadSize="68918" Path="FeaturesOnDemand\fr-ca\baseless\Microsoft-Windows-PowerShell-ISE-FOD-Package~31bf3856ad364e35~wow64~fr-ca~.psf" PayloadType="ExpressPSF" />
      </Payload>
    </Package>
    <Package ID="Microsoft-Windows-Printing-PMCPPC-FoD-Package~31bf3856ad364e35~amd64~fr-ca~" InstalledSize="231876" Version="10.0.20348.1">
      <SatelliteInfo>
        <ApplyToInfo>
          <ApplyTo Type="language" Value="fr-CA" />
        </ApplyToInfo>
      </SatelliteInfo>
      <Payload>
        <PayloadItem PayloadHash="lvry6RLv8bnJ/ktTeNgXlaknv0IzGriZvlyhsC77mV4=" PayloadSize="10261" Path="FeaturesOnDemand\fr-ca\baseless\Microsoft-Windows-Printing-PMCPPC-FoD-Package~31bf3856ad364e35~amd64~fr-ca~.cab" PayloadType="ExpressCab" />
        <PayloadItem PayloadHash="AYngWZSVwOEWt18Fn3ZjYnzl3aDdO1b5Ee2OpC5K/N8=" PayloadSize="80587" Path="FeaturesOnDemand\fr-ca\baseless\Microsoft-Windows-Printing-PMCPPC-FoD-Package~31bf3856ad364e35~amd64~fr-ca~.psf" PayloadType="ExpressPSF" />
      </Payload>
    </Package>
    <Package ID="Microsoft-Windows-Printing-WFS-FoD-Package~31bf3856ad364e35~amd64~fr-ca~" InstalledSize="581783" Version="10.0.20348.1">
      <SatelliteInfo>
        <ApplyToInfo>
          <ApplyTo Type="language" Value="fr-CA" />
        </ApplyToInfo>
      </SatelliteInfo>
      <Payload>
        <PayloadItem PayloadHash="BWN7bHUtaN44HJ9mQl3Ap/7hqy8K7uPDrzQrKnuMuzY=" PayloadSize="11389" Path="FeaturesOnDemand\fr-ca\baseless\Microsoft-Windows-Printing-WFS-FoD-Package~31bf3856ad364e35~amd64~fr-ca~.cab" PayloadType="ExpressCab" />
        <PayloadItem PayloadHash="UO/b+H5xs53h/VsYhVI7zJ44f58NiCMyCmlvlC0cSlg=" PayloadSize="188684" Path="FeaturesOnDemand\fr-ca\baseless\Microsoft-Windows-Printing-WFS-FoD-Package~31bf3856ad364e35~amd64~fr-ca~.psf" PayloadType="ExpressPSF" />
      </Payload>
    </Package>
    <Package ID="Microsoft-Windows-RasCMAK-Client-Package~31bf3856ad364e35~amd64~fr-ca~" InstalledSize="261891" Version="10.0.20348.1">
      <SatelliteInfo>
        <ApplyToInfo>
          <ApplyTo Type="language" Value="fr-CA" />
        </ApplyToInfo>
      </SatelliteInfo>
      <Payload>
        <PayloadItem PayloadHash="0Jb7YA0MFP10i1MdnrIbACxjtZD01ec4U6QMogF2Gec=" PayloadSize="10487" Path="FeaturesOnDemand\fr-ca\baseless\Microsoft-Windows-RasCMAK-Client-Package~31bf3856ad364e35~amd64~fr-ca~.cab" PayloadType="ExpressCab" />
        <PayloadItem PayloadHash="ekTnJByATJSZ1kgHske7BaBoGO1vwt2OgLxCQJaaBUo=" PayloadSize="120382" Path="FeaturesOnDemand\fr-ca\baseless\Microsoft-Windows-RasCMAK-Client-Package~31bf3856ad364e35~amd64~fr-ca~.psf" PayloadType="ExpressPSF" />
      </Payload>
    </Package>
    <Package ID="Microsoft-Windows-RasCMAK-Client-Package~31bf3856ad364e35~wow64~fr-ca~" InstalledSize="416071" Version="10.0.20348.1">
      <SatelliteInfo>
        <ApplyToInfo>
          <ApplyTo Type="arch" Value="wow64" />
          <ApplyTo Type="language" Value="fr-CA" />
        </ApplyToInfo>
      </SatelliteInfo>
      <Payload>
        <PayloadItem PayloadHash="9cL6KjzA4KYpiP1Pia+nTBHMlsZXMPAwLb2ElkdU7oI=" PayloadSize="10587" Path="FeaturesOnDemand\fr-ca\baseless\Microsoft-Windows-RasCMAK-Client-Package~31bf3856ad364e35~wow64~fr-ca~.cab" PayloadType="ExpressCab" />
        <PayloadItem PayloadHash="hqjg5h1XvuACRjth16g+OhryxFEzDvDmBb2rKTYGrno=" PayloadSize="324165" Path="FeaturesOnDemand\fr-ca\baseless\Microsoft-Windows-RasCMAK-Client-Package~31bf3856ad364e35~wow64~fr-ca~.psf" PayloadType="ExpressPSF" />
      </Payload>
    </Package>
    <Package ID="Microsoft-Windows-RasRip-Package~31bf3856ad364e35~amd64~fr-ca~" InstalledSize="27290" Version="10.0.20348.1">
      <SatelliteInfo>
        <ApplyToInfo>
          <ApplyTo Type="language" Value="fr-CA" />
        </ApplyToInfo>
      </SatelliteInfo>
      <Payload>
        <PayloadItem PayloadHash="R87/3BuKkBylBOi57VkfssFDnO06Mbo9ZpFgge+RNCI=" PayloadSize="10001" Path="FeaturesOnDemand\fr-ca\baseless\Microsoft-Windows-RasRip-Package~31bf3856ad364e35~amd64~fr-ca~.cab" PayloadType="ExpressCab" />
        <PayloadItem PayloadHash="9XZk6N3/M9Nz0D7mSO1ftz2jtkYvd/OJqRYKnpmSXsM=" PayloadSize="52744" Path="FeaturesOnDemand\fr-ca\baseless\Microsoft-Windows-RasRip-Package~31bf3856ad364e35~amd64~fr-ca~.psf" PayloadType="ExpressPSF" />
      </Payload>
    </Package>
    <Package ID="Microsoft-Windows-RemoteAccess-Management-Tools-FoD-Package~31bf3856ad364e35~amd64~fr-ca~" InstalledSize="18612366" Version="10.0.20348.1">
      <SatelliteInfo>
        <ApplyToInfo>
          <ApplyTo Type="language" Value="fr-CA" />
        </ApplyToInfo>
      </SatelliteInfo>
      <Payload>
        <PayloadItem PayloadHash="nz2NOiNQCkTBS+7NelAY78tfkPEKTUu9GATMuKSWBoU=" PayloadSize="12775" Path="FeaturesOnDemand\fr-ca\baseless\Microsoft-Windows-RemoteAccess-Management-Tools-FoD-Package~31bf3856ad364e35~amd64~fr-ca~.cab" PayloadType="ExpressCab" />
        <PayloadItem PayloadHash="dyI3CMTIV9dgUJaia64VeJijAf/21pKRAEccARIddlw=" PayloadSize="3472788" Path="FeaturesOnDemand\fr-ca\baseless\Microsoft-Windows-RemoteAccess-Management-Tools-FoD-Package~31bf3856ad364e35~amd64~fr-ca~.psf" PayloadType="ExpressPSF" />
      </Payload>
    </Package>
    <Package ID="Microsoft-Windows-RemoteAccess-Management-Tools-FoD-Package~31bf3856ad364e35~wow64~fr-ca~" InstalledSize="12640" Version="10.0.20348.1">
      <SatelliteInfo>
        <ApplyToInfo>
          <ApplyTo Type="arch" Value="wow64" />
          <ApplyTo Type="language" Value="fr-CA" />
        </ApplyToInfo>
      </SatelliteInfo>
      <Payload>
        <PayloadItem PayloadHash="3fhmBSkvqhAaCaIe3FGlnbDR0BlhWA+8yIX+LvZ9mRw=" PayloadSize="9913" Path="FeaturesOnDemand\fr-ca\baseless\Microsoft-Windows-RemoteAccess-Management-Tools-FoD-Package~31bf3856ad364e35~wow64~fr-ca~.cab" PayloadType="ExpressCab" />
        <PayloadItem PayloadHash="PSur7q42ivQGbPfbSFkY2/s+WBM9SxPwjMgo2cF0jzI=" PayloadSize="49703" Path="FeaturesOnDemand\fr-ca\baseless\Microsoft-Windows-RemoteAccess-Management-Tools-FoD-Package~31bf3856ad364e35~wow64~fr-ca~.psf" PayloadType="ExpressPSF" />
      </Payload>
    </Package>
    <Package ID="Microsoft-Windows-RemoteDesktop-Services-Tools-FoD-Package~31bf3856ad364e35~amd64~fr-ca~" InstalledSize="1553998" Version="10.0.20348.1">
      <SatelliteInfo>
        <ApplyToInfo>
          <ApplyTo Type="language" Value="fr-CA" />
        </ApplyToInfo>
      </SatelliteInfo>
      <Payload>
        <PayloadItem PayloadHash="bWI9OJRLcZqpv0plW42oonc+UNmHJUzYwKAXQp7BY9I=" PayloadSize="11675" Path="FeaturesOnDemand\fr-ca\baseless\Microsoft-Windows-RemoteDesktop-Services-Tools-FoD-Package~31bf3856ad364e35~amd64~fr-ca~.cab" PayloadType="ExpressCab" />
        <PayloadItem PayloadHash="/QJzPWX/4lLvq36djoBFR89ezjvGxWwjSLQXDrFq1Bs=" PayloadSize="293570" Path="FeaturesOnDemand\fr-ca\baseless\Microsoft-Windows-RemoteDesktop-Services-Tools-FoD-Package~31bf3856ad364e35~amd64~fr-ca~.psf" PayloadType="ExpressPSF" />
      </Payload>
    </Package>
    <Package ID="Microsoft-Windows-Server-AppCompat-FoD-Package~31bf3856ad364e35~amd64~fr-ca~" InstalledSize="29537022" Version="10.0.20348.1">
      <SatelliteInfo>
        <ApplyToInfo>
          <ApplyTo Type="language" Value="fr-CA" />
        </ApplyToInfo>
      </SatelliteInfo>
      <Payload>
        <PayloadItem PayloadHash="mneCvqmFNdKkj1d6nWD4Yao8vB9yPdI0LMDe4tXTlVs=" PayloadSize="73875" Path="FeaturesOnDemand\fr-ca\baseless\Microsoft-Windows-Server-AppCompat-FoD-Package~31bf3856ad364e35~amd64~fr-ca~.cab" PayloadType="ExpressCab" />
        <PayloadItem PayloadHash="P2/sOKn/8/4yg1oBpxO8Xvy+J+eOizV5NmdjBLKBiRk=" PayloadSize="7537031" Path="FeaturesOnDemand\fr-ca\baseless\Microsoft-Windows-Server-AppCompat-FoD-Package~31bf3856ad364e35~amd64~fr-ca~.psf" PayloadType="ExpressPSF" />
      </Payload>
    </Package>
    <Package ID="Microsoft-Windows-ServerManager-Tools-FoD-Package~31bf3856ad364e35~amd64~fr-ca~" InstalledSize="11169312" Version="10.0.20348.1">
      <SatelliteInfo>
        <ApplyToInfo>
          <ApplyTo Type="language" Value="fr-CA" />
        </ApplyToInfo>
      </SatelliteInfo>
      <Payload>
        <PayloadItem PayloadHash="E+bxf89PpetVYn0tZcdHJNPXcIhyilg4wA4/A3H0Bf8=" PayloadSize="23161" Path="FeaturesOnDemand\fr-ca\baseless\Microsoft-Windows-ServerManager-Tools-FoD-Package~31bf3856ad364e35~amd64~fr-ca~.cab" PayloadType="ExpressCab" />
        <PayloadItem PayloadHash="VO159awXr5DbMxj9ax+MWpFf5pOuq1VAywK1j2H+ql8=" PayloadSize="2200254" Path="FeaturesOnDemand\fr-ca\baseless\Microsoft-Windows-ServerManager-Tools-FoD-Package~31bf3856ad364e35~amd64~fr-ca~.psf" PayloadType="ExpressPSF" />
      </Payload>
    </Package>
    <Package ID="Microsoft-Windows-ServerManager-Tools-FoD-Package~31bf3856ad364e35~wow64~fr-ca~" InstalledSize="1174849" Version="10.0.20348.1">
      <SatelliteInfo>
        <ApplyToInfo>
          <ApplyTo Type="arch" Value="wow64" />
          <ApplyTo Type="language" Value="fr-CA" />
        </ApplyToInfo>
      </SatelliteInfo>
      <Payload>
        <PayloadItem PayloadHash="Ym8MIMm2oyLJXCGkZRx2C/xuy5t5jxcUSdXnzrzOdwo=" PayloadSize="10757" Path="FeaturesOnDemand\fr-ca\baseless\Microsoft-Windows-ServerManager-Tools-FoD-Package~31bf3856ad364e35~wow64~fr-ca~.cab" PayloadType="ExpressCab" />
        <PayloadItem PayloadHash="6nYKKVQN/9nPzWYG1jHd7XbLpQt/r3Jp5rb+958bAy8=" PayloadSize="338590" Path="FeaturesOnDemand\fr-ca\baseless\Microsoft-Windows-ServerManager-Tools-FoD-Package~31bf3856ad364e35~wow64~fr-ca~.psf" PayloadType="ExpressPSF" />
      </Payload>
    </Package>
    <Package ID="Microsoft-Windows-Shielded-VM-Tools-FoD-Package~31bf3856ad364e35~amd64~fr-ca~" InstalledSize="377406" Version="10.0.20348.1">
      <SatelliteInfo>
        <ApplyToInfo>
          <ApplyTo Type="language" Value="fr-CA" />
        </ApplyToInfo>
      </SatelliteInfo>
      <Payload>
        <PayloadItem PayloadHash="mcZeuYsR4uSG2GPSxnkfcEmiKI84tsK6vRLB7haJRqY=" PayloadSize="14145" Path="FeaturesOnDemand\fr-ca\baseless\Microsoft-Windows-Shielded-VM-Tools-FoD-Package~31bf3856ad364e35~amd64~fr-ca~.cab" PayloadType="ExpressCab" />
        <PayloadItem PayloadHash="/V5heLkNVOiWRNiJHLHNmVV2PQTk9sAXR6S4+pfIXJQ=" PayloadSize="161324" Path="FeaturesOnDemand\fr-ca\baseless\Microsoft-Windows-Shielded-VM-Tools-FoD-Package~31bf3856ad364e35~amd64~fr-ca~.psf" PayloadType="ExpressPSF" />
      </Payload>
    </Package>
    <Package ID="Microsoft-Windows-SNMP-Client-Package~31bf3856ad364e35~amd64~fr-ca~" InstalledSize="135653" Version="10.0.20348.1">
      <SatelliteInfo>
        <ApplyToInfo>
          <ApplyTo Type="language" Value="fr-CA" />
        </ApplyToInfo>
      </SatelliteInfo>
      <Payload>
        <PayloadItem PayloadHash="c+1u11N1s5VQwA8dpcrpPsMDxX2nHuTmrKyxWdIeXpw=" PayloadSize="11619" Path="FeaturesOnDemand\fr-ca\baseless\Microsoft-Windows-SNMP-Client-Package~31bf3856ad364e35~amd64~fr-ca~.cab" PayloadType="ExpressCab" />
        <PayloadItem PayloadHash="vxRO9LOC5y1qFH1j0Ef4KMMTg2sFYak0C3Kp/LVGOEM=" PayloadSize="90394" Path="FeaturesOnDemand\fr-ca\baseless\Microsoft-Windows-SNMP-Client-Package~31bf3856ad364e35~amd64~fr-ca~.psf" PayloadType="ExpressPSF" />
      </Payload>
    </Package>
    <Package ID="Microsoft-Windows-SNMP-Client-Package~31bf3856ad364e35~wow64~fr-ca~" InstalledSize="135772" Version="10.0.20348.1">
      <SatelliteInfo>
        <ApplyToInfo>
          <ApplyTo Type="arch" Value="wow64" />
          <ApplyTo Type="language" Value="fr-CA" />
        </ApplyToInfo>
      </SatelliteInfo>
      <Payload>
        <PayloadItem PayloadHash="0aZ3xXr2APyYlL8Pue1vkSKBe0aPWRwdNEPZZtFywws=" PayloadSize="11591" Path="FeaturesOnDemand\fr-ca\baseless\Microsoft-Windows-SNMP-Client-Package~31bf3856ad364e35~wow64~fr-ca~.cab" PayloadType="ExpressCab" />
        <PayloadItem PayloadHash="hh+gTZZmDutYjNy3c/LkesHpnlZkBObUijeX7zfvwKw=" PayloadSize="90504" Path="FeaturesOnDemand\fr-ca\baseless\Microsoft-Windows-SNMP-Client-Package~31bf3856ad364e35~wow64~fr-ca~.psf" PayloadType="ExpressPSF" />
      </Payload>
    </Package>
    <Package ID="Microsoft-Windows-StepsRecorder-Package~31bf3856ad364e35~amd64~fr-ca~" InstalledSize="27225" Version="10.0.20348.1">
      <SatelliteInfo>
        <ApplyToInfo>
          <ApplyTo Type="language" Value="fr-CA" />
        </ApplyToInfo>
      </SatelliteInfo>
      <Payload>
        <PayloadItem PayloadHash="NA5ZhD+ri2O34UgKclyejieThIsPF9N1J79/AUnXrsk=" PayloadSize="9999" Path="FeaturesOnDemand\fr-ca\baseless\Microsoft-Windows-StepsRecorder-Package~31bf3856ad364e35~amd64~fr-ca~.cab" PayloadType="ExpressCab" />
        <PayloadItem PayloadHash="EfZMpgTHYznluJoBXg+Gb3N7ZCC7/rVFkpOvha8HPd8=" PayloadSize="53337" Path="FeaturesOnDemand\fr-ca\baseless\Microsoft-Windows-StepsRecorder-Package~31bf3856ad364e35~amd64~fr-ca~.psf" PayloadType="ExpressPSF" />
      </Payload>
    </Package>
    <Package ID="Microsoft-Windows-StepsRecorder-Package~31bf3856ad364e35~wow64~fr-ca~" InstalledSize="11384" Version="10.0.20348.1">
      <SatelliteInfo>
        <ApplyToInfo>
          <ApplyTo Type="arch" Value="wow64" />
          <ApplyTo Type="language" Value="fr-CA" />
        </ApplyToInfo>
      </SatelliteInfo>
      <Payload>
        <PayloadItem PayloadHash="UeLitje5EuGIrpPV+pZjE24Ct8JGhm2ziWEZydFycyw=" PayloadSize="9791" Path="FeaturesOnDemand\fr-ca\baseless\Microsoft-Windows-StepsRecorder-Package~31bf3856ad364e35~wow64~fr-ca~.cab" PayloadType="ExpressCab" />
        <PayloadItem PayloadHash="QuqWMk6ECvscqm4IXJ7H0l4lxp84VdQ9LHw7kWhg6JA=" PayloadSize="49081" Path="FeaturesOnDemand\fr-ca\baseless\Microsoft-Windows-StepsRecorder-Package~31bf3856ad364e35~wow64~fr-ca~.psf" PayloadType="ExpressPSF" />
      </Payload>
    </Package>
    <Package ID="Microsoft-Windows-StorageManagement-FoD-Package~31bf3856ad364e35~amd64~fr-ca~" InstalledSize="1639477" Version="10.0.20348.1">
      <SatelliteInfo>
        <ApplyToInfo>
          <ApplyTo Type="language" Value="fr-CA" />
        </ApplyToInfo>
      </SatelliteInfo>
      <Payload>
        <PayloadItem PayloadHash="855dODm4uUFO5vu4/BjJgByJlQ3Q8KuN8WBTX6hnEew=" PayloadSize="11817" Path="FeaturesOnDemand\fr-ca\baseless\Microsoft-Windows-StorageManagement-FoD-Package~31bf3856ad364e35~amd64~fr-ca~.cab" PayloadType="ExpressCab" />
        <PayloadItem PayloadHash="yHUFESyovV5lGOoDSgaDXYnegnNReoXO4el0dq14TBA=" PayloadSize="185869" Path="FeaturesOnDemand\fr-ca\baseless\Microsoft-Windows-StorageManagement-FoD-Package~31bf3856ad364e35~amd64~fr-ca~.psf" PayloadType="ExpressPSF" />
      </Payload>
    </Package>
    <Package ID="Microsoft-Windows-StorageManagement-FoD-Package~31bf3856ad364e35~wow64~fr-ca~" InstalledSize="1084298" Version="10.0.20348.1">
      <SatelliteInfo>
        <ApplyToInfo>
          <ApplyTo Type="arch" Value="wow64" />
          <ApplyTo Type="language" Value="fr-CA" />
        </ApplyToInfo>
      </SatelliteInfo>
      <Payload>
        <PayloadItem PayloadHash="qVPlyG1iPgyWUfYrn7tHF03YF10VFAK9BvESD5cQvBs=" PayloadSize="10655" Path="FeaturesOnDemand\fr-ca\baseless\Microsoft-Windows-StorageManagement-FoD-Package~31bf3856ad364e35~wow64~fr-ca~.cab" PayloadType="ExpressCab" />
        <PayloadItem PayloadHash="B2bs4NU1xJfi/NkmLVU3167FzLP9gLPDhM+SPIRGkNY=" PayloadSize="108830" Path="FeaturesOnDemand\fr-ca\baseless\Microsoft-Windows-StorageManagement-FoD-Package~31bf3856ad364e35~wow64~fr-ca~.psf" PayloadType="ExpressPSF" />
      </Payload>
    </Package>
    <Package ID="Microsoft-Windows-StorageMigrationService-Management-Tools-FOD-Package~31bf3856ad364e35~amd64~fr-ca~" InstalledSize="84070" Version="10.0.20348.1">
      <SatelliteInfo>
        <ApplyToInfo>
          <ApplyTo Type="language" Value="fr-CA" />
        </ApplyToInfo>
      </SatelliteInfo>
      <Payload>
        <PayloadItem PayloadHash="XLMfqX046UsqfRUT83fcCLvYM+wFOExR5r9zIPqYbcE=" PayloadSize="10283" Path="FeaturesOnDemand\fr-ca\baseless\Microsoft-Windows-StorageMigrationService-Management-Tools-FOD-Package~31bf3856ad364e35~amd64~fr-ca~.cab" PayloadType="ExpressCab" />
        <PayloadItem PayloadHash="Or2PzDsqySC4z3cfDTfLSL24WtBHU78gWheYfTgBbBc=" PayloadSize="69884" Path="FeaturesOnDemand\fr-ca\baseless\Microsoft-Windows-StorageMigrationService-Management-Tools-FOD-Package~31bf3856ad364e35~amd64~fr-ca~.psf" PayloadType="ExpressPSF" />
      </Payload>
    </Package>
    <Package ID="Microsoft-Windows-StorageReplica-Tools-FoD-Package~31bf3856ad364e35~amd64~fr-ca~" InstalledSize="400662" Version="10.0.20348.1">
      <SatelliteInfo>
        <ApplyToInfo>
          <ApplyTo Type="language" Value="fr-CA" />
        </ApplyToInfo>
      </SatelliteInfo>
      <Payload>
        <PayloadItem PayloadHash="ZTskPF1NKPNshPW9+/IiZAyVwiBOZu1rAWruTaKxV7U=" PayloadSize="10609" Path="FeaturesOnDemand\fr-ca\baseless\Microsoft-Windows-StorageReplica-Tools-FoD-Package~31bf3856ad364e35~amd64~fr-ca~.cab" PayloadType="ExpressCab" />
        <PayloadItem PayloadHash="xLYHJ2Uu2KF9To+TXWEZPsG/sP8UjbKaQzjtPQh+xU4=" PayloadSize="108021" Path="FeaturesOnDemand\fr-ca\baseless\Microsoft-Windows-StorageReplica-Tools-FoD-Package~31bf3856ad364e35~amd64~fr-ca~.psf" PayloadType="ExpressPSF" />
      </Payload>
    </Package>
    <Package ID="Microsoft-Windows-SystemInsights-Management-Tools-FOD-Package~31bf3856ad364e35~amd64~fr-ca~" InstalledSize="42010" Version="10.0.20348.1">
      <SatelliteInfo>
        <ApplyToInfo>
          <ApplyTo Type="language" Value="fr-CA" />
        </ApplyToInfo>
      </SatelliteInfo>
      <Payload>
        <PayloadItem PayloadHash="HfTWX6Bcrv77YwuLq4I7ZhZNM03wrJ8vUMylLCk1HC8=" PayloadSize="10283" Path="FeaturesOnDemand\fr-ca\baseless\Microsoft-Windows-SystemInsights-Management-Tools-FOD-Package~31bf3856ad364e35~amd64~fr-ca~.cab" PayloadType="ExpressCab" />
        <PayloadItem PayloadHash="4ie7iStwUQCD4NWI0sqGlG/JaKRE34WVgR1iyIEf2RY=" PayloadSize="61461" Path="FeaturesOnDemand\fr-ca\baseless\Microsoft-Windows-SystemInsights-Management-Tools-FOD-Package~31bf3856ad364e35~amd64~fr-ca~.psf" PayloadType="ExpressPSF" />
      </Payload>
    </Package>
    <Package ID="Microsoft-Windows-VolumeActivation-Tools-FoD-Package~31bf3856ad364e35~amd64~fr-ca~" InstalledSize="226562" Version="10.0.20348.1">
      <SatelliteInfo>
        <ApplyToInfo>
          <ApplyTo Type="language" Value="fr-CA" />
        </ApplyToInfo>
      </SatelliteInfo>
      <Payload>
        <PayloadItem PayloadHash="82y7NBerCGqcpntNqhX7F0hFefnvpTMteq+kTRDXRas=" PayloadSize="10167" Path="FeaturesOnDemand\fr-ca\baseless\Microsoft-Windows-VolumeActivation-Tools-FoD-Package~31bf3856ad364e35~amd64~fr-ca~.cab" PayloadType="ExpressCab" />
        <PayloadItem PayloadHash="o1lKlVFXJpcsNJHgTZ5hY3xxLlzv87ogNK2uQAQsEok=" PayloadSize="172242" Path="FeaturesOnDemand\fr-ca\baseless\Microsoft-Windows-VolumeActivation-Tools-FoD-Package~31bf3856ad364e35~amd64~fr-ca~.psf" PayloadType="ExpressPSF" />
      </Payload>
    </Package>
    <Package ID="Microsoft-Windows-WirelessDisplay-FOD-Package~31bf3856ad364e35~amd64~fr-ca~" InstalledSize="34496" Version="10.0.20348.1">
      <SatelliteInfo>
        <ApplyToInfo>
          <ApplyTo Type="language" Value="fr-CA" />
        </ApplyToInfo>
      </SatelliteInfo>
      <Payload>
        <PayloadItem PayloadHash="RFg0EWlfzGwXKsv79hNfcn1KiWCPqf37P9r3BxPwJqU=" PayloadSize="10257" Path="FeaturesOnDemand\fr-ca\baseless\Microsoft-Windows-WirelessDisplay-FOD-Package~31bf3856ad364e35~amd64~fr-ca~.cab" PayloadType="ExpressCab" />
        <PayloadItem PayloadHash="mN7ZsaHI+ZB66ycAOnVnBsiuUSO9HOSGZOe8GYrP6c8=" PayloadSize="61415" Path="FeaturesOnDemand\fr-ca\baseless\Microsoft-Windows-WirelessDisplay-FOD-Package~31bf3856ad364e35~amd64~fr-ca~.psf" PayloadType="ExpressPSF" />
      </Payload>
    </Package>
    <Package ID="Microsoft-Windows-WMI-SNMP-Provider-Client-Package~31bf3856ad364e35~amd64~fr-ca~" InstalledSize="53254" Version="10.0.20348.1">
      <SatelliteInfo>
        <ApplyToInfo>
          <ApplyTo Type="language" Value="fr-CA" />
        </ApplyToInfo>
      </SatelliteInfo>
      <Payload>
        <PayloadItem PayloadHash="O/QnC/9sYQlpnwa3out2lrdHlF2Ma6KmkgwMffQh6ec=" PayloadSize="10611" Path="FeaturesOnDemand\fr-ca\baseless\Microsoft-Windows-WMI-SNMP-Provider-Client-Package~31bf3856ad364e35~amd64~fr-ca~.cab" PayloadType="ExpressCab" />
        <PayloadItem PayloadHash="oAH6v5pNR9O2ITTjQ7E7MUkGHCO+VsxAGysncN0/JEI=" PayloadSize="64642" Path="FeaturesOnDemand\fr-ca\baseless\Microsoft-Windows-WMI-SNMP-Provider-Client-Package~31bf3856ad364e35~amd64~fr-ca~.psf" PayloadType="ExpressPSF" />
      </Payload>
    </Package>
    <Package ID="Microsoft-Windows-WMI-SNMP-Provider-Client-Package~31bf3856ad364e35~wow64~fr-ca~" InstalledSize="53331" Version="10.0.20348.1">
      <SatelliteInfo>
        <ApplyToInfo>
          <ApplyTo Type="arch" Value="wow64" />
          <ApplyTo Type="language" Value="fr-CA" />
        </ApplyToInfo>
      </SatelliteInfo>
      <Payload>
        <PayloadItem PayloadHash="AU/KBlJEJF3AOup8YYdK2Swts6gfObeGGajgguIN6DY=" PayloadSize="10577" Path="FeaturesOnDemand\fr-ca\baseless\Microsoft-Windows-WMI-SNMP-Provider-Client-Package~31bf3856ad364e35~wow64~fr-ca~.cab" PayloadType="ExpressCab" />
        <PayloadItem PayloadHash="FNd9m1EghnW8EuIfMbpThSHacmWff7v8KtX6G5kBNro=" PayloadSize="64711" Path="FeaturesOnDemand\fr-ca\baseless\Microsoft-Windows-WMI-SNMP-Provider-Client-Package~31bf3856ad364e35~wow64~fr-ca~.psf" PayloadType="ExpressPSF" />
      </Payload>
    </Package>
    <Package ID="Microsoft-Windows-WordPad-FoD-Package~31bf3856ad364e35~amd64~fr-ca~" InstalledSize="180047" Version="10.0.20348.1">
      <SatelliteInfo>
        <ApplyToInfo>
          <ApplyTo Type="language" Value="fr-CA" />
        </ApplyToInfo>
      </SatelliteInfo>
      <Payload>
        <PayloadItem PayloadHash="AiVkLXrU6Y+sOVI7nEtjtnnaLDjSRqWY/1lguO5hlOg=" PayloadSize="10001" Path="FeaturesOnDemand\fr-ca\baseless\Microsoft-Windows-WordPad-FoD-Package~31bf3856ad364e35~amd64~fr-ca~.cab" PayloadType="ExpressCab" />
        <PayloadItem PayloadHash="O3a9bHFQZ95rQHHLuBVGKnE3KfGKtW6tGpv4BO2sFSM=" PayloadSize="64080" Path="FeaturesOnDemand\fr-ca\baseless\Microsoft-Windows-WordPad-FoD-Package~31bf3856ad364e35~amd64~fr-ca~.psf" PayloadType="ExpressPSF" />
      </Payload>
    </Package>
    <Package ID="Microsoft-Windows-WordPad-FoD-Package~31bf3856ad364e35~wow64~fr-ca~" InstalledSize="180095" Version="10.0.20348.1">
      <SatelliteInfo>
        <ApplyToInfo>
          <ApplyTo Type="arch" Value="wow64" />
          <ApplyTo Type="language" Value="fr-CA" />
        </ApplyToInfo>
      </SatelliteInfo>
      <Payload>
        <PayloadItem PayloadHash="zrobAcDO3+BJbEv6Oy1gmpOsiG/0lsS/mUPGXCzVaZ0=" PayloadSize="10025" Path="FeaturesOnDemand\fr-ca\baseless\Microsoft-Windows-WordPad-FoD-Package~31bf3856ad364e35~wow64~fr-ca~.cab" PayloadType="ExpressCab" />
        <PayloadItem PayloadHash="0UhSUFtGHFsxn6SyH+0YxJzywYVyobdEjT195EoyeD8=" PayloadSize="64116" Path="FeaturesOnDemand\fr-ca\baseless\Microsoft-Windows-WordPad-FoD-Package~31bf3856ad364e35~wow64~fr-ca~.psf" PayloadType="ExpressPSF" />
      </Payload>
    </Package>
    <Package ID="Microsoft-Windows-WSUS-Tools-FoD-Package~31bf3856ad364e35~amd64~fr-ca~" InstalledSize="2938666" Version="10.0.20348.1">
      <SatelliteInfo>
        <ApplyToInfo>
          <ApplyTo Type="language" Value="fr-CA" />
        </ApplyToInfo>
      </SatelliteInfo>
      <Payload>
        <PayloadItem PayloadHash="399AnNyIwd5l2+dk71exghwi7kM6ABxUls+M6zsrRcw=" PayloadSize="11107" Path="FeaturesOnDemand\fr-ca\baseless\Microsoft-Windows-WSUS-Tools-FoD-Package~31bf3856ad364e35~amd64~fr-ca~.cab" PayloadType="ExpressCab" />
        <PayloadItem PayloadHash="60a/LBSCTALTJC7bS5bmRLXPQx3VYpIvGo/cFnSl+qA=" PayloadSize="377286" Path="FeaturesOnDemand\fr-ca\baseless\Microsoft-Windows-WSUS-Tools-FoD-Package~31bf3856ad364e35~amd64~fr-ca~.psf" PayloadType="ExpressPSF" />
      </Payload>
    </Package>
  </Packages>
  <ValuePair />
</CompDB>