<?xml version="1.0" encoding="utf-8"?>
<CompDB xmlns:xsi="http://www.w3.org/2001/XMLSchema-instance" xmlns:xsd="http://www.w3.org/2001/XMLSchema" CreatedDate="2021-05-08T14:19:18.3711653Z" Revision="1" SchemaVersion="1.2" Product="Server" BuildID="cba57a24-14e8-e0d9-3b38-ce9d5f1c983e" BuildInfo="fe_release.20348.1.210507-1500" OSVersion="10.0.20348.1" BuildArch="amd64" ReleaseType="Production" Type="Baseless" Name="Baseless~amd64~Server~~pt-br" xmlns="http://schemas.microsoft.com/embedded/2004/10/ImageUpdate">
  <Tags Type="Language">
    <Tag Name="Language" Value="pt-br" />
    <Tag Name="UpdateType" Value="Baseless" />
  </Tags>
  <Features>
    <Feature Type="LanguagePack" FeatureID="Language.UI.Server~pt-br" FMID="MSDL" Group="Microsoft">
      <Packages>
        <Package ID="Microsoft-Windows-Server-LanguagePack-Package_pt-br~31bf3856ad364e35~amd64~pt-br~" PackageType="FeaturePackage" />
      </Packages>
    </Feature>
    <Feature Type="OnDemandFeature" FeatureID="Rsat.AzureStack.HCI.Management.Tools~~1.0" FMID="MSDN" Group="Microsoft">
      <Packages>
        <Package ID="Microsoft-AzureStack-HCI-Management-Tools-FOD-Package~31bf3856ad364e35~amd64~pt-br~" PackageType="SatellitePackage" />
      </Packages>
    </Feature>
    <Feature Type="OnDemandFeature" FeatureID="Microsoft.Onecore.StorageManagement~~1.0" FMID="MSDN" Group="Microsoft">
      <Packages>
        <Package ID="Microsoft-OneCore-StorageManagement-FoD-Package~31bf3856ad364e35~amd64~pt-br~" PackageType="SatellitePackage" />
        <Package ID="Microsoft-OneCore-StorageManagement-FoD-Package~31bf3856ad364e35~wow64~pt-br~" PackageType="SatellitePackage" />
      </Packages>
    </Feature>
    <Feature Type="OnDemandFeature" FeatureID="Rsat.ActiveDirectory.DS-LDS.Tools~~1.0" FMID="MSDN" Group="Microsoft">
      <Dependencies>
        <Feature FeatureID="Rsat.ServerManager.Tools~~1.0" />
      </Dependencies>
      <Packages>
        <Package ID="Microsoft-Windows-ActiveDirectory-DS-LDS-Tools-FoD-Package~31bf3856ad364e35~amd64~pt-br~" PackageType="SatellitePackage" />
        <Package ID="Microsoft-Windows-ActiveDirectory-DS-LDS-Tools-FoD-Package~31bf3856ad364e35~wow64~pt-br~" PackageType="SatellitePackage" />
      </Packages>
    </Feature>
    <Feature Type="OnDemandFeature" FeatureID="Rsat.BitLocker.Recovery.Tools~~1.0" FMID="MSDN" Group="Microsoft">
      <Dependencies>
        <Feature FeatureID="Rsat.ActiveDirectory.DS-LDS.Tools~~1.0" />
      </Dependencies>
      <Packages>
        <Package ID="Microsoft-Windows-BitLocker-Recovery-Tools-FoD-Package~31bf3856ad364e35~amd64~pt-br~" PackageType="SatellitePackage" />
      </Packages>
    </Feature>
    <Feature Type="OnDemandFeature" FeatureID="Rsat.CertificateServices.Tools~~1.0" FMID="MSDN" Group="Microsoft">
      <Packages>
        <Package ID="Microsoft-Windows-CertificateServices-Tools-FoD-Package~31bf3856ad364e35~amd64~pt-br~" PackageType="SatellitePackage" />
      </Packages>
    </Feature>
    <Feature Type="OnDemandFeature" FeatureID="Microsoft.Composition.Test~~1.0" FMID="MSDN" Group="Microsoft">
      <Packages>
        <Package ID="Microsoft-Windows-Composition-Test-FOD-Package~31bf3856ad364e35~amd64~pt-br~" PackageType="SatellitePackage" />
        <Package ID="Microsoft-Windows-Composition-Test-FOD-Package~31bf3856ad364e35~wow64~pt-br~" PackageType="SatellitePackage" />
      </Packages>
    </Feature>
    <Feature Type="OnDemandFeature" FeatureID="Rsat.DHCP.Tools~~1.0" FMID="MSDN" Group="Microsoft">
      <Packages>
        <Package ID="Microsoft-Windows-DHCP-Tools-FoD-Package~31bf3856ad364e35~amd64~pt-br~" PackageType="SatellitePackage" />
        <Package ID="Microsoft-Windows-DHCP-Tools-FoD-Package~31bf3856ad364e35~wow64~pt-br~" PackageType="SatellitePackage" />
      </Packages>
    </Feature>
    <Feature Type="OnDemandFeature" FeatureID="Rsat.Dns.Tools~~1.0" FMID="MSDN" Group="Microsoft">
      <Packages>
        <Package ID="Microsoft-Windows-DNS-Tools-FoD-Package~31bf3856ad364e35~amd64~pt-br~" PackageType="SatellitePackage" />
        <Package ID="Microsoft-Windows-DNS-Tools-FoD-Package~31bf3856ad364e35~wow64~pt-br~" PackageType="SatellitePackage" />
      </Packages>
    </Feature>
    <Feature Type="OnDemandFeature" FeatureID="Windows.Desktop.EMS-SAC.Tools~~1.0" FMID="MSDN" Group="Microsoft">
      <Packages>
        <Package ID="Microsoft-Windows-EMS-SAC-Desktop-Tools-FoD-Package~31bf3856ad364e35~amd64~pt-br~" PackageType="SatellitePackage" />
      </Packages>
    </Feature>
    <Feature Type="OnDemandFeature" FeatureID="Rsat.FailoverCluster.Management.Tools~~1.0" FMID="MSDN" Group="Microsoft">
      <Dependencies>
        <Feature FeatureID="Rsat.FileServices.Tools~~1.0" />
      </Dependencies>
      <Packages>
        <Package ID="Microsoft-Windows-FailoverCluster-Management-Tools-FOD-Package~31bf3856ad364e35~amd64~pt-br~" PackageType="SatellitePackage" />
        <Package ID="Microsoft-Windows-FailoverCluster-Management-Tools-FOD-Package~31bf3856ad364e35~wow64~pt-br~" PackageType="SatellitePackage" />
      </Packages>
    </Feature>
    <Feature Type="OnDemandFeature" FeatureID="Rsat.FileServices.Tools~~1.0" FMID="MSDN" Group="Microsoft">
      <Dependencies>
        <Feature FeatureID="Rsat.ServerManager.Tools~~1.0" />
      </Dependencies>
      <Packages>
        <Package ID="Microsoft-Windows-FileServices-Tools-FoD-Package~31bf3856ad364e35~amd64~pt-br~" PackageType="SatellitePackage" />
        <Package ID="Microsoft-Windows-FileServices-Tools-FoD-Package~31bf3856ad364e35~wow64~pt-br~" PackageType="SatellitePackage" />
      </Packages>
    </Feature>
    <Feature Type="OnDemandFeature" FeatureID="Rsat.GroupPolicy.Management.Tools~~1.0" FMID="MSDN" Group="Microsoft">
      <Packages>
        <Package ID="Microsoft-Windows-GroupPolicy-Management-Tools-FoD-Package~31bf3856ad364e35~amd64~pt-br~" PackageType="SatellitePackage" />
        <Package ID="Microsoft-Windows-GroupPolicy-Management-Tools-FoD-Package~31bf3856ad364e35~wow64~pt-br~" PackageType="SatellitePackage" />
      </Packages>
    </Feature>
    <Feature Type="OnDemandFeature" FeatureID="Rsat.IPAM.Client.Tools~~1.0" FMID="MSDN" Group="Microsoft">
      <Dependencies>
        <Feature FeatureID="Rsat.ServerManager.Tools~~1.0" />
      </Dependencies>
      <Packages>
        <Package ID="Microsoft-Windows-IPAM-Client-FoD-Package~31bf3856ad364e35~amd64~pt-br~" PackageType="SatellitePackage" />
        <Package ID="Microsoft-Windows-IPAM-Client-FoD-Package~31bf3856ad364e35~wow64~pt-br~" PackageType="SatellitePackage" />
      </Packages>
    </Feature>
    <Feature Type="OnDemandFeature" FeatureID="Network.Irda~~1.0" FMID="MSDN" Group="Microsoft">
      <Packages>
        <Package ID="Microsoft-Windows-IRDA-Package~31bf3856ad364e35~amd64~pt-br~" PackageType="SatellitePackage" />
        <Package ID="Microsoft-Windows-IRDA-Package~31bf3856ad364e35~wow64~pt-br~" PackageType="SatellitePackage" />
      </Packages>
    </Feature>
    <Feature Type="OnDemandFeature" FeatureID="Media.MediaFeaturePack~~1.0" FMID="MSDN" Group="Microsoft">
      <Packages>
        <Package ID="Microsoft-Windows-Media-Features-Package~31bf3856ad364e35~amd64~pt-br~" PackageType="SatellitePackage" />
        <Package ID="Microsoft-Windows-Media-Features-Package~31bf3856ad364e35~wow64~pt-br~" PackageType="SatellitePackage" />
      </Packages>
    </Feature>
    <Feature Type="OnDemandFeature" FeatureID="Microsoft.Windows.MSPaint~~1.0" FMID="MSDN" Group="Microsoft">
      <Packages>
        <Package ID="Microsoft-Windows-MSPaint-FoD-Package~31bf3856ad364e35~amd64~pt-br~" PackageType="SatellitePackage" />
        <Package ID="Microsoft-Windows-MSPaint-FoD-Package~31bf3856ad364e35~wow64~pt-br~" PackageType="SatellitePackage" />
      </Packages>
    </Feature>
    <Feature Type="OnDemandFeature" FeatureID="Rsat.NetworkController.Tools~~1.0" FMID="MSDN" Group="Microsoft">
      <Packages>
        <Package ID="Microsoft-Windows-NetworkController-Tools-FoD-Package~31bf3856ad364e35~amd64~pt-br~" PackageType="SatellitePackage" />
      </Packages>
    </Feature>
    <Feature Type="OnDemandFeature" FeatureID="Rsat.NetworkLoadBalancing.Tools~~1.0" FMID="MSDN" Group="Microsoft">
      <Packages>
        <Package ID="Microsoft-Windows-NetworkLoadBalancing-Tools-FoD-Package~31bf3856ad364e35~amd64~pt-br~" PackageType="SatellitePackage" />
      </Packages>
    </Feature>
    <Feature Type="OnDemandFeature" FeatureID="Microsoft.Windows.Notepad~~1.0" FMID="MSDN" Group="Microsoft">
      <Packages>
        <Package ID="Microsoft-Windows-Notepad-FoD-Package~31bf3856ad364e35~amd64~pt-br~" PackageType="SatellitePackage" />
        <Package ID="Microsoft-Windows-Notepad-FoD-Package~31bf3856ad364e35~wow64~pt-br~" PackageType="SatellitePackage" />
      </Packages>
    </Feature>
    <Feature Type="OnDemandFeature" FeatureID="Microsoft.Windows.PowerShell.ISE~~1.0" FMID="MSDN" Group="Microsoft">
      <Packages>
        <Package ID="Microsoft-Windows-PowerShell-ISE-FOD-Package~31bf3856ad364e35~amd64~pt-br~" PackageType="SatellitePackage" />
        <Package ID="Microsoft-Windows-PowerShell-ISE-FOD-Package~31bf3856ad364e35~wow64~pt-br~" PackageType="SatellitePackage" />
      </Packages>
    </Feature>
    <Feature Type="OnDemandFeature" FeatureID="Print.Management.Console~~1.0" FMID="MSDN" Group="Microsoft">
      <Packages>
        <Package ID="Microsoft-Windows-Printing-PMCPPC-FoD-Package~31bf3856ad364e35~amd64~pt-br~" PackageType="SatellitePackage" />
      </Packages>
    </Feature>
    <Feature Type="OnDemandFeature" FeatureID="Print.Fax.Scan~~1.0" FMID="MSDN" Group="Microsoft">
      <Packages>
        <Package ID="Microsoft-Windows-Printing-WFS-FoD-Package~31bf3856ad364e35~amd64~pt-br~" PackageType="SatellitePackage" />
      </Packages>
    </Feature>
    <Feature Type="OnDemandFeature" FeatureID="RasCMAK.Client~~1.0" FMID="MSDN" Group="Microsoft">
      <Packages>
        <Package ID="Microsoft-Windows-RasCMAK-Client-Package~31bf3856ad364e35~amd64~pt-br~" PackageType="SatellitePackage" />
        <Package ID="Microsoft-Windows-RasCMAK-Client-Package~31bf3856ad364e35~wow64~pt-br~" PackageType="SatellitePackage" />
      </Packages>
    </Feature>
    <Feature Type="OnDemandFeature" FeatureID="RIP.Listener~~1.0" FMID="MSDN" Group="Microsoft">
      <Packages>
        <Package ID="Microsoft-Windows-RasRip-Package~31bf3856ad364e35~amd64~pt-br~" PackageType="SatellitePackage" />
      </Packages>
    </Feature>
    <Feature Type="OnDemandFeature" FeatureID="Rsat.RemoteAccess.Management.Tools~~1.0" FMID="MSDN" Group="Microsoft">
      <Dependencies>
        <Feature FeatureID="Rsat.GroupPolicy.Management.Tools~~1.0" />
        <Feature FeatureID="Rsat.ServerManager.Tools~~1.0" />
      </Dependencies>
      <Packages>
        <Package ID="Microsoft-Windows-RemoteAccess-Management-Tools-FoD-Package~31bf3856ad364e35~amd64~pt-br~" PackageType="SatellitePackage" />
        <Package ID="Microsoft-Windows-RemoteAccess-Management-Tools-FoD-Package~31bf3856ad364e35~wow64~pt-br~" PackageType="SatellitePackage" />
      </Packages>
    </Feature>
    <Feature Type="OnDemandFeature" FeatureID="Rsat.RemoteDesktop.Services.Tools~~1.0" FMID="MSDN" Group="Microsoft">
      <Packages>
        <Package ID="Microsoft-Windows-RemoteDesktop-Services-Tools-FoD-Package~31bf3856ad364e35~amd64~pt-br~" PackageType="SatellitePackage" />
      </Packages>
    </Feature>
    <Feature Type="OnDemandFeature" FeatureID="ServerCore.AppCompatibility~~1.0" FMID="MSDN" Group="Microsoft">
      <Packages>
        <Package ID="Microsoft-Windows-Server-AppCompat-FoD-Package~31bf3856ad364e35~amd64~pt-br~" PackageType="SatellitePackage" />
      </Packages>
    </Feature>
    <Feature Type="OnDemandFeature" FeatureID="Rsat.ServerManager.Tools~~1.0" FMID="MSDN" Group="Microsoft">
      <Packages>
        <Package ID="Microsoft-Windows-ServerManager-Tools-FoD-Package~31bf3856ad364e35~amd64~pt-br~" PackageType="SatellitePackage" />
        <Package ID="Microsoft-Windows-ServerManager-Tools-FoD-Package~31bf3856ad364e35~wow64~pt-br~" PackageType="SatellitePackage" />
      </Packages>
    </Feature>
    <Feature Type="OnDemandFeature" FeatureID="Rsat.Shielded.VM.Tools~~1.0" FMID="MSDN" Group="Microsoft">
      <Dependencies>
        <Feature FeatureID="Rsat.ServerManager.Tools~~1.0" />
      </Dependencies>
      <Packages>
        <Package ID="Microsoft-Windows-Shielded-VM-Tools-FoD-Package~31bf3856ad364e35~amd64~pt-br~" PackageType="SatellitePackage" />
      </Packages>
    </Feature>
    <Feature Type="OnDemandFeature" FeatureID="SNMP.Client~~1.0" FMID="MSDN" Group="Microsoft">
      <Packages>
        <Package ID="Microsoft-Windows-SNMP-Client-Package~31bf3856ad364e35~amd64~pt-br~" PackageType="SatellitePackage" />
        <Package ID="Microsoft-Windows-SNMP-Client-Package~31bf3856ad364e35~wow64~pt-br~" PackageType="SatellitePackage" />
      </Packages>
    </Feature>
    <Feature Type="OnDemandFeature" FeatureID="App.StepsRecorder~~1.0" FMID="MSDN" Group="Microsoft">
      <Packages>
        <Package ID="Microsoft-Windows-StepsRecorder-Package~31bf3856ad364e35~amd64~pt-br~" PackageType="SatellitePackage" />
        <Package ID="Microsoft-Windows-StepsRecorder-Package~31bf3856ad364e35~wow64~pt-br~" PackageType="SatellitePackage" />
      </Packages>
    </Feature>
    <Feature Type="OnDemandFeature" FeatureID="Microsoft.Windows.StorageManagement~~1.0" FMID="MSDN" Group="Microsoft">
      <Packages>
        <Package ID="Microsoft-Windows-StorageManagement-FoD-Package~31bf3856ad364e35~amd64~pt-br~" PackageType="SatellitePackage" />
        <Package ID="Microsoft-Windows-StorageManagement-FoD-Package~31bf3856ad364e35~wow64~pt-br~" PackageType="SatellitePackage" />
      </Packages>
    </Feature>
    <Feature Type="OnDemandFeature" FeatureID="Rsat.StorageMigrationService.Management.Tools~~1.0" FMID="MSDN" Group="Microsoft">
      <Packages>
        <Package ID="Microsoft-Windows-StorageMigrationService-Management-Tools-FOD-Package~31bf3856ad364e35~amd64~pt-br~" PackageType="SatellitePackage" />
      </Packages>
    </Feature>
    <Feature Type="OnDemandFeature" FeatureID="Rsat.StorageReplica.Tools~~1.0" FMID="MSDN" Group="Microsoft">
      <Packages>
        <Package ID="Microsoft-Windows-StorageReplica-Tools-FoD-Package~31bf3856ad364e35~amd64~pt-br~" PackageType="SatellitePackage" />
      </Packages>
    </Feature>
    <Feature Type="OnDemandFeature" FeatureID="Rsat.SystemInsights.Management.Tools~~1.0" FMID="MSDN" Group="Microsoft">
      <Packages>
        <Package ID="Microsoft-Windows-SystemInsights-Management-Tools-FOD-Package~31bf3856ad364e35~amd64~pt-br~" PackageType="SatellitePackage" />
      </Packages>
    </Feature>
    <Feature Type="OnDemandFeature" FeatureID="Rsat.VolumeActivation.Tools~~1.0" FMID="MSDN" Group="Microsoft">
      <Packages>
        <Package ID="Microsoft-Windows-VolumeActivation-Tools-FoD-Package~31bf3856ad364e35~amd64~pt-br~" PackageType="SatellitePackage" />
      </Packages>
    </Feature>
    <Feature Type="OnDemandFeature" FeatureID="App.WirelessDisplay.Connect~~1.0" FMID="MSDN" Group="Microsoft">
      <Packages>
        <Package ID="Microsoft-Windows-WirelessDisplay-FOD-Package~31bf3856ad364e35~amd64~pt-br~" PackageType="SatellitePackage" />
      </Packages>
    </Feature>
    <Feature Type="OnDemandFeature" FeatureID="WMI-SNMP-Provider.Client~~1.0" FMID="MSDN" Group="Microsoft">
      <Dependencies>
        <Feature FeatureID="SNMP.Client~~1.0" />
      </Dependencies>
      <Packages>
        <Package ID="Microsoft-Windows-WMI-SNMP-Provider-Client-Package~31bf3856ad364e35~amd64~pt-br~" PackageType="SatellitePackage" />
        <Package ID="Microsoft-Windows-WMI-SNMP-Provider-Client-Package~31bf3856ad364e35~wow64~pt-br~" PackageType="SatellitePackage" />
      </Packages>
    </Feature>
    <Feature Type="OnDemandFeature" FeatureID="Microsoft.Windows.WordPad~~1.0" FMID="MSDN" Group="Microsoft">
      <Packages>
        <Package ID="Microsoft-Windows-WordPad-FoD-Package~31bf3856ad364e35~amd64~pt-br~" PackageType="SatellitePackage" />
        <Package ID="Microsoft-Windows-WordPad-FoD-Package~31bf3856ad364e35~wow64~pt-br~" PackageType="SatellitePackage" />
      </Packages>
    </Feature>
    <Feature Type="OnDemandFeature" FeatureID="Rsat.WSUS.Tools~~1.0" FMID="MSDN" Group="Microsoft">
      <Packages>
        <Package ID="Microsoft-Windows-WSUS-Tools-FoD-Package~31bf3856ad364e35~amd64~pt-br~" PackageType="SatellitePackage" />
      </Packages>
    </Feature>
  </Features>
  <Packages>
    <Package ID="Microsoft-Windows-Server-LanguagePack-Package_pt-br~31bf3856ad364e35~amd64~pt-br~" InstalledSize="319702122" Version="10.0.20348.1">
      <SatelliteInfo>
        <DeclareInfo>
          <Declare Type="language" Value="pt-BR" />
        </DeclareInfo>
      </SatelliteInfo>
      <Payload>
        <PayloadItem PayloadHash="8h73/p+k1qavKP/VBZDwi1vEdX4LceCUqpG6wwxb04s=" PayloadSize="1167421" Path="UUP\Desktop\editionpackages\pt-br\Server\baseless\Microsoft-Windows-Server-LanguagePack-Package_pt-br~31bf3856ad364e35~amd64~pt-br~.cab" PayloadType="ExpressCab" />
        <PayloadItem PayloadHash="9IoAZgqDsyo98rgimYF8DkeF1w5u2Y3dNPQfVh1/zwA=" PayloadSize="63748434" Path="UUP\Desktop\editionpackages\pt-br\Server\baseless\Microsoft-Windows-Server-LanguagePack-Package_pt-br~31bf3856ad364e35~amd64~pt-br~.psf" PayloadType="ExpressPSF" />
      </Payload>
    </Package>
    <Package ID="Microsoft-AzureStack-HCI-Management-Tools-FOD-Package~31bf3856ad364e35~amd64~pt-br~" InstalledSize="33275" Version="10.0.20348.1">
      <SatelliteInfo>
        <ApplyToInfo>
          <ApplyTo Type="language" Value="pt-BR" />
        </ApplyToInfo>
      </SatelliteInfo>
      <Payload>
        <PayloadItem PayloadHash="cxKbieK9/OlX2tBA+CQbTN5r60JZb/EJf3TjYVTYr7w=" PayloadSize="10265" Path="FeaturesOnDemand\pt-br\baseless\Microsoft-AzureStack-HCI-Management-Tools-FOD-Package~31bf3856ad364e35~amd64~pt-br~.cab" PayloadType="ExpressCab" />
        <PayloadItem PayloadHash="rViyDBfSlcyoXU8spFr6Cnl4ODc3W+2fb/9d+aGbcdA=" PayloadSize="60201" Path="FeaturesOnDemand\pt-br\baseless\Microsoft-AzureStack-HCI-Management-Tools-FOD-Package~31bf3856ad364e35~amd64~pt-br~.psf" PayloadType="ExpressPSF" />
      </Payload>
    </Package>
    <Package ID="Microsoft-OneCore-StorageManagement-FoD-Package~31bf3856ad364e35~amd64~pt-br~" InstalledSize="1998400" Version="10.0.20348.1">
      <SatelliteInfo>
        <ApplyToInfo>
          <ApplyTo Type="language" Value="pt-BR" />
        </ApplyToInfo>
      </SatelliteInfo>
      <Payload>
        <PayloadItem PayloadHash="XBzspH6TZjGiphk0Vq7o/wrrAaxwrgnR5+uyhtIL91s=" PayloadSize="11365" Path="FeaturesOnDemand\pt-br\baseless\Microsoft-OneCore-StorageManagement-FoD-Package~31bf3856ad364e35~amd64~pt-br~.cab" PayloadType="ExpressCab" />
        <PayloadItem PayloadHash="V4TpGfC58ix8Oh6a9nDzgaALsvLxMRc+8Y1Jr9HEQuM=" PayloadSize="186524" Path="FeaturesOnDemand\pt-br\baseless\Microsoft-OneCore-StorageManagement-FoD-Package~31bf3856ad364e35~amd64~pt-br~.psf" PayloadType="ExpressPSF" />
      </Payload>
    </Package>
    <Package ID="Microsoft-OneCore-StorageManagement-FoD-Package~31bf3856ad364e35~wow64~pt-br~" InstalledSize="1081671" Version="10.0.20348.1">
      <SatelliteInfo>
        <ApplyToInfo>
          <ApplyTo Type="arch" Value="wow64" />
          <ApplyTo Type="language" Value="pt-BR" />
        </ApplyToInfo>
      </SatelliteInfo>
      <Payload>
        <PayloadItem PayloadHash="OYQ6j4qjsr0vwg9MPx47f0iwEWUFBBZBW8S92hmL+ro=" PayloadSize="10425" Path="FeaturesOnDemand\pt-br\baseless\Microsoft-OneCore-StorageManagement-FoD-Package~31bf3856ad364e35~wow64~pt-br~.cab" PayloadType="ExpressCab" />
        <PayloadItem PayloadHash="I5JLPR5X5R0AmoVRnG2SZ17PQOkGRHLcnTrDvzdVhW0=" PayloadSize="107730" Path="FeaturesOnDemand\pt-br\baseless\Microsoft-OneCore-StorageManagement-FoD-Package~31bf3856ad364e35~wow64~pt-br~.psf" PayloadType="ExpressPSF" />
      </Payload>
    </Package>
    <Package ID="Microsoft-Windows-ActiveDirectory-DS-LDS-Tools-FoD-Package~31bf3856ad364e35~amd64~pt-br~" InstalledSize="5880311" Version="10.0.20348.1">
      <SatelliteInfo>
        <ApplyToInfo>
          <ApplyTo Type="language" Value="pt-BR" />
        </ApplyToInfo>
      </SatelliteInfo>
      <Payload>
        <PayloadItem PayloadHash="9YvM3WqwKKa7ZKIKMR0//sa9Ob2oXayYROEt8WQWTu0=" PayloadSize="17507" Path="FeaturesOnDemand\pt-br\baseless\Microsoft-Windows-ActiveDirectory-DS-LDS-Tools-FoD-Package~31bf3856ad364e35~amd64~pt-br~.cab" PayloadType="ExpressCab" />
        <PayloadItem PayloadHash="NDu2TtXF52tBvnrKwzu8KfL04+QHzcJt489k+DMYP98=" PayloadSize="935399" Path="FeaturesOnDemand\pt-br\baseless\Microsoft-Windows-ActiveDirectory-DS-LDS-Tools-FoD-Package~31bf3856ad364e35~amd64~pt-br~.psf" PayloadType="ExpressPSF" />
      </Payload>
    </Package>
    <Package ID="Microsoft-Windows-ActiveDirectory-DS-LDS-Tools-FoD-Package~31bf3856ad364e35~wow64~pt-br~" InstalledSize="800619" Version="10.0.20348.1">
      <SatelliteInfo>
        <ApplyToInfo>
          <ApplyTo Type="arch" Value="wow64" />
          <ApplyTo Type="language" Value="pt-BR" />
        </ApplyToInfo>
      </SatelliteInfo>
      <Payload>
        <PayloadItem PayloadHash="O/WIIGDqRyQ++6oNkdnCxly3TbRoFPHFut4g+dbttIk=" PayloadSize="11251" Path="FeaturesOnDemand\pt-br\baseless\Microsoft-Windows-ActiveDirectory-DS-LDS-Tools-FoD-Package~31bf3856ad364e35~wow64~pt-br~.cab" PayloadType="ExpressCab" />
        <PayloadItem PayloadHash="QqdVMClAK9moyh16Rn4HxclM1qKZWnDGubJv5bGkUMU=" PayloadSize="152736" Path="FeaturesOnDemand\pt-br\baseless\Microsoft-Windows-ActiveDirectory-DS-LDS-Tools-FoD-Package~31bf3856ad364e35~wow64~pt-br~.psf" PayloadType="ExpressPSF" />
      </Payload>
    </Package>
    <Package ID="Microsoft-Windows-BitLocker-Recovery-Tools-FoD-Package~31bf3856ad364e35~amd64~pt-br~" InstalledSize="33212" Version="10.0.20348.1">
      <SatelliteInfo>
        <ApplyToInfo>
          <ApplyTo Type="language" Value="pt-BR" />
        </ApplyToInfo>
      </SatelliteInfo>
      <Payload>
        <PayloadItem PayloadHash="JNMVYFDQMkL0msGnIGeNKzOi2VoHXKIRwrdcIUtX9sw=" PayloadSize="10237" Path="FeaturesOnDemand\pt-br\baseless\Microsoft-Windows-BitLocker-Recovery-Tools-FoD-Package~31bf3856ad364e35~amd64~pt-br~.cab" PayloadType="ExpressCab" />
        <PayloadItem PayloadHash="tzt1vRs2EmJCsYQluu+L9x33RZI3PY5u6or4s7jz7q8=" PayloadSize="58773" Path="FeaturesOnDemand\pt-br\baseless\Microsoft-Windows-BitLocker-Recovery-Tools-FoD-Package~31bf3856ad364e35~amd64~pt-br~.psf" PayloadType="ExpressPSF" />
      </Payload>
    </Package>
    <Package ID="Microsoft-Windows-CertificateServices-Tools-FoD-Package~31bf3856ad364e35~amd64~pt-br~" InstalledSize="1029915" Version="10.0.20348.1">
      <SatelliteInfo>
        <ApplyToInfo>
          <ApplyTo Type="language" Value="pt-BR" />
        </ApplyToInfo>
      </SatelliteInfo>
      <Payload>
        <PayloadItem PayloadHash="3mhMLnlVAzUnypSVohgO4j78xULpNM8haeImiJ4MmEo=" PayloadSize="12129" Path="FeaturesOnDemand\pt-br\baseless\Microsoft-Windows-CertificateServices-Tools-FoD-Package~31bf3856ad364e35~amd64~pt-br~.cab" PayloadType="ExpressCab" />
        <PayloadItem PayloadHash="eZeY7ahL1x2cTciUxr3CeDsQ9slSV8KTLJNsMeYmxic=" PayloadSize="194839" Path="FeaturesOnDemand\pt-br\baseless\Microsoft-Windows-CertificateServices-Tools-FoD-Package~31bf3856ad364e35~amd64~pt-br~.psf" PayloadType="ExpressPSF" />
      </Payload>
    </Package>
    <Package ID="Microsoft-Windows-Composition-Test-FOD-Package~31bf3856ad364e35~amd64~pt-br~" InstalledSize="21135" Version="10.0.20348.1">
      <SatelliteInfo>
        <ApplyToInfo>
          <ApplyTo Type="language" Value="pt-BR" />
        </ApplyToInfo>
      </SatelliteInfo>
      <Payload>
        <PayloadItem PayloadHash="dAQQfSuLahGFBb2l7ovdGn7xZ7O4nDocA/cbEoIBUZ8=" PayloadSize="10011" Path="FeaturesOnDemand\pt-br\baseless\Microsoft-Windows-Composition-Test-FOD-Package~31bf3856ad364e35~amd64~pt-br~.cab" PayloadType="ExpressCab" />
        <PayloadItem PayloadHash="bxQ6gbTmxGDNQMGSwoVI9+qQgwxvcZXl1hnmIc/+cMI=" PayloadSize="55281" Path="FeaturesOnDemand\pt-br\baseless\Microsoft-Windows-Composition-Test-FOD-Package~31bf3856ad364e35~amd64~pt-br~.psf" PayloadType="ExpressPSF" />
      </Payload>
    </Package>
    <Package ID="Microsoft-Windows-Composition-Test-FOD-Package~31bf3856ad364e35~wow64~pt-br~" InstalledSize="21219" Version="10.0.20348.1">
      <SatelliteInfo>
        <ApplyToInfo>
          <ApplyTo Type="arch" Value="wow64" />
          <ApplyTo Type="language" Value="pt-BR" />
        </ApplyToInfo>
      </SatelliteInfo>
      <Payload>
        <PayloadItem PayloadHash="M6Ev9RAujhGR7ofuHJCEtazJAPI1AjoUNEbHYCx1IZA=" PayloadSize="10019" Path="FeaturesOnDemand\pt-br\baseless\Microsoft-Windows-Composition-Test-FOD-Package~31bf3856ad364e35~wow64~pt-br~.cab" PayloadType="ExpressCab" />
        <PayloadItem PayloadHash="InJp00kELsgVSTrzr9aIOnB5RGRbaDvtjyQ4k7nnKIw=" PayloadSize="55324" Path="FeaturesOnDemand\pt-br\baseless\Microsoft-Windows-Composition-Test-FOD-Package~31bf3856ad364e35~wow64~pt-br~.psf" PayloadType="ExpressPSF" />
      </Payload>
    </Package>
    <Package ID="Microsoft-Windows-DHCP-Tools-FoD-Package~31bf3856ad364e35~amd64~pt-br~" InstalledSize="1854658" Version="10.0.20348.1">
      <SatelliteInfo>
        <ApplyToInfo>
          <ApplyTo Type="language" Value="pt-BR" />
        </ApplyToInfo>
      </SatelliteInfo>
      <Payload>
        <PayloadItem PayloadHash="K8IJ2SI+v3333TZiT/L5uGrkMZcmS4iaBrZsVcZ8Bo8=" PayloadSize="11119" Path="FeaturesOnDemand\pt-br\baseless\Microsoft-Windows-DHCP-Tools-FoD-Package~31bf3856ad364e35~amd64~pt-br~.cab" PayloadType="ExpressCab" />
        <PayloadItem PayloadHash="pn4He4sznP2dPynp1lFZzgl4lCsAhK6AiZho2KPa1Tk=" PayloadSize="208188" Path="FeaturesOnDemand\pt-br\baseless\Microsoft-Windows-DHCP-Tools-FoD-Package~31bf3856ad364e35~amd64~pt-br~.psf" PayloadType="ExpressPSF" />
      </Payload>
    </Package>
    <Package ID="Microsoft-Windows-DHCP-Tools-FoD-Package~31bf3856ad364e35~wow64~pt-br~" InstalledSize="493863" Version="10.0.20348.1">
      <SatelliteInfo>
        <ApplyToInfo>
          <ApplyTo Type="arch" Value="wow64" />
          <ApplyTo Type="language" Value="pt-BR" />
        </ApplyToInfo>
      </SatelliteInfo>
      <Payload>
        <PayloadItem PayloadHash="1KFyR10L5uGJkvOPO0uqYBch4rNqnysoCfEZXXoCjcM=" PayloadSize="10257" Path="FeaturesOnDemand\pt-br\baseless\Microsoft-Windows-DHCP-Tools-FoD-Package~31bf3856ad364e35~wow64~pt-br~.cab" PayloadType="ExpressCab" />
        <PayloadItem PayloadHash="Zp0RXxasQ1N14uQo0Q0d0EPrawLJbogFqPCUWN8/avU=" PayloadSize="91731" Path="FeaturesOnDemand\pt-br\baseless\Microsoft-Windows-DHCP-Tools-FoD-Package~31bf3856ad364e35~wow64~pt-br~.psf" PayloadType="ExpressPSF" />
      </Payload>
    </Package>
    <Package ID="Microsoft-Windows-DNS-Tools-FoD-Package~31bf3856ad364e35~amd64~pt-br~" InstalledSize="1998111" Version="10.0.20348.1">
      <SatelliteInfo>
        <ApplyToInfo>
          <ApplyTo Type="language" Value="pt-BR" />
        </ApplyToInfo>
      </SatelliteInfo>
      <Payload>
        <PayloadItem PayloadHash="1ERK4w7VtrNHbnXcu88mNbiMsO4SYvhL2QOx1h6E00k=" PayloadSize="10973" Path="FeaturesOnDemand\pt-br\baseless\Microsoft-Windows-DNS-Tools-FoD-Package~31bf3856ad364e35~amd64~pt-br~.cab" PayloadType="ExpressCab" />
        <PayloadItem PayloadHash="iFJmWddKjkYGvW3qQSmwaMqyB5wbkyG5P6v49oZw/zA=" PayloadSize="229693" Path="FeaturesOnDemand\pt-br\baseless\Microsoft-Windows-DNS-Tools-FoD-Package~31bf3856ad364e35~amd64~pt-br~.psf" PayloadType="ExpressPSF" />
      </Payload>
    </Package>
    <Package ID="Microsoft-Windows-DNS-Tools-FoD-Package~31bf3856ad364e35~wow64~pt-br~" InstalledSize="12291" Version="10.0.20348.1">
      <SatelliteInfo>
        <ApplyToInfo>
          <ApplyTo Type="arch" Value="wow64" />
          <ApplyTo Type="language" Value="pt-BR" />
        </ApplyToInfo>
      </SatelliteInfo>
      <Payload>
        <PayloadItem PayloadHash="R570HYYTkEnGhjbgGBGxcQxQTF0VvFGzl0vYR4U21vY=" PayloadSize="9893" Path="FeaturesOnDemand\pt-br\baseless\Microsoft-Windows-DNS-Tools-FoD-Package~31bf3856ad364e35~wow64~pt-br~.cab" PayloadType="ExpressCab" />
        <PayloadItem PayloadHash="zxDOmL06U/lWc4mYrc0hl/OEiWc5x6CnCTUuMBXmqAg=" PayloadSize="49673" Path="FeaturesOnDemand\pt-br\baseless\Microsoft-Windows-DNS-Tools-FoD-Package~31bf3856ad364e35~wow64~pt-br~.psf" PayloadType="ExpressPSF" />
      </Payload>
    </Package>
    <Package ID="Microsoft-Windows-EMS-SAC-Desktop-Tools-FoD-Package~31bf3856ad364e35~amd64~pt-br~" InstalledSize="52738" Version="10.0.20348.1">
      <SatelliteInfo>
        <ApplyToInfo>
          <ApplyTo Type="language" Value="pt-BR" />
        </ApplyToInfo>
      </SatelliteInfo>
      <Payload>
        <PayloadItem PayloadHash="+Ur6eu+k1e2+yijV9d8d/vF3Ybw5VjqH20XuFM81LAo=" PayloadSize="10511" Path="FeaturesOnDemand\pt-br\baseless\Microsoft-Windows-EMS-SAC-Desktop-Tools-FoD-Package~31bf3856ad364e35~amd64~pt-br~.cab" PayloadType="ExpressCab" />
        <PayloadItem PayloadHash="YG46faewdxFfQqdv+arZ1L5PKzqffRlbV/dCXsRtS4E=" PayloadSize="64122" Path="FeaturesOnDemand\pt-br\baseless\Microsoft-Windows-EMS-SAC-Desktop-Tools-FoD-Package~31bf3856ad364e35~amd64~pt-br~.psf" PayloadType="ExpressPSF" />
      </Payload>
    </Package>
    <Package ID="Microsoft-Windows-FailoverCluster-Management-Tools-FOD-Package~31bf3856ad364e35~amd64~pt-br~" InstalledSize="8986701" Version="10.0.20348.1">
      <SatelliteInfo>
        <ApplyToInfo>
          <ApplyTo Type="language" Value="pt-BR" />
        </ApplyToInfo>
      </SatelliteInfo>
      <Payload>
        <PayloadItem PayloadHash="zOMf8MCCRmmM/YJhFsmbMFozz2/SmrD0PTvBZUw3Vmo=" PayloadSize="16539" Path="FeaturesOnDemand\pt-br\baseless\Microsoft-Windows-FailoverCluster-Management-Tools-FOD-Package~31bf3856ad364e35~amd64~pt-br~.cab" PayloadType="ExpressCab" />
        <PayloadItem PayloadHash="g1dGQm6XOD16bS9n6VL5Cw9MZBt9QRgc2/g8IFVecU4=" PayloadSize="2453213" Path="FeaturesOnDemand\pt-br\baseless\Microsoft-Windows-FailoverCluster-Management-Tools-FOD-Package~31bf3856ad364e35~amd64~pt-br~.psf" PayloadType="ExpressPSF" />
      </Payload>
    </Package>
    <Package ID="Microsoft-Windows-FailoverCluster-Management-Tools-FOD-Package~31bf3856ad364e35~wow64~pt-br~" InstalledSize="63579" Version="10.0.20348.1">
      <SatelliteInfo>
        <ApplyToInfo>
          <ApplyTo Type="arch" Value="wow64" />
          <ApplyTo Type="language" Value="pt-BR" />
        </ApplyToInfo>
      </SatelliteInfo>
      <Payload>
        <PayloadItem PayloadHash="tgeFIfjTZMg1QB0mz0Me8DTqORknLJgPLRdHbi+sH+U=" PayloadSize="10931" Path="FeaturesOnDemand\pt-br\baseless\Microsoft-Windows-FailoverCluster-Management-Tools-FOD-Package~31bf3856ad364e35~wow64~pt-br~.cab" PayloadType="ExpressCab" />
        <PayloadItem PayloadHash="zDnYguEcxVy7Ky65Kewwu2TLOaSKTXBdd0pAVsNeFBk=" PayloadSize="70676" Path="FeaturesOnDemand\pt-br\baseless\Microsoft-Windows-FailoverCluster-Management-Tools-FOD-Package~31bf3856ad364e35~wow64~pt-br~.psf" PayloadType="ExpressPSF" />
      </Payload>
    </Package>
    <Package ID="Microsoft-Windows-FileServices-Tools-FoD-Package~31bf3856ad364e35~amd64~pt-br~" InstalledSize="4237767" Version="10.0.20348.1">
      <SatelliteInfo>
        <ApplyToInfo>
          <ApplyTo Type="language" Value="pt-BR" />
        </ApplyToInfo>
      </SatelliteInfo>
      <Payload>
        <PayloadItem PayloadHash="AKhqFxH3N5WJaP3dgPU0gCL1g/mGE6wggnoCwtf8CLA=" PayloadSize="14783" Path="FeaturesOnDemand\pt-br\baseless\Microsoft-Windows-FileServices-Tools-FoD-Package~31bf3856ad364e35~amd64~pt-br~.cab" PayloadType="ExpressCab" />
        <PayloadItem PayloadHash="MIXD8SgT+JhMIJKo/0DeFTLwRFaMhhGzc4zC3QRGO9E=" PayloadSize="615755" Path="FeaturesOnDemand\pt-br\baseless\Microsoft-Windows-FileServices-Tools-FoD-Package~31bf3856ad364e35~amd64~pt-br~.psf" PayloadType="ExpressPSF" />
      </Payload>
    </Package>
    <Package ID="Microsoft-Windows-FileServices-Tools-FoD-Package~31bf3856ad364e35~wow64~pt-br~" InstalledSize="179184" Version="10.0.20348.1">
      <SatelliteInfo>
        <ApplyToInfo>
          <ApplyTo Type="arch" Value="wow64" />
          <ApplyTo Type="language" Value="pt-BR" />
        </ApplyToInfo>
      </SatelliteInfo>
      <Payload>
        <PayloadItem PayloadHash="bEWr21yLHPvnbL4Zk+lEJSq/0a6KyngxxMRJmaSGE0o=" PayloadSize="10607" Path="FeaturesOnDemand\pt-br\baseless\Microsoft-Windows-FileServices-Tools-FoD-Package~31bf3856ad364e35~wow64~pt-br~.cab" PayloadType="ExpressCab" />
        <PayloadItem PayloadHash="0VOW05TPxK1kJ0HE5EJeSeO/lgE/FOCfPnqa+2YCf7o=" PayloadSize="77753" Path="FeaturesOnDemand\pt-br\baseless\Microsoft-Windows-FileServices-Tools-FoD-Package~31bf3856ad364e35~wow64~pt-br~.psf" PayloadType="ExpressPSF" />
      </Payload>
    </Package>
    <Package ID="Microsoft-Windows-GroupPolicy-Management-Tools-FoD-Package~31bf3856ad364e35~amd64~pt-br~" InstalledSize="2323590" Version="10.0.20348.1">
      <SatelliteInfo>
        <ApplyToInfo>
          <ApplyTo Type="language" Value="pt-BR" />
        </ApplyToInfo>
      </SatelliteInfo>
      <Payload>
        <PayloadItem PayloadHash="X22UC+jtj4Wj5Be69tM6RuIpajMhFX/JekZ2fX3pqWc=" PayloadSize="13543" Path="FeaturesOnDemand\pt-br\baseless\Microsoft-Windows-GroupPolicy-Management-Tools-FoD-Package~31bf3856ad364e35~amd64~pt-br~.cab" PayloadType="ExpressCab" />
        <PayloadItem PayloadHash="HivY28+1XzYN+ZXWM27z6D4XYuDdlV8xk2Ll/S0/ci0=" PayloadSize="344589" Path="FeaturesOnDemand\pt-br\baseless\Microsoft-Windows-GroupPolicy-Management-Tools-FoD-Package~31bf3856ad364e35~amd64~pt-br~.psf" PayloadType="ExpressPSF" />
      </Payload>
    </Package>
    <Package ID="Microsoft-Windows-GroupPolicy-Management-Tools-FoD-Package~31bf3856ad364e35~wow64~pt-br~" InstalledSize="318730" Version="10.0.20348.1">
      <SatelliteInfo>
        <ApplyToInfo>
          <ApplyTo Type="arch" Value="wow64" />
          <ApplyTo Type="language" Value="pt-BR" />
        </ApplyToInfo>
      </SatelliteInfo>
      <Payload>
        <PayloadItem PayloadHash="Ti4xL70auSGx4MIrGlsETvFYhAv9YsyvEC78OFoaugg=" PayloadSize="10387" Path="FeaturesOnDemand\pt-br\baseless\Microsoft-Windows-GroupPolicy-Management-Tools-FoD-Package~31bf3856ad364e35~wow64~pt-br~.cab" PayloadType="ExpressCab" />
        <PayloadItem PayloadHash="3xZbb/wN7owagmqkpoZcTzQ3jnkzFmW935g57JKl8AM=" PayloadSize="92366" Path="FeaturesOnDemand\pt-br\baseless\Microsoft-Windows-GroupPolicy-Management-Tools-FoD-Package~31bf3856ad364e35~wow64~pt-br~.psf" PayloadType="ExpressPSF" />
      </Payload>
    </Package>
    <Package ID="Microsoft-Windows-IPAM-Client-FoD-Package~31bf3856ad364e35~amd64~pt-br~" InstalledSize="106970" Version="10.0.20348.1">
      <SatelliteInfo>
        <ApplyToInfo>
          <ApplyTo Type="language" Value="pt-BR" />
        </ApplyToInfo>
      </SatelliteInfo>
      <Payload>
        <PayloadItem PayloadHash="T2bmqPEsk1Rc/oOUBKwYEQFuolxPlyO1ed/cXoPWTLg=" PayloadSize="10239" Path="FeaturesOnDemand\pt-br\baseless\Microsoft-Windows-IPAM-Client-FoD-Package~31bf3856ad364e35~amd64~pt-br~.cab" PayloadType="ExpressCab" />
        <PayloadItem PayloadHash="VvVh/QlDPxTH7hhsxakoOB51j4WTbapOoVZg5Ta4e68=" PayloadSize="61840" Path="FeaturesOnDemand\pt-br\baseless\Microsoft-Windows-IPAM-Client-FoD-Package~31bf3856ad364e35~amd64~pt-br~.psf" PayloadType="ExpressPSF" />
      </Payload>
    </Package>
    <Package ID="Microsoft-Windows-IPAM-Client-FoD-Package~31bf3856ad364e35~wow64~pt-br~" InstalledSize="24666" Version="10.0.20348.1">
      <SatelliteInfo>
        <ApplyToInfo>
          <ApplyTo Type="arch" Value="wow64" />
          <ApplyTo Type="language" Value="pt-BR" />
        </ApplyToInfo>
      </SatelliteInfo>
      <Payload>
        <PayloadItem PayloadHash="LVsa5EfOQ8VKznhHInaQ4xz1NtPS+leCvpxCDHfUg3s=" PayloadSize="10027" Path="FeaturesOnDemand\pt-br\baseless\Microsoft-Windows-IPAM-Client-FoD-Package~31bf3856ad364e35~wow64~pt-br~.cab" PayloadType="ExpressCab" />
        <PayloadItem PayloadHash="nb9CMSYSs40T25XuMxcY0lxWUtvI7Xc53SdduQ6ctvg=" PayloadSize="52094" Path="FeaturesOnDemand\pt-br\baseless\Microsoft-Windows-IPAM-Client-FoD-Package~31bf3856ad364e35~wow64~pt-br~.psf" PayloadType="ExpressPSF" />
      </Payload>
    </Package>
    <Package ID="Microsoft-Windows-IRDA-Package~31bf3856ad364e35~amd64~pt-br~" InstalledSize="59462" Version="10.0.20348.1">
      <SatelliteInfo>
        <ApplyToInfo>
          <ApplyTo Type="language" Value="pt-BR" />
        </ApplyToInfo>
      </SatelliteInfo>
      <Payload>
        <PayloadItem PayloadHash="J2YkhDLdoyIybkNrVp2aJ7vrGbQPdq9ahqY4q5trugM=" PayloadSize="10859" Path="FeaturesOnDemand\pt-br\baseless\Microsoft-Windows-IRDA-Package~31bf3856ad364e35~amd64~pt-br~.cab" PayloadType="ExpressCab" />
        <PayloadItem PayloadHash="O8s+B9Qi9UY5pi4ZZwcOtmOM54u1n09eexZ2aDvQh5k=" PayloadSize="63496" Path="FeaturesOnDemand\pt-br\baseless\Microsoft-Windows-IRDA-Package~31bf3856ad364e35~amd64~pt-br~.psf" PayloadType="ExpressPSF" />
      </Payload>
    </Package>
    <Package ID="Microsoft-Windows-IRDA-Package~31bf3856ad364e35~wow64~pt-br~" InstalledSize="11332" Version="10.0.20348.1">
      <SatelliteInfo>
        <ApplyToInfo>
          <ApplyTo Type="arch" Value="wow64" />
          <ApplyTo Type="language" Value="pt-BR" />
        </ApplyToInfo>
      </SatelliteInfo>
      <Payload>
        <PayloadItem PayloadHash="XPVQL3qsSU+zraqId/DhtA6Hw5aflTfzp9lD4z+WzN8=" PayloadSize="9785" Path="FeaturesOnDemand\pt-br\baseless\Microsoft-Windows-IRDA-Package~31bf3856ad364e35~wow64~pt-br~.cab" PayloadType="ExpressCab" />
        <PayloadItem PayloadHash="r+gPLgnuJG1oqu0L36cDgAZetY/XNYtz4L/8d2kVvEU=" PayloadSize="49080" Path="FeaturesOnDemand\pt-br\baseless\Microsoft-Windows-IRDA-Package~31bf3856ad364e35~wow64~pt-br~.psf" PayloadType="ExpressPSF" />
      </Payload>
    </Package>
    <Package ID="Microsoft-Windows-Media-Features-Package~31bf3856ad364e35~amd64~pt-br~" InstalledSize="1753721" Version="10.0.20348.1">
      <SatelliteInfo>
        <ApplyToInfo>
          <ApplyTo Type="language" Value="pt-BR" />
        </ApplyToInfo>
      </SatelliteInfo>
      <Payload>
        <PayloadItem PayloadHash="EG1eolAGHcDYMHPMcNTK0/n2phpAqq+lEydgiWSTw3c=" PayloadSize="29745" Path="FeaturesOnDemand\pt-br\baseless\Microsoft-Windows-Media-Features-Package~31bf3856ad364e35~amd64~pt-br~.cab" PayloadType="ExpressCab" />
        <PayloadItem PayloadHash="nOWWqtpIsQSmVls7Q2/8wsRcZzRNU7xESCIJLQmDYk0=" PayloadSize="527100" Path="FeaturesOnDemand\pt-br\baseless\Microsoft-Windows-Media-Features-Package~31bf3856ad364e35~amd64~pt-br~.psf" PayloadType="ExpressPSF" />
      </Payload>
    </Package>
    <Package ID="Microsoft-Windows-Media-Features-Package~31bf3856ad364e35~wow64~pt-br~" InstalledSize="364242" Version="10.0.20348.1">
      <SatelliteInfo>
        <ApplyToInfo>
          <ApplyTo Type="arch" Value="wow64" />
          <ApplyTo Type="language" Value="pt-BR" />
        </ApplyToInfo>
      </SatelliteInfo>
      <Payload>
        <PayloadItem PayloadHash="USLeW3J3+iKWHoQvn9oyAjYzdi/d8LcdlfR5eD1bMNo=" PayloadSize="18935" Path="FeaturesOnDemand\pt-br\baseless\Microsoft-Windows-Media-Features-Package~31bf3856ad364e35~wow64~pt-br~.cab" PayloadType="ExpressCab" />
        <PayloadItem PayloadHash="HT5TS0+9uIpVLzTPbmVh+o8OiCcDQre18YXuUHS9gnA=" PayloadSize="251744" Path="FeaturesOnDemand\pt-br\baseless\Microsoft-Windows-Media-Features-Package~31bf3856ad364e35~wow64~pt-br~.psf" PayloadType="ExpressPSF" />
      </Payload>
    </Package>
    <Package ID="Microsoft-Windows-MSPaint-FoD-Package~31bf3856ad364e35~amd64~pt-br~" InstalledSize="72989" Version="10.0.20348.1">
      <SatelliteInfo>
        <ApplyToInfo>
          <ApplyTo Type="language" Value="pt-BR" />
        </ApplyToInfo>
      </SatelliteInfo>
      <Payload>
        <PayloadItem PayloadHash="XQDOeVePcMgPZgCl4LZW8TZoiZSQ1rBGf2ao3zHQqck=" PayloadSize="10021" Path="FeaturesOnDemand\pt-br\baseless\Microsoft-Windows-MSPaint-FoD-Package~31bf3856ad364e35~amd64~pt-br~.cab" PayloadType="ExpressCab" />
        <PayloadItem PayloadHash="AHWFI14HyVCGlDoGOOuqFjsZ5VdUVX1l7BzBpkdfUCs=" PayloadSize="61430" Path="FeaturesOnDemand\pt-br\baseless\Microsoft-Windows-MSPaint-FoD-Package~31bf3856ad364e35~amd64~pt-br~.psf" PayloadType="ExpressPSF" />
      </Payload>
    </Package>
    <Package ID="Microsoft-Windows-MSPaint-FoD-Package~31bf3856ad364e35~wow64~pt-br~" InstalledSize="73077" Version="10.0.20348.1">
      <SatelliteInfo>
        <ApplyToInfo>
          <ApplyTo Type="arch" Value="wow64" />
          <ApplyTo Type="language" Value="pt-BR" />
        </ApplyToInfo>
      </SatelliteInfo>
      <Payload>
        <PayloadItem PayloadHash="EcnEH3qvvh4sFwTwQ4/qaewqup22jl8+R7FV87Qk6qw=" PayloadSize="10001" Path="FeaturesOnDemand\pt-br\baseless\Microsoft-Windows-MSPaint-FoD-Package~31bf3856ad364e35~wow64~pt-br~.cab" PayloadType="ExpressCab" />
        <PayloadItem PayloadHash="WCayWdTnCxoWJKLJUtLX2q7AJxFcArsJ+sHuyQfDWxY=" PayloadSize="61497" Path="FeaturesOnDemand\pt-br\baseless\Microsoft-Windows-MSPaint-FoD-Package~31bf3856ad364e35~wow64~pt-br~.psf" PayloadType="ExpressPSF" />
      </Payload>
    </Package>
    <Package ID="Microsoft-Windows-NetworkController-Tools-FoD-Package~31bf3856ad364e35~amd64~pt-br~" InstalledSize="69844" Version="10.0.20348.1">
      <SatelliteInfo>
        <ApplyToInfo>
          <ApplyTo Type="language" Value="pt-BR" />
        </ApplyToInfo>
      </SatelliteInfo>
      <Payload>
        <PayloadItem PayloadHash="SDiinEuFxnKKdz+LJ9CVw9JkczExkkM6MKjiNdp1eeI=" PayloadSize="10493" Path="FeaturesOnDemand\pt-br\baseless\Microsoft-Windows-NetworkController-Tools-FoD-Package~31bf3856ad364e35~amd64~pt-br~.cab" PayloadType="ExpressCab" />
        <PayloadItem PayloadHash="p+wI2pvgdsgkCq54PfzeLH3K2SCWkhgj1sOdb+i1aCw=" PayloadSize="71168" Path="FeaturesOnDemand\pt-br\baseless\Microsoft-Windows-NetworkController-Tools-FoD-Package~31bf3856ad364e35~amd64~pt-br~.psf" PayloadType="ExpressPSF" />
      </Payload>
    </Package>
    <Package ID="Microsoft-Windows-NetworkLoadBalancing-Tools-FoD-Package~31bf3856ad364e35~amd64~pt-br~" InstalledSize="233710" Version="10.0.20348.1">
      <SatelliteInfo>
        <ApplyToInfo>
          <ApplyTo Type="language" Value="pt-BR" />
        </ApplyToInfo>
      </SatelliteInfo>
      <Payload>
        <PayloadItem PayloadHash="OWpeI6M1b3vYqz+RWx6JIqLxVgZl37zMRe0yVUHULsg=" PayloadSize="10533" Path="FeaturesOnDemand\pt-br\baseless\Microsoft-Windows-NetworkLoadBalancing-Tools-FoD-Package~31bf3856ad364e35~amd64~pt-br~.cab" PayloadType="ExpressCab" />
        <PayloadItem PayloadHash="T7WSYOKLdGgH47kKB+kDED0RaM3ttv3LzUSSgI0TBJg=" PayloadSize="89275" Path="FeaturesOnDemand\pt-br\baseless\Microsoft-Windows-NetworkLoadBalancing-Tools-FoD-Package~31bf3856ad364e35~amd64~pt-br~.psf" PayloadType="ExpressPSF" />
      </Payload>
    </Package>
    <Package ID="Microsoft-Windows-Notepad-FoD-Package~31bf3856ad364e35~amd64~pt-br~" InstalledSize="25429" Version="10.0.20348.1">
      <SatelliteInfo>
        <ApplyToInfo>
          <ApplyTo Type="language" Value="pt-BR" />
        </ApplyToInfo>
      </SatelliteInfo>
      <Payload>
        <PayloadItem PayloadHash="pvzyUObDByZrz1/bym6BkWXGKi5tld4Gl7o/b93OrOM=" PayloadSize="9999" Path="FeaturesOnDemand\pt-br\baseless\Microsoft-Windows-Notepad-FoD-Package~31bf3856ad364e35~amd64~pt-br~.cab" PayloadType="ExpressCab" />
        <PayloadItem PayloadHash="8EFuuMRs8biYNPZ0koG06PnzFCOaB80dG9HsqQ8iVXM=" PayloadSize="53756" Path="FeaturesOnDemand\pt-br\baseless\Microsoft-Windows-Notepad-FoD-Package~31bf3856ad364e35~amd64~pt-br~.psf" PayloadType="ExpressPSF" />
      </Payload>
    </Package>
    <Package ID="Microsoft-Windows-Notepad-FoD-Package~31bf3856ad364e35~wow64~pt-br~" InstalledSize="11166" Version="10.0.20348.1">
      <SatelliteInfo>
        <ApplyToInfo>
          <ApplyTo Type="arch" Value="wow64" />
          <ApplyTo Type="language" Value="pt-BR" />
        </ApplyToInfo>
      </SatelliteInfo>
      <Payload>
        <PayloadItem PayloadHash="lW5OH43X2IYReDCd4mIof0Na6HaQ5AbU5LxJx1QFcck=" PayloadSize="9783" Path="FeaturesOnDemand\pt-br\baseless\Microsoft-Windows-Notepad-FoD-Package~31bf3856ad364e35~wow64~pt-br~.cab" PayloadType="ExpressCab" />
        <PayloadItem PayloadHash="90G3tUXaMX8PE8+tGAiw+3nDGQZy86V4fROXoq86tGI=" PayloadSize="48985" Path="FeaturesOnDemand\pt-br\baseless\Microsoft-Windows-Notepad-FoD-Package~31bf3856ad364e35~wow64~pt-br~.psf" PayloadType="ExpressPSF" />
      </Payload>
    </Package>
    <Package ID="Microsoft-Windows-PowerShell-ISE-FOD-Package~31bf3856ad364e35~amd64~pt-br~" InstalledSize="875218" Version="10.0.20348.1">
      <SatelliteInfo>
        <ApplyToInfo>
          <ApplyTo Type="language" Value="pt-BR" />
        </ApplyToInfo>
      </SatelliteInfo>
      <Payload>
        <PayloadItem PayloadHash="rjXbera8AbmoB8czvxNddttjw49dLFNu/ZcMzeBIJGs=" PayloadSize="10829" Path="FeaturesOnDemand\pt-br\baseless\Microsoft-Windows-PowerShell-ISE-FOD-Package~31bf3856ad364e35~amd64~pt-br~.cab" PayloadType="ExpressCab" />
        <PayloadItem PayloadHash="o/7N/A9lC5iuFWeVqKVoFoUSTb7XdwapzAAi8pzg2HY=" PayloadSize="344015" Path="FeaturesOnDemand\pt-br\baseless\Microsoft-Windows-PowerShell-ISE-FOD-Package~31bf3856ad364e35~amd64~pt-br~.psf" PayloadType="ExpressPSF" />
      </Payload>
    </Package>
    <Package ID="Microsoft-Windows-PowerShell-ISE-FOD-Package~31bf3856ad364e35~wow64~pt-br~" InstalledSize="71803" Version="10.0.20348.1">
      <SatelliteInfo>
        <ApplyToInfo>
          <ApplyTo Type="arch" Value="wow64" />
          <ApplyTo Type="language" Value="pt-BR" />
        </ApplyToInfo>
      </SatelliteInfo>
      <Payload>
        <PayloadItem PayloadHash="3FG4aPyN41F6tBqeSPiP/30bhJuYb11WQuD2HhL84VA=" PayloadSize="10037" Path="FeaturesOnDemand\pt-br\baseless\Microsoft-Windows-PowerShell-ISE-FOD-Package~31bf3856ad364e35~wow64~pt-br~.cab" PayloadType="ExpressCab" />
        <PayloadItem PayloadHash="C3mFubBaVmUG3WPs6d2XWETHCVqNKv+dMHooPClmkFw=" PayloadSize="68854" Path="FeaturesOnDemand\pt-br\baseless\Microsoft-Windows-PowerShell-ISE-FOD-Package~31bf3856ad364e35~wow64~pt-br~.psf" PayloadType="ExpressPSF" />
      </Payload>
    </Package>
    <Package ID="Microsoft-Windows-Printing-PMCPPC-FoD-Package~31bf3856ad364e35~amd64~pt-br~" InstalledSize="227795" Version="10.0.20348.1">
      <SatelliteInfo>
        <ApplyToInfo>
          <ApplyTo Type="language" Value="pt-BR" />
        </ApplyToInfo>
      </SatelliteInfo>
      <Payload>
        <PayloadItem PayloadHash="UznOEw2gL4VxW+LaU9XiPP1O0PggDZvephI0v32TECg=" PayloadSize="10269" Path="FeaturesOnDemand\pt-br\baseless\Microsoft-Windows-Printing-PMCPPC-FoD-Package~31bf3856ad364e35~amd64~pt-br~.cab" PayloadType="ExpressCab" />
        <PayloadItem PayloadHash="ffopdILrJ8gloO6ZbOh/cvfOp7okwoQfOpS/BSkrSW0=" PayloadSize="80312" Path="FeaturesOnDemand\pt-br\baseless\Microsoft-Windows-Printing-PMCPPC-FoD-Package~31bf3856ad364e35~amd64~pt-br~.psf" PayloadType="ExpressPSF" />
      </Payload>
    </Package>
    <Package ID="Microsoft-Windows-Printing-WFS-FoD-Package~31bf3856ad364e35~amd64~pt-br~" InstalledSize="551161" Version="10.0.20348.1">
      <SatelliteInfo>
        <ApplyToInfo>
          <ApplyTo Type="language" Value="pt-BR" />
        </ApplyToInfo>
      </SatelliteInfo>
      <Payload>
        <PayloadItem PayloadHash="5mXkfmiVGrqkF9MG0S25laRsD5xvGMRIo0bSgXnW3lE=" PayloadSize="11337" Path="FeaturesOnDemand\pt-br\baseless\Microsoft-Windows-Printing-WFS-FoD-Package~31bf3856ad364e35~amd64~pt-br~.cab" PayloadType="ExpressCab" />
        <PayloadItem PayloadHash="t+zx5IJJRczL8jDaYY/cezrzyKOUFH6mX7oJW1L4+4Y=" PayloadSize="191451" Path="FeaturesOnDemand\pt-br\baseless\Microsoft-Windows-Printing-WFS-FoD-Package~31bf3856ad364e35~amd64~pt-br~.psf" PayloadType="ExpressPSF" />
      </Payload>
    </Package>
    <Package ID="Microsoft-Windows-RasCMAK-Client-Package~31bf3856ad364e35~amd64~pt-br~" InstalledSize="254725" Version="10.0.20348.1">
      <SatelliteInfo>
        <ApplyToInfo>
          <ApplyTo Type="language" Value="pt-BR" />
        </ApplyToInfo>
      </SatelliteInfo>
      <Payload>
        <PayloadItem PayloadHash="NUTrLdTeVorj/NNchHBSjJSUW1J20Ip8vmCP1tSBh2s=" PayloadSize="10473" Path="FeaturesOnDemand\pt-br\baseless\Microsoft-Windows-RasCMAK-Client-Package~31bf3856ad364e35~amd64~pt-br~.cab" PayloadType="ExpressCab" />
        <PayloadItem PayloadHash="qOXGMbwqajwo1CSGBNIXiDrNJoeG/0FIpaD3oLuqswk=" PayloadSize="119828" Path="FeaturesOnDemand\pt-br\baseless\Microsoft-Windows-RasCMAK-Client-Package~31bf3856ad364e35~amd64~pt-br~.psf" PayloadType="ExpressPSF" />
      </Payload>
    </Package>
    <Package ID="Microsoft-Windows-RasCMAK-Client-Package~31bf3856ad364e35~wow64~pt-br~" InstalledSize="407866" Version="10.0.20348.1">
      <SatelliteInfo>
        <ApplyToInfo>
          <ApplyTo Type="arch" Value="wow64" />
          <ApplyTo Type="language" Value="pt-BR" />
        </ApplyToInfo>
      </SatelliteInfo>
      <Payload>
        <PayloadItem PayloadHash="2FBsvKltniOoLHYYsP79ZDfQSmxwBx+TNI/v5hV7gXo=" PayloadSize="10609" Path="FeaturesOnDemand\pt-br\baseless\Microsoft-Windows-RasCMAK-Client-Package~31bf3856ad364e35~wow64~pt-br~.cab" PayloadType="ExpressCab" />
        <PayloadItem PayloadHash="ORKnuJ1l2ICQxE0pdFO+8X17efhHvDg/x0x5z0IkI/E=" PayloadSize="322655" Path="FeaturesOnDemand\pt-br\baseless\Microsoft-Windows-RasCMAK-Client-Package~31bf3856ad364e35~wow64~pt-br~.psf" PayloadType="ExpressPSF" />
      </Payload>
    </Package>
    <Package ID="Microsoft-Windows-RasRip-Package~31bf3856ad364e35~amd64~pt-br~" InstalledSize="26241" Version="10.0.20348.1">
      <SatelliteInfo>
        <ApplyToInfo>
          <ApplyTo Type="language" Value="pt-BR" />
        </ApplyToInfo>
      </SatelliteInfo>
      <Payload>
        <PayloadItem PayloadHash="iOIbumjM/DhrbakMOBgX0l7Qy2GZHS+SORYZGpt6rZM=" PayloadSize="10003" Path="FeaturesOnDemand\pt-br\baseless\Microsoft-Windows-RasRip-Package~31bf3856ad364e35~amd64~pt-br~.cab" PayloadType="ExpressCab" />
        <PayloadItem PayloadHash="AM/o7nmPiqVp1FZha0ibU/267g4QCuSYy28h9pxi+Vk=" PayloadSize="52678" Path="FeaturesOnDemand\pt-br\baseless\Microsoft-Windows-RasRip-Package~31bf3856ad364e35~amd64~pt-br~.psf" PayloadType="ExpressPSF" />
      </Payload>
    </Package>
    <Package ID="Microsoft-Windows-RemoteAccess-Management-Tools-FoD-Package~31bf3856ad364e35~amd64~pt-br~" InstalledSize="18695853" Version="10.0.20348.1">
      <SatelliteInfo>
        <ApplyToInfo>
          <ApplyTo Type="language" Value="pt-BR" />
        </ApplyToInfo>
      </SatelliteInfo>
      <Payload>
        <PayloadItem PayloadHash="77dSPJrnwVRJjv8Oo8sPjzMXHW/r+3wB4wgRQu/hiR8=" PayloadSize="12787" Path="FeaturesOnDemand\pt-br\baseless\Microsoft-Windows-RemoteAccess-Management-Tools-FoD-Package~31bf3856ad364e35~amd64~pt-br~.cab" PayloadType="ExpressCab" />
        <PayloadItem PayloadHash="vP/vPKdImsTjLyvr7+qs3U9rW5A9hvdP9WMuGfUp7Bk=" PayloadSize="3404518" Path="FeaturesOnDemand\pt-br\baseless\Microsoft-Windows-RemoteAccess-Management-Tools-FoD-Package~31bf3856ad364e35~amd64~pt-br~.psf" PayloadType="ExpressPSF" />
      </Payload>
    </Package>
    <Package ID="Microsoft-Windows-RemoteAccess-Management-Tools-FoD-Package~31bf3856ad364e35~wow64~pt-br~" InstalledSize="12639" Version="10.0.20348.1">
      <SatelliteInfo>
        <ApplyToInfo>
          <ApplyTo Type="arch" Value="wow64" />
          <ApplyTo Type="language" Value="pt-BR" />
        </ApplyToInfo>
      </SatelliteInfo>
      <Payload>
        <PayloadItem PayloadHash="wwZWj+puLjNaSVpUWwyimtlu7O6kfQ24pG1aWQgHBxU=" PayloadSize="9913" Path="FeaturesOnDemand\pt-br\baseless\Microsoft-Windows-RemoteAccess-Management-Tools-FoD-Package~31bf3856ad364e35~wow64~pt-br~.cab" PayloadType="ExpressCab" />
        <PayloadItem PayloadHash="ovQL4PZ0pro69xKx1GYL3sjl6WoVGuQTauAm6hOESFU=" PayloadSize="49713" Path="FeaturesOnDemand\pt-br\baseless\Microsoft-Windows-RemoteAccess-Management-Tools-FoD-Package~31bf3856ad364e35~wow64~pt-br~.psf" PayloadType="ExpressPSF" />
      </Payload>
    </Package>
    <Package ID="Microsoft-Windows-RemoteDesktop-Services-Tools-FoD-Package~31bf3856ad364e35~amd64~pt-br~" InstalledSize="1535042" Version="10.0.20348.1">
      <SatelliteInfo>
        <ApplyToInfo>
          <ApplyTo Type="language" Value="pt-BR" />
        </ApplyToInfo>
      </SatelliteInfo>
      <Payload>
        <PayloadItem PayloadHash="Gdz21UG1Xqx95KHog0LPFoY0385vPr+L2zzdJOkxOEU=" PayloadSize="11673" Path="FeaturesOnDemand\pt-br\baseless\Microsoft-Windows-RemoteDesktop-Services-Tools-FoD-Package~31bf3856ad364e35~amd64~pt-br~.cab" PayloadType="ExpressCab" />
        <PayloadItem PayloadHash="vSziWbJSvYoH6GDgkSC3wKM8PcNpfow4yOOQc88Qtzw=" PayloadSize="293145" Path="FeaturesOnDemand\pt-br\baseless\Microsoft-Windows-RemoteDesktop-Services-Tools-FoD-Package~31bf3856ad364e35~amd64~pt-br~.psf" PayloadType="ExpressPSF" />
      </Payload>
    </Package>
    <Package ID="Microsoft-Windows-Server-AppCompat-FoD-Package~31bf3856ad364e35~amd64~pt-br~" InstalledSize="29037202" Version="10.0.20348.1">
      <SatelliteInfo>
        <ApplyToInfo>
          <ApplyTo Type="language" Value="pt-BR" />
        </ApplyToInfo>
      </SatelliteInfo>
      <Payload>
        <PayloadItem PayloadHash="rvxbCXrciIwdCbn9SlaB7OAVbLknJ5Wh/JrSAii8R+0=" PayloadSize="73895" Path="FeaturesOnDemand\pt-br\baseless\Microsoft-Windows-Server-AppCompat-FoD-Package~31bf3856ad364e35~amd64~pt-br~.cab" PayloadType="ExpressCab" />
        <PayloadItem PayloadHash="PwzCSiHIdAbFcfvKF8WbBhPgtSxZCVvvqo6QEa1A27A=" PayloadSize="7497259" Path="FeaturesOnDemand\pt-br\baseless\Microsoft-Windows-Server-AppCompat-FoD-Package~31bf3856ad364e35~amd64~pt-br~.psf" PayloadType="ExpressPSF" />
      </Payload>
    </Package>
    <Package ID="Microsoft-Windows-ServerManager-Tools-FoD-Package~31bf3856ad364e35~amd64~pt-br~" InstalledSize="11058097" Version="10.0.20348.1">
      <SatelliteInfo>
        <ApplyToInfo>
          <ApplyTo Type="language" Value="pt-BR" />
        </ApplyToInfo>
      </SatelliteInfo>
      <Payload>
        <PayloadItem PayloadHash="zXPo2ar8T6Tvagd89nqYGcPHow0AvoMsWO21giRPaAw=" PayloadSize="23231" Path="FeaturesOnDemand\pt-br\baseless\Microsoft-Windows-ServerManager-Tools-FoD-Package~31bf3856ad364e35~amd64~pt-br~.cab" PayloadType="ExpressCab" />
        <PayloadItem PayloadHash="vGniLfwg+fMorvM0qU/edPs2xDs1cg2DS7Mvv2hX/2k=" PayloadSize="2191486" Path="FeaturesOnDemand\pt-br\baseless\Microsoft-Windows-ServerManager-Tools-FoD-Package~31bf3856ad364e35~amd64~pt-br~.psf" PayloadType="ExpressPSF" />
      </Payload>
    </Package>
    <Package ID="Microsoft-Windows-ServerManager-Tools-FoD-Package~31bf3856ad364e35~wow64~pt-br~" InstalledSize="1165421" Version="10.0.20348.1">
      <SatelliteInfo>
        <ApplyToInfo>
          <ApplyTo Type="arch" Value="wow64" />
          <ApplyTo Type="language" Value="pt-BR" />
        </ApplyToInfo>
      </SatelliteInfo>
      <Payload>
        <PayloadItem PayloadHash="QG/whU/+k++z0KXGfi2Yq9NaLKobXEUVvNQuHqkz+rE=" PayloadSize="10771" Path="FeaturesOnDemand\pt-br\baseless\Microsoft-Windows-ServerManager-Tools-FoD-Package~31bf3856ad364e35~wow64~pt-br~.cab" PayloadType="ExpressCab" />
        <PayloadItem PayloadHash="esm9ExvvoaSW/C2QFzFQ7gniR34XpMiF7V6ZrotEdq0=" PayloadSize="337847" Path="FeaturesOnDemand\pt-br\baseless\Microsoft-Windows-ServerManager-Tools-FoD-Package~31bf3856ad364e35~wow64~pt-br~.psf" PayloadType="ExpressPSF" />
      </Payload>
    </Package>
    <Package ID="Microsoft-Windows-Shielded-VM-Tools-FoD-Package~31bf3856ad364e35~amd64~pt-br~" InstalledSize="368746" Version="10.0.20348.1">
      <SatelliteInfo>
        <ApplyToInfo>
          <ApplyTo Type="language" Value="pt-BR" />
        </ApplyToInfo>
      </SatelliteInfo>
      <Payload>
        <PayloadItem PayloadHash="O2+WiiexI5GvUotWoqfUBFtfzP/wEuX41ZFEGLkzUg8=" PayloadSize="14151" Path="FeaturesOnDemand\pt-br\baseless\Microsoft-Windows-Shielded-VM-Tools-FoD-Package~31bf3856ad364e35~amd64~pt-br~.cab" PayloadType="ExpressCab" />
        <PayloadItem PayloadHash="ihCT0s8MUQAYxcFfcsrmjCQxZX44lWrTkIKtLv1WS5k=" PayloadSize="159682" Path="FeaturesOnDemand\pt-br\baseless\Microsoft-Windows-Shielded-VM-Tools-FoD-Package~31bf3856ad364e35~amd64~pt-br~.psf" PayloadType="ExpressPSF" />
      </Payload>
    </Package>
    <Package ID="Microsoft-Windows-SNMP-Client-Package~31bf3856ad364e35~amd64~pt-br~" InstalledSize="129433" Version="10.0.20348.1">
      <SatelliteInfo>
        <ApplyToInfo>
          <ApplyTo Type="language" Value="pt-BR" />
        </ApplyToInfo>
      </SatelliteInfo>
      <Payload>
        <PayloadItem PayloadHash="mTiDySbYdFQPhok9dVzkm75JTV9Y9sgMFJCm/5OkzTQ=" PayloadSize="11593" Path="FeaturesOnDemand\pt-br\baseless\Microsoft-Windows-SNMP-Client-Package~31bf3856ad364e35~amd64~pt-br~.cab" PayloadType="ExpressCab" />
        <PayloadItem PayloadHash="eb+MjEf97IybMhiwEYzWHj5jOyzxAvO2IGWqq5BvSTw=" PayloadSize="89993" Path="FeaturesOnDemand\pt-br\baseless\Microsoft-Windows-SNMP-Client-Package~31bf3856ad364e35~amd64~pt-br~.psf" PayloadType="ExpressPSF" />
      </Payload>
    </Package>
    <Package ID="Microsoft-Windows-SNMP-Client-Package~31bf3856ad364e35~wow64~pt-br~" InstalledSize="129729" Version="10.0.20348.1">
      <SatelliteInfo>
        <ApplyToInfo>
          <ApplyTo Type="arch" Value="wow64" />
          <ApplyTo Type="language" Value="pt-BR" />
        </ApplyToInfo>
      </SatelliteInfo>
      <Payload>
        <PayloadItem PayloadHash="nl4zavy0WmQRQeJ+C42NkWUvdR8xdCNhw/rSsde14M4=" PayloadSize="11611" Path="FeaturesOnDemand\pt-br\baseless\Microsoft-Windows-SNMP-Client-Package~31bf3856ad364e35~wow64~pt-br~.cab" PayloadType="ExpressCab" />
        <PayloadItem PayloadHash="GEip2hM5XkLoYvIeGhGXX6uh0C1i+JSyvN8p6GajkcI=" PayloadSize="90103" Path="FeaturesOnDemand\pt-br\baseless\Microsoft-Windows-SNMP-Client-Package~31bf3856ad364e35~wow64~pt-br~.psf" PayloadType="ExpressPSF" />
      </Payload>
    </Package>
    <Package ID="Microsoft-Windows-StepsRecorder-Package~31bf3856ad364e35~amd64~pt-br~" InstalledSize="25176" Version="10.0.20348.1">
      <SatelliteInfo>
        <ApplyToInfo>
          <ApplyTo Type="language" Value="pt-BR" />
        </ApplyToInfo>
      </SatelliteInfo>
      <Payload>
        <PayloadItem PayloadHash="SZeyxYQRed7wzFP5frYtsarAC4JuO6yeOTMAO4M8Cx8=" PayloadSize="9989" Path="FeaturesOnDemand\pt-br\baseless\Microsoft-Windows-StepsRecorder-Package~31bf3856ad364e35~amd64~pt-br~.cab" PayloadType="ExpressCab" />
        <PayloadItem PayloadHash="bs+DdQKQvFL5tmCgRHRX4jc5G+YRWziw3mPJ4/YgpHo=" PayloadSize="53122" Path="FeaturesOnDemand\pt-br\baseless\Microsoft-Windows-StepsRecorder-Package~31bf3856ad364e35~amd64~pt-br~.psf" PayloadType="ExpressPSF" />
      </Payload>
    </Package>
    <Package ID="Microsoft-Windows-StepsRecorder-Package~31bf3856ad364e35~wow64~pt-br~" InstalledSize="11396" Version="10.0.20348.1">
      <SatelliteInfo>
        <ApplyToInfo>
          <ApplyTo Type="arch" Value="wow64" />
          <ApplyTo Type="language" Value="pt-BR" />
        </ApplyToInfo>
      </SatelliteInfo>
      <Payload>
        <PayloadItem PayloadHash="VVeIWpleiqwq8rXe0WM9+LEVp3rUEqf2WcTy0+Yoxyo=" PayloadSize="9795" Path="FeaturesOnDemand\pt-br\baseless\Microsoft-Windows-StepsRecorder-Package~31bf3856ad364e35~wow64~pt-br~.cab" PayloadType="ExpressCab" />
        <PayloadItem PayloadHash="EMTxACKro7noG3CupLHWBPJL7OCtMKUnEN+HpC2LwlE=" PayloadSize="49112" Path="FeaturesOnDemand\pt-br\baseless\Microsoft-Windows-StepsRecorder-Package~31bf3856ad364e35~wow64~pt-br~.psf" PayloadType="ExpressPSF" />
      </Payload>
    </Package>
    <Package ID="Microsoft-Windows-StorageManagement-FoD-Package~31bf3856ad364e35~amd64~pt-br~" InstalledSize="1644599" Version="10.0.20348.1">
      <SatelliteInfo>
        <ApplyToInfo>
          <ApplyTo Type="language" Value="pt-BR" />
        </ApplyToInfo>
      </SatelliteInfo>
      <Payload>
        <PayloadItem PayloadHash="03aWGR3Ne9p8PQVa2xEddRY9xlJESsYQS6Nv12kLF6k=" PayloadSize="11817" Path="FeaturesOnDemand\pt-br\baseless\Microsoft-Windows-StorageManagement-FoD-Package~31bf3856ad364e35~amd64~pt-br~.cab" PayloadType="ExpressCab" />
        <PayloadItem PayloadHash="mTfc0XfcWQES9/T8iMXf9KOkidUJyCCl34cP/Cea8jk=" PayloadSize="186457" Path="FeaturesOnDemand\pt-br\baseless\Microsoft-Windows-StorageManagement-FoD-Package~31bf3856ad364e35~amd64~pt-br~.psf" PayloadType="ExpressPSF" />
      </Payload>
    </Package>
    <Package ID="Microsoft-Windows-StorageManagement-FoD-Package~31bf3856ad364e35~wow64~pt-br~" InstalledSize="1084283" Version="10.0.20348.1">
      <SatelliteInfo>
        <ApplyToInfo>
          <ApplyTo Type="arch" Value="wow64" />
          <ApplyTo Type="language" Value="pt-BR" />
        </ApplyToInfo>
      </SatelliteInfo>
      <Payload>
        <PayloadItem PayloadHash="14rKjbJkPi7IppdtyfHg09Wau1IQOUSGUGuuwgWV/GA=" PayloadSize="10671" Path="FeaturesOnDemand\pt-br\baseless\Microsoft-Windows-StorageManagement-FoD-Package~31bf3856ad364e35~wow64~pt-br~.cab" PayloadType="ExpressCab" />
        <PayloadItem PayloadHash="DXDgVoySpVFhiixZZXkTagggpUlVheHbCpvV1VN4td8=" PayloadSize="108791" Path="FeaturesOnDemand\pt-br\baseless\Microsoft-Windows-StorageManagement-FoD-Package~31bf3856ad364e35~wow64~pt-br~.psf" PayloadType="ExpressPSF" />
      </Payload>
    </Package>
    <Package ID="Microsoft-Windows-StorageMigrationService-Management-Tools-FOD-Package~31bf3856ad364e35~amd64~pt-br~" InstalledSize="82070" Version="10.0.20348.1">
      <SatelliteInfo>
        <ApplyToInfo>
          <ApplyTo Type="language" Value="pt-BR" />
        </ApplyToInfo>
      </SatelliteInfo>
      <Payload>
        <PayloadItem PayloadHash="rTPMAqW4eGhUoQTO3iNVejb4H8wdPMIANwR4xTD2dNM=" PayloadSize="10275" Path="FeaturesOnDemand\pt-br\baseless\Microsoft-Windows-StorageMigrationService-Management-Tools-FOD-Package~31bf3856ad364e35~amd64~pt-br~.cab" PayloadType="ExpressCab" />
        <PayloadItem PayloadHash="Mu+HUmuqVkz5t8mhUw7PCok3UL459xkN93Eyur/F7ts=" PayloadSize="69303" Path="FeaturesOnDemand\pt-br\baseless\Microsoft-Windows-StorageMigrationService-Management-Tools-FOD-Package~31bf3856ad364e35~amd64~pt-br~.psf" PayloadType="ExpressPSF" />
      </Payload>
    </Package>
    <Package ID="Microsoft-Windows-StorageReplica-Tools-FoD-Package~31bf3856ad364e35~amd64~pt-br~" InstalledSize="428815" Version="10.0.20348.1">
      <SatelliteInfo>
        <ApplyToInfo>
          <ApplyTo Type="language" Value="pt-BR" />
        </ApplyToInfo>
      </SatelliteInfo>
      <Payload>
        <PayloadItem PayloadHash="OAp9uxYCk69Hp8QRMNvQxM/QrijUN9g0TRuZ2Mn2UVo=" PayloadSize="10611" Path="FeaturesOnDemand\pt-br\baseless\Microsoft-Windows-StorageReplica-Tools-FoD-Package~31bf3856ad364e35~amd64~pt-br~.cab" PayloadType="ExpressCab" />
        <PayloadItem PayloadHash="oUWDTusi6D6HlIgtguuMfxJ9GW4QUB9Hf8KNN6TqUz4=" PayloadSize="111087" Path="FeaturesOnDemand\pt-br\baseless\Microsoft-Windows-StorageReplica-Tools-FoD-Package~31bf3856ad364e35~amd64~pt-br~.psf" PayloadType="ExpressPSF" />
      </Payload>
    </Package>
    <Package ID="Microsoft-Windows-SystemInsights-Management-Tools-FOD-Package~31bf3856ad364e35~amd64~pt-br~" InstalledSize="40531" Version="10.0.20348.1">
      <SatelliteInfo>
        <ApplyToInfo>
          <ApplyTo Type="language" Value="pt-BR" />
        </ApplyToInfo>
      </SatelliteInfo>
      <Payload>
        <PayloadItem PayloadHash="8+wZLJokdFta9Nge30riAWWqGUMIP0RKt3amc7riekA=" PayloadSize="10269" Path="FeaturesOnDemand\pt-br\baseless\Microsoft-Windows-SystemInsights-Management-Tools-FOD-Package~31bf3856ad364e35~amd64~pt-br~.cab" PayloadType="ExpressCab" />
        <PayloadItem PayloadHash="P8TI6UeJkq+dURILbsFwBK01z9LNLW2YsVFwQ8AZqYg=" PayloadSize="61293" Path="FeaturesOnDemand\pt-br\baseless\Microsoft-Windows-SystemInsights-Management-Tools-FOD-Package~31bf3856ad364e35~amd64~pt-br~.psf" PayloadType="ExpressPSF" />
      </Payload>
    </Package>
    <Package ID="Microsoft-Windows-VolumeActivation-Tools-FoD-Package~31bf3856ad364e35~amd64~pt-br~" InstalledSize="225003" Version="10.0.20348.1">
      <SatelliteInfo>
        <ApplyToInfo>
          <ApplyTo Type="language" Value="pt-BR" />
        </ApplyToInfo>
      </SatelliteInfo>
      <Payload>
        <PayloadItem PayloadHash="YALfgKWnmS5fl7YJV406TprLWj1NqBGPHQHnOevBn6w=" PayloadSize="10165" Path="FeaturesOnDemand\pt-br\baseless\Microsoft-Windows-VolumeActivation-Tools-FoD-Package~31bf3856ad364e35~amd64~pt-br~.cab" PayloadType="ExpressCab" />
        <PayloadItem PayloadHash="j8Id/lvDP18Qz3KlyF1bE4xTC1ruBoK8iksNmX5ObQ4=" PayloadSize="172199" Path="FeaturesOnDemand\pt-br\baseless\Microsoft-Windows-VolumeActivation-Tools-FoD-Package~31bf3856ad364e35~amd64~pt-br~.psf" PayloadType="ExpressPSF" />
      </Payload>
    </Package>
    <Package ID="Microsoft-Windows-WirelessDisplay-FOD-Package~31bf3856ad364e35~amd64~pt-br~" InstalledSize="34056" Version="10.0.20348.1">
      <SatelliteInfo>
        <ApplyToInfo>
          <ApplyTo Type="language" Value="pt-BR" />
        </ApplyToInfo>
      </SatelliteInfo>
      <Payload>
        <PayloadItem PayloadHash="9LWgPDS+FLwKa5xUMZa1xe5wsyDSphPRbi8ERrV/YXQ=" PayloadSize="10277" Path="FeaturesOnDemand\pt-br\baseless\Microsoft-Windows-WirelessDisplay-FOD-Package~31bf3856ad364e35~amd64~pt-br~.cab" PayloadType="ExpressCab" />
        <PayloadItem PayloadHash="cAVK+/OPI64XMVY/QESmbejqMgJOL+6B0SqZN9gzsNE=" PayloadSize="61290" Path="FeaturesOnDemand\pt-br\baseless\Microsoft-Windows-WirelessDisplay-FOD-Package~31bf3856ad364e35~amd64~pt-br~.psf" PayloadType="ExpressPSF" />
      </Payload>
    </Package>
    <Package ID="Microsoft-Windows-WMI-SNMP-Provider-Client-Package~31bf3856ad364e35~amd64~pt-br~" InstalledSize="53254" Version="10.0.20348.1">
      <SatelliteInfo>
        <ApplyToInfo>
          <ApplyTo Type="language" Value="pt-BR" />
        </ApplyToInfo>
      </SatelliteInfo>
      <Payload>
        <PayloadItem PayloadHash="I6c0++EO6hI86U23Bn/hrb5JfSCqPfxP1KFHf1vt/Nk=" PayloadSize="10591" Path="FeaturesOnDemand\pt-br\baseless\Microsoft-Windows-WMI-SNMP-Provider-Client-Package~31bf3856ad364e35~amd64~pt-br~.cab" PayloadType="ExpressCab" />
        <PayloadItem PayloadHash="cZyGDBjKGKe3IyKqP5lmzs30dl+MAMJEWb5/T5PfINY=" PayloadSize="64658" Path="FeaturesOnDemand\pt-br\baseless\Microsoft-Windows-WMI-SNMP-Provider-Client-Package~31bf3856ad364e35~amd64~pt-br~.psf" PayloadType="ExpressPSF" />
      </Payload>
    </Package>
    <Package ID="Microsoft-Windows-WMI-SNMP-Provider-Client-Package~31bf3856ad364e35~wow64~pt-br~" InstalledSize="53353" Version="10.0.20348.1">
      <SatelliteInfo>
        <ApplyToInfo>
          <ApplyTo Type="arch" Value="wow64" />
          <ApplyTo Type="language" Value="pt-BR" />
        </ApplyToInfo>
      </SatelliteInfo>
      <Payload>
        <PayloadItem PayloadHash="CT3Onr0o3KALCTSR59SAX/1HkY2ca/vFnVVFcJ4B+1Q=" PayloadSize="10575" Path="FeaturesOnDemand\pt-br\baseless\Microsoft-Windows-WMI-SNMP-Provider-Client-Package~31bf3856ad364e35~wow64~pt-br~.cab" PayloadType="ExpressCab" />
        <PayloadItem PayloadHash="8zo1yUdyeuMrbwGeEVIDl2cQPizWpB0rhicdrY0dxGs=" PayloadSize="64718" Path="FeaturesOnDemand\pt-br\baseless\Microsoft-Windows-WMI-SNMP-Provider-Client-Package~31bf3856ad364e35~wow64~pt-br~.psf" PayloadType="ExpressPSF" />
      </Payload>
    </Package>
    <Package ID="Microsoft-Windows-WordPad-FoD-Package~31bf3856ad364e35~amd64~pt-br~" InstalledSize="177460" Version="10.0.20348.1">
      <SatelliteInfo>
        <ApplyToInfo>
          <ApplyTo Type="language" Value="pt-BR" />
        </ApplyToInfo>
      </SatelliteInfo>
      <Payload>
        <PayloadItem PayloadHash="iCVtzuj50kWzMYdD9cIU7wcVKWJXoeNVV7LxzhUJpVk=" PayloadSize="9995" Path="FeaturesOnDemand\pt-br\baseless\Microsoft-Windows-WordPad-FoD-Package~31bf3856ad364e35~amd64~pt-br~.cab" PayloadType="ExpressCab" />
        <PayloadItem PayloadHash="RSiFxlkPXGuTA0wqp2UVoLAghyy0BXv5b+q9lZvllLM=" PayloadSize="63969" Path="FeaturesOnDemand\pt-br\baseless\Microsoft-Windows-WordPad-FoD-Package~31bf3856ad364e35~amd64~pt-br~.psf" PayloadType="ExpressPSF" />
      </Payload>
    </Package>
    <Package ID="Microsoft-Windows-WordPad-FoD-Package~31bf3856ad364e35~wow64~pt-br~" InstalledSize="177555" Version="10.0.20348.1">
      <SatelliteInfo>
        <ApplyToInfo>
          <ApplyTo Type="arch" Value="wow64" />
          <ApplyTo Type="language" Value="pt-BR" />
        </ApplyToInfo>
      </SatelliteInfo>
      <Payload>
        <PayloadItem PayloadHash="hKBsOL/VIWX4okBLrZxQW1QnUArMV3iqfCDZAAnr6MQ=" PayloadSize="9985" Path="FeaturesOnDemand\pt-br\baseless\Microsoft-Windows-WordPad-FoD-Package~31bf3856ad364e35~wow64~pt-br~.cab" PayloadType="ExpressCab" />
        <PayloadItem PayloadHash="QZOUd0R0gbMbMi80VLtwzzeyVIREBSMU9Mq9xF0yfzs=" PayloadSize="64016" Path="FeaturesOnDemand\pt-br\baseless\Microsoft-Windows-WordPad-FoD-Package~31bf3856ad364e35~wow64~pt-br~.psf" PayloadType="ExpressPSF" />
      </Payload>
    </Package>
    <Package ID="Microsoft-Windows-WSUS-Tools-FoD-Package~31bf3856ad364e35~amd64~pt-br~" InstalledSize="2953873" Version="10.0.20348.1">
      <SatelliteInfo>
        <ApplyToInfo>
          <ApplyTo Type="language" Value="pt-BR" />
        </ApplyToInfo>
      </SatelliteInfo>
      <Payload>
        <PayloadItem PayloadHash="EcN9SIrEV92NHp2DN2DU0oBQlOKtSYKNhWnq62ihc5g=" PayloadSize="11133" Path="FeaturesOnDemand\pt-br\baseless\Microsoft-Windows-WSUS-Tools-FoD-Package~31bf3856ad364e35~amd64~pt-br~.cab" PayloadType="ExpressCab" />
        <PayloadItem PayloadHash="b0ZG6KuGzqUmUqyibQjxbBaxuoYdxpaGg5q7JAqOzgY=" PayloadSize="389097" Path="FeaturesOnDemand\pt-br\baseless\Microsoft-Windows-WSUS-Tools-FoD-Package~31bf3856ad364e35~amd64~pt-br~.psf" PayloadType="ExpressPSF" />
      </Payload>
    </Package>
  </Packages>
  <ValuePair />
</CompDB>