<?xml version="1.0" encoding="utf-8"?>
<CompDB xmlns:xsi="http://www.w3.org/2001/XMLSchema-instance" xmlns:xsd="http://www.w3.org/2001/XMLSchema" CreatedDate="2021-05-08T13:41:40.8874686Z" Revision="1" SchemaVersion="1.2" Product="Server" BuildID="cba57a24-14e8-e0d9-3b38-ce9d5f1c983e" BuildInfo="fe_release.20348.1.210507-1500" OSVersion="10.0.20348.1" BuildArch="amd64" ReleaseType="Production" Type="Baseless" Name="Baseless~amd64~Server~~lt-lt" xmlns="http://schemas.microsoft.com/embedded/2004/10/ImageUpdate">
  <Tags Type="Language">
    <Tag Name="Language" Value="lt-lt" />
    <Tag Name="UpdateType" Value="Baseless" />
  </Tags>
  <Features>
    <Feature Type="LanguagePack" FeatureID="Language.UI.Server~lt-lt" FMID="MSDL" Group="Microsoft">
      <Packages>
        <Package ID="Microsoft-Windows-Server-LanguagePack-Package_lt-lt~31bf3856ad364e35~amd64~lt-lt~" PackageType="FeaturePackage" />
      </Packages>
    </Feature>
    <Feature Type="OnDemandFeature" FeatureID="Rsat.AzureStack.HCI.Management.Tools~~1.0" FMID="MSDN" Group="Microsoft">
      <Packages>
        <Package ID="Microsoft-AzureStack-HCI-Management-Tools-FOD-Package~31bf3856ad364e35~amd64~lt-lt~" PackageType="SatellitePackage" />
      </Packages>
    </Feature>
    <Feature Type="OnDemandFeature" FeatureID="Microsoft.Onecore.StorageManagement~~1.0" FMID="MSDN" Group="Microsoft">
      <Packages>
        <Package ID="Microsoft-OneCore-StorageManagement-FoD-Package~31bf3856ad364e35~amd64~lt-lt~" PackageType="SatellitePackage" />
        <Package ID="Microsoft-OneCore-StorageManagement-FoD-Package~31bf3856ad364e35~wow64~lt-lt~" PackageType="SatellitePackage" />
      </Packages>
    </Feature>
    <Feature Type="OnDemandFeature" FeatureID="Rsat.ActiveDirectory.DS-LDS.Tools~~1.0" FMID="MSDN" Group="Microsoft">
      <Dependencies>
        <Feature FeatureID="Rsat.ServerManager.Tools~~1.0" />
      </Dependencies>
      <Packages>
        <Package ID="Microsoft-Windows-ActiveDirectory-DS-LDS-Tools-FoD-Package~31bf3856ad364e35~amd64~lt-lt~" PackageType="SatellitePackage" />
        <Package ID="Microsoft-Windows-ActiveDirectory-DS-LDS-Tools-FoD-Package~31bf3856ad364e35~wow64~lt-lt~" PackageType="SatellitePackage" />
      </Packages>
    </Feature>
    <Feature Type="OnDemandFeature" FeatureID="Rsat.BitLocker.Recovery.Tools~~1.0" FMID="MSDN" Group="Microsoft">
      <Dependencies>
        <Feature FeatureID="Rsat.ActiveDirectory.DS-LDS.Tools~~1.0" />
      </Dependencies>
      <Packages>
        <Package ID="Microsoft-Windows-BitLocker-Recovery-Tools-FoD-Package~31bf3856ad364e35~amd64~lt-lt~" PackageType="SatellitePackage" />
      </Packages>
    </Feature>
    <Feature Type="OnDemandFeature" FeatureID="Rsat.CertificateServices.Tools~~1.0" FMID="MSDN" Group="Microsoft">
      <Packages>
        <Package ID="Microsoft-Windows-CertificateServices-Tools-FoD-Package~31bf3856ad364e35~amd64~lt-lt~" PackageType="SatellitePackage" />
      </Packages>
    </Feature>
    <Feature Type="OnDemandFeature" FeatureID="Microsoft.Composition.Test~~1.0" FMID="MSDN" Group="Microsoft">
      <Packages>
        <Package ID="Microsoft-Windows-Composition-Test-FOD-Package~31bf3856ad364e35~amd64~lt-lt~" PackageType="SatellitePackage" />
        <Package ID="Microsoft-Windows-Composition-Test-FOD-Package~31bf3856ad364e35~wow64~lt-lt~" PackageType="SatellitePackage" />
      </Packages>
    </Feature>
    <Feature Type="OnDemandFeature" FeatureID="Rsat.DHCP.Tools~~1.0" FMID="MSDN" Group="Microsoft">
      <Packages>
        <Package ID="Microsoft-Windows-DHCP-Tools-FoD-Package~31bf3856ad364e35~amd64~lt-lt~" PackageType="SatellitePackage" />
        <Package ID="Microsoft-Windows-DHCP-Tools-FoD-Package~31bf3856ad364e35~wow64~lt-lt~" PackageType="SatellitePackage" />
      </Packages>
    </Feature>
    <Feature Type="OnDemandFeature" FeatureID="Rsat.Dns.Tools~~1.0" FMID="MSDN" Group="Microsoft">
      <Packages>
        <Package ID="Microsoft-Windows-DNS-Tools-FoD-Package~31bf3856ad364e35~amd64~lt-lt~" PackageType="SatellitePackage" />
        <Package ID="Microsoft-Windows-DNS-Tools-FoD-Package~31bf3856ad364e35~wow64~lt-lt~" PackageType="SatellitePackage" />
      </Packages>
    </Feature>
    <Feature Type="OnDemandFeature" FeatureID="Windows.Desktop.EMS-SAC.Tools~~1.0" FMID="MSDN" Group="Microsoft">
      <Packages>
        <Package ID="Microsoft-Windows-EMS-SAC-Desktop-Tools-FoD-Package~31bf3856ad364e35~amd64~lt-lt~" PackageType="SatellitePackage" />
      </Packages>
    </Feature>
    <Feature Type="OnDemandFeature" FeatureID="Rsat.FailoverCluster.Management.Tools~~1.0" FMID="MSDN" Group="Microsoft">
      <Dependencies>
        <Feature FeatureID="Rsat.FileServices.Tools~~1.0" />
      </Dependencies>
      <Packages>
        <Package ID="Microsoft-Windows-FailoverCluster-Management-Tools-FOD-Package~31bf3856ad364e35~amd64~lt-lt~" PackageType="SatellitePackage" />
        <Package ID="Microsoft-Windows-FailoverCluster-Management-Tools-FOD-Package~31bf3856ad364e35~wow64~lt-lt~" PackageType="SatellitePackage" />
      </Packages>
    </Feature>
    <Feature Type="OnDemandFeature" FeatureID="Rsat.FileServices.Tools~~1.0" FMID="MSDN" Group="Microsoft">
      <Dependencies>
        <Feature FeatureID="Rsat.ServerManager.Tools~~1.0" />
      </Dependencies>
      <Packages>
        <Package ID="Microsoft-Windows-FileServices-Tools-FoD-Package~31bf3856ad364e35~amd64~lt-lt~" PackageType="SatellitePackage" />
        <Package ID="Microsoft-Windows-FileServices-Tools-FoD-Package~31bf3856ad364e35~wow64~lt-lt~" PackageType="SatellitePackage" />
      </Packages>
    </Feature>
    <Feature Type="OnDemandFeature" FeatureID="Rsat.GroupPolicy.Management.Tools~~1.0" FMID="MSDN" Group="Microsoft">
      <Packages>
        <Package ID="Microsoft-Windows-GroupPolicy-Management-Tools-FoD-Package~31bf3856ad364e35~amd64~lt-lt~" PackageType="SatellitePackage" />
        <Package ID="Microsoft-Windows-GroupPolicy-Management-Tools-FoD-Package~31bf3856ad364e35~wow64~lt-lt~" PackageType="SatellitePackage" />
      </Packages>
    </Feature>
    <Feature Type="OnDemandFeature" FeatureID="Rsat.IPAM.Client.Tools~~1.0" FMID="MSDN" Group="Microsoft">
      <Dependencies>
        <Feature FeatureID="Rsat.ServerManager.Tools~~1.0" />
      </Dependencies>
      <Packages>
        <Package ID="Microsoft-Windows-IPAM-Client-FoD-Package~31bf3856ad364e35~amd64~lt-lt~" PackageType="SatellitePackage" />
        <Package ID="Microsoft-Windows-IPAM-Client-FoD-Package~31bf3856ad364e35~wow64~lt-lt~" PackageType="SatellitePackage" />
      </Packages>
    </Feature>
    <Feature Type="OnDemandFeature" FeatureID="Network.Irda~~1.0" FMID="MSDN" Group="Microsoft">
      <Packages>
        <Package ID="Microsoft-Windows-IRDA-Package~31bf3856ad364e35~amd64~lt-lt~" PackageType="SatellitePackage" />
        <Package ID="Microsoft-Windows-IRDA-Package~31bf3856ad364e35~wow64~lt-lt~" PackageType="SatellitePackage" />
      </Packages>
    </Feature>
    <Feature Type="OnDemandFeature" FeatureID="Media.MediaFeaturePack~~1.0" FMID="MSDN" Group="Microsoft">
      <Packages>
        <Package ID="Microsoft-Windows-Media-Features-Package~31bf3856ad364e35~amd64~lt-lt~" PackageType="SatellitePackage" />
        <Package ID="Microsoft-Windows-Media-Features-Package~31bf3856ad364e35~wow64~lt-lt~" PackageType="SatellitePackage" />
      </Packages>
    </Feature>
    <Feature Type="OnDemandFeature" FeatureID="Microsoft.Windows.MSPaint~~1.0" FMID="MSDN" Group="Microsoft">
      <Packages>
        <Package ID="Microsoft-Windows-MSPaint-FoD-Package~31bf3856ad364e35~amd64~lt-lt~" PackageType="SatellitePackage" />
        <Package ID="Microsoft-Windows-MSPaint-FoD-Package~31bf3856ad364e35~wow64~lt-lt~" PackageType="SatellitePackage" />
      </Packages>
    </Feature>
    <Feature Type="OnDemandFeature" FeatureID="Rsat.NetworkController.Tools~~1.0" FMID="MSDN" Group="Microsoft">
      <Packages>
        <Package ID="Microsoft-Windows-NetworkController-Tools-FoD-Package~31bf3856ad364e35~amd64~lt-lt~" PackageType="SatellitePackage" />
      </Packages>
    </Feature>
    <Feature Type="OnDemandFeature" FeatureID="Rsat.NetworkLoadBalancing.Tools~~1.0" FMID="MSDN" Group="Microsoft">
      <Packages>
        <Package ID="Microsoft-Windows-NetworkLoadBalancing-Tools-FoD-Package~31bf3856ad364e35~amd64~lt-lt~" PackageType="SatellitePackage" />
      </Packages>
    </Feature>
    <Feature Type="OnDemandFeature" FeatureID="Microsoft.Windows.Notepad~~1.0" FMID="MSDN" Group="Microsoft">
      <Packages>
        <Package ID="Microsoft-Windows-Notepad-FoD-Package~31bf3856ad364e35~amd64~lt-lt~" PackageType="SatellitePackage" />
        <Package ID="Microsoft-Windows-Notepad-FoD-Package~31bf3856ad364e35~wow64~lt-lt~" PackageType="SatellitePackage" />
      </Packages>
    </Feature>
    <Feature Type="OnDemandFeature" FeatureID="Microsoft.Windows.PowerShell.ISE~~1.0" FMID="MSDN" Group="Microsoft">
      <Packages>
        <Package ID="Microsoft-Windows-PowerShell-ISE-FOD-Package~31bf3856ad364e35~amd64~lt-lt~" PackageType="SatellitePackage" />
        <Package ID="Microsoft-Windows-PowerShell-ISE-FOD-Package~31bf3856ad364e35~wow64~lt-lt~" PackageType="SatellitePackage" />
      </Packages>
    </Feature>
    <Feature Type="OnDemandFeature" FeatureID="Print.Management.Console~~1.0" FMID="MSDN" Group="Microsoft">
      <Packages>
        <Package ID="Microsoft-Windows-Printing-PMCPPC-FoD-Package~31bf3856ad364e35~amd64~lt-lt~" PackageType="SatellitePackage" />
      </Packages>
    </Feature>
    <Feature Type="OnDemandFeature" FeatureID="Print.Fax.Scan~~1.0" FMID="MSDN" Group="Microsoft">
      <Packages>
        <Package ID="Microsoft-Windows-Printing-WFS-FoD-Package~31bf3856ad364e35~amd64~lt-lt~" PackageType="SatellitePackage" />
      </Packages>
    </Feature>
    <Feature Type="OnDemandFeature" FeatureID="RasCMAK.Client~~1.0" FMID="MSDN" Group="Microsoft">
      <Packages>
        <Package ID="Microsoft-Windows-RasCMAK-Client-Package~31bf3856ad364e35~amd64~lt-lt~" PackageType="SatellitePackage" />
        <Package ID="Microsoft-Windows-RasCMAK-Client-Package~31bf3856ad364e35~wow64~lt-lt~" PackageType="SatellitePackage" />
      </Packages>
    </Feature>
    <Feature Type="OnDemandFeature" FeatureID="RIP.Listener~~1.0" FMID="MSDN" Group="Microsoft">
      <Packages>
        <Package ID="Microsoft-Windows-RasRip-Package~31bf3856ad364e35~amd64~lt-lt~" PackageType="SatellitePackage" />
      </Packages>
    </Feature>
    <Feature Type="OnDemandFeature" FeatureID="Rsat.RemoteAccess.Management.Tools~~1.0" FMID="MSDN" Group="Microsoft">
      <Dependencies>
        <Feature FeatureID="Rsat.GroupPolicy.Management.Tools~~1.0" />
        <Feature FeatureID="Rsat.ServerManager.Tools~~1.0" />
      </Dependencies>
      <Packages>
        <Package ID="Microsoft-Windows-RemoteAccess-Management-Tools-FoD-Package~31bf3856ad364e35~amd64~lt-lt~" PackageType="SatellitePackage" />
        <Package ID="Microsoft-Windows-RemoteAccess-Management-Tools-FoD-Package~31bf3856ad364e35~wow64~lt-lt~" PackageType="SatellitePackage" />
      </Packages>
    </Feature>
    <Feature Type="OnDemandFeature" FeatureID="Rsat.RemoteDesktop.Services.Tools~~1.0" FMID="MSDN" Group="Microsoft">
      <Packages>
        <Package ID="Microsoft-Windows-RemoteDesktop-Services-Tools-FoD-Package~31bf3856ad364e35~amd64~lt-lt~" PackageType="SatellitePackage" />
      </Packages>
    </Feature>
    <Feature Type="OnDemandFeature" FeatureID="ServerCore.AppCompatibility~~1.0" FMID="MSDN" Group="Microsoft">
      <Packages>
        <Package ID="Microsoft-Windows-Server-AppCompat-FoD-Package~31bf3856ad364e35~amd64~lt-lt~" PackageType="SatellitePackage" />
      </Packages>
    </Feature>
    <Feature Type="OnDemandFeature" FeatureID="Rsat.ServerManager.Tools~~1.0" FMID="MSDN" Group="Microsoft">
      <Packages>
        <Package ID="Microsoft-Windows-ServerManager-Tools-FoD-Package~31bf3856ad364e35~amd64~lt-lt~" PackageType="SatellitePackage" />
        <Package ID="Microsoft-Windows-ServerManager-Tools-FoD-Package~31bf3856ad364e35~wow64~lt-lt~" PackageType="SatellitePackage" />
      </Packages>
    </Feature>
    <Feature Type="OnDemandFeature" FeatureID="Rsat.Shielded.VM.Tools~~1.0" FMID="MSDN" Group="Microsoft">
      <Dependencies>
        <Feature FeatureID="Rsat.ServerManager.Tools~~1.0" />
      </Dependencies>
      <Packages>
        <Package ID="Microsoft-Windows-Shielded-VM-Tools-FoD-Package~31bf3856ad364e35~amd64~lt-lt~" PackageType="SatellitePackage" />
      </Packages>
    </Feature>
    <Feature Type="OnDemandFeature" FeatureID="SNMP.Client~~1.0" FMID="MSDN" Group="Microsoft">
      <Packages>
        <Package ID="Microsoft-Windows-SNMP-Client-Package~31bf3856ad364e35~amd64~lt-lt~" PackageType="SatellitePackage" />
        <Package ID="Microsoft-Windows-SNMP-Client-Package~31bf3856ad364e35~wow64~lt-lt~" PackageType="SatellitePackage" />
      </Packages>
    </Feature>
    <Feature Type="OnDemandFeature" FeatureID="App.StepsRecorder~~1.0" FMID="MSDN" Group="Microsoft">
      <Packages>
        <Package ID="Microsoft-Windows-StepsRecorder-Package~31bf3856ad364e35~amd64~lt-lt~" PackageType="SatellitePackage" />
        <Package ID="Microsoft-Windows-StepsRecorder-Package~31bf3856ad364e35~wow64~lt-lt~" PackageType="SatellitePackage" />
      </Packages>
    </Feature>
    <Feature Type="OnDemandFeature" FeatureID="Microsoft.Windows.StorageManagement~~1.0" FMID="MSDN" Group="Microsoft">
      <Packages>
        <Package ID="Microsoft-Windows-StorageManagement-FoD-Package~31bf3856ad364e35~amd64~lt-lt~" PackageType="SatellitePackage" />
        <Package ID="Microsoft-Windows-StorageManagement-FoD-Package~31bf3856ad364e35~wow64~lt-lt~" PackageType="SatellitePackage" />
      </Packages>
    </Feature>
    <Feature Type="OnDemandFeature" FeatureID="Rsat.StorageMigrationService.Management.Tools~~1.0" FMID="MSDN" Group="Microsoft">
      <Packages>
        <Package ID="Microsoft-Windows-StorageMigrationService-Management-Tools-FOD-Package~31bf3856ad364e35~amd64~lt-lt~" PackageType="SatellitePackage" />
      </Packages>
    </Feature>
    <Feature Type="OnDemandFeature" FeatureID="Rsat.StorageReplica.Tools~~1.0" FMID="MSDN" Group="Microsoft">
      <Packages>
        <Package ID="Microsoft-Windows-StorageReplica-Tools-FoD-Package~31bf3856ad364e35~amd64~lt-lt~" PackageType="SatellitePackage" />
      </Packages>
    </Feature>
    <Feature Type="OnDemandFeature" FeatureID="Rsat.SystemInsights.Management.Tools~~1.0" FMID="MSDN" Group="Microsoft">
      <Packages>
        <Package ID="Microsoft-Windows-SystemInsights-Management-Tools-FOD-Package~31bf3856ad364e35~amd64~lt-lt~" PackageType="SatellitePackage" />
      </Packages>
    </Feature>
    <Feature Type="OnDemandFeature" FeatureID="Rsat.VolumeActivation.Tools~~1.0" FMID="MSDN" Group="Microsoft">
      <Packages>
        <Package ID="Microsoft-Windows-VolumeActivation-Tools-FoD-Package~31bf3856ad364e35~amd64~lt-lt~" PackageType="SatellitePackage" />
      </Packages>
    </Feature>
    <Feature Type="OnDemandFeature" FeatureID="App.WirelessDisplay.Connect~~1.0" FMID="MSDN" Group="Microsoft">
      <Packages>
        <Package ID="Microsoft-Windows-WirelessDisplay-FOD-Package~31bf3856ad364e35~amd64~lt-lt~" PackageType="SatellitePackage" />
      </Packages>
    </Feature>
    <Feature Type="OnDemandFeature" FeatureID="WMI-SNMP-Provider.Client~~1.0" FMID="MSDN" Group="Microsoft">
      <Dependencies>
        <Feature FeatureID="SNMP.Client~~1.0" />
      </Dependencies>
      <Packages>
        <Package ID="Microsoft-Windows-WMI-SNMP-Provider-Client-Package~31bf3856ad364e35~amd64~lt-lt~" PackageType="SatellitePackage" />
        <Package ID="Microsoft-Windows-WMI-SNMP-Provider-Client-Package~31bf3856ad364e35~wow64~lt-lt~" PackageType="SatellitePackage" />
      </Packages>
    </Feature>
    <Feature Type="OnDemandFeature" FeatureID="Microsoft.Windows.WordPad~~1.0" FMID="MSDN" Group="Microsoft">
      <Packages>
        <Package ID="Microsoft-Windows-WordPad-FoD-Package~31bf3856ad364e35~amd64~lt-lt~" PackageType="SatellitePackage" />
        <Package ID="Microsoft-Windows-WordPad-FoD-Package~31bf3856ad364e35~wow64~lt-lt~" PackageType="SatellitePackage" />
      </Packages>
    </Feature>
    <Feature Type="OnDemandFeature" FeatureID="Rsat.WSUS.Tools~~1.0" FMID="MSDN" Group="Microsoft">
      <Packages>
        <Package ID="Microsoft-Windows-WSUS-Tools-FoD-Package~31bf3856ad364e35~amd64~lt-lt~" PackageType="SatellitePackage" />
      </Packages>
    </Feature>
  </Features>
  <Packages>
    <Package ID="Microsoft-Windows-Server-LanguagePack-Package_lt-lt~31bf3856ad364e35~amd64~lt-lt~" InstalledSize="262927755" Version="10.0.20348.1">
      <SatelliteInfo>
        <DeclareInfo>
          <Declare Type="language" Value="lt-LT" />
        </DeclareInfo>
      </SatelliteInfo>
      <Payload>
        <PayloadItem PayloadHash="y0cubdbLKrwc1Xk5KAkfsCzKcQlBXgn0x7+4i/J2opE=" PayloadSize="1121639" Path="UUP\Desktop\editionpackages\lt-lt\Server\baseless\Microsoft-Windows-Server-LanguagePack-Package_lt-lt~31bf3856ad364e35~amd64~lt-lt~.cab" PayloadType="ExpressCab" />
        <PayloadItem PayloadHash="Xq+zBSoidzZrKF7UGCOvACwoARyeF2LAoJ3SyIZQ4cA=" PayloadSize="54633374" Path="UUP\Desktop\editionpackages\lt-lt\Server\baseless\Microsoft-Windows-Server-LanguagePack-Package_lt-lt~31bf3856ad364e35~amd64~lt-lt~.psf" PayloadType="ExpressPSF" />
      </Payload>
    </Package>
    <Package ID="Microsoft-AzureStack-HCI-Management-Tools-FOD-Package~31bf3856ad364e35~amd64~lt-lt~" InstalledSize="33246" Version="10.0.20348.1">
      <SatelliteInfo>
        <ApplyToInfo>
          <ApplyTo Type="language" Value="lt-LT" />
        </ApplyToInfo>
      </SatelliteInfo>
      <Payload>
        <PayloadItem PayloadHash="uWkvd9jFx9yvKtWEVW6WzvBrxPwQw8sLdQdowMea7lQ=" PayloadSize="10263" Path="FeaturesOnDemand\lt-lt\baseless\Microsoft-AzureStack-HCI-Management-Tools-FOD-Package~31bf3856ad364e35~amd64~lt-lt~.cab" PayloadType="ExpressCab" />
        <PayloadItem PayloadHash="d+o9C0Wg5hYFyrPI6BB6ghTrWVwumN6Vmo5PmfKT7uQ=" PayloadSize="59888" Path="FeaturesOnDemand\lt-lt\baseless\Microsoft-AzureStack-HCI-Management-Tools-FOD-Package~31bf3856ad364e35~amd64~lt-lt~.psf" PayloadType="ExpressPSF" />
      </Payload>
    </Package>
    <Package ID="Microsoft-OneCore-StorageManagement-FoD-Package~31bf3856ad364e35~amd64~lt-lt~" InstalledSize="1986414" Version="10.0.20348.1">
      <SatelliteInfo>
        <ApplyToInfo>
          <ApplyTo Type="language" Value="lt-LT" />
        </ApplyToInfo>
      </SatelliteInfo>
      <Payload>
        <PayloadItem PayloadHash="u9PRY/5h0uKdlT3CkSZhnfk8gc5h0RSjk8/BbNbq1HY=" PayloadSize="11363" Path="FeaturesOnDemand\lt-lt\baseless\Microsoft-OneCore-StorageManagement-FoD-Package~31bf3856ad364e35~amd64~lt-lt~.cab" PayloadType="ExpressCab" />
        <PayloadItem PayloadHash="LUg2eJaRKMrHb0j0ZYDl7VlykqkWZak77mOO2QGAgl4=" PayloadSize="184419" Path="FeaturesOnDemand\lt-lt\baseless\Microsoft-OneCore-StorageManagement-FoD-Package~31bf3856ad364e35~amd64~lt-lt~.psf" PayloadType="ExpressPSF" />
      </Payload>
    </Package>
    <Package ID="Microsoft-OneCore-StorageManagement-FoD-Package~31bf3856ad364e35~wow64~lt-lt~" InstalledSize="1081692" Version="10.0.20348.1">
      <SatelliteInfo>
        <ApplyToInfo>
          <ApplyTo Type="arch" Value="wow64" />
          <ApplyTo Type="language" Value="lt-LT" />
        </ApplyToInfo>
      </SatelliteInfo>
      <Payload>
        <PayloadItem PayloadHash="JFpzw5wBz9vAmCnRQVJoQupQW00RZi4EaZdY+UChYHw=" PayloadSize="10421" Path="FeaturesOnDemand\lt-lt\baseless\Microsoft-OneCore-StorageManagement-FoD-Package~31bf3856ad364e35~wow64~lt-lt~.cab" PayloadType="ExpressCab" />
        <PayloadItem PayloadHash="jXcXKr57XSNEOZQxQTvunEF6m7F4auefIgZd6QGmLqk=" PayloadSize="107761" Path="FeaturesOnDemand\lt-lt\baseless\Microsoft-OneCore-StorageManagement-FoD-Package~31bf3856ad364e35~wow64~lt-lt~.psf" PayloadType="ExpressPSF" />
      </Payload>
    </Package>
    <Package ID="Microsoft-Windows-ActiveDirectory-DS-LDS-Tools-FoD-Package~31bf3856ad364e35~amd64~lt-lt~" InstalledSize="5625095" Version="10.0.20348.1">
      <SatelliteInfo>
        <ApplyToInfo>
          <ApplyTo Type="language" Value="lt-LT" />
        </ApplyToInfo>
      </SatelliteInfo>
      <Payload>
        <PayloadItem PayloadHash="nOpxGuQ99F1p3MSFI5m/OAIGClCtwJyAZ3IdzRpPDqo=" PayloadSize="17421" Path="FeaturesOnDemand\lt-lt\baseless\Microsoft-Windows-ActiveDirectory-DS-LDS-Tools-FoD-Package~31bf3856ad364e35~amd64~lt-lt~.cab" PayloadType="ExpressCab" />
        <PayloadItem PayloadHash="ivJmGC2NANCnlal/Tf58H17QJlp4qkJmvNWUBRcGrj8=" PayloadSize="904934" Path="FeaturesOnDemand\lt-lt\baseless\Microsoft-Windows-ActiveDirectory-DS-LDS-Tools-FoD-Package~31bf3856ad364e35~amd64~lt-lt~.psf" PayloadType="ExpressPSF" />
      </Payload>
    </Package>
    <Package ID="Microsoft-Windows-ActiveDirectory-DS-LDS-Tools-FoD-Package~31bf3856ad364e35~wow64~lt-lt~" InstalledSize="787256" Version="10.0.20348.1">
      <SatelliteInfo>
        <ApplyToInfo>
          <ApplyTo Type="arch" Value="wow64" />
          <ApplyTo Type="language" Value="lt-LT" />
        </ApplyToInfo>
      </SatelliteInfo>
      <Payload>
        <PayloadItem PayloadHash="+VSgicyn2klmRbNSrsfoE2q99p16ionDjTrCdDpvSrE=" PayloadSize="11281" Path="FeaturesOnDemand\lt-lt\baseless\Microsoft-Windows-ActiveDirectory-DS-LDS-Tools-FoD-Package~31bf3856ad364e35~wow64~lt-lt~.cab" PayloadType="ExpressCab" />
        <PayloadItem PayloadHash="vtu3U1Y9+2ugRYPkR0NNItl125oLwFfRLWNE9mAGtM8=" PayloadSize="150852" Path="FeaturesOnDemand\lt-lt\baseless\Microsoft-Windows-ActiveDirectory-DS-LDS-Tools-FoD-Package~31bf3856ad364e35~wow64~lt-lt~.psf" PayloadType="ExpressPSF" />
      </Payload>
    </Package>
    <Package ID="Microsoft-Windows-BitLocker-Recovery-Tools-FoD-Package~31bf3856ad364e35~amd64~lt-lt~" InstalledSize="31638" Version="10.0.20348.1">
      <SatelliteInfo>
        <ApplyToInfo>
          <ApplyTo Type="language" Value="lt-LT" />
        </ApplyToInfo>
      </SatelliteInfo>
      <Payload>
        <PayloadItem PayloadHash="KYZkPNjCsqmfhmglnBpJRgNkM1zYTof8b6tq5HgvpIg=" PayloadSize="10275" Path="FeaturesOnDemand\lt-lt\baseless\Microsoft-Windows-BitLocker-Recovery-Tools-FoD-Package~31bf3856ad364e35~amd64~lt-lt~.cab" PayloadType="ExpressCab" />
        <PayloadItem PayloadHash="i8ef8TBgkCw0sfZiJMucdyKetSwpVFaj8FLuZXlAbCI=" PayloadSize="58643" Path="FeaturesOnDemand\lt-lt\baseless\Microsoft-Windows-BitLocker-Recovery-Tools-FoD-Package~31bf3856ad364e35~amd64~lt-lt~.psf" PayloadType="ExpressPSF" />
      </Payload>
    </Package>
    <Package ID="Microsoft-Windows-CertificateServices-Tools-FoD-Package~31bf3856ad364e35~amd64~lt-lt~" InstalledSize="996063" Version="10.0.20348.1">
      <SatelliteInfo>
        <ApplyToInfo>
          <ApplyTo Type="language" Value="lt-LT" />
        </ApplyToInfo>
      </SatelliteInfo>
      <Payload>
        <PayloadItem PayloadHash="eSzHlFOmPZ02f4KiQB5eFp+3J25hpytR7fYjsVJU7Pk=" PayloadSize="12091" Path="FeaturesOnDemand\lt-lt\baseless\Microsoft-Windows-CertificateServices-Tools-FoD-Package~31bf3856ad364e35~amd64~lt-lt~.cab" PayloadType="ExpressCab" />
        <PayloadItem PayloadHash="uILDa2LFI6bd3KKDg9qzNEX/IGp9bedC32h6fqw8IdE=" PayloadSize="190914" Path="FeaturesOnDemand\lt-lt\baseless\Microsoft-Windows-CertificateServices-Tools-FoD-Package~31bf3856ad364e35~amd64~lt-lt~.psf" PayloadType="ExpressPSF" />
      </Payload>
    </Package>
    <Package ID="Microsoft-Windows-Composition-Test-FOD-Package~31bf3856ad364e35~amd64~lt-lt~" InstalledSize="21120" Version="10.0.20348.1">
      <SatelliteInfo>
        <ApplyToInfo>
          <ApplyTo Type="language" Value="lt-LT" />
        </ApplyToInfo>
      </SatelliteInfo>
      <Payload>
        <PayloadItem PayloadHash="3PIsnFTNBPmpp4uph8/mCFNhtSu9rKyQ91VwS07O6yE=" PayloadSize="9997" Path="FeaturesOnDemand\lt-lt\baseless\Microsoft-Windows-Composition-Test-FOD-Package~31bf3856ad364e35~amd64~lt-lt~.cab" PayloadType="ExpressCab" />
        <PayloadItem PayloadHash="eQIjHFNrkGpZlwQ3P+DssRmQH5dQ2ll3c50+xj+D4is=" PayloadSize="55282" Path="FeaturesOnDemand\lt-lt\baseless\Microsoft-Windows-Composition-Test-FOD-Package~31bf3856ad364e35~amd64~lt-lt~.psf" PayloadType="ExpressPSF" />
      </Payload>
    </Package>
    <Package ID="Microsoft-Windows-Composition-Test-FOD-Package~31bf3856ad364e35~wow64~lt-lt~" InstalledSize="21191" Version="10.0.20348.1">
      <SatelliteInfo>
        <ApplyToInfo>
          <ApplyTo Type="arch" Value="wow64" />
          <ApplyTo Type="language" Value="lt-LT" />
        </ApplyToInfo>
      </SatelliteInfo>
      <Payload>
        <PayloadItem PayloadHash="8KVIJPdM7OeHDSz2/ORG6LgHXg4tUUWEq58BY5fYxGs=" PayloadSize="10029" Path="FeaturesOnDemand\lt-lt\baseless\Microsoft-Windows-Composition-Test-FOD-Package~31bf3856ad364e35~wow64~lt-lt~.cab" PayloadType="ExpressCab" />
        <PayloadItem PayloadHash="8mO/cYbOep15YBGLSPVekpGCV7H5w7y9vAiCtDHp+l0=" PayloadSize="55339" Path="FeaturesOnDemand\lt-lt\baseless\Microsoft-Windows-Composition-Test-FOD-Package~31bf3856ad364e35~wow64~lt-lt~.psf" PayloadType="ExpressPSF" />
      </Payload>
    </Package>
    <Package ID="Microsoft-Windows-DHCP-Tools-FoD-Package~31bf3856ad364e35~amd64~lt-lt~" InstalledSize="1777749" Version="10.0.20348.1">
      <SatelliteInfo>
        <ApplyToInfo>
          <ApplyTo Type="language" Value="lt-LT" />
        </ApplyToInfo>
      </SatelliteInfo>
      <Payload>
        <PayloadItem PayloadHash="siRNyUQFCG+7VsPKFEuxLRiojcSfL3NLlBYuQQodG5E=" PayloadSize="11101" Path="FeaturesOnDemand\lt-lt\baseless\Microsoft-Windows-DHCP-Tools-FoD-Package~31bf3856ad364e35~amd64~lt-lt~.cab" PayloadType="ExpressCab" />
        <PayloadItem PayloadHash="FHdvAToAxaNkXAYdTgTutI5Aw2QdnmIzpE37WStI/ec=" PayloadSize="196351" Path="FeaturesOnDemand\lt-lt\baseless\Microsoft-Windows-DHCP-Tools-FoD-Package~31bf3856ad364e35~amd64~lt-lt~.psf" PayloadType="ExpressPSF" />
      </Payload>
    </Package>
    <Package ID="Microsoft-Windows-DHCP-Tools-FoD-Package~31bf3856ad364e35~wow64~lt-lt~" InstalledSize="459661" Version="10.0.20348.1">
      <SatelliteInfo>
        <ApplyToInfo>
          <ApplyTo Type="arch" Value="wow64" />
          <ApplyTo Type="language" Value="lt-LT" />
        </ApplyToInfo>
      </SatelliteInfo>
      <Payload>
        <PayloadItem PayloadHash="NoVX8s2ww3uO0NfljcNmhyhAXMEZ4MDdzHokecdzSMY=" PayloadSize="10241" Path="FeaturesOnDemand\lt-lt\baseless\Microsoft-Windows-DHCP-Tools-FoD-Package~31bf3856ad364e35~wow64~lt-lt~.cab" PayloadType="ExpressCab" />
        <PayloadItem PayloadHash="1TP0FSDW2/1mrlfoElFgT+hH0DL9DrCjdHUTyfUSs8M=" PayloadSize="86145" Path="FeaturesOnDemand\lt-lt\baseless\Microsoft-Windows-DHCP-Tools-FoD-Package~31bf3856ad364e35~wow64~lt-lt~.psf" PayloadType="ExpressPSF" />
      </Payload>
    </Package>
    <Package ID="Microsoft-Windows-DNS-Tools-FoD-Package~31bf3856ad364e35~amd64~lt-lt~" InstalledSize="1860358" Version="10.0.20348.1">
      <SatelliteInfo>
        <ApplyToInfo>
          <ApplyTo Type="language" Value="lt-LT" />
        </ApplyToInfo>
      </SatelliteInfo>
      <Payload>
        <PayloadItem PayloadHash="npDckVIBUBx15ZqJc4rCdtPcL5hs28Cl1x0luYD1V60=" PayloadSize="10965" Path="FeaturesOnDemand\lt-lt\baseless\Microsoft-Windows-DNS-Tools-FoD-Package~31bf3856ad364e35~amd64~lt-lt~.cab" PayloadType="ExpressCab" />
        <PayloadItem PayloadHash="OFC+E+vdZFWXkAtzKbDt0caYt4UEZLYrtpaoGd2w0lI=" PayloadSize="218849" Path="FeaturesOnDemand\lt-lt\baseless\Microsoft-Windows-DNS-Tools-FoD-Package~31bf3856ad364e35~amd64~lt-lt~.psf" PayloadType="ExpressPSF" />
      </Payload>
    </Package>
    <Package ID="Microsoft-Windows-DNS-Tools-FoD-Package~31bf3856ad364e35~wow64~lt-lt~" InstalledSize="12291" Version="10.0.20348.1">
      <SatelliteInfo>
        <ApplyToInfo>
          <ApplyTo Type="arch" Value="wow64" />
          <ApplyTo Type="language" Value="lt-LT" />
        </ApplyToInfo>
      </SatelliteInfo>
      <Payload>
        <PayloadItem PayloadHash="JS1ohDgfNgPAxadYnxCXjezsnN38KaCR0nLZWDKbc+E=" PayloadSize="9881" Path="FeaturesOnDemand\lt-lt\baseless\Microsoft-Windows-DNS-Tools-FoD-Package~31bf3856ad364e35~wow64~lt-lt~.cab" PayloadType="ExpressCab" />
        <PayloadItem PayloadHash="nk8XQ1tQzmcDvU9SsIv6KymAL3JQ+14MybxWRMZIhwM=" PayloadSize="49684" Path="FeaturesOnDemand\lt-lt\baseless\Microsoft-Windows-DNS-Tools-FoD-Package~31bf3856ad364e35~wow64~lt-lt~.psf" PayloadType="ExpressPSF" />
      </Payload>
    </Package>
    <Package ID="Microsoft-Windows-EMS-SAC-Desktop-Tools-FoD-Package~31bf3856ad364e35~amd64~lt-lt~" InstalledSize="50151" Version="10.0.20348.1">
      <SatelliteInfo>
        <ApplyToInfo>
          <ApplyTo Type="language" Value="lt-LT" />
        </ApplyToInfo>
      </SatelliteInfo>
      <Payload>
        <PayloadItem PayloadHash="ZZs/yfzYlWPVslUKj00y2kSNOMnoXETVYRkXCu4n9g4=" PayloadSize="10531" Path="FeaturesOnDemand\lt-lt\baseless\Microsoft-Windows-EMS-SAC-Desktop-Tools-FoD-Package~31bf3856ad364e35~amd64~lt-lt~.cab" PayloadType="ExpressCab" />
        <PayloadItem PayloadHash="BXeQkTpv3FeHOtMOr18zqE+MSM/lP0iBj6ftb3t/UM8=" PayloadSize="63687" Path="FeaturesOnDemand\lt-lt\baseless\Microsoft-Windows-EMS-SAC-Desktop-Tools-FoD-Package~31bf3856ad364e35~amd64~lt-lt~.psf" PayloadType="ExpressPSF" />
      </Payload>
    </Package>
    <Package ID="Microsoft-Windows-FailoverCluster-Management-Tools-FOD-Package~31bf3856ad364e35~amd64~lt-lt~" InstalledSize="8883650" Version="10.0.20348.1">
      <SatelliteInfo>
        <ApplyToInfo>
          <ApplyTo Type="language" Value="lt-LT" />
        </ApplyToInfo>
      </SatelliteInfo>
      <Payload>
        <PayloadItem PayloadHash="O6HBjpowLw+16EBiDfiRd16STrVW0feZSshLAd9SCIc=" PayloadSize="16599" Path="FeaturesOnDemand\lt-lt\baseless\Microsoft-Windows-FailoverCluster-Management-Tools-FOD-Package~31bf3856ad364e35~amd64~lt-lt~.cab" PayloadType="ExpressCab" />
        <PayloadItem PayloadHash="JADb4py5XKdSIRDKdIHA7IpWErxgWb6Rlvq443CWGWs=" PayloadSize="2429582" Path="FeaturesOnDemand\lt-lt\baseless\Microsoft-Windows-FailoverCluster-Management-Tools-FOD-Package~31bf3856ad364e35~amd64~lt-lt~.psf" PayloadType="ExpressPSF" />
      </Payload>
    </Package>
    <Package ID="Microsoft-Windows-FailoverCluster-Management-Tools-FOD-Package~31bf3856ad364e35~wow64~lt-lt~" InstalledSize="60383" Version="10.0.20348.1">
      <SatelliteInfo>
        <ApplyToInfo>
          <ApplyTo Type="arch" Value="wow64" />
          <ApplyTo Type="language" Value="lt-LT" />
        </ApplyToInfo>
      </SatelliteInfo>
      <Payload>
        <PayloadItem PayloadHash="IZwGDTBXeNjrP357y/h2UzqzzhpMZSsE3vsuL1l90Gc=" PayloadSize="10953" Path="FeaturesOnDemand\lt-lt\baseless\Microsoft-Windows-FailoverCluster-Management-Tools-FOD-Package~31bf3856ad364e35~wow64~lt-lt~.cab" PayloadType="ExpressCab" />
        <PayloadItem PayloadHash="ybZhMLVe/gLZW09UBPA5AqsW8aDGc30zb4zw2QAILmE=" PayloadSize="70380" Path="FeaturesOnDemand\lt-lt\baseless\Microsoft-Windows-FailoverCluster-Management-Tools-FOD-Package~31bf3856ad364e35~wow64~lt-lt~.psf" PayloadType="ExpressPSF" />
      </Payload>
    </Package>
    <Package ID="Microsoft-Windows-FileServices-Tools-FoD-Package~31bf3856ad364e35~amd64~lt-lt~" InstalledSize="4108962" Version="10.0.20348.1">
      <SatelliteInfo>
        <ApplyToInfo>
          <ApplyTo Type="language" Value="lt-LT" />
        </ApplyToInfo>
      </SatelliteInfo>
      <Payload>
        <PayloadItem PayloadHash="4jTWzUj5q2uIefk3GDgFLjHEQbSmt9MNH95wo637pNs=" PayloadSize="14769" Path="FeaturesOnDemand\lt-lt\baseless\Microsoft-Windows-FileServices-Tools-FoD-Package~31bf3856ad364e35~amd64~lt-lt~.cab" PayloadType="ExpressCab" />
        <PayloadItem PayloadHash="gVhmrIsuOw1E7hcet3QRLOsmRfFMkxJWaSiEJhPOqXU=" PayloadSize="598116" Path="FeaturesOnDemand\lt-lt\baseless\Microsoft-Windows-FileServices-Tools-FoD-Package~31bf3856ad364e35~amd64~lt-lt~.psf" PayloadType="ExpressPSF" />
      </Payload>
    </Package>
    <Package ID="Microsoft-Windows-FileServices-Tools-FoD-Package~31bf3856ad364e35~wow64~lt-lt~" InstalledSize="171396" Version="10.0.20348.1">
      <SatelliteInfo>
        <ApplyToInfo>
          <ApplyTo Type="arch" Value="wow64" />
          <ApplyTo Type="language" Value="lt-LT" />
        </ApplyToInfo>
      </SatelliteInfo>
      <Payload>
        <PayloadItem PayloadHash="usE3ZG0+AvMemWggSnqeIxU6vFt6J9WDAB63yE60RFA=" PayloadSize="10631" Path="FeaturesOnDemand\lt-lt\baseless\Microsoft-Windows-FileServices-Tools-FoD-Package~31bf3856ad364e35~wow64~lt-lt~.cab" PayloadType="ExpressCab" />
        <PayloadItem PayloadHash="wloJj6I6pMkic1ytU55CTDdq/cnjGKcqXqZbZRuJDjE=" PayloadSize="76360" Path="FeaturesOnDemand\lt-lt\baseless\Microsoft-Windows-FileServices-Tools-FoD-Package~31bf3856ad364e35~wow64~lt-lt~.psf" PayloadType="ExpressPSF" />
      </Payload>
    </Package>
    <Package ID="Microsoft-Windows-GroupPolicy-Management-Tools-FoD-Package~31bf3856ad364e35~amd64~lt-lt~" InstalledSize="2251612" Version="10.0.20348.1">
      <SatelliteInfo>
        <ApplyToInfo>
          <ApplyTo Type="language" Value="lt-LT" />
        </ApplyToInfo>
      </SatelliteInfo>
      <Payload>
        <PayloadItem PayloadHash="RPbrm3FyDOPj8o9UinGxAIO+9670VZ9EHv6u6FhmsqA=" PayloadSize="13585" Path="FeaturesOnDemand\lt-lt\baseless\Microsoft-Windows-GroupPolicy-Management-Tools-FoD-Package~31bf3856ad364e35~amd64~lt-lt~.cab" PayloadType="ExpressCab" />
        <PayloadItem PayloadHash="1fPNeTTpg/eRUwUkCkXX0Q1EtkVvjgXxj/GBvQFbCQE=" PayloadSize="333734" Path="FeaturesOnDemand\lt-lt\baseless\Microsoft-Windows-GroupPolicy-Management-Tools-FoD-Package~31bf3856ad364e35~amd64~lt-lt~.psf" PayloadType="ExpressPSF" />
      </Payload>
    </Package>
    <Package ID="Microsoft-Windows-GroupPolicy-Management-Tools-FoD-Package~31bf3856ad364e35~wow64~lt-lt~" InstalledSize="305932" Version="10.0.20348.1">
      <SatelliteInfo>
        <ApplyToInfo>
          <ApplyTo Type="arch" Value="wow64" />
          <ApplyTo Type="language" Value="lt-LT" />
        </ApplyToInfo>
      </SatelliteInfo>
      <Payload>
        <PayloadItem PayloadHash="7U8hfJ0lxS46SDIlLEFGgaov0YeZppxesZI5Jm2usr8=" PayloadSize="10383" Path="FeaturesOnDemand\lt-lt\baseless\Microsoft-Windows-GroupPolicy-Management-Tools-FoD-Package~31bf3856ad364e35~wow64~lt-lt~.cab" PayloadType="ExpressCab" />
        <PayloadItem PayloadHash="lIaHpBo6yDKZP8tvNxvdwhD4SF9yaNzKb/U2qAbV+/w=" PayloadSize="90616" Path="FeaturesOnDemand\lt-lt\baseless\Microsoft-Windows-GroupPolicy-Management-Tools-FoD-Package~31bf3856ad364e35~wow64~lt-lt~.psf" PayloadType="ExpressPSF" />
      </Payload>
    </Package>
    <Package ID="Microsoft-Windows-IPAM-Client-FoD-Package~31bf3856ad364e35~amd64~lt-lt~" InstalledSize="98749" Version="10.0.20348.1">
      <SatelliteInfo>
        <ApplyToInfo>
          <ApplyTo Type="language" Value="lt-LT" />
        </ApplyToInfo>
      </SatelliteInfo>
      <Payload>
        <PayloadItem PayloadHash="1AI6JDkaQg23zR1a3kuvcklftGXQ+L2Tw4kKDo30Mmw=" PayloadSize="10231" Path="FeaturesOnDemand\lt-lt\baseless\Microsoft-Windows-IPAM-Client-FoD-Package~31bf3856ad364e35~amd64~lt-lt~.cab" PayloadType="ExpressCab" />
        <PayloadItem PayloadHash="tWku5Y+v3AVJdsjoLRjRQjfA6TMThiVDsvWRMywOO4w=" PayloadSize="61084" Path="FeaturesOnDemand\lt-lt\baseless\Microsoft-Windows-IPAM-Client-FoD-Package~31bf3856ad364e35~amd64~lt-lt~.psf" PayloadType="ExpressPSF" />
      </Payload>
    </Package>
    <Package ID="Microsoft-Windows-IPAM-Client-FoD-Package~31bf3856ad364e35~wow64~lt-lt~" InstalledSize="23587" Version="10.0.20348.1">
      <SatelliteInfo>
        <ApplyToInfo>
          <ApplyTo Type="arch" Value="wow64" />
          <ApplyTo Type="language" Value="lt-LT" />
        </ApplyToInfo>
      </SatelliteInfo>
      <Payload>
        <PayloadItem PayloadHash="P8ga8pkDFW31HvjIhw2fYHJxeA5xLD0+lXjIXLXfMNs=" PayloadSize="10031" Path="FeaturesOnDemand\lt-lt\baseless\Microsoft-Windows-IPAM-Client-FoD-Package~31bf3856ad364e35~wow64~lt-lt~.cab" PayloadType="ExpressCab" />
        <PayloadItem PayloadHash="eqSWDgVwMRpi9oJ/6jsTmUwcgo2uIq1a8ZLNsGlGpXE=" PayloadSize="51938" Path="FeaturesOnDemand\lt-lt\baseless\Microsoft-Windows-IPAM-Client-FoD-Package~31bf3856ad364e35~wow64~lt-lt~.psf" PayloadType="ExpressPSF" />
      </Payload>
    </Package>
    <Package ID="Microsoft-Windows-IRDA-Package~31bf3856ad364e35~amd64~lt-lt~" InstalledSize="58443" Version="10.0.20348.1">
      <SatelliteInfo>
        <ApplyToInfo>
          <ApplyTo Type="language" Value="lt-LT" />
        </ApplyToInfo>
      </SatelliteInfo>
      <Payload>
        <PayloadItem PayloadHash="NFEZG5vxX0EULDMosG6Al00AIJJ6YXZkYjnaOC0EbCM=" PayloadSize="10863" Path="FeaturesOnDemand\lt-lt\baseless\Microsoft-Windows-IRDA-Package~31bf3856ad364e35~amd64~lt-lt~.cab" PayloadType="ExpressCab" />
        <PayloadItem PayloadHash="5xqJNwN2KSxOPK7Egd8Z3Zcr5QGWBzFKV6B8osruZPE=" PayloadSize="63435" Path="FeaturesOnDemand\lt-lt\baseless\Microsoft-Windows-IRDA-Package~31bf3856ad364e35~amd64~lt-lt~.psf" PayloadType="ExpressPSF" />
      </Payload>
    </Package>
    <Package ID="Microsoft-Windows-IRDA-Package~31bf3856ad364e35~wow64~lt-lt~" InstalledSize="11357" Version="10.0.20348.1">
      <SatelliteInfo>
        <ApplyToInfo>
          <ApplyTo Type="arch" Value="wow64" />
          <ApplyTo Type="language" Value="lt-LT" />
        </ApplyToInfo>
      </SatelliteInfo>
      <Payload>
        <PayloadItem PayloadHash="dkLIQv9CfAwBCi+pTVrwkuW6GFVhrhJ2u8oCDr8FDoE=" PayloadSize="9775" Path="FeaturesOnDemand\lt-lt\baseless\Microsoft-Windows-IRDA-Package~31bf3856ad364e35~wow64~lt-lt~.cab" PayloadType="ExpressCab" />
        <PayloadItem PayloadHash="iFxfMd0rMzLBsQfe1fps/hGxWIu6g3dR8mvEXfMC55Y=" PayloadSize="49047" Path="FeaturesOnDemand\lt-lt\baseless\Microsoft-Windows-IRDA-Package~31bf3856ad364e35~wow64~lt-lt~.psf" PayloadType="ExpressPSF" />
      </Payload>
    </Package>
    <Package ID="Microsoft-Windows-Media-Features-Package~31bf3856ad364e35~amd64~lt-lt~" InstalledSize="1711587" Version="10.0.20348.1">
      <SatelliteInfo>
        <ApplyToInfo>
          <ApplyTo Type="language" Value="lt-LT" />
        </ApplyToInfo>
      </SatelliteInfo>
      <Payload>
        <PayloadItem PayloadHash="HF8qHQx7u0Z3tvG0XW0D1+ipWbL70+BZOXM/wBIA0Ik=" PayloadSize="29817" Path="FeaturesOnDemand\lt-lt\baseless\Microsoft-Windows-Media-Features-Package~31bf3856ad364e35~amd64~lt-lt~.cab" PayloadType="ExpressCab" />
        <PayloadItem PayloadHash="QSVrxY6ctlI9GCVlUAEUrm/hSy5EWIopcRIts/9ujig=" PayloadSize="527639" Path="FeaturesOnDemand\lt-lt\baseless\Microsoft-Windows-Media-Features-Package~31bf3856ad364e35~amd64~lt-lt~.psf" PayloadType="ExpressPSF" />
      </Payload>
    </Package>
    <Package ID="Microsoft-Windows-Media-Features-Package~31bf3856ad364e35~wow64~lt-lt~" InstalledSize="363424" Version="10.0.20348.1">
      <SatelliteInfo>
        <ApplyToInfo>
          <ApplyTo Type="arch" Value="wow64" />
          <ApplyTo Type="language" Value="lt-LT" />
        </ApplyToInfo>
      </SatelliteInfo>
      <Payload>
        <PayloadItem PayloadHash="oB5bQOtRH7WUpSzCcH5Jy8XMI+jTKyn0sjLACm3aFsY=" PayloadSize="18965" Path="FeaturesOnDemand\lt-lt\baseless\Microsoft-Windows-Media-Features-Package~31bf3856ad364e35~wow64~lt-lt~.cab" PayloadType="ExpressCab" />
        <PayloadItem PayloadHash="uf1PeMO55N35iWYkI8D86UL69DuKQ3KXZp0ovGAEVx8=" PayloadSize="252260" Path="FeaturesOnDemand\lt-lt\baseless\Microsoft-Windows-Media-Features-Package~31bf3856ad364e35~wow64~lt-lt~.psf" PayloadType="ExpressPSF" />
      </Payload>
    </Package>
    <Package ID="Microsoft-Windows-MSPaint-FoD-Package~31bf3856ad364e35~amd64~lt-lt~" InstalledSize="73014" Version="10.0.20348.1">
      <SatelliteInfo>
        <ApplyToInfo>
          <ApplyTo Type="language" Value="lt-LT" />
        </ApplyToInfo>
      </SatelliteInfo>
      <Payload>
        <PayloadItem PayloadHash="tFSJNBg1+WZeqgLTY3gKGdn1s3TVyDwFTwc7Q+udn+g=" PayloadSize="10019" Path="FeaturesOnDemand\lt-lt\baseless\Microsoft-Windows-MSPaint-FoD-Package~31bf3856ad364e35~amd64~lt-lt~.cab" PayloadType="ExpressCab" />
        <PayloadItem PayloadHash="FwIk8fQ5YRr7TsaupKlKmLEXHAaDxZSxvyKD+E3+y7s=" PayloadSize="61872" Path="FeaturesOnDemand\lt-lt\baseless\Microsoft-Windows-MSPaint-FoD-Package~31bf3856ad364e35~amd64~lt-lt~.psf" PayloadType="ExpressPSF" />
      </Payload>
    </Package>
    <Package ID="Microsoft-Windows-MSPaint-FoD-Package~31bf3856ad364e35~wow64~lt-lt~" InstalledSize="73061" Version="10.0.20348.1">
      <SatelliteInfo>
        <ApplyToInfo>
          <ApplyTo Type="arch" Value="wow64" />
          <ApplyTo Type="language" Value="lt-LT" />
        </ApplyToInfo>
      </SatelliteInfo>
      <Payload>
        <PayloadItem PayloadHash="MSHQDegaLA3PvUwRMwBWAHNX45MCWk4VZhDTZfbpoIk=" PayloadSize="10021" Path="FeaturesOnDemand\lt-lt\baseless\Microsoft-Windows-MSPaint-FoD-Package~31bf3856ad364e35~wow64~lt-lt~.cab" PayloadType="ExpressCab" />
        <PayloadItem PayloadHash="Tc1EVCwpA4Z9+sqbX95iAhutcvXLMLFiR6ZjOF2xilw=" PayloadSize="61889" Path="FeaturesOnDemand\lt-lt\baseless\Microsoft-Windows-MSPaint-FoD-Package~31bf3856ad364e35~wow64~lt-lt~.psf" PayloadType="ExpressPSF" />
      </Payload>
    </Package>
    <Package ID="Microsoft-Windows-NetworkController-Tools-FoD-Package~31bf3856ad364e35~amd64~lt-lt~" InstalledSize="67744" Version="10.0.20348.1">
      <SatelliteInfo>
        <ApplyToInfo>
          <ApplyTo Type="language" Value="lt-LT" />
        </ApplyToInfo>
      </SatelliteInfo>
      <Payload>
        <PayloadItem PayloadHash="2MA1BGylZYS8/2Vvx2JDsI3y1azbmqrAMJMSRz08lFI=" PayloadSize="10503" Path="FeaturesOnDemand\lt-lt\baseless\Microsoft-Windows-NetworkController-Tools-FoD-Package~31bf3856ad364e35~amd64~lt-lt~.cab" PayloadType="ExpressCab" />
        <PayloadItem PayloadHash="bAqn7EaFt3cn/iHMv6DJBQzYmtvJQuiTZ6NtoZO2K6I=" PayloadSize="70431" Path="FeaturesOnDemand\lt-lt\baseless\Microsoft-Windows-NetworkController-Tools-FoD-Package~31bf3856ad364e35~amd64~lt-lt~.psf" PayloadType="ExpressPSF" />
      </Payload>
    </Package>
    <Package ID="Microsoft-Windows-NetworkLoadBalancing-Tools-FoD-Package~31bf3856ad364e35~amd64~lt-lt~" InstalledSize="215274" Version="10.0.20348.1">
      <SatelliteInfo>
        <ApplyToInfo>
          <ApplyTo Type="language" Value="lt-LT" />
        </ApplyToInfo>
      </SatelliteInfo>
      <Payload>
        <PayloadItem PayloadHash="OU8u6uBKp6LFii8Xht7S3HZTFR1Em7d/UkfU98NEa8U=" PayloadSize="10577" Path="FeaturesOnDemand\lt-lt\baseless\Microsoft-Windows-NetworkLoadBalancing-Tools-FoD-Package~31bf3856ad364e35~amd64~lt-lt~.cab" PayloadType="ExpressCab" />
        <PayloadItem PayloadHash="t8HZLzd8i6k+Fxpwn/2TMWDyz5HG3VWfbvXVq4QZbaQ=" PayloadSize="86905" Path="FeaturesOnDemand\lt-lt\baseless\Microsoft-Windows-NetworkLoadBalancing-Tools-FoD-Package~31bf3856ad364e35~amd64~lt-lt~.psf" PayloadType="ExpressPSF" />
      </Payload>
    </Package>
    <Package ID="Microsoft-Windows-Notepad-FoD-Package~31bf3856ad364e35~amd64~lt-lt~" InstalledSize="25401" Version="10.0.20348.1">
      <SatelliteInfo>
        <ApplyToInfo>
          <ApplyTo Type="language" Value="lt-LT" />
        </ApplyToInfo>
      </SatelliteInfo>
      <Payload>
        <PayloadItem PayloadHash="HxeCzBNIM8UOV3AsvlkmZ1pntCkxq34jdF7M2ttbLUI=" PayloadSize="9979" Path="FeaturesOnDemand\lt-lt\baseless\Microsoft-Windows-Notepad-FoD-Package~31bf3856ad364e35~amd64~lt-lt~.cab" PayloadType="ExpressCab" />
        <PayloadItem PayloadHash="138jbORtcwZokFdhRBUCONbJQwHLnMRONnSAm116d2I=" PayloadSize="53808" Path="FeaturesOnDemand\lt-lt\baseless\Microsoft-Windows-Notepad-FoD-Package~31bf3856ad364e35~amd64~lt-lt~.psf" PayloadType="ExpressPSF" />
      </Payload>
    </Package>
    <Package ID="Microsoft-Windows-Notepad-FoD-Package~31bf3856ad364e35~wow64~lt-lt~" InstalledSize="11166" Version="10.0.20348.1">
      <SatelliteInfo>
        <ApplyToInfo>
          <ApplyTo Type="arch" Value="wow64" />
          <ApplyTo Type="language" Value="lt-LT" />
        </ApplyToInfo>
      </SatelliteInfo>
      <Payload>
        <PayloadItem PayloadHash="qGCqF9ls1mhjOyRs5gt2GVG6r+ZFKLcSEMr3mRlFhrI=" PayloadSize="9787" Path="FeaturesOnDemand\lt-lt\baseless\Microsoft-Windows-Notepad-FoD-Package~31bf3856ad364e35~wow64~lt-lt~.cab" PayloadType="ExpressCab" />
        <PayloadItem PayloadHash="uxly3bYcc8ENeXN8Krv7cUHtZkLW1Zm2HAvk3Z15GV0=" PayloadSize="48974" Path="FeaturesOnDemand\lt-lt\baseless\Microsoft-Windows-Notepad-FoD-Package~31bf3856ad364e35~wow64~lt-lt~.psf" PayloadType="ExpressPSF" />
      </Payload>
    </Package>
    <Package ID="Microsoft-Windows-PowerShell-ISE-FOD-Package~31bf3856ad364e35~amd64~lt-lt~" InstalledSize="870603" Version="10.0.20348.1">
      <SatelliteInfo>
        <ApplyToInfo>
          <ApplyTo Type="language" Value="lt-LT" />
        </ApplyToInfo>
      </SatelliteInfo>
      <Payload>
        <PayloadItem PayloadHash="Axj1STA3AkYbMUPnyYh98uP/DYMFDg/9mW3jPcNsjsc=" PayloadSize="10833" Path="FeaturesOnDemand\lt-lt\baseless\Microsoft-Windows-PowerShell-ISE-FOD-Package~31bf3856ad364e35~amd64~lt-lt~.cab" PayloadType="ExpressCab" />
        <PayloadItem PayloadHash="gVzkukBSwo+dkL5jOcBH0Ja47BTQoO/vnSOM9FLHn2U=" PayloadSize="341960" Path="FeaturesOnDemand\lt-lt\baseless\Microsoft-Windows-PowerShell-ISE-FOD-Package~31bf3856ad364e35~amd64~lt-lt~.psf" PayloadType="ExpressPSF" />
      </Payload>
    </Package>
    <Package ID="Microsoft-Windows-PowerShell-ISE-FOD-Package~31bf3856ad364e35~wow64~lt-lt~" InstalledSize="71303" Version="10.0.20348.1">
      <SatelliteInfo>
        <ApplyToInfo>
          <ApplyTo Type="arch" Value="wow64" />
          <ApplyTo Type="language" Value="lt-LT" />
        </ApplyToInfo>
      </SatelliteInfo>
      <Payload>
        <PayloadItem PayloadHash="5aCG+IZnRQolNoH6w9Q2KpHiH/4VS8mH6FKY7YrmtiI=" PayloadSize="10033" Path="FeaturesOnDemand\lt-lt\baseless\Microsoft-Windows-PowerShell-ISE-FOD-Package~31bf3856ad364e35~wow64~lt-lt~.cab" PayloadType="ExpressCab" />
        <PayloadItem PayloadHash="s7BMjrlS8Z8ZfjVUegCkPoL5cIixKlrIUBHlnBSED3E=" PayloadSize="68711" Path="FeaturesOnDemand\lt-lt\baseless\Microsoft-Windows-PowerShell-ISE-FOD-Package~31bf3856ad364e35~wow64~lt-lt~.psf" PayloadType="ExpressPSF" />
      </Payload>
    </Package>
    <Package ID="Microsoft-Windows-Printing-PMCPPC-FoD-Package~31bf3856ad364e35~amd64~lt-lt~" InstalledSize="222144" Version="10.0.20348.1">
      <SatelliteInfo>
        <ApplyToInfo>
          <ApplyTo Type="language" Value="lt-LT" />
        </ApplyToInfo>
      </SatelliteInfo>
      <Payload>
        <PayloadItem PayloadHash="IU8qVhCll6ldurYoMGMegxGHzpd2Th4G3H4VwzZaPuI=" PayloadSize="10263" Path="FeaturesOnDemand\lt-lt\baseless\Microsoft-Windows-Printing-PMCPPC-FoD-Package~31bf3856ad364e35~amd64~lt-lt~.cab" PayloadType="ExpressCab" />
        <PayloadItem PayloadHash="ObPRkSwsSb2Y3IBt6CIDNpT1dOqE+v3Vm9ot/4aU5uw=" PayloadSize="79630" Path="FeaturesOnDemand\lt-lt\baseless\Microsoft-Windows-Printing-PMCPPC-FoD-Package~31bf3856ad364e35~amd64~lt-lt~.psf" PayloadType="ExpressPSF" />
      </Payload>
    </Package>
    <Package ID="Microsoft-Windows-Printing-WFS-FoD-Package~31bf3856ad364e35~amd64~lt-lt~" InstalledSize="547842" Version="10.0.20348.1">
      <SatelliteInfo>
        <ApplyToInfo>
          <ApplyTo Type="language" Value="lt-LT" />
        </ApplyToInfo>
      </SatelliteInfo>
      <Payload>
        <PayloadItem PayloadHash="fNuuHoWOZEfDIcFq/BeTrraRQETDEHQYUie3NDFb1lg=" PayloadSize="11383" Path="FeaturesOnDemand\lt-lt\baseless\Microsoft-Windows-Printing-WFS-FoD-Package~31bf3856ad364e35~amd64~lt-lt~.cab" PayloadType="ExpressCab" />
        <PayloadItem PayloadHash="uDNl42LzKHyd82K9UVeioRTkZ0uhlkYwsgAZ53e8U60=" PayloadSize="204586" Path="FeaturesOnDemand\lt-lt\baseless\Microsoft-Windows-Printing-WFS-FoD-Package~31bf3856ad364e35~amd64~lt-lt~.psf" PayloadType="ExpressPSF" />
      </Payload>
    </Package>
    <Package ID="Microsoft-Windows-RasCMAK-Client-Package~31bf3856ad364e35~amd64~lt-lt~" InstalledSize="246536" Version="10.0.20348.1">
      <SatelliteInfo>
        <ApplyToInfo>
          <ApplyTo Type="language" Value="lt-LT" />
        </ApplyToInfo>
      </SatelliteInfo>
      <Payload>
        <PayloadItem PayloadHash="ae/5gnEOiZCROxcJJWH/2RA114a8UArCsMbJOuj3qgw=" PayloadSize="10499" Path="FeaturesOnDemand\lt-lt\baseless\Microsoft-Windows-RasCMAK-Client-Package~31bf3856ad364e35~amd64~lt-lt~.cab" PayloadType="ExpressCab" />
        <PayloadItem PayloadHash="Bb/1sYbk69EVzUoI3l678dBrBuVRMH6ks6FzlcLmLeY=" PayloadSize="118769" Path="FeaturesOnDemand\lt-lt\baseless\Microsoft-Windows-RasCMAK-Client-Package~31bf3856ad364e35~amd64~lt-lt~.psf" PayloadType="ExpressPSF" />
      </Payload>
    </Package>
    <Package ID="Microsoft-Windows-RasCMAK-Client-Package~31bf3856ad364e35~wow64~lt-lt~" InstalledSize="398141" Version="10.0.20348.1">
      <SatelliteInfo>
        <ApplyToInfo>
          <ApplyTo Type="arch" Value="wow64" />
          <ApplyTo Type="language" Value="lt-LT" />
        </ApplyToInfo>
      </SatelliteInfo>
      <Payload>
        <PayloadItem PayloadHash="9ZbTKcaiNxLwK7ooaquT6U6Acz+WQ4dfUoY1eRmYTfQ=" PayloadSize="10579" Path="FeaturesOnDemand\lt-lt\baseless\Microsoft-Windows-RasCMAK-Client-Package~31bf3856ad364e35~wow64~lt-lt~.cab" PayloadType="ExpressCab" />
        <PayloadItem PayloadHash="VFc0f2q5tTsfN8U3T0F1nRszJF0P+9JoI96nqnIaoy0=" PayloadSize="320053" Path="FeaturesOnDemand\lt-lt\baseless\Microsoft-Windows-RasCMAK-Client-Package~31bf3856ad364e35~wow64~lt-lt~.psf" PayloadType="ExpressPSF" />
      </Payload>
    </Package>
    <Package ID="Microsoft-Windows-RasRip-Package~31bf3856ad364e35~amd64~lt-lt~" InstalledSize="25222" Version="10.0.20348.1">
      <SatelliteInfo>
        <ApplyToInfo>
          <ApplyTo Type="language" Value="lt-LT" />
        </ApplyToInfo>
      </SatelliteInfo>
      <Payload>
        <PayloadItem PayloadHash="YKFYz1C+g9TPgybg+Gor5q3YhGbOTjivFiZJUzqyMlI=" PayloadSize="10017" Path="FeaturesOnDemand\lt-lt\baseless\Microsoft-Windows-RasRip-Package~31bf3856ad364e35~amd64~lt-lt~.cab" PayloadType="ExpressCab" />
        <PayloadItem PayloadHash="xlJnlg1gltga1qIo/BhYE6MYPFSBhv5gkPmjCO4yExs=" PayloadSize="52474" Path="FeaturesOnDemand\lt-lt\baseless\Microsoft-Windows-RasRip-Package~31bf3856ad364e35~amd64~lt-lt~.psf" PayloadType="ExpressPSF" />
      </Payload>
    </Package>
    <Package ID="Microsoft-Windows-RemoteAccess-Management-Tools-FoD-Package~31bf3856ad364e35~amd64~lt-lt~" InstalledSize="18511497" Version="10.0.20348.1">
      <SatelliteInfo>
        <ApplyToInfo>
          <ApplyTo Type="language" Value="lt-LT" />
        </ApplyToInfo>
      </SatelliteInfo>
      <Payload>
        <PayloadItem PayloadHash="n573W5qGBxvjbjZL38jcJ7vvE1ZFhuB5NFFQbItd0Q8=" PayloadSize="12841" Path="FeaturesOnDemand\lt-lt\baseless\Microsoft-Windows-RemoteAccess-Management-Tools-FoD-Package~31bf3856ad364e35~amd64~lt-lt~.cab" PayloadType="ExpressCab" />
        <PayloadItem PayloadHash="fzY84UoWz2zVcMfUGmk0sxAnUBiggWdTvag6ui8YBwg=" PayloadSize="3385137" Path="FeaturesOnDemand\lt-lt\baseless\Microsoft-Windows-RemoteAccess-Management-Tools-FoD-Package~31bf3856ad364e35~amd64~lt-lt~.psf" PayloadType="ExpressPSF" />
      </Payload>
    </Package>
    <Package ID="Microsoft-Windows-RemoteAccess-Management-Tools-FoD-Package~31bf3856ad364e35~wow64~lt-lt~" InstalledSize="12649" Version="10.0.20348.1">
      <SatelliteInfo>
        <ApplyToInfo>
          <ApplyTo Type="arch" Value="wow64" />
          <ApplyTo Type="language" Value="lt-LT" />
        </ApplyToInfo>
      </SatelliteInfo>
      <Payload>
        <PayloadItem PayloadHash="PNDHchlLnSYWHgGE/nDZ81TbbRte5G06ZiS+QD/CXQ8=" PayloadSize="9899" Path="FeaturesOnDemand\lt-lt\baseless\Microsoft-Windows-RemoteAccess-Management-Tools-FoD-Package~31bf3856ad364e35~wow64~lt-lt~.cab" PayloadType="ExpressCab" />
        <PayloadItem PayloadHash="0Lqt663hbWAasSKbSxMCarOErRE4KbWWRvrmAl3X+t8=" PayloadSize="49702" Path="FeaturesOnDemand\lt-lt\baseless\Microsoft-Windows-RemoteAccess-Management-Tools-FoD-Package~31bf3856ad364e35~wow64~lt-lt~.psf" PayloadType="ExpressPSF" />
      </Payload>
    </Package>
    <Package ID="Microsoft-Windows-RemoteDesktop-Services-Tools-FoD-Package~31bf3856ad364e35~amd64~lt-lt~" InstalledSize="1500087" Version="10.0.20348.1">
      <SatelliteInfo>
        <ApplyToInfo>
          <ApplyTo Type="language" Value="lt-LT" />
        </ApplyToInfo>
      </SatelliteInfo>
      <Payload>
        <PayloadItem PayloadHash="492Z2VUGAULZ6I87zXBX6Q8/eDR/9tCluoNjL0gFFfY=" PayloadSize="11703" Path="FeaturesOnDemand\lt-lt\baseless\Microsoft-Windows-RemoteDesktop-Services-Tools-FoD-Package~31bf3856ad364e35~amd64~lt-lt~.cab" PayloadType="ExpressCab" />
        <PayloadItem PayloadHash="dZcHEq4QsM4e69Ka2fIYojQIEA8SDSoHAxtrWkUymHg=" PayloadSize="288571" Path="FeaturesOnDemand\lt-lt\baseless\Microsoft-Windows-RemoteDesktop-Services-Tools-FoD-Package~31bf3856ad364e35~amd64~lt-lt~.psf" PayloadType="ExpressPSF" />
      </Payload>
    </Package>
    <Package ID="Microsoft-Windows-Server-AppCompat-FoD-Package~31bf3856ad364e35~amd64~lt-lt~" InstalledSize="28524910" Version="10.0.20348.1">
      <SatelliteInfo>
        <ApplyToInfo>
          <ApplyTo Type="language" Value="lt-LT" />
        </ApplyToInfo>
      </SatelliteInfo>
      <Payload>
        <PayloadItem PayloadHash="7M8w4Wax7f3Vccee3XmCgUpgSFe2Llb96OrRaSnWUe0=" PayloadSize="73883" Path="FeaturesOnDemand\lt-lt\baseless\Microsoft-Windows-Server-AppCompat-FoD-Package~31bf3856ad364e35~amd64~lt-lt~.cab" PayloadType="ExpressCab" />
        <PayloadItem PayloadHash="PREWIe5K0/ccKaRHlIaTa4t7FwW/gj6yNLHdBDZ9ZUM=" PayloadSize="7435403" Path="FeaturesOnDemand\lt-lt\baseless\Microsoft-Windows-Server-AppCompat-FoD-Package~31bf3856ad364e35~amd64~lt-lt~.psf" PayloadType="ExpressPSF" />
      </Payload>
    </Package>
    <Package ID="Microsoft-Windows-ServerManager-Tools-FoD-Package~31bf3856ad364e35~amd64~lt-lt~" InstalledSize="10870748" Version="10.0.20348.1">
      <SatelliteInfo>
        <ApplyToInfo>
          <ApplyTo Type="language" Value="lt-LT" />
        </ApplyToInfo>
      </SatelliteInfo>
      <Payload>
        <PayloadItem PayloadHash="bAM2yOICWj7goa2CovwcwGZ4DclLqpyvWHGsiW5RAKE=" PayloadSize="23221" Path="FeaturesOnDemand\lt-lt\baseless\Microsoft-Windows-ServerManager-Tools-FoD-Package~31bf3856ad364e35~amd64~lt-lt~.cab" PayloadType="ExpressCab" />
        <PayloadItem PayloadHash="0zOxIVJbA3EA98yDgCt/50tz6Dg0Toks0GOeUAwrHJk=" PayloadSize="2159746" Path="FeaturesOnDemand\lt-lt\baseless\Microsoft-Windows-ServerManager-Tools-FoD-Package~31bf3856ad364e35~amd64~lt-lt~.psf" PayloadType="ExpressPSF" />
      </Payload>
    </Package>
    <Package ID="Microsoft-Windows-ServerManager-Tools-FoD-Package~31bf3856ad364e35~wow64~lt-lt~" InstalledSize="1133135" Version="10.0.20348.1">
      <SatelliteInfo>
        <ApplyToInfo>
          <ApplyTo Type="arch" Value="wow64" />
          <ApplyTo Type="language" Value="lt-LT" />
        </ApplyToInfo>
      </SatelliteInfo>
      <Payload>
        <PayloadItem PayloadHash="spWwfXXCyrvy3kOAVkbu5Uj8PBFPBiefa7ATNx3gAAc=" PayloadSize="10753" Path="FeaturesOnDemand\lt-lt\baseless\Microsoft-Windows-ServerManager-Tools-FoD-Package~31bf3856ad364e35~wow64~lt-lt~.cab" PayloadType="ExpressCab" />
        <PayloadItem PayloadHash="lElfL9bk2DHq3dKNAIhH9FI1Vcnax89SI64DlYCHlCo=" PayloadSize="334949" Path="FeaturesOnDemand\lt-lt\baseless\Microsoft-Windows-ServerManager-Tools-FoD-Package~31bf3856ad364e35~wow64~lt-lt~.psf" PayloadType="ExpressPSF" />
      </Payload>
    </Package>
    <Package ID="Microsoft-Windows-Shielded-VM-Tools-FoD-Package~31bf3856ad364e35~amd64~lt-lt~" InstalledSize="354731" Version="10.0.20348.1">
      <SatelliteInfo>
        <ApplyToInfo>
          <ApplyTo Type="language" Value="lt-LT" />
        </ApplyToInfo>
      </SatelliteInfo>
      <Payload>
        <PayloadItem PayloadHash="NPvk0ipX3DxtwwaJBKlJHNwEvAQfl9cg4IZLWp26PY4=" PayloadSize="14115" Path="FeaturesOnDemand\lt-lt\baseless\Microsoft-Windows-Shielded-VM-Tools-FoD-Package~31bf3856ad364e35~amd64~lt-lt~.cab" PayloadType="ExpressCab" />
        <PayloadItem PayloadHash="QZngtcEcdcgkBKvBdEAbteetnag0Jz8K9Pjw1G+PR6s=" PayloadSize="155704" Path="FeaturesOnDemand\lt-lt\baseless\Microsoft-Windows-Shielded-VM-Tools-FoD-Package~31bf3856ad364e35~amd64~lt-lt~.psf" PayloadType="ExpressPSF" />
      </Payload>
    </Package>
    <Package ID="Microsoft-Windows-SNMP-Client-Package~31bf3856ad364e35~amd64~lt-lt~" InstalledSize="121248" Version="10.0.20348.1">
      <SatelliteInfo>
        <ApplyToInfo>
          <ApplyTo Type="language" Value="lt-LT" />
        </ApplyToInfo>
      </SatelliteInfo>
      <Payload>
        <PayloadItem PayloadHash="da3fvaIo1Sfmn3EfkiKQZVmLord9VSi9/75Kvp+F7p8=" PayloadSize="11619" Path="FeaturesOnDemand\lt-lt\baseless\Microsoft-Windows-SNMP-Client-Package~31bf3856ad364e35~amd64~lt-lt~.cab" PayloadType="ExpressCab" />
        <PayloadItem PayloadHash="AKq4my5VP8HWBJD2XwFURBLjI2vLCV+38Q9vH0wJIAo=" PayloadSize="88855" Path="FeaturesOnDemand\lt-lt\baseless\Microsoft-Windows-SNMP-Client-Package~31bf3856ad364e35~amd64~lt-lt~.psf" PayloadType="ExpressPSF" />
      </Payload>
    </Package>
    <Package ID="Microsoft-Windows-SNMP-Client-Package~31bf3856ad364e35~wow64~lt-lt~" InstalledSize="121452" Version="10.0.20348.1">
      <SatelliteInfo>
        <ApplyToInfo>
          <ApplyTo Type="arch" Value="wow64" />
          <ApplyTo Type="language" Value="lt-LT" />
        </ApplyToInfo>
      </SatelliteInfo>
      <Payload>
        <PayloadItem PayloadHash="0oQQPMWFakXOfy000+LQpaPTHFPJQDkMRmb1Pj0JczI=" PayloadSize="11635" Path="FeaturesOnDemand\lt-lt\baseless\Microsoft-Windows-SNMP-Client-Package~31bf3856ad364e35~wow64~lt-lt~.cab" PayloadType="ExpressCab" />
        <PayloadItem PayloadHash="NVCbAw4DLC0DhZsRCOeviqzwCSJZaKBh3ZMOPncEEsw=" PayloadSize="89001" Path="FeaturesOnDemand\lt-lt\baseless\Microsoft-Windows-SNMP-Client-Package~31bf3856ad364e35~wow64~lt-lt~.psf" PayloadType="ExpressPSF" />
      </Payload>
    </Package>
    <Package ID="Microsoft-Windows-StepsRecorder-Package~31bf3856ad364e35~amd64~lt-lt~" InstalledSize="24647" Version="10.0.20348.1">
      <SatelliteInfo>
        <ApplyToInfo>
          <ApplyTo Type="language" Value="lt-LT" />
        </ApplyToInfo>
      </SatelliteInfo>
      <Payload>
        <PayloadItem PayloadHash="CtbUC7IeYPGTmuyKkt28hcZrEJnrZ8UKcr8DjOCBQAg=" PayloadSize="10025" Path="FeaturesOnDemand\lt-lt\baseless\Microsoft-Windows-StepsRecorder-Package~31bf3856ad364e35~amd64~lt-lt~.cab" PayloadType="ExpressCab" />
        <PayloadItem PayloadHash="cB5N/pMeB3VBebipmv1BiJuN3mtXRJ2HaI2A4VBRhqw=" PayloadSize="53255" Path="FeaturesOnDemand\lt-lt\baseless\Microsoft-Windows-StepsRecorder-Package~31bf3856ad364e35~amd64~lt-lt~.psf" PayloadType="ExpressPSF" />
      </Payload>
    </Package>
    <Package ID="Microsoft-Windows-StepsRecorder-Package~31bf3856ad364e35~wow64~lt-lt~" InstalledSize="11406" Version="10.0.20348.1">
      <SatelliteInfo>
        <ApplyToInfo>
          <ApplyTo Type="arch" Value="wow64" />
          <ApplyTo Type="language" Value="lt-LT" />
        </ApplyToInfo>
      </SatelliteInfo>
      <Payload>
        <PayloadItem PayloadHash="F2MQyE7nyH55udzYi6ySaNqLbqnRr1qxMioFPFsWTV4=" PayloadSize="9799" Path="FeaturesOnDemand\lt-lt\baseless\Microsoft-Windows-StepsRecorder-Package~31bf3856ad364e35~wow64~lt-lt~.cab" PayloadType="ExpressCab" />
        <PayloadItem PayloadHash="PrgtzpF/HtiWWy8x+/wh1ZOcGG38DAmA5k65UjFiJVI=" PayloadSize="49058" Path="FeaturesOnDemand\lt-lt\baseless\Microsoft-Windows-StepsRecorder-Package~31bf3856ad364e35~wow64~lt-lt~.psf" PayloadType="ExpressPSF" />
      </Payload>
    </Package>
    <Package ID="Microsoft-Windows-StorageManagement-FoD-Package~31bf3856ad364e35~amd64~lt-lt~" InstalledSize="1638431" Version="10.0.20348.1">
      <SatelliteInfo>
        <ApplyToInfo>
          <ApplyTo Type="language" Value="lt-LT" />
        </ApplyToInfo>
      </SatelliteInfo>
      <Payload>
        <PayloadItem PayloadHash="C8LGiVLBddWyQbERNGJqfJRZ89hTnWimYmrkV1Ed//Q=" PayloadSize="11819" Path="FeaturesOnDemand\lt-lt\baseless\Microsoft-Windows-StorageManagement-FoD-Package~31bf3856ad364e35~amd64~lt-lt~.cab" PayloadType="ExpressCab" />
        <PayloadItem PayloadHash="lXbjvta6LZNUz/qEKglt5m6yLwAro5cgFiTzGNt6H08=" PayloadSize="185102" Path="FeaturesOnDemand\lt-lt\baseless\Microsoft-Windows-StorageManagement-FoD-Package~31bf3856ad364e35~amd64~lt-lt~.psf" PayloadType="ExpressPSF" />
      </Payload>
    </Package>
    <Package ID="Microsoft-Windows-StorageManagement-FoD-Package~31bf3856ad364e35~wow64~lt-lt~" InstalledSize="1084275" Version="10.0.20348.1">
      <SatelliteInfo>
        <ApplyToInfo>
          <ApplyTo Type="arch" Value="wow64" />
          <ApplyTo Type="language" Value="lt-LT" />
        </ApplyToInfo>
      </SatelliteInfo>
      <Payload>
        <PayloadItem PayloadHash="IhpIQ8C+rc2D3Yhhg1ULtMbrUy77ymcA6pYGfSO/vb8=" PayloadSize="10637" Path="FeaturesOnDemand\lt-lt\baseless\Microsoft-Windows-StorageManagement-FoD-Package~31bf3856ad364e35~wow64~lt-lt~.cab" PayloadType="ExpressCab" />
        <PayloadItem PayloadHash="E9SONmczf9Z8ewJGG2dloASedK1ZMHjeD+ewfEwFa/I=" PayloadSize="108788" Path="FeaturesOnDemand\lt-lt\baseless\Microsoft-Windows-StorageManagement-FoD-Package~31bf3856ad364e35~wow64~lt-lt~.psf" PayloadType="ExpressPSF" />
      </Payload>
    </Package>
    <Package ID="Microsoft-Windows-StorageMigrationService-Management-Tools-FOD-Package~31bf3856ad364e35~amd64~lt-lt~" InstalledSize="76406" Version="10.0.20348.1">
      <SatelliteInfo>
        <ApplyToInfo>
          <ApplyTo Type="language" Value="lt-LT" />
        </ApplyToInfo>
      </SatelliteInfo>
      <Payload>
        <PayloadItem PayloadHash="/WflexjRmQ68/2s3up+sjZokRV+9hbZfVl9uwmpVafg=" PayloadSize="10285" Path="FeaturesOnDemand\lt-lt\baseless\Microsoft-Windows-StorageMigrationService-Management-Tools-FOD-Package~31bf3856ad364e35~amd64~lt-lt~.cab" PayloadType="ExpressCab" />
        <PayloadItem PayloadHash="kbusGFlHnyczMcYyQjRwR2P6LOXVAR1jGc3aSm39oG0=" PayloadSize="68588" Path="FeaturesOnDemand\lt-lt\baseless\Microsoft-Windows-StorageMigrationService-Management-Tools-FOD-Package~31bf3856ad364e35~amd64~lt-lt~.psf" PayloadType="ExpressPSF" />
      </Payload>
    </Package>
    <Package ID="Microsoft-Windows-StorageReplica-Tools-FoD-Package~31bf3856ad364e35~amd64~lt-lt~" InstalledSize="396584" Version="10.0.20348.1">
      <SatelliteInfo>
        <ApplyToInfo>
          <ApplyTo Type="language" Value="lt-LT" />
        </ApplyToInfo>
      </SatelliteInfo>
      <Payload>
        <PayloadItem PayloadHash="xHDOCUHiTFQHsyYpZblrt7kljJ6gJQ9IMgaVGgmoe3s=" PayloadSize="10645" Path="FeaturesOnDemand\lt-lt\baseless\Microsoft-Windows-StorageReplica-Tools-FoD-Package~31bf3856ad364e35~amd64~lt-lt~.cab" PayloadType="ExpressCab" />
        <PayloadItem PayloadHash="Hk5TvbQBOiuARYLmc++IZZZ1ynrIbEXjzcZY17MF8kI=" PayloadSize="107080" Path="FeaturesOnDemand\lt-lt\baseless\Microsoft-Windows-StorageReplica-Tools-FoD-Package~31bf3856ad364e35~amd64~lt-lt~.psf" PayloadType="ExpressPSF" />
      </Payload>
    </Package>
    <Package ID="Microsoft-Windows-SystemInsights-Management-Tools-FOD-Package~31bf3856ad364e35~amd64~lt-lt~" InstalledSize="39447" Version="10.0.20348.1">
      <SatelliteInfo>
        <ApplyToInfo>
          <ApplyTo Type="language" Value="lt-LT" />
        </ApplyToInfo>
      </SatelliteInfo>
      <Payload>
        <PayloadItem PayloadHash="YgHRb2Ao+4qgMQT7vv9vAg98S5mZA+BQCn57PXRTXiY=" PayloadSize="10263" Path="FeaturesOnDemand\lt-lt\baseless\Microsoft-Windows-SystemInsights-Management-Tools-FOD-Package~31bf3856ad364e35~amd64~lt-lt~.cab" PayloadType="ExpressCab" />
        <PayloadItem PayloadHash="GaAlNKICyjyuoKZMhRE0jHY+4vquiDGrBLntEpO1T6c=" PayloadSize="60968" Path="FeaturesOnDemand\lt-lt\baseless\Microsoft-Windows-SystemInsights-Management-Tools-FOD-Package~31bf3856ad364e35~amd64~lt-lt~.psf" PayloadType="ExpressPSF" />
      </Payload>
    </Package>
    <Package ID="Microsoft-Windows-VolumeActivation-Tools-FoD-Package~31bf3856ad364e35~amd64~lt-lt~" InstalledSize="222963" Version="10.0.20348.1">
      <SatelliteInfo>
        <ApplyToInfo>
          <ApplyTo Type="language" Value="lt-LT" />
        </ApplyToInfo>
      </SatelliteInfo>
      <Payload>
        <PayloadItem PayloadHash="iHYN+9gMBEtbmtcAeGQAIlrlz7JlIWeNFEawt4EcnqM=" PayloadSize="10163" Path="FeaturesOnDemand\lt-lt\baseless\Microsoft-Windows-VolumeActivation-Tools-FoD-Package~31bf3856ad364e35~amd64~lt-lt~.cab" PayloadType="ExpressCab" />
        <PayloadItem PayloadHash="mwpZSz/NtXjayLB1LkElGU0flpeML3L4MPu4Hd1ZBqs=" PayloadSize="171475" Path="FeaturesOnDemand\lt-lt\baseless\Microsoft-Windows-VolumeActivation-Tools-FoD-Package~31bf3856ad364e35~amd64~lt-lt~.psf" PayloadType="ExpressPSF" />
      </Payload>
    </Package>
    <Package ID="Microsoft-Windows-WirelessDisplay-FOD-Package~31bf3856ad364e35~amd64~lt-lt~" InstalledSize="34369" Version="10.0.20348.1">
      <SatelliteInfo>
        <ApplyToInfo>
          <ApplyTo Type="language" Value="lt-LT" />
        </ApplyToInfo>
      </SatelliteInfo>
      <Payload>
        <PayloadItem PayloadHash="vskszZ7+uVJY0Uf9tayG6ZfM9REOkWuVpVNUppSgF/M=" PayloadSize="10267" Path="FeaturesOnDemand\lt-lt\baseless\Microsoft-Windows-WirelessDisplay-FOD-Package~31bf3856ad364e35~amd64~lt-lt~.cab" PayloadType="ExpressCab" />
        <PayloadItem PayloadHash="4dqCr1tDGYT4+jYxf+BGoyLtxh/krFrAJ4K6QtQQ5Qc=" PayloadSize="61407" Path="FeaturesOnDemand\lt-lt\baseless\Microsoft-Windows-WirelessDisplay-FOD-Package~31bf3856ad364e35~amd64~lt-lt~.psf" PayloadType="ExpressPSF" />
      </Payload>
    </Package>
    <Package ID="Microsoft-Windows-WMI-SNMP-Provider-Client-Package~31bf3856ad364e35~amd64~lt-lt~" InstalledSize="53241" Version="10.0.20348.1">
      <SatelliteInfo>
        <ApplyToInfo>
          <ApplyTo Type="language" Value="lt-LT" />
        </ApplyToInfo>
      </SatelliteInfo>
      <Payload>
        <PayloadItem PayloadHash="6r3GUiTVUwE72L+3Ksmz3T6baqP56QRKPE6w38uub64=" PayloadSize="10599" Path="FeaturesOnDemand\lt-lt\baseless\Microsoft-Windows-WMI-SNMP-Provider-Client-Package~31bf3856ad364e35~amd64~lt-lt~.cab" PayloadType="ExpressCab" />
        <PayloadItem PayloadHash="RscIabk2o9d9px9BXOxJzGa46+ymKmfSNouJfBwMve4=" PayloadSize="64659" Path="FeaturesOnDemand\lt-lt\baseless\Microsoft-Windows-WMI-SNMP-Provider-Client-Package~31bf3856ad364e35~amd64~lt-lt~.psf" PayloadType="ExpressPSF" />
      </Payload>
    </Package>
    <Package ID="Microsoft-Windows-WMI-SNMP-Provider-Client-Package~31bf3856ad364e35~wow64~lt-lt~" InstalledSize="53307" Version="10.0.20348.1">
      <SatelliteInfo>
        <ApplyToInfo>
          <ApplyTo Type="arch" Value="wow64" />
          <ApplyTo Type="language" Value="lt-LT" />
        </ApplyToInfo>
      </SatelliteInfo>
      <Payload>
        <PayloadItem PayloadHash="+EnY3cYf0uctDMQfkAP2Tx49NHaY7fOX/HZnsxG36/k=" PayloadSize="10613" Path="FeaturesOnDemand\lt-lt\baseless\Microsoft-Windows-WMI-SNMP-Provider-Client-Package~31bf3856ad364e35~wow64~lt-lt~.cab" PayloadType="ExpressCab" />
        <PayloadItem PayloadHash="6OdWIWmzhSdy7c3gv5CEVngAgaCQtggTy6+MynJfc2I=" PayloadSize="64714" Path="FeaturesOnDemand\lt-lt\baseless\Microsoft-Windows-WMI-SNMP-Provider-Client-Package~31bf3856ad364e35~wow64~lt-lt~.psf" PayloadType="ExpressPSF" />
      </Payload>
    </Package>
    <Package ID="Microsoft-Windows-WordPad-FoD-Package~31bf3856ad364e35~amd64~lt-lt~" InstalledSize="66865" Version="10.0.20348.1">
      <SatelliteInfo>
        <ApplyToInfo>
          <ApplyTo Type="language" Value="lt-LT" />
        </ApplyToInfo>
      </SatelliteInfo>
      <Payload>
        <PayloadItem PayloadHash="JbUrzPNdG26RRmGTTTZpdV2ey3IWLc86lcyG/4tyRmM=" PayloadSize="9977" Path="FeaturesOnDemand\lt-lt\baseless\Microsoft-Windows-WordPad-FoD-Package~31bf3856ad364e35~amd64~lt-lt~.cab" PayloadType="ExpressCab" />
        <PayloadItem PayloadHash="vdnzm+nWulrd7dvQOgp4ePC1l4eC+SdHqWdK8pFXfdU=" PayloadSize="60808" Path="FeaturesOnDemand\lt-lt\baseless\Microsoft-Windows-WordPad-FoD-Package~31bf3856ad364e35~amd64~lt-lt~.psf" PayloadType="ExpressPSF" />
      </Payload>
    </Package>
    <Package ID="Microsoft-Windows-WordPad-FoD-Package~31bf3856ad364e35~wow64~lt-lt~" InstalledSize="66941" Version="10.0.20348.1">
      <SatelliteInfo>
        <ApplyToInfo>
          <ApplyTo Type="arch" Value="wow64" />
          <ApplyTo Type="language" Value="lt-LT" />
        </ApplyToInfo>
      </SatelliteInfo>
      <Payload>
        <PayloadItem PayloadHash="9dlWDKWr8LWQx0uH7dbftBrdoKpZ+P/RPE3m25qEhH4=" PayloadSize="9997" Path="FeaturesOnDemand\lt-lt\baseless\Microsoft-Windows-WordPad-FoD-Package~31bf3856ad364e35~wow64~lt-lt~.cab" PayloadType="ExpressCab" />
        <PayloadItem PayloadHash="vYWcg2eR6ZX6QKRyfI4Cnrv5M/zfdWGqHr+8abnlbMk=" PayloadSize="60852" Path="FeaturesOnDemand\lt-lt\baseless\Microsoft-Windows-WordPad-FoD-Package~31bf3856ad364e35~wow64~lt-lt~.psf" PayloadType="ExpressPSF" />
      </Payload>
    </Package>
    <Package ID="Microsoft-Windows-WSUS-Tools-FoD-Package~31bf3856ad364e35~amd64~lt-lt~" InstalledSize="2921246" Version="10.0.20348.1">
      <SatelliteInfo>
        <ApplyToInfo>
          <ApplyTo Type="language" Value="lt-LT" />
        </ApplyToInfo>
      </SatelliteInfo>
      <Payload>
        <PayloadItem PayloadHash="U8//Jf//HbhTX9m07ZGHoZaTzgzF0Q59gJAFACE8OEI=" PayloadSize="11161" Path="FeaturesOnDemand\lt-lt\baseless\Microsoft-Windows-WSUS-Tools-FoD-Package~31bf3856ad364e35~amd64~lt-lt~.cab" PayloadType="ExpressCab" />
        <PayloadItem PayloadHash="SWyRK3nDY2lVi5qdNUjUFnnA221ESQZSIq9myU/ljI0=" PayloadSize="384748" Path="FeaturesOnDemand\lt-lt\baseless\Microsoft-Windows-WSUS-Tools-FoD-Package~31bf3856ad364e35~amd64~lt-lt~.psf" PayloadType="ExpressPSF" />
      </Payload>
    </Package>
  </Packages>
  <ValuePair />
</CompDB>