<?xml version="1.0" encoding="utf-8"?>
<CompDB xmlns:xsi="http://www.w3.org/2001/XMLSchema-instance" xmlns:xsd="http://www.w3.org/2001/XMLSchema" CreatedDate="2021-05-08T13:49:33.8896684Z" Revision="1" SchemaVersion="1.2" Product="Server" BuildID="cba57a24-14e8-e0d9-3b38-ce9d5f1c983e" BuildInfo="fe_release.20348.1.210507-1500" OSVersion="10.0.20348.1" BuildArch="amd64" ReleaseType="Production" Type="Baseless" Name="Baseless~amd64~Server~~hu-hu" xmlns="http://schemas.microsoft.com/embedded/2004/10/ImageUpdate">
  <Tags Type="Language">
    <Tag Name="Language" Value="hu-hu" />
    <Tag Name="UpdateType" Value="Baseless" />
  </Tags>
  <Features>
    <Feature Type="LanguagePack" FeatureID="Language.UI.Server~hu-hu" FMID="MSDL" Group="Microsoft">
      <Packages>
        <Package ID="Microsoft-Windows-Server-LanguagePack-Package_hu-hu~31bf3856ad364e35~amd64~hu-hu~" PackageType="FeaturePackage" />
      </Packages>
    </Feature>
    <Feature Type="OnDemandFeature" FeatureID="Rsat.AzureStack.HCI.Management.Tools~~1.0" FMID="MSDN" Group="Microsoft">
      <Packages>
        <Package ID="Microsoft-AzureStack-HCI-Management-Tools-FOD-Package~31bf3856ad364e35~amd64~hu-hu~" PackageType="SatellitePackage" />
      </Packages>
    </Feature>
    <Feature Type="OnDemandFeature" FeatureID="Microsoft.Onecore.StorageManagement~~1.0" FMID="MSDN" Group="Microsoft">
      <Packages>
        <Package ID="Microsoft-OneCore-StorageManagement-FoD-Package~31bf3856ad364e35~amd64~hu-hu~" PackageType="SatellitePackage" />
        <Package ID="Microsoft-OneCore-StorageManagement-FoD-Package~31bf3856ad364e35~wow64~hu-hu~" PackageType="SatellitePackage" />
      </Packages>
    </Feature>
    <Feature Type="OnDemandFeature" FeatureID="Rsat.ActiveDirectory.DS-LDS.Tools~~1.0" FMID="MSDN" Group="Microsoft">
      <Dependencies>
        <Feature FeatureID="Rsat.ServerManager.Tools~~1.0" />
      </Dependencies>
      <Packages>
        <Package ID="Microsoft-Windows-ActiveDirectory-DS-LDS-Tools-FoD-Package~31bf3856ad364e35~amd64~hu-hu~" PackageType="SatellitePackage" />
        <Package ID="Microsoft-Windows-ActiveDirectory-DS-LDS-Tools-FoD-Package~31bf3856ad364e35~wow64~hu-hu~" PackageType="SatellitePackage" />
      </Packages>
    </Feature>
    <Feature Type="OnDemandFeature" FeatureID="Rsat.BitLocker.Recovery.Tools~~1.0" FMID="MSDN" Group="Microsoft">
      <Dependencies>
        <Feature FeatureID="Rsat.ActiveDirectory.DS-LDS.Tools~~1.0" />
      </Dependencies>
      <Packages>
        <Package ID="Microsoft-Windows-BitLocker-Recovery-Tools-FoD-Package~31bf3856ad364e35~amd64~hu-hu~" PackageType="SatellitePackage" />
      </Packages>
    </Feature>
    <Feature Type="OnDemandFeature" FeatureID="Rsat.CertificateServices.Tools~~1.0" FMID="MSDN" Group="Microsoft">
      <Packages>
        <Package ID="Microsoft-Windows-CertificateServices-Tools-FoD-Package~31bf3856ad364e35~amd64~hu-hu~" PackageType="SatellitePackage" />
      </Packages>
    </Feature>
    <Feature Type="OnDemandFeature" FeatureID="Microsoft.Composition.Test~~1.0" FMID="MSDN" Group="Microsoft">
      <Packages>
        <Package ID="Microsoft-Windows-Composition-Test-FOD-Package~31bf3856ad364e35~amd64~hu-hu~" PackageType="SatellitePackage" />
        <Package ID="Microsoft-Windows-Composition-Test-FOD-Package~31bf3856ad364e35~wow64~hu-hu~" PackageType="SatellitePackage" />
      </Packages>
    </Feature>
    <Feature Type="OnDemandFeature" FeatureID="Rsat.DHCP.Tools~~1.0" FMID="MSDN" Group="Microsoft">
      <Packages>
        <Package ID="Microsoft-Windows-DHCP-Tools-FoD-Package~31bf3856ad364e35~amd64~hu-hu~" PackageType="SatellitePackage" />
        <Package ID="Microsoft-Windows-DHCP-Tools-FoD-Package~31bf3856ad364e35~wow64~hu-hu~" PackageType="SatellitePackage" />
      </Packages>
    </Feature>
    <Feature Type="OnDemandFeature" FeatureID="Rsat.Dns.Tools~~1.0" FMID="MSDN" Group="Microsoft">
      <Packages>
        <Package ID="Microsoft-Windows-DNS-Tools-FoD-Package~31bf3856ad364e35~amd64~hu-hu~" PackageType="SatellitePackage" />
        <Package ID="Microsoft-Windows-DNS-Tools-FoD-Package~31bf3856ad364e35~wow64~hu-hu~" PackageType="SatellitePackage" />
      </Packages>
    </Feature>
    <Feature Type="OnDemandFeature" FeatureID="Windows.Desktop.EMS-SAC.Tools~~1.0" FMID="MSDN" Group="Microsoft">
      <Packages>
        <Package ID="Microsoft-Windows-EMS-SAC-Desktop-Tools-FoD-Package~31bf3856ad364e35~amd64~hu-hu~" PackageType="SatellitePackage" />
      </Packages>
    </Feature>
    <Feature Type="OnDemandFeature" FeatureID="Rsat.FailoverCluster.Management.Tools~~1.0" FMID="MSDN" Group="Microsoft">
      <Dependencies>
        <Feature FeatureID="Rsat.FileServices.Tools~~1.0" />
      </Dependencies>
      <Packages>
        <Package ID="Microsoft-Windows-FailoverCluster-Management-Tools-FOD-Package~31bf3856ad364e35~amd64~hu-hu~" PackageType="SatellitePackage" />
        <Package ID="Microsoft-Windows-FailoverCluster-Management-Tools-FOD-Package~31bf3856ad364e35~wow64~hu-hu~" PackageType="SatellitePackage" />
      </Packages>
    </Feature>
    <Feature Type="OnDemandFeature" FeatureID="Rsat.FileServices.Tools~~1.0" FMID="MSDN" Group="Microsoft">
      <Dependencies>
        <Feature FeatureID="Rsat.ServerManager.Tools~~1.0" />
      </Dependencies>
      <Packages>
        <Package ID="Microsoft-Windows-FileServices-Tools-FoD-Package~31bf3856ad364e35~amd64~hu-hu~" PackageType="SatellitePackage" />
        <Package ID="Microsoft-Windows-FileServices-Tools-FoD-Package~31bf3856ad364e35~wow64~hu-hu~" PackageType="SatellitePackage" />
      </Packages>
    </Feature>
    <Feature Type="OnDemandFeature" FeatureID="Rsat.GroupPolicy.Management.Tools~~1.0" FMID="MSDN" Group="Microsoft">
      <Packages>
        <Package ID="Microsoft-Windows-GroupPolicy-Management-Tools-FoD-Package~31bf3856ad364e35~amd64~hu-hu~" PackageType="SatellitePackage" />
        <Package ID="Microsoft-Windows-GroupPolicy-Management-Tools-FoD-Package~31bf3856ad364e35~wow64~hu-hu~" PackageType="SatellitePackage" />
      </Packages>
    </Feature>
    <Feature Type="OnDemandFeature" FeatureID="Rsat.IPAM.Client.Tools~~1.0" FMID="MSDN" Group="Microsoft">
      <Dependencies>
        <Feature FeatureID="Rsat.ServerManager.Tools~~1.0" />
      </Dependencies>
      <Packages>
        <Package ID="Microsoft-Windows-IPAM-Client-FoD-Package~31bf3856ad364e35~amd64~hu-hu~" PackageType="SatellitePackage" />
        <Package ID="Microsoft-Windows-IPAM-Client-FoD-Package~31bf3856ad364e35~wow64~hu-hu~" PackageType="SatellitePackage" />
      </Packages>
    </Feature>
    <Feature Type="OnDemandFeature" FeatureID="Network.Irda~~1.0" FMID="MSDN" Group="Microsoft">
      <Packages>
        <Package ID="Microsoft-Windows-IRDA-Package~31bf3856ad364e35~amd64~hu-hu~" PackageType="SatellitePackage" />
        <Package ID="Microsoft-Windows-IRDA-Package~31bf3856ad364e35~wow64~hu-hu~" PackageType="SatellitePackage" />
      </Packages>
    </Feature>
    <Feature Type="OnDemandFeature" FeatureID="Media.MediaFeaturePack~~1.0" FMID="MSDN" Group="Microsoft">
      <Packages>
        <Package ID="Microsoft-Windows-Media-Features-Package~31bf3856ad364e35~amd64~hu-hu~" PackageType="SatellitePackage" />
        <Package ID="Microsoft-Windows-Media-Features-Package~31bf3856ad364e35~wow64~hu-hu~" PackageType="SatellitePackage" />
      </Packages>
    </Feature>
    <Feature Type="OnDemandFeature" FeatureID="Microsoft.Windows.MSPaint~~1.0" FMID="MSDN" Group="Microsoft">
      <Packages>
        <Package ID="Microsoft-Windows-MSPaint-FoD-Package~31bf3856ad364e35~amd64~hu-hu~" PackageType="SatellitePackage" />
        <Package ID="Microsoft-Windows-MSPaint-FoD-Package~31bf3856ad364e35~wow64~hu-hu~" PackageType="SatellitePackage" />
      </Packages>
    </Feature>
    <Feature Type="OnDemandFeature" FeatureID="Rsat.NetworkController.Tools~~1.0" FMID="MSDN" Group="Microsoft">
      <Packages>
        <Package ID="Microsoft-Windows-NetworkController-Tools-FoD-Package~31bf3856ad364e35~amd64~hu-hu~" PackageType="SatellitePackage" />
      </Packages>
    </Feature>
    <Feature Type="OnDemandFeature" FeatureID="Rsat.NetworkLoadBalancing.Tools~~1.0" FMID="MSDN" Group="Microsoft">
      <Packages>
        <Package ID="Microsoft-Windows-NetworkLoadBalancing-Tools-FoD-Package~31bf3856ad364e35~amd64~hu-hu~" PackageType="SatellitePackage" />
      </Packages>
    </Feature>
    <Feature Type="OnDemandFeature" FeatureID="Microsoft.Windows.Notepad~~1.0" FMID="MSDN" Group="Microsoft">
      <Packages>
        <Package ID="Microsoft-Windows-Notepad-FoD-Package~31bf3856ad364e35~amd64~hu-hu~" PackageType="SatellitePackage" />
        <Package ID="Microsoft-Windows-Notepad-FoD-Package~31bf3856ad364e35~wow64~hu-hu~" PackageType="SatellitePackage" />
      </Packages>
    </Feature>
    <Feature Type="OnDemandFeature" FeatureID="Microsoft.Windows.PowerShell.ISE~~1.0" FMID="MSDN" Group="Microsoft">
      <Packages>
        <Package ID="Microsoft-Windows-PowerShell-ISE-FOD-Package~31bf3856ad364e35~amd64~hu-hu~" PackageType="SatellitePackage" />
        <Package ID="Microsoft-Windows-PowerShell-ISE-FOD-Package~31bf3856ad364e35~wow64~hu-hu~" PackageType="SatellitePackage" />
      </Packages>
    </Feature>
    <Feature Type="OnDemandFeature" FeatureID="Print.Management.Console~~1.0" FMID="MSDN" Group="Microsoft">
      <Packages>
        <Package ID="Microsoft-Windows-Printing-PMCPPC-FoD-Package~31bf3856ad364e35~amd64~hu-hu~" PackageType="SatellitePackage" />
      </Packages>
    </Feature>
    <Feature Type="OnDemandFeature" FeatureID="Print.Fax.Scan~~1.0" FMID="MSDN" Group="Microsoft">
      <Packages>
        <Package ID="Microsoft-Windows-Printing-WFS-FoD-Package~31bf3856ad364e35~amd64~hu-hu~" PackageType="SatellitePackage" />
      </Packages>
    </Feature>
    <Feature Type="OnDemandFeature" FeatureID="RasCMAK.Client~~1.0" FMID="MSDN" Group="Microsoft">
      <Packages>
        <Package ID="Microsoft-Windows-RasCMAK-Client-Package~31bf3856ad364e35~amd64~hu-hu~" PackageType="SatellitePackage" />
        <Package ID="Microsoft-Windows-RasCMAK-Client-Package~31bf3856ad364e35~wow64~hu-hu~" PackageType="SatellitePackage" />
      </Packages>
    </Feature>
    <Feature Type="OnDemandFeature" FeatureID="RIP.Listener~~1.0" FMID="MSDN" Group="Microsoft">
      <Packages>
        <Package ID="Microsoft-Windows-RasRip-Package~31bf3856ad364e35~amd64~hu-hu~" PackageType="SatellitePackage" />
      </Packages>
    </Feature>
    <Feature Type="OnDemandFeature" FeatureID="Rsat.RemoteAccess.Management.Tools~~1.0" FMID="MSDN" Group="Microsoft">
      <Dependencies>
        <Feature FeatureID="Rsat.GroupPolicy.Management.Tools~~1.0" />
        <Feature FeatureID="Rsat.ServerManager.Tools~~1.0" />
      </Dependencies>
      <Packages>
        <Package ID="Microsoft-Windows-RemoteAccess-Management-Tools-FoD-Package~31bf3856ad364e35~amd64~hu-hu~" PackageType="SatellitePackage" />
        <Package ID="Microsoft-Windows-RemoteAccess-Management-Tools-FoD-Package~31bf3856ad364e35~wow64~hu-hu~" PackageType="SatellitePackage" />
      </Packages>
    </Feature>
    <Feature Type="OnDemandFeature" FeatureID="Rsat.RemoteDesktop.Services.Tools~~1.0" FMID="MSDN" Group="Microsoft">
      <Packages>
        <Package ID="Microsoft-Windows-RemoteDesktop-Services-Tools-FoD-Package~31bf3856ad364e35~amd64~hu-hu~" PackageType="SatellitePackage" />
      </Packages>
    </Feature>
    <Feature Type="OnDemandFeature" FeatureID="ServerCore.AppCompatibility~~1.0" FMID="MSDN" Group="Microsoft">
      <Packages>
        <Package ID="Microsoft-Windows-Server-AppCompat-FoD-Package~31bf3856ad364e35~amd64~hu-hu~" PackageType="SatellitePackage" />
      </Packages>
    </Feature>
    <Feature Type="OnDemandFeature" FeatureID="Rsat.ServerManager.Tools~~1.0" FMID="MSDN" Group="Microsoft">
      <Packages>
        <Package ID="Microsoft-Windows-ServerManager-Tools-FoD-Package~31bf3856ad364e35~amd64~hu-hu~" PackageType="SatellitePackage" />
        <Package ID="Microsoft-Windows-ServerManager-Tools-FoD-Package~31bf3856ad364e35~wow64~hu-hu~" PackageType="SatellitePackage" />
      </Packages>
    </Feature>
    <Feature Type="OnDemandFeature" FeatureID="Rsat.Shielded.VM.Tools~~1.0" FMID="MSDN" Group="Microsoft">
      <Dependencies>
        <Feature FeatureID="Rsat.ServerManager.Tools~~1.0" />
      </Dependencies>
      <Packages>
        <Package ID="Microsoft-Windows-Shielded-VM-Tools-FoD-Package~31bf3856ad364e35~amd64~hu-hu~" PackageType="SatellitePackage" />
      </Packages>
    </Feature>
    <Feature Type="OnDemandFeature" FeatureID="SNMP.Client~~1.0" FMID="MSDN" Group="Microsoft">
      <Packages>
        <Package ID="Microsoft-Windows-SNMP-Client-Package~31bf3856ad364e35~amd64~hu-hu~" PackageType="SatellitePackage" />
        <Package ID="Microsoft-Windows-SNMP-Client-Package~31bf3856ad364e35~wow64~hu-hu~" PackageType="SatellitePackage" />
      </Packages>
    </Feature>
    <Feature Type="OnDemandFeature" FeatureID="App.StepsRecorder~~1.0" FMID="MSDN" Group="Microsoft">
      <Packages>
        <Package ID="Microsoft-Windows-StepsRecorder-Package~31bf3856ad364e35~amd64~hu-hu~" PackageType="SatellitePackage" />
        <Package ID="Microsoft-Windows-StepsRecorder-Package~31bf3856ad364e35~wow64~hu-hu~" PackageType="SatellitePackage" />
      </Packages>
    </Feature>
    <Feature Type="OnDemandFeature" FeatureID="Microsoft.Windows.StorageManagement~~1.0" FMID="MSDN" Group="Microsoft">
      <Packages>
        <Package ID="Microsoft-Windows-StorageManagement-FoD-Package~31bf3856ad364e35~amd64~hu-hu~" PackageType="SatellitePackage" />
        <Package ID="Microsoft-Windows-StorageManagement-FoD-Package~31bf3856ad364e35~wow64~hu-hu~" PackageType="SatellitePackage" />
      </Packages>
    </Feature>
    <Feature Type="OnDemandFeature" FeatureID="Rsat.StorageMigrationService.Management.Tools~~1.0" FMID="MSDN" Group="Microsoft">
      <Packages>
        <Package ID="Microsoft-Windows-StorageMigrationService-Management-Tools-FOD-Package~31bf3856ad364e35~amd64~hu-hu~" PackageType="SatellitePackage" />
      </Packages>
    </Feature>
    <Feature Type="OnDemandFeature" FeatureID="Rsat.StorageReplica.Tools~~1.0" FMID="MSDN" Group="Microsoft">
      <Packages>
        <Package ID="Microsoft-Windows-StorageReplica-Tools-FoD-Package~31bf3856ad364e35~amd64~hu-hu~" PackageType="SatellitePackage" />
      </Packages>
    </Feature>
    <Feature Type="OnDemandFeature" FeatureID="Rsat.SystemInsights.Management.Tools~~1.0" FMID="MSDN" Group="Microsoft">
      <Packages>
        <Package ID="Microsoft-Windows-SystemInsights-Management-Tools-FOD-Package~31bf3856ad364e35~amd64~hu-hu~" PackageType="SatellitePackage" />
      </Packages>
    </Feature>
    <Feature Type="OnDemandFeature" FeatureID="Rsat.VolumeActivation.Tools~~1.0" FMID="MSDN" Group="Microsoft">
      <Packages>
        <Package ID="Microsoft-Windows-VolumeActivation-Tools-FoD-Package~31bf3856ad364e35~amd64~hu-hu~" PackageType="SatellitePackage" />
      </Packages>
    </Feature>
    <Feature Type="OnDemandFeature" FeatureID="App.WirelessDisplay.Connect~~1.0" FMID="MSDN" Group="Microsoft">
      <Packages>
        <Package ID="Microsoft-Windows-WirelessDisplay-FOD-Package~31bf3856ad364e35~amd64~hu-hu~" PackageType="SatellitePackage" />
      </Packages>
    </Feature>
    <Feature Type="OnDemandFeature" FeatureID="WMI-SNMP-Provider.Client~~1.0" FMID="MSDN" Group="Microsoft">
      <Dependencies>
        <Feature FeatureID="SNMP.Client~~1.0" />
      </Dependencies>
      <Packages>
        <Package ID="Microsoft-Windows-WMI-SNMP-Provider-Client-Package~31bf3856ad364e35~amd64~hu-hu~" PackageType="SatellitePackage" />
        <Package ID="Microsoft-Windows-WMI-SNMP-Provider-Client-Package~31bf3856ad364e35~wow64~hu-hu~" PackageType="SatellitePackage" />
      </Packages>
    </Feature>
    <Feature Type="OnDemandFeature" FeatureID="Microsoft.Windows.WordPad~~1.0" FMID="MSDN" Group="Microsoft">
      <Packages>
        <Package ID="Microsoft-Windows-WordPad-FoD-Package~31bf3856ad364e35~amd64~hu-hu~" PackageType="SatellitePackage" />
        <Package ID="Microsoft-Windows-WordPad-FoD-Package~31bf3856ad364e35~wow64~hu-hu~" PackageType="SatellitePackage" />
      </Packages>
    </Feature>
    <Feature Type="OnDemandFeature" FeatureID="Rsat.WSUS.Tools~~1.0" FMID="MSDN" Group="Microsoft">
      <Packages>
        <Package ID="Microsoft-Windows-WSUS-Tools-FoD-Package~31bf3856ad364e35~amd64~hu-hu~" PackageType="SatellitePackage" />
      </Packages>
    </Feature>
  </Features>
  <Packages>
    <Package ID="Microsoft-Windows-Server-LanguagePack-Package_hu-hu~31bf3856ad364e35~amd64~hu-hu~" InstalledSize="319332330" Version="10.0.20348.1">
      <SatelliteInfo>
        <DeclareInfo>
          <Declare Type="language" Value="hu-HU" />
        </DeclareInfo>
      </SatelliteInfo>
      <Payload>
        <PayloadItem PayloadHash="+ARWSv+szlwpr31QpANpGzjvQcG0OlLyvLOcMKKZvGE=" PayloadSize="1170283" Path="UUP\Desktop\editionpackages\hu-hu\Server\baseless\Microsoft-Windows-Server-LanguagePack-Package_hu-hu~31bf3856ad364e35~amd64~hu-hu~.cab" PayloadType="ExpressCab" />
        <PayloadItem PayloadHash="Yuo3DTUP+eVorKCeyo3UHJHP9WMxnVeoHYv09YPu5sU=" PayloadSize="64281461" Path="UUP\Desktop\editionpackages\hu-hu\Server\baseless\Microsoft-Windows-Server-LanguagePack-Package_hu-hu~31bf3856ad364e35~amd64~hu-hu~.psf" PayloadType="ExpressPSF" />
      </Payload>
    </Package>
    <Package ID="Microsoft-AzureStack-HCI-Management-Tools-FOD-Package~31bf3856ad364e35~amd64~hu-hu~" InstalledSize="33778" Version="10.0.20348.1">
      <SatelliteInfo>
        <ApplyToInfo>
          <ApplyTo Type="language" Value="hu-HU" />
        </ApplyToInfo>
      </SatelliteInfo>
      <Payload>
        <PayloadItem PayloadHash="l7YwLuOpc+6+oQFIXx8SkTZp5T6JNiHCEkBJCDUf724=" PayloadSize="10295" Path="FeaturesOnDemand\hu-hu\baseless\Microsoft-AzureStack-HCI-Management-Tools-FOD-Package~31bf3856ad364e35~amd64~hu-hu~.cab" PayloadType="ExpressCab" />
        <PayloadItem PayloadHash="nP5PxNv1dHCD9QDfThoV76UwtaUb/ANS7NgwS5oFes8=" PayloadSize="60423" Path="FeaturesOnDemand\hu-hu\baseless\Microsoft-AzureStack-HCI-Management-Tools-FOD-Package~31bf3856ad364e35~amd64~hu-hu~.psf" PayloadType="ExpressPSF" />
      </Payload>
    </Package>
    <Package ID="Microsoft-OneCore-StorageManagement-FoD-Package~31bf3856ad364e35~amd64~hu-hu~" InstalledSize="1994618" Version="10.0.20348.1">
      <SatelliteInfo>
        <ApplyToInfo>
          <ApplyTo Type="language" Value="hu-HU" />
        </ApplyToInfo>
      </SatelliteInfo>
      <Payload>
        <PayloadItem PayloadHash="eOFQxb/5FhC8j9sq48anDrIKjsZgyduX3gD55XZ3BBk=" PayloadSize="11371" Path="FeaturesOnDemand\hu-hu\baseless\Microsoft-OneCore-StorageManagement-FoD-Package~31bf3856ad364e35~amd64~hu-hu~.cab" PayloadType="ExpressCab" />
        <PayloadItem PayloadHash="CIiPk4lGT/P4SQwKgSgA0zA+3ZXHARjXDzqUdS2p/fU=" PayloadSize="185599" Path="FeaturesOnDemand\hu-hu\baseless\Microsoft-OneCore-StorageManagement-FoD-Package~31bf3856ad364e35~amd64~hu-hu~.psf" PayloadType="ExpressPSF" />
      </Payload>
    </Package>
    <Package ID="Microsoft-OneCore-StorageManagement-FoD-Package~31bf3856ad364e35~wow64~hu-hu~" InstalledSize="1081681" Version="10.0.20348.1">
      <SatelliteInfo>
        <ApplyToInfo>
          <ApplyTo Type="arch" Value="wow64" />
          <ApplyTo Type="language" Value="hu-HU" />
        </ApplyToInfo>
      </SatelliteInfo>
      <Payload>
        <PayloadItem PayloadHash="B5Dct+/x0SlWkV8BFMI7v6DQds1P2ERzbPPLEsyt6gY=" PayloadSize="10435" Path="FeaturesOnDemand\hu-hu\baseless\Microsoft-OneCore-StorageManagement-FoD-Package~31bf3856ad364e35~wow64~hu-hu~.cab" PayloadType="ExpressCab" />
        <PayloadItem PayloadHash="jlkYVf1icauB3kWQMxb1Ch5yr1bZ8DcxuC5GaKSVPlA=" PayloadSize="107745" Path="FeaturesOnDemand\hu-hu\baseless\Microsoft-OneCore-StorageManagement-FoD-Package~31bf3856ad364e35~wow64~hu-hu~.psf" PayloadType="ExpressPSF" />
      </Payload>
    </Package>
    <Package ID="Microsoft-Windows-ActiveDirectory-DS-LDS-Tools-FoD-Package~31bf3856ad364e35~amd64~hu-hu~" InstalledSize="5746671" Version="10.0.20348.1">
      <SatelliteInfo>
        <ApplyToInfo>
          <ApplyTo Type="language" Value="hu-HU" />
        </ApplyToInfo>
      </SatelliteInfo>
      <Payload>
        <PayloadItem PayloadHash="AVytq/7nsu7MaiOlpWVBU+p2dIXUvmIWMmSSMZP2j3Y=" PayloadSize="17445" Path="FeaturesOnDemand\hu-hu\baseless\Microsoft-Windows-ActiveDirectory-DS-LDS-Tools-FoD-Package~31bf3856ad364e35~amd64~hu-hu~.cab" PayloadType="ExpressCab" />
        <PayloadItem PayloadHash="uElFlVxssjEEjQQH4/7JmytxjBXXh7D38fIb6piZWBI=" PayloadSize="929344" Path="FeaturesOnDemand\hu-hu\baseless\Microsoft-Windows-ActiveDirectory-DS-LDS-Tools-FoD-Package~31bf3856ad364e35~amd64~hu-hu~.psf" PayloadType="ExpressPSF" />
      </Payload>
    </Package>
    <Package ID="Microsoft-Windows-ActiveDirectory-DS-LDS-Tools-FoD-Package~31bf3856ad364e35~wow64~hu-hu~" InstalledSize="804820" Version="10.0.20348.1">
      <SatelliteInfo>
        <ApplyToInfo>
          <ApplyTo Type="arch" Value="wow64" />
          <ApplyTo Type="language" Value="hu-HU" />
        </ApplyToInfo>
      </SatelliteInfo>
      <Payload>
        <PayloadItem PayloadHash="t1bq1sgLz/g7Yl2uqvc/RwehZ6lgAWLDSZLOfeHtPMA=" PayloadSize="11227" Path="FeaturesOnDemand\hu-hu\baseless\Microsoft-Windows-ActiveDirectory-DS-LDS-Tools-FoD-Package~31bf3856ad364e35~wow64~hu-hu~.cab" PayloadType="ExpressCab" />
        <PayloadItem PayloadHash="h9YWUUnZImRwfMv+hp/SaNeRrHKAZUNF2TUfJiSJYXY=" PayloadSize="154665" Path="FeaturesOnDemand\hu-hu\baseless\Microsoft-Windows-ActiveDirectory-DS-LDS-Tools-FoD-Package~31bf3856ad364e35~wow64~hu-hu~.psf" PayloadType="ExpressPSF" />
      </Payload>
    </Package>
    <Package ID="Microsoft-Windows-BitLocker-Recovery-Tools-FoD-Package~31bf3856ad364e35~amd64~hu-hu~" InstalledSize="32660" Version="10.0.20348.1">
      <SatelliteInfo>
        <ApplyToInfo>
          <ApplyTo Type="language" Value="hu-HU" />
        </ApplyToInfo>
      </SatelliteInfo>
      <Payload>
        <PayloadItem PayloadHash="5kTKs+RisI9AzCiGQjfHVXy+EdqqYkmUZDXmpAhPBg8=" PayloadSize="10291" Path="FeaturesOnDemand\hu-hu\baseless\Microsoft-Windows-BitLocker-Recovery-Tools-FoD-Package~31bf3856ad364e35~amd64~hu-hu~.cab" PayloadType="ExpressCab" />
        <PayloadItem PayloadHash="hzukMZBgmpeDCMjLipLkdLVhtRPVAFcH08aNHChQQNM=" PayloadSize="58825" Path="FeaturesOnDemand\hu-hu\baseless\Microsoft-Windows-BitLocker-Recovery-Tools-FoD-Package~31bf3856ad364e35~amd64~hu-hu~.psf" PayloadType="ExpressPSF" />
      </Payload>
    </Package>
    <Package ID="Microsoft-Windows-CertificateServices-Tools-FoD-Package~31bf3856ad364e35~amd64~hu-hu~" InstalledSize="1030491" Version="10.0.20348.1">
      <SatelliteInfo>
        <ApplyToInfo>
          <ApplyTo Type="language" Value="hu-HU" />
        </ApplyToInfo>
      </SatelliteInfo>
      <Payload>
        <PayloadItem PayloadHash="QHQ4szyKsg8BGot3wnmkiwKoAM4mLmahkV8JAKJTRXc=" PayloadSize="12113" Path="FeaturesOnDemand\hu-hu\baseless\Microsoft-Windows-CertificateServices-Tools-FoD-Package~31bf3856ad364e35~amd64~hu-hu~.cab" PayloadType="ExpressCab" />
        <PayloadItem PayloadHash="Huq/P1vNQWCYOWyESCFXwyFxyO8r8gtfSdBTV31yed0=" PayloadSize="198017" Path="FeaturesOnDemand\hu-hu\baseless\Microsoft-Windows-CertificateServices-Tools-FoD-Package~31bf3856ad364e35~amd64~hu-hu~.psf" PayloadType="ExpressPSF" />
      </Payload>
    </Package>
    <Package ID="Microsoft-Windows-Composition-Test-FOD-Package~31bf3856ad364e35~amd64~hu-hu~" InstalledSize="21122" Version="10.0.20348.1">
      <SatelliteInfo>
        <ApplyToInfo>
          <ApplyTo Type="language" Value="hu-HU" />
        </ApplyToInfo>
      </SatelliteInfo>
      <Payload>
        <PayloadItem PayloadHash="gd/YrqEe8zTIxpiqn+1bXhq6XUNJ72P2hKYieXsg0Kc=" PayloadSize="10033" Path="FeaturesOnDemand\hu-hu\baseless\Microsoft-Windows-Composition-Test-FOD-Package~31bf3856ad364e35~amd64~hu-hu~.cab" PayloadType="ExpressCab" />
        <PayloadItem PayloadHash="5QbwHQCw02CNhT+PzTg3FXVzvX+wDj6Xs0ZvA0nEXpA=" PayloadSize="55249" Path="FeaturesOnDemand\hu-hu\baseless\Microsoft-Windows-Composition-Test-FOD-Package~31bf3856ad364e35~amd64~hu-hu~.psf" PayloadType="ExpressPSF" />
      </Payload>
    </Package>
    <Package ID="Microsoft-Windows-Composition-Test-FOD-Package~31bf3856ad364e35~wow64~hu-hu~" InstalledSize="21219" Version="10.0.20348.1">
      <SatelliteInfo>
        <ApplyToInfo>
          <ApplyTo Type="arch" Value="wow64" />
          <ApplyTo Type="language" Value="hu-HU" />
        </ApplyToInfo>
      </SatelliteInfo>
      <Payload>
        <PayloadItem PayloadHash="EdDB1tGSE5NeHv8tbRTYfLpW2o20X3unOs7W8LXRWJk=" PayloadSize="10007" Path="FeaturesOnDemand\hu-hu\baseless\Microsoft-Windows-Composition-Test-FOD-Package~31bf3856ad364e35~wow64~hu-hu~.cab" PayloadType="ExpressCab" />
        <PayloadItem PayloadHash="NsWPYPY1UCAv0ksAqh6xxGX1tZJdXvDCZKGxS8MahY8=" PayloadSize="55302" Path="FeaturesOnDemand\hu-hu\baseless\Microsoft-Windows-Composition-Test-FOD-Package~31bf3856ad364e35~wow64~hu-hu~.psf" PayloadType="ExpressPSF" />
      </Payload>
    </Package>
    <Package ID="Microsoft-Windows-DHCP-Tools-FoD-Package~31bf3856ad364e35~amd64~hu-hu~" InstalledSize="1808867" Version="10.0.20348.1">
      <SatelliteInfo>
        <ApplyToInfo>
          <ApplyTo Type="language" Value="hu-HU" />
        </ApplyToInfo>
      </SatelliteInfo>
      <Payload>
        <PayloadItem PayloadHash="tyZUjW4Y1B56rn2JnaPrYjPmtHMz58uORm787v867vQ=" PayloadSize="11089" Path="FeaturesOnDemand\hu-hu\baseless\Microsoft-Windows-DHCP-Tools-FoD-Package~31bf3856ad364e35~amd64~hu-hu~.cab" PayloadType="ExpressCab" />
        <PayloadItem PayloadHash="SQ83ph5vtp5wQL+xjxu/W246HnTxJLB/SBHxIMleX/Y=" PayloadSize="200711" Path="FeaturesOnDemand\hu-hu\baseless\Microsoft-Windows-DHCP-Tools-FoD-Package~31bf3856ad364e35~amd64~hu-hu~.psf" PayloadType="ExpressPSF" />
      </Payload>
    </Package>
    <Package ID="Microsoft-Windows-DHCP-Tools-FoD-Package~31bf3856ad364e35~wow64~hu-hu~" InstalledSize="461552" Version="10.0.20348.1">
      <SatelliteInfo>
        <ApplyToInfo>
          <ApplyTo Type="arch" Value="wow64" />
          <ApplyTo Type="language" Value="hu-HU" />
        </ApplyToInfo>
      </SatelliteInfo>
      <Payload>
        <PayloadItem PayloadHash="/NbK44wf6Nd+kfRV66r4UWZvruR2cf+4F12/sE76JrU=" PayloadSize="10241" Path="FeaturesOnDemand\hu-hu\baseless\Microsoft-Windows-DHCP-Tools-FoD-Package~31bf3856ad364e35~wow64~hu-hu~.cab" PayloadType="ExpressCab" />
        <PayloadItem PayloadHash="YNEFOnei3kpLdcQJgqWBrxdoRmc0Y5chSCLr8j3X9y8=" PayloadSize="86635" Path="FeaturesOnDemand\hu-hu\baseless\Microsoft-Windows-DHCP-Tools-FoD-Package~31bf3856ad364e35~wow64~hu-hu~.psf" PayloadType="ExpressPSF" />
      </Payload>
    </Package>
    <Package ID="Microsoft-Windows-DNS-Tools-FoD-Package~31bf3856ad364e35~amd64~hu-hu~" InstalledSize="1886543" Version="10.0.20348.1">
      <SatelliteInfo>
        <ApplyToInfo>
          <ApplyTo Type="language" Value="hu-HU" />
        </ApplyToInfo>
      </SatelliteInfo>
      <Payload>
        <PayloadItem PayloadHash="UGMi1MA9OkT8bQCy/iNraB11IGTwnx+XPSgWu/3146U=" PayloadSize="10967" Path="FeaturesOnDemand\hu-hu\baseless\Microsoft-Windows-DNS-Tools-FoD-Package~31bf3856ad364e35~amd64~hu-hu~.cab" PayloadType="ExpressCab" />
        <PayloadItem PayloadHash="XToomRCPym4O9SPW/ibbP/gA//EHJkYwyfjoiQvSRSo=" PayloadSize="223997" Path="FeaturesOnDemand\hu-hu\baseless\Microsoft-Windows-DNS-Tools-FoD-Package~31bf3856ad364e35~amd64~hu-hu~.psf" PayloadType="ExpressPSF" />
      </Payload>
    </Package>
    <Package ID="Microsoft-Windows-DNS-Tools-FoD-Package~31bf3856ad364e35~wow64~hu-hu~" InstalledSize="12301" Version="10.0.20348.1">
      <SatelliteInfo>
        <ApplyToInfo>
          <ApplyTo Type="arch" Value="wow64" />
          <ApplyTo Type="language" Value="hu-HU" />
        </ApplyToInfo>
      </SatelliteInfo>
      <Payload>
        <PayloadItem PayloadHash="MJfSKxFIJFABijaXkVPrl5Y75aVxc5YCuAckbqOOHqA=" PayloadSize="9911" Path="FeaturesOnDemand\hu-hu\baseless\Microsoft-Windows-DNS-Tools-FoD-Package~31bf3856ad364e35~wow64~hu-hu~.cab" PayloadType="ExpressCab" />
        <PayloadItem PayloadHash="1d8QfhS3Dpnav2tjVxmjdby4+PXsOopyQ1SVFMEwbJE=" PayloadSize="49691" Path="FeaturesOnDemand\hu-hu\baseless\Microsoft-Windows-DNS-Tools-FoD-Package~31bf3856ad364e35~wow64~hu-hu~.psf" PayloadType="ExpressPSF" />
      </Payload>
    </Package>
    <Package ID="Microsoft-Windows-EMS-SAC-Desktop-Tools-FoD-Package~31bf3856ad364e35~amd64~hu-hu~" InstalledSize="54741" Version="10.0.20348.1">
      <SatelliteInfo>
        <ApplyToInfo>
          <ApplyTo Type="language" Value="hu-HU" />
        </ApplyToInfo>
      </SatelliteInfo>
      <Payload>
        <PayloadItem PayloadHash="Rsa6O4C7dl+P19uJdhjJt0iwGxYmnUg/YCAN7R0jW3Y=" PayloadSize="10497" Path="FeaturesOnDemand\hu-hu\baseless\Microsoft-Windows-EMS-SAC-Desktop-Tools-FoD-Package~31bf3856ad364e35~amd64~hu-hu~.cab" PayloadType="ExpressCab" />
        <PayloadItem PayloadHash="ji/ZU0RqyA88WE7W4ZU0grfKThH5+4GFKdkbsa2XY5w=" PayloadSize="64545" Path="FeaturesOnDemand\hu-hu\baseless\Microsoft-Windows-EMS-SAC-Desktop-Tools-FoD-Package~31bf3856ad364e35~amd64~hu-hu~.psf" PayloadType="ExpressPSF" />
      </Payload>
    </Package>
    <Package ID="Microsoft-Windows-FailoverCluster-Management-Tools-FOD-Package~31bf3856ad364e35~amd64~hu-hu~" InstalledSize="9038963" Version="10.0.20348.1">
      <SatelliteInfo>
        <ApplyToInfo>
          <ApplyTo Type="language" Value="hu-HU" />
        </ApplyToInfo>
      </SatelliteInfo>
      <Payload>
        <PayloadItem PayloadHash="hyOS3wSsuS/ON0gomNOPH/WV7Hnyg8I60g5/ofIhcOA=" PayloadSize="16593" Path="FeaturesOnDemand\hu-hu\baseless\Microsoft-Windows-FailoverCluster-Management-Tools-FOD-Package~31bf3856ad364e35~amd64~hu-hu~.cab" PayloadType="ExpressCab" />
        <PayloadItem PayloadHash="XrmQ9T1gpzvvSx8tbaRsvf2JdGA8Q1naEzsehyXGJak=" PayloadSize="2467076" Path="FeaturesOnDemand\hu-hu\baseless\Microsoft-Windows-FailoverCluster-Management-Tools-FOD-Package~31bf3856ad364e35~amd64~hu-hu~.psf" PayloadType="ExpressPSF" />
      </Payload>
    </Package>
    <Package ID="Microsoft-Windows-FailoverCluster-Management-Tools-FOD-Package~31bf3856ad364e35~wow64~hu-hu~" InstalledSize="64602" Version="10.0.20348.1">
      <SatelliteInfo>
        <ApplyToInfo>
          <ApplyTo Type="arch" Value="wow64" />
          <ApplyTo Type="language" Value="hu-HU" />
        </ApplyToInfo>
      </SatelliteInfo>
      <Payload>
        <PayloadItem PayloadHash="kD857EszM7pqjzmKeVuO5OFey5mLlZBCFiQr4TUhCfc=" PayloadSize="10921" Path="FeaturesOnDemand\hu-hu\baseless\Microsoft-Windows-FailoverCluster-Management-Tools-FOD-Package~31bf3856ad364e35~wow64~hu-hu~.cab" PayloadType="ExpressCab" />
        <PayloadItem PayloadHash="19ex45PZNo1J5h3zt0M8yITEDey+uL0vkIPQdhKy3Vc=" PayloadSize="71021" Path="FeaturesOnDemand\hu-hu\baseless\Microsoft-Windows-FailoverCluster-Management-Tools-FOD-Package~31bf3856ad364e35~wow64~hu-hu~.psf" PayloadType="ExpressPSF" />
      </Payload>
    </Package>
    <Package ID="Microsoft-Windows-FileServices-Tools-FoD-Package~31bf3856ad364e35~amd64~hu-hu~" InstalledSize="4158279" Version="10.0.20348.1">
      <SatelliteInfo>
        <ApplyToInfo>
          <ApplyTo Type="language" Value="hu-HU" />
        </ApplyToInfo>
      </SatelliteInfo>
      <Payload>
        <PayloadItem PayloadHash="AgK67CfxmJ326AmT4NLwfLhKxcOXX53E5/IGryAfBDY=" PayloadSize="14817" Path="FeaturesOnDemand\hu-hu\baseless\Microsoft-Windows-FileServices-Tools-FoD-Package~31bf3856ad364e35~amd64~hu-hu~.cab" PayloadType="ExpressCab" />
        <PayloadItem PayloadHash="9NwqAdMb7mP2EU5gavvOXYfYWxBA/aPVrp7rv6Kz/JE=" PayloadSize="615084" Path="FeaturesOnDemand\hu-hu\baseless\Microsoft-Windows-FileServices-Tools-FoD-Package~31bf3856ad364e35~amd64~hu-hu~.psf" PayloadType="ExpressPSF" />
      </Payload>
    </Package>
    <Package ID="Microsoft-Windows-FileServices-Tools-FoD-Package~31bf3856ad364e35~wow64~hu-hu~" InstalledSize="187396" Version="10.0.20348.1">
      <SatelliteInfo>
        <ApplyToInfo>
          <ApplyTo Type="arch" Value="wow64" />
          <ApplyTo Type="language" Value="hu-HU" />
        </ApplyToInfo>
      </SatelliteInfo>
      <Payload>
        <PayloadItem PayloadHash="xfU4kKYLa6/RoCgZbc8eYZzd2DNmECXQVmS0ampp9WA=" PayloadSize="10597" Path="FeaturesOnDemand\hu-hu\baseless\Microsoft-Windows-FileServices-Tools-FoD-Package~31bf3856ad364e35~wow64~hu-hu~.cab" PayloadType="ExpressCab" />
        <PayloadItem PayloadHash="phQ4gHi7Ha8r1MlYIq4JFowzVrCwCgC5rVm7vqPYvg0=" PayloadSize="79507" Path="FeaturesOnDemand\hu-hu\baseless\Microsoft-Windows-FileServices-Tools-FoD-Package~31bf3856ad364e35~wow64~hu-hu~.psf" PayloadType="ExpressPSF" />
      </Payload>
    </Package>
    <Package ID="Microsoft-Windows-GroupPolicy-Management-Tools-FoD-Package~31bf3856ad364e35~amd64~hu-hu~" InstalledSize="2351768" Version="10.0.20348.1">
      <SatelliteInfo>
        <ApplyToInfo>
          <ApplyTo Type="language" Value="hu-HU" />
        </ApplyToInfo>
      </SatelliteInfo>
      <Payload>
        <PayloadItem PayloadHash="OeZ84SqsNg2NJNCN7XKIubqYnIPR3+u5oYGZB2rYtLg=" PayloadSize="13573" Path="FeaturesOnDemand\hu-hu\baseless\Microsoft-Windows-GroupPolicy-Management-Tools-FoD-Package~31bf3856ad364e35~amd64~hu-hu~.cab" PayloadType="ExpressCab" />
        <PayloadItem PayloadHash="GgvrD6nFiGuBJqBD5L/QSlmrNy8qIlS96wduToAUlIo=" PayloadSize="349678" Path="FeaturesOnDemand\hu-hu\baseless\Microsoft-Windows-GroupPolicy-Management-Tools-FoD-Package~31bf3856ad364e35~amd64~hu-hu~.psf" PayloadType="ExpressPSF" />
      </Payload>
    </Package>
    <Package ID="Microsoft-Windows-GroupPolicy-Management-Tools-FoD-Package~31bf3856ad364e35~wow64~hu-hu~" InstalledSize="335132" Version="10.0.20348.1">
      <SatelliteInfo>
        <ApplyToInfo>
          <ApplyTo Type="arch" Value="wow64" />
          <ApplyTo Type="language" Value="hu-HU" />
        </ApplyToInfo>
      </SatelliteInfo>
      <Payload>
        <PayloadItem PayloadHash="cm1cIGl2LuKJ7+bsxyj4KUZ+XGIVqpfnla2jdeCyO1Y=" PayloadSize="10391" Path="FeaturesOnDemand\hu-hu\baseless\Microsoft-Windows-GroupPolicy-Management-Tools-FoD-Package~31bf3856ad364e35~wow64~hu-hu~.cab" PayloadType="ExpressCab" />
        <PayloadItem PayloadHash="anfaI4kfLtqOY9ELbtFUplhUT3S312+51l3SmYwEHY8=" PayloadSize="93713" Path="FeaturesOnDemand\hu-hu\baseless\Microsoft-Windows-GroupPolicy-Management-Tools-FoD-Package~31bf3856ad364e35~wow64~hu-hu~.psf" PayloadType="ExpressPSF" />
      </Payload>
    </Package>
    <Package ID="Microsoft-Windows-IPAM-Client-FoD-Package~31bf3856ad364e35~amd64~hu-hu~" InstalledSize="107144" Version="10.0.20348.1">
      <SatelliteInfo>
        <ApplyToInfo>
          <ApplyTo Type="language" Value="hu-HU" />
        </ApplyToInfo>
      </SatelliteInfo>
      <Payload>
        <PayloadItem PayloadHash="H5dPvtLvqXfOJtx631uvLdJSf2B4NxC/JjB55pMupJw=" PayloadSize="10241" Path="FeaturesOnDemand\hu-hu\baseless\Microsoft-Windows-IPAM-Client-FoD-Package~31bf3856ad364e35~amd64~hu-hu~.cab" PayloadType="ExpressCab" />
        <PayloadItem PayloadHash="8kJW/6PoeYmBSW6mClrd02laCYJOj7U5YpKMObCg2SM=" PayloadSize="62561" Path="FeaturesOnDemand\hu-hu\baseless\Microsoft-Windows-IPAM-Client-FoD-Package~31bf3856ad364e35~amd64~hu-hu~.psf" PayloadType="ExpressPSF" />
      </Payload>
    </Package>
    <Package ID="Microsoft-Windows-IPAM-Client-FoD-Package~31bf3856ad364e35~wow64~hu-hu~" InstalledSize="25873" Version="10.0.20348.1">
      <SatelliteInfo>
        <ApplyToInfo>
          <ApplyTo Type="arch" Value="wow64" />
          <ApplyTo Type="language" Value="hu-HU" />
        </ApplyToInfo>
      </SatelliteInfo>
      <Payload>
        <PayloadItem PayloadHash="HuV6rELCDiDqMq+vdMgytmafML868KdlwLn91zBIRSg=" PayloadSize="10015" Path="FeaturesOnDemand\hu-hu\baseless\Microsoft-Windows-IPAM-Client-FoD-Package~31bf3856ad364e35~wow64~hu-hu~.cab" PayloadType="ExpressCab" />
        <PayloadItem PayloadHash="14hjeMxhRvQmHJitj9ejiGivzpMnufvHvelX4Rvc5v4=" PayloadSize="52247" Path="FeaturesOnDemand\hu-hu\baseless\Microsoft-Windows-IPAM-Client-FoD-Package~31bf3856ad364e35~wow64~hu-hu~.psf" PayloadType="ExpressPSF" />
      </Payload>
    </Package>
    <Package ID="Microsoft-Windows-IRDA-Package~31bf3856ad364e35~amd64~hu-hu~" InstalledSize="57409" Version="10.0.20348.1">
      <SatelliteInfo>
        <ApplyToInfo>
          <ApplyTo Type="language" Value="hu-HU" />
        </ApplyToInfo>
      </SatelliteInfo>
      <Payload>
        <PayloadItem PayloadHash="wOxN4cVDGh8epNpEgnV1w3wPw02l2tFKXGBNhEcicrk=" PayloadSize="10843" Path="FeaturesOnDemand\hu-hu\baseless\Microsoft-Windows-IRDA-Package~31bf3856ad364e35~amd64~hu-hu~.cab" PayloadType="ExpressCab" />
        <PayloadItem PayloadHash="pueZxhB1sIPVLAlY0++dNOgFuDK69o5r0Oa91X16Zlg=" PayloadSize="63732" Path="FeaturesOnDemand\hu-hu\baseless\Microsoft-Windows-IRDA-Package~31bf3856ad364e35~amd64~hu-hu~.psf" PayloadType="ExpressPSF" />
      </Payload>
    </Package>
    <Package ID="Microsoft-Windows-IRDA-Package~31bf3856ad364e35~wow64~hu-hu~" InstalledSize="11357" Version="10.0.20348.1">
      <SatelliteInfo>
        <ApplyToInfo>
          <ApplyTo Type="arch" Value="wow64" />
          <ApplyTo Type="language" Value="hu-HU" />
        </ApplyToInfo>
      </SatelliteInfo>
      <Payload>
        <PayloadItem PayloadHash="WJ0BUT+WcRjuPnLCzPiKDz3WPggRVFFS9CinV84ZFYY=" PayloadSize="9781" Path="FeaturesOnDemand\hu-hu\baseless\Microsoft-Windows-IRDA-Package~31bf3856ad364e35~wow64~hu-hu~.cab" PayloadType="ExpressCab" />
        <PayloadItem PayloadHash="99GUuzEkc8rCbieLdPh3Ya7gCIYh1kJryJSWLIxpi3k=" PayloadSize="49055" Path="FeaturesOnDemand\hu-hu\baseless\Microsoft-Windows-IRDA-Package~31bf3856ad364e35~wow64~hu-hu~.psf" PayloadType="ExpressPSF" />
      </Payload>
    </Package>
    <Package ID="Microsoft-Windows-Media-Features-Package~31bf3856ad364e35~amd64~hu-hu~" InstalledSize="1754367" Version="10.0.20348.1">
      <SatelliteInfo>
        <ApplyToInfo>
          <ApplyTo Type="language" Value="hu-HU" />
        </ApplyToInfo>
      </SatelliteInfo>
      <Payload>
        <PayloadItem PayloadHash="ZNbqYvT5HC6LMN5uanx+S5HtJuQrn+sh53Pa9HEOce0=" PayloadSize="29857" Path="FeaturesOnDemand\hu-hu\baseless\Microsoft-Windows-Media-Features-Package~31bf3856ad364e35~amd64~hu-hu~.cab" PayloadType="ExpressCab" />
        <PayloadItem PayloadHash="N+5wTItkdbUKmfi5yZTuaYDsjXYRNC2tDS0mtwu6klw=" PayloadSize="534854" Path="FeaturesOnDemand\hu-hu\baseless\Microsoft-Windows-Media-Features-Package~31bf3856ad364e35~amd64~hu-hu~.psf" PayloadType="ExpressPSF" />
      </Payload>
    </Package>
    <Package ID="Microsoft-Windows-Media-Features-Package~31bf3856ad364e35~wow64~hu-hu~" InstalledSize="362296" Version="10.0.20348.1">
      <SatelliteInfo>
        <ApplyToInfo>
          <ApplyTo Type="arch" Value="wow64" />
          <ApplyTo Type="language" Value="hu-HU" />
        </ApplyToInfo>
      </SatelliteInfo>
      <Payload>
        <PayloadItem PayloadHash="9cUFnm0ea8sUEYxegf4D2nsVnO4Mhr0ZjkhXKX+T2v4=" PayloadSize="18935" Path="FeaturesOnDemand\hu-hu\baseless\Microsoft-Windows-Media-Features-Package~31bf3856ad364e35~wow64~hu-hu~.cab" PayloadType="ExpressCab" />
        <PayloadItem PayloadHash="7TY9Z5qqEl9ml+Kpn+GaNEsxwE4rYsR3dZHZINjJhbE=" PayloadSize="252149" Path="FeaturesOnDemand\hu-hu\baseless\Microsoft-Windows-Media-Features-Package~31bf3856ad364e35~wow64~hu-hu~.psf" PayloadType="ExpressPSF" />
      </Payload>
    </Package>
    <Package ID="Microsoft-Windows-MSPaint-FoD-Package~31bf3856ad364e35~amd64~hu-hu~" InstalledSize="71480" Version="10.0.20348.1">
      <SatelliteInfo>
        <ApplyToInfo>
          <ApplyTo Type="language" Value="hu-HU" />
        </ApplyToInfo>
      </SatelliteInfo>
      <Payload>
        <PayloadItem PayloadHash="EJzAH1O4vW9jd81AELSlFJHL+mObnbPL8nmJCJdGTj0=" PayloadSize="9997" Path="FeaturesOnDemand\hu-hu\baseless\Microsoft-Windows-MSPaint-FoD-Package~31bf3856ad364e35~amd64~hu-hu~.cab" PayloadType="ExpressCab" />
        <PayloadItem PayloadHash="QyNg3bmmJFbQ8AjfFNGaqyStjVFK09juziOAKFnz41w=" PayloadSize="61711" Path="FeaturesOnDemand\hu-hu\baseless\Microsoft-Windows-MSPaint-FoD-Package~31bf3856ad364e35~amd64~hu-hu~.psf" PayloadType="ExpressPSF" />
      </Payload>
    </Package>
    <Package ID="Microsoft-Windows-MSPaint-FoD-Package~31bf3856ad364e35~wow64~hu-hu~" InstalledSize="71553" Version="10.0.20348.1">
      <SatelliteInfo>
        <ApplyToInfo>
          <ApplyTo Type="arch" Value="wow64" />
          <ApplyTo Type="language" Value="hu-HU" />
        </ApplyToInfo>
      </SatelliteInfo>
      <Payload>
        <PayloadItem PayloadHash="TQOrLQKeWl5KnDNJB/AT5af7ftNf3zYPuZMCvHbehFU=" PayloadSize="10019" Path="FeaturesOnDemand\hu-hu\baseless\Microsoft-Windows-MSPaint-FoD-Package~31bf3856ad364e35~wow64~hu-hu~.cab" PayloadType="ExpressCab" />
        <PayloadItem PayloadHash="nHktmRSIAoKVHAwEL012olPQLXjLzQmee2GD0OWWZiY=" PayloadSize="61744" Path="FeaturesOnDemand\hu-hu\baseless\Microsoft-Windows-MSPaint-FoD-Package~31bf3856ad364e35~wow64~hu-hu~.psf" PayloadType="ExpressPSF" />
      </Payload>
    </Package>
    <Package ID="Microsoft-Windows-NetworkController-Tools-FoD-Package~31bf3856ad364e35~amd64~hu-hu~" InstalledSize="68257" Version="10.0.20348.1">
      <SatelliteInfo>
        <ApplyToInfo>
          <ApplyTo Type="language" Value="hu-HU" />
        </ApplyToInfo>
      </SatelliteInfo>
      <Payload>
        <PayloadItem PayloadHash="iegqXeLuJRvRdB3HqyMUMtvHCxqz5LTPb+LdTlM3ZbY=" PayloadSize="10481" Path="FeaturesOnDemand\hu-hu\baseless\Microsoft-Windows-NetworkController-Tools-FoD-Package~31bf3856ad364e35~amd64~hu-hu~.cab" PayloadType="ExpressCab" />
        <PayloadItem PayloadHash="A9LJty9PSmhbgFzHkGyObaTWIyljTOC9sA7T4FpT+rU=" PayloadSize="70793" Path="FeaturesOnDemand\hu-hu\baseless\Microsoft-Windows-NetworkController-Tools-FoD-Package~31bf3856ad364e35~amd64~hu-hu~.psf" PayloadType="ExpressPSF" />
      </Payload>
    </Package>
    <Package ID="Microsoft-Windows-NetworkLoadBalancing-Tools-FoD-Package~31bf3856ad364e35~amd64~hu-hu~" InstalledSize="225008" Version="10.0.20348.1">
      <SatelliteInfo>
        <ApplyToInfo>
          <ApplyTo Type="language" Value="hu-HU" />
        </ApplyToInfo>
      </SatelliteInfo>
      <Payload>
        <PayloadItem PayloadHash="WGQCAmFjoqdf3olGNkCDj7F+sL+3TW4biIq85yOlUno=" PayloadSize="10557" Path="FeaturesOnDemand\hu-hu\baseless\Microsoft-Windows-NetworkLoadBalancing-Tools-FoD-Package~31bf3856ad364e35~amd64~hu-hu~.cab" PayloadType="ExpressCab" />
        <PayloadItem PayloadHash="fomzHUSIEO5E+MCONChqtptXutG9kDo1U+BpBzxmZh0=" PayloadSize="88702" Path="FeaturesOnDemand\hu-hu\baseless\Microsoft-Windows-NetworkLoadBalancing-Tools-FoD-Package~31bf3856ad364e35~amd64~hu-hu~.psf" PayloadType="ExpressPSF" />
      </Payload>
    </Package>
    <Package ID="Microsoft-Windows-Notepad-FoD-Package~31bf3856ad364e35~amd64~hu-hu~" InstalledSize="24916" Version="10.0.20348.1">
      <SatelliteInfo>
        <ApplyToInfo>
          <ApplyTo Type="language" Value="hu-HU" />
        </ApplyToInfo>
      </SatelliteInfo>
      <Payload>
        <PayloadItem PayloadHash="bh6ieebBNZlDSXNOuN49K8fuwBzwbthQGR9mJNspcCw=" PayloadSize="10019" Path="FeaturesOnDemand\hu-hu\baseless\Microsoft-Windows-Notepad-FoD-Package~31bf3856ad364e35~amd64~hu-hu~.cab" PayloadType="ExpressCab" />
        <PayloadItem PayloadHash="Lur5mIrL3JnX3Pv0fuppYXcxAMme8KXuJH3WR9fr8mQ=" PayloadSize="53834" Path="FeaturesOnDemand\hu-hu\baseless\Microsoft-Windows-Notepad-FoD-Package~31bf3856ad364e35~amd64~hu-hu~.psf" PayloadType="ExpressPSF" />
      </Payload>
    </Package>
    <Package ID="Microsoft-Windows-Notepad-FoD-Package~31bf3856ad364e35~wow64~hu-hu~" InstalledSize="11141" Version="10.0.20348.1">
      <SatelliteInfo>
        <ApplyToInfo>
          <ApplyTo Type="arch" Value="wow64" />
          <ApplyTo Type="language" Value="hu-HU" />
        </ApplyToInfo>
      </SatelliteInfo>
      <Payload>
        <PayloadItem PayloadHash="Zh0O0VIXAMUKX1v+gOdZt33pd4Cg38kqFZNoIpdi5oc=" PayloadSize="9781" Path="FeaturesOnDemand\hu-hu\baseless\Microsoft-Windows-Notepad-FoD-Package~31bf3856ad364e35~wow64~hu-hu~.cab" PayloadType="ExpressCab" />
        <PayloadItem PayloadHash="JjHEiA1rxD/ksaAfKwBBnv9qZ8+f/U7Ugb6KOGzC/CQ=" PayloadSize="48978" Path="FeaturesOnDemand\hu-hu\baseless\Microsoft-Windows-Notepad-FoD-Package~31bf3856ad364e35~wow64~hu-hu~.psf" PayloadType="ExpressPSF" />
      </Payload>
    </Package>
    <Package ID="Microsoft-Windows-PowerShell-ISE-FOD-Package~31bf3856ad364e35~amd64~hu-hu~" InstalledSize="870618" Version="10.0.20348.1">
      <SatelliteInfo>
        <ApplyToInfo>
          <ApplyTo Type="language" Value="hu-HU" />
        </ApplyToInfo>
      </SatelliteInfo>
      <Payload>
        <PayloadItem PayloadHash="kdgsvirEnSpvvbkkBFX5KjaK24XmwC5rgzrdWF0UOhU=" PayloadSize="10851" Path="FeaturesOnDemand\hu-hu\baseless\Microsoft-Windows-PowerShell-ISE-FOD-Package~31bf3856ad364e35~amd64~hu-hu~.cab" PayloadType="ExpressCab" />
        <PayloadItem PayloadHash="vV0WX/v47wsNMIQMRmfjQy5bkbnOgcGOLftTHWS26aw=" PayloadSize="342004" Path="FeaturesOnDemand\hu-hu\baseless\Microsoft-Windows-PowerShell-ISE-FOD-Package~31bf3856ad364e35~amd64~hu-hu~.psf" PayloadType="ExpressPSF" />
      </Payload>
    </Package>
    <Package ID="Microsoft-Windows-PowerShell-ISE-FOD-Package~31bf3856ad364e35~wow64~hu-hu~" InstalledSize="71291" Version="10.0.20348.1">
      <SatelliteInfo>
        <ApplyToInfo>
          <ApplyTo Type="arch" Value="wow64" />
          <ApplyTo Type="language" Value="hu-HU" />
        </ApplyToInfo>
      </SatelliteInfo>
      <Payload>
        <PayloadItem PayloadHash="fBMsi17g4/2UKLzKPtCjF3jvRe75e66xszlaj1Afljk=" PayloadSize="10045" Path="FeaturesOnDemand\hu-hu\baseless\Microsoft-Windows-PowerShell-ISE-FOD-Package~31bf3856ad364e35~wow64~hu-hu~.cab" PayloadType="ExpressCab" />
        <PayloadItem PayloadHash="ozBJvhRhYEm1FO+kvdvBQikM4PjMTWCbYQjg2NpmWj4=" PayloadSize="68679" Path="FeaturesOnDemand\hu-hu\baseless\Microsoft-Windows-PowerShell-ISE-FOD-Package~31bf3856ad364e35~wow64~hu-hu~.psf" PayloadType="ExpressPSF" />
      </Payload>
    </Package>
    <Package ID="Microsoft-Windows-Printing-PMCPPC-FoD-Package~31bf3856ad364e35~amd64~hu-hu~" InstalledSize="229323" Version="10.0.20348.1">
      <SatelliteInfo>
        <ApplyToInfo>
          <ApplyTo Type="language" Value="hu-HU" />
        </ApplyToInfo>
      </SatelliteInfo>
      <Payload>
        <PayloadItem PayloadHash="+ODLuSDAMbIjdfCyXnp/lzF0qU6eyupe4DKXAakeHJE=" PayloadSize="10279" Path="FeaturesOnDemand\hu-hu\baseless\Microsoft-Windows-Printing-PMCPPC-FoD-Package~31bf3856ad364e35~amd64~hu-hu~.cab" PayloadType="ExpressCab" />
        <PayloadItem PayloadHash="T+23KXf+MHgBg7u+GoEHQAC8jGqgB1MtEo2eQp8w2hU=" PayloadSize="80869" Path="FeaturesOnDemand\hu-hu\baseless\Microsoft-Windows-Printing-PMCPPC-FoD-Package~31bf3856ad364e35~amd64~hu-hu~.psf" PayloadType="ExpressPSF" />
      </Payload>
    </Package>
    <Package ID="Microsoft-Windows-Printing-WFS-FoD-Package~31bf3856ad364e35~amd64~hu-hu~" InstalledSize="546622" Version="10.0.20348.1">
      <SatelliteInfo>
        <ApplyToInfo>
          <ApplyTo Type="language" Value="hu-HU" />
        </ApplyToInfo>
      </SatelliteInfo>
      <Payload>
        <PayloadItem PayloadHash="EKt/+7vC/tuQRWLEw8CmXrdg+wct7GJrPUTwyJjT55E=" PayloadSize="11361" Path="FeaturesOnDemand\hu-hu\baseless\Microsoft-Windows-Printing-WFS-FoD-Package~31bf3856ad364e35~amd64~hu-hu~.cab" PayloadType="ExpressCab" />
        <PayloadItem PayloadHash="rT6FKMBd4Qu9HR89CHqeSS7/s2h2oolXl7Ox5FzKYjk=" PayloadSize="200220" Path="FeaturesOnDemand\hu-hu\baseless\Microsoft-Windows-Printing-WFS-FoD-Package~31bf3856ad364e35~amd64~hu-hu~.psf" PayloadType="ExpressPSF" />
      </Payload>
    </Package>
    <Package ID="Microsoft-Windows-RasCMAK-Client-Package~31bf3856ad364e35~amd64~hu-hu~" InstalledSize="251689" Version="10.0.20348.1">
      <SatelliteInfo>
        <ApplyToInfo>
          <ApplyTo Type="language" Value="hu-HU" />
        </ApplyToInfo>
      </SatelliteInfo>
      <Payload>
        <PayloadItem PayloadHash="5huDVR3fomWKv1a7QuPB3h7cn+zCtjNobsmtrbz4NlM=" PayloadSize="10483" Path="FeaturesOnDemand\hu-hu\baseless\Microsoft-Windows-RasCMAK-Client-Package~31bf3856ad364e35~amd64~hu-hu~.cab" PayloadType="ExpressCab" />
        <PayloadItem PayloadHash="KPifd8hRW5Qq/gcBC5rmhLvjwmhzeurDliNbk8x4vpA=" PayloadSize="120656" Path="FeaturesOnDemand\hu-hu\baseless\Microsoft-Windows-RasCMAK-Client-Package~31bf3856ad364e35~amd64~hu-hu~.psf" PayloadType="ExpressPSF" />
      </Payload>
    </Package>
    <Package ID="Microsoft-Windows-RasCMAK-Client-Package~31bf3856ad364e35~wow64~hu-hu~" InstalledSize="405332" Version="10.0.20348.1">
      <SatelliteInfo>
        <ApplyToInfo>
          <ApplyTo Type="arch" Value="wow64" />
          <ApplyTo Type="language" Value="hu-HU" />
        </ApplyToInfo>
      </SatelliteInfo>
      <Payload>
        <PayloadItem PayloadHash="G/9uQ0u4VTH6BH/JOC+qXPnQ04Y5xe4ipSzyW1XX0Ts=" PayloadSize="10585" Path="FeaturesOnDemand\hu-hu\baseless\Microsoft-Windows-RasCMAK-Client-Package~31bf3856ad364e35~wow64~hu-hu~.cab" PayloadType="ExpressCab" />
        <PayloadItem PayloadHash="cZvExRrmToPh6Sc3Bwg86IsmQkVYa408LPL2ac4aqok=" PayloadSize="323716" Path="FeaturesOnDemand\hu-hu\baseless\Microsoft-Windows-RasCMAK-Client-Package~31bf3856ad364e35~wow64~hu-hu~.psf" PayloadType="ExpressPSF" />
      </Payload>
    </Package>
    <Package ID="Microsoft-Windows-RasRip-Package~31bf3856ad364e35~amd64~hu-hu~" InstalledSize="26252" Version="10.0.20348.1">
      <SatelliteInfo>
        <ApplyToInfo>
          <ApplyTo Type="language" Value="hu-HU" />
        </ApplyToInfo>
      </SatelliteInfo>
      <Payload>
        <PayloadItem PayloadHash="mV+IjG4/Uv47gZ4DxenqcGW8OfADvkpANutSZE3iR1Y=" PayloadSize="10001" Path="FeaturesOnDemand\hu-hu\baseless\Microsoft-Windows-RasRip-Package~31bf3856ad364e35~amd64~hu-hu~.cab" PayloadType="ExpressCab" />
        <PayloadItem PayloadHash="zogC4kvXTYa1XkkXbyyB01VwOkCuBI6ydxGgKyIBwaU=" PayloadSize="52805" Path="FeaturesOnDemand\hu-hu\baseless\Microsoft-Windows-RasRip-Package~31bf3856ad364e35~amd64~hu-hu~.psf" PayloadType="ExpressPSF" />
      </Payload>
    </Package>
    <Package ID="Microsoft-Windows-RemoteAccess-Management-Tools-FoD-Package~31bf3856ad364e35~amd64~hu-hu~" InstalledSize="18710765" Version="10.0.20348.1">
      <SatelliteInfo>
        <ApplyToInfo>
          <ApplyTo Type="language" Value="hu-HU" />
        </ApplyToInfo>
      </SatelliteInfo>
      <Payload>
        <PayloadItem PayloadHash="ww+e66LfUF5gRUY4WuOKP3jmKP25M5U4nSXq54Mk/bE=" PayloadSize="12829" Path="FeaturesOnDemand\hu-hu\baseless\Microsoft-Windows-RemoteAccess-Management-Tools-FoD-Package~31bf3856ad364e35~amd64~hu-hu~.cab" PayloadType="ExpressCab" />
        <PayloadItem PayloadHash="WADbY9NBpO29pIzzpmp0thNmq18hbRpuJAFOIGPDUrQ=" PayloadSize="3411739" Path="FeaturesOnDemand\hu-hu\baseless\Microsoft-Windows-RemoteAccess-Management-Tools-FoD-Package~31bf3856ad364e35~amd64~hu-hu~.psf" PayloadType="ExpressPSF" />
      </Payload>
    </Package>
    <Package ID="Microsoft-Windows-RemoteAccess-Management-Tools-FoD-Package~31bf3856ad364e35~wow64~hu-hu~" InstalledSize="12653" Version="10.0.20348.1">
      <SatelliteInfo>
        <ApplyToInfo>
          <ApplyTo Type="arch" Value="wow64" />
          <ApplyTo Type="language" Value="hu-HU" />
        </ApplyToInfo>
      </SatelliteInfo>
      <Payload>
        <PayloadItem PayloadHash="zdfxd+kHZrxpv2NjzTcRYa0ZJoGIstMZNQd9bDgpkPI=" PayloadSize="9917" Path="FeaturesOnDemand\hu-hu\baseless\Microsoft-Windows-RemoteAccess-Management-Tools-FoD-Package~31bf3856ad364e35~wow64~hu-hu~.cab" PayloadType="ExpressCab" />
        <PayloadItem PayloadHash="wEUZKRu4BcoYj2T8MIIWEl3ID0urhP9+TvfHMOMKSMw=" PayloadSize="49703" Path="FeaturesOnDemand\hu-hu\baseless\Microsoft-Windows-RemoteAccess-Management-Tools-FoD-Package~31bf3856ad364e35~wow64~hu-hu~.psf" PayloadType="ExpressPSF" />
      </Payload>
    </Package>
    <Package ID="Microsoft-Windows-RemoteDesktop-Services-Tools-FoD-Package~31bf3856ad364e35~amd64~hu-hu~" InstalledSize="1533498" Version="10.0.20348.1">
      <SatelliteInfo>
        <ApplyToInfo>
          <ApplyTo Type="language" Value="hu-HU" />
        </ApplyToInfo>
      </SatelliteInfo>
      <Payload>
        <PayloadItem PayloadHash="HnSALJiTYABL5ynI/1d1HiQSxleuUhQr3fNHDANOF1U=" PayloadSize="11651" Path="FeaturesOnDemand\hu-hu\baseless\Microsoft-Windows-RemoteDesktop-Services-Tools-FoD-Package~31bf3856ad364e35~amd64~hu-hu~.cab" PayloadType="ExpressCab" />
        <PayloadItem PayloadHash="oRHPj1U0aIk41uHaj+TvIN2A1FPAtBG8soCXksDPTak=" PayloadSize="296370" Path="FeaturesOnDemand\hu-hu\baseless\Microsoft-Windows-RemoteDesktop-Services-Tools-FoD-Package~31bf3856ad364e35~amd64~hu-hu~.psf" PayloadType="ExpressPSF" />
      </Payload>
    </Package>
    <Package ID="Microsoft-Windows-Server-AppCompat-FoD-Package~31bf3856ad364e35~amd64~hu-hu~" InstalledSize="29098991" Version="10.0.20348.1">
      <SatelliteInfo>
        <ApplyToInfo>
          <ApplyTo Type="language" Value="hu-HU" />
        </ApplyToInfo>
      </SatelliteInfo>
      <Payload>
        <PayloadItem PayloadHash="Sv5muv7Yv51P6ZgZNX6pee3CGfoxV3GzFVOKWQza+6k=" PayloadSize="73735" Path="FeaturesOnDemand\hu-hu\baseless\Microsoft-Windows-Server-AppCompat-FoD-Package~31bf3856ad364e35~amd64~hu-hu~.cab" PayloadType="ExpressCab" />
        <PayloadItem PayloadHash="tWjlvMW3q6AiUpsX98S6gnqRm4MNTV+t0bBKfkmxU9g=" PayloadSize="7560461" Path="FeaturesOnDemand\hu-hu\baseless\Microsoft-Windows-Server-AppCompat-FoD-Package~31bf3856ad364e35~amd64~hu-hu~.psf" PayloadType="ExpressPSF" />
      </Payload>
    </Package>
    <Package ID="Microsoft-Windows-ServerManager-Tools-FoD-Package~31bf3856ad364e35~amd64~hu-hu~" InstalledSize="11115482" Version="10.0.20348.1">
      <SatelliteInfo>
        <ApplyToInfo>
          <ApplyTo Type="language" Value="hu-HU" />
        </ApplyToInfo>
      </SatelliteInfo>
      <Payload>
        <PayloadItem PayloadHash="o25BaLcjEceueiY0wl+y6wfb4gvbIwgTk7HMUCpf0Xo=" PayloadSize="23197" Path="FeaturesOnDemand\hu-hu\baseless\Microsoft-Windows-ServerManager-Tools-FoD-Package~31bf3856ad364e35~amd64~hu-hu~.cab" PayloadType="ExpressCab" />
        <PayloadItem PayloadHash="G9Di2Vndsv86P89RLZnPccqLmA8D124Ja38sAVuoZfc=" PayloadSize="2205487" Path="FeaturesOnDemand\hu-hu\baseless\Microsoft-Windows-ServerManager-Tools-FoD-Package~31bf3856ad364e35~amd64~hu-hu~.psf" PayloadType="ExpressPSF" />
      </Payload>
    </Package>
    <Package ID="Microsoft-Windows-ServerManager-Tools-FoD-Package~31bf3856ad364e35~wow64~hu-hu~" InstalledSize="1169047" Version="10.0.20348.1">
      <SatelliteInfo>
        <ApplyToInfo>
          <ApplyTo Type="arch" Value="wow64" />
          <ApplyTo Type="language" Value="hu-HU" />
        </ApplyToInfo>
      </SatelliteInfo>
      <Payload>
        <PayloadItem PayloadHash="OUYo0yoEFW9kVcF9FKX8lokLXyEoQcPCfC+ynRncheE=" PayloadSize="10755" Path="FeaturesOnDemand\hu-hu\baseless\Microsoft-Windows-ServerManager-Tools-FoD-Package~31bf3856ad364e35~wow64~hu-hu~.cab" PayloadType="ExpressCab" />
        <PayloadItem PayloadHash="CD9vSfx7HWlRFOEc2wjzMavOMVPbtmstO8EtbEFnrr0=" PayloadSize="340757" Path="FeaturesOnDemand\hu-hu\baseless\Microsoft-Windows-ServerManager-Tools-FoD-Package~31bf3856ad364e35~wow64~hu-hu~.psf" PayloadType="ExpressPSF" />
      </Payload>
    </Package>
    <Package ID="Microsoft-Windows-Shielded-VM-Tools-FoD-Package~31bf3856ad364e35~amd64~hu-hu~" InstalledSize="369108" Version="10.0.20348.1">
      <SatelliteInfo>
        <ApplyToInfo>
          <ApplyTo Type="language" Value="hu-HU" />
        </ApplyToInfo>
      </SatelliteInfo>
      <Payload>
        <PayloadItem PayloadHash="aFDp8/jR9aJ+LzH0CzFfalIstfTestM1NV2cMZeSb6c=" PayloadSize="14097" Path="FeaturesOnDemand\hu-hu\baseless\Microsoft-Windows-Shielded-VM-Tools-FoD-Package~31bf3856ad364e35~amd64~hu-hu~.cab" PayloadType="ExpressCab" />
        <PayloadItem PayloadHash="nJpGE1oR8YWgpmD6onC4gusg4viMUpPTdwJlBWGEI8g=" PayloadSize="160208" Path="FeaturesOnDemand\hu-hu\baseless\Microsoft-Windows-Shielded-VM-Tools-FoD-Package~31bf3856ad364e35~amd64~hu-hu~.psf" PayloadType="ExpressPSF" />
      </Payload>
    </Package>
    <Package ID="Microsoft-Windows-SNMP-Client-Package~31bf3856ad364e35~amd64~hu-hu~" InstalledSize="126830" Version="10.0.20348.1">
      <SatelliteInfo>
        <ApplyToInfo>
          <ApplyTo Type="language" Value="hu-HU" />
        </ApplyToInfo>
      </SatelliteInfo>
      <Payload>
        <PayloadItem PayloadHash="rPa7EisKs1gvgajYjY1xmdUvjQga7wZMaGwU1Q8J7Sk=" PayloadSize="11589" Path="FeaturesOnDemand\hu-hu\baseless\Microsoft-Windows-SNMP-Client-Package~31bf3856ad364e35~amd64~hu-hu~.cab" PayloadType="ExpressCab" />
        <PayloadItem PayloadHash="UvFeNwlodChveygO97Ae3n6ng7Zdrs6yCieifcYgyR4=" PayloadSize="90271" Path="FeaturesOnDemand\hu-hu\baseless\Microsoft-Windows-SNMP-Client-Package~31bf3856ad364e35~amd64~hu-hu~.psf" PayloadType="ExpressPSF" />
      </Payload>
    </Package>
    <Package ID="Microsoft-Windows-SNMP-Client-Package~31bf3856ad364e35~wow64~hu-hu~" InstalledSize="127077" Version="10.0.20348.1">
      <SatelliteInfo>
        <ApplyToInfo>
          <ApplyTo Type="arch" Value="wow64" />
          <ApplyTo Type="language" Value="hu-HU" />
        </ApplyToInfo>
      </SatelliteInfo>
      <Payload>
        <PayloadItem PayloadHash="Yv/hOAAU5g9Upnro9nqBoWiNUYakllWenUVndN6C2sY=" PayloadSize="11639" Path="FeaturesOnDemand\hu-hu\baseless\Microsoft-Windows-SNMP-Client-Package~31bf3856ad364e35~wow64~hu-hu~.cab" PayloadType="ExpressCab" />
        <PayloadItem PayloadHash="zOX22Ay5qgHwtwlj/TedQ+XChhpN6UkBFEuncjQKM6A=" PayloadSize="90373" Path="FeaturesOnDemand\hu-hu\baseless\Microsoft-Windows-SNMP-Client-Package~31bf3856ad364e35~wow64~hu-hu~.psf" PayloadType="ExpressPSF" />
      </Payload>
    </Package>
    <Package ID="Microsoft-Windows-StepsRecorder-Package~31bf3856ad364e35~amd64~hu-hu~" InstalledSize="25188" Version="10.0.20348.1">
      <SatelliteInfo>
        <ApplyToInfo>
          <ApplyTo Type="language" Value="hu-HU" />
        </ApplyToInfo>
      </SatelliteInfo>
      <Payload>
        <PayloadItem PayloadHash="hjZ2WtYqAqFAe3zWTQLBmc7NKXSEqJ/Nv4OPs+ylVNk=" PayloadSize="10011" Path="FeaturesOnDemand\hu-hu\baseless\Microsoft-Windows-StepsRecorder-Package~31bf3856ad364e35~amd64~hu-hu~.cab" PayloadType="ExpressCab" />
        <PayloadItem PayloadHash="r4YSDsG5GX6tKUZexnXCnFWaR1Lrg+wxvFpGUstWClg=" PayloadSize="53283" Path="FeaturesOnDemand\hu-hu\baseless\Microsoft-Windows-StepsRecorder-Package~31bf3856ad364e35~amd64~hu-hu~.psf" PayloadType="ExpressPSF" />
      </Payload>
    </Package>
    <Package ID="Microsoft-Windows-StepsRecorder-Package~31bf3856ad364e35~wow64~hu-hu~" InstalledSize="11396" Version="10.0.20348.1">
      <SatelliteInfo>
        <ApplyToInfo>
          <ApplyTo Type="arch" Value="wow64" />
          <ApplyTo Type="language" Value="hu-HU" />
        </ApplyToInfo>
      </SatelliteInfo>
      <Payload>
        <PayloadItem PayloadHash="TGhHusCxLZ8B/aeNk7TADaavyXWGy9gcMmwcRrLjlwY=" PayloadSize="9803" Path="FeaturesOnDemand\hu-hu\baseless\Microsoft-Windows-StepsRecorder-Package~31bf3856ad364e35~wow64~hu-hu~.cab" PayloadType="ExpressCab" />
        <PayloadItem PayloadHash="/UmapJWkIiDV/yOxS+tMbdpUICehU1c4DWyy0c0CzVw=" PayloadSize="49053" Path="FeaturesOnDemand\hu-hu\baseless\Microsoft-Windows-StepsRecorder-Package~31bf3856ad364e35~wow64~hu-hu~.psf" PayloadType="ExpressPSF" />
      </Payload>
    </Package>
    <Package ID="Microsoft-Windows-StorageManagement-FoD-Package~31bf3856ad364e35~amd64~hu-hu~" InstalledSize="1646625" Version="10.0.20348.1">
      <SatelliteInfo>
        <ApplyToInfo>
          <ApplyTo Type="language" Value="hu-HU" />
        </ApplyToInfo>
      </SatelliteInfo>
      <Payload>
        <PayloadItem PayloadHash="vjVxuT65cP5+smGZrN1xuQUfgUKusbkCSiZ+ZupJScQ=" PayloadSize="11843" Path="FeaturesOnDemand\hu-hu\baseless\Microsoft-Windows-StorageManagement-FoD-Package~31bf3856ad364e35~amd64~hu-hu~.cab" PayloadType="ExpressCab" />
        <PayloadItem PayloadHash="00M3jLEV1SQc6k455NDlH9k22vZ8fOhcbadi004Qxx4=" PayloadSize="186292" Path="FeaturesOnDemand\hu-hu\baseless\Microsoft-Windows-StorageManagement-FoD-Package~31bf3856ad364e35~amd64~hu-hu~.psf" PayloadType="ExpressPSF" />
      </Payload>
    </Package>
    <Package ID="Microsoft-Windows-StorageManagement-FoD-Package~31bf3856ad364e35~wow64~hu-hu~" InstalledSize="1084281" Version="10.0.20348.1">
      <SatelliteInfo>
        <ApplyToInfo>
          <ApplyTo Type="arch" Value="wow64" />
          <ApplyTo Type="language" Value="hu-HU" />
        </ApplyToInfo>
      </SatelliteInfo>
      <Payload>
        <PayloadItem PayloadHash="uMVDNoBd41Kw5LYvu3a296kQSI1D3sN2mzLhKdmB+oI=" PayloadSize="10631" Path="FeaturesOnDemand\hu-hu\baseless\Microsoft-Windows-StorageManagement-FoD-Package~31bf3856ad364e35~wow64~hu-hu~.cab" PayloadType="ExpressCab" />
        <PayloadItem PayloadHash="tkhQAetZ8WcsI3VVYj5DPWWpZPZg2SG1pFwpEU8c3dE=" PayloadSize="108774" Path="FeaturesOnDemand\hu-hu\baseless\Microsoft-Windows-StorageManagement-FoD-Package~31bf3856ad364e35~wow64~hu-hu~.psf" PayloadType="ExpressPSF" />
      </Payload>
    </Package>
    <Package ID="Microsoft-Windows-StorageMigrationService-Management-Tools-FOD-Package~31bf3856ad364e35~amd64~hu-hu~" InstalledSize="76434" Version="10.0.20348.1">
      <SatelliteInfo>
        <ApplyToInfo>
          <ApplyTo Type="language" Value="hu-HU" />
        </ApplyToInfo>
      </SatelliteInfo>
      <Payload>
        <PayloadItem PayloadHash="4iFHoM8XaVxSZxcSVdkzl4sfMHTm7lQsAYjW8dG0UXU=" PayloadSize="10285" Path="FeaturesOnDemand\hu-hu\baseless\Microsoft-Windows-StorageMigrationService-Management-Tools-FOD-Package~31bf3856ad364e35~amd64~hu-hu~.cab" PayloadType="ExpressCab" />
        <PayloadItem PayloadHash="peQyHHWMNU+vPOTo7GFKKQfAOfWKldbNp93c42CU1ls=" PayloadSize="68577" Path="FeaturesOnDemand\hu-hu\baseless\Microsoft-Windows-StorageMigrationService-Management-Tools-FOD-Package~31bf3856ad364e35~amd64~hu-hu~.psf" PayloadType="ExpressPSF" />
      </Payload>
    </Package>
    <Package ID="Microsoft-Windows-StorageReplica-Tools-FoD-Package~31bf3856ad364e35~amd64~hu-hu~" InstalledSize="396571" Version="10.0.20348.1">
      <SatelliteInfo>
        <ApplyToInfo>
          <ApplyTo Type="language" Value="hu-HU" />
        </ApplyToInfo>
      </SatelliteInfo>
      <Payload>
        <PayloadItem PayloadHash="8ZgyUv+aHwh1DGvsD308F7Nfa/se7IjczR3cknZJD+c=" PayloadSize="10631" Path="FeaturesOnDemand\hu-hu\baseless\Microsoft-Windows-StorageReplica-Tools-FoD-Package~31bf3856ad364e35~amd64~hu-hu~.cab" PayloadType="ExpressCab" />
        <PayloadItem PayloadHash="4XjYdJCz6hF19fnhWghHj3Wgmk3khhJgpnQCncArSzQ=" PayloadSize="107064" Path="FeaturesOnDemand\hu-hu\baseless\Microsoft-Windows-StorageReplica-Tools-FoD-Package~31bf3856ad364e35~amd64~hu-hu~.psf" PayloadType="ExpressPSF" />
      </Payload>
    </Package>
    <Package ID="Microsoft-Windows-SystemInsights-Management-Tools-FOD-Package~31bf3856ad364e35~amd64~hu-hu~" InstalledSize="39444" Version="10.0.20348.1">
      <SatelliteInfo>
        <ApplyToInfo>
          <ApplyTo Type="language" Value="hu-HU" />
        </ApplyToInfo>
      </SatelliteInfo>
      <Payload>
        <PayloadItem PayloadHash="dW90S8gHzZ9hD62yzqk25xP8nk3nzazqn7mlofT8vmA=" PayloadSize="10279" Path="FeaturesOnDemand\hu-hu\baseless\Microsoft-Windows-SystemInsights-Management-Tools-FOD-Package~31bf3856ad364e35~amd64~hu-hu~.cab" PayloadType="ExpressCab" />
        <PayloadItem PayloadHash="jJ69ISQKFnsPbYt5H17eZVP+Yc21zxhsCjiYO/oRNVA=" PayloadSize="60997" Path="FeaturesOnDemand\hu-hu\baseless\Microsoft-Windows-SystemInsights-Management-Tools-FOD-Package~31bf3856ad364e35~amd64~hu-hu~.psf" PayloadType="ExpressPSF" />
      </Payload>
    </Package>
    <Package ID="Microsoft-Windows-VolumeActivation-Tools-FoD-Package~31bf3856ad364e35~amd64~hu-hu~" InstalledSize="226538" Version="10.0.20348.1">
      <SatelliteInfo>
        <ApplyToInfo>
          <ApplyTo Type="language" Value="hu-HU" />
        </ApplyToInfo>
      </SatelliteInfo>
      <Payload>
        <PayloadItem PayloadHash="3JNgGq5vDTbZT68Yta4yrnAk0Af1svAnc4dxchU5yt8=" PayloadSize="10147" Path="FeaturesOnDemand\hu-hu\baseless\Microsoft-Windows-VolumeActivation-Tools-FoD-Package~31bf3856ad364e35~amd64~hu-hu~.cab" PayloadType="ExpressCab" />
        <PayloadItem PayloadHash="vRm1j8ZDNGCmN92wsF9BSFWFDJFypsHMdmA0oi/Ix0Y=" PayloadSize="172511" Path="FeaturesOnDemand\hu-hu\baseless\Microsoft-Windows-VolumeActivation-Tools-FoD-Package~31bf3856ad364e35~amd64~hu-hu~.psf" PayloadType="ExpressPSF" />
      </Payload>
    </Package>
    <Package ID="Microsoft-Windows-WirelessDisplay-FOD-Package~31bf3856ad364e35~amd64~hu-hu~" InstalledSize="34327" Version="10.0.20348.1">
      <SatelliteInfo>
        <ApplyToInfo>
          <ApplyTo Type="language" Value="hu-HU" />
        </ApplyToInfo>
      </SatelliteInfo>
      <Payload>
        <PayloadItem PayloadHash="9DduSSD1w6B4o4rGygSfUFLEUQ/uioBNbswH+RA6GaI=" PayloadSize="10259" Path="FeaturesOnDemand\hu-hu\baseless\Microsoft-Windows-WirelessDisplay-FOD-Package~31bf3856ad364e35~amd64~hu-hu~.cab" PayloadType="ExpressCab" />
        <PayloadItem PayloadHash="9KtbwLbwPkLZS1IO/9Q05AyppYjf6m4t4YCdnMxjO/8=" PayloadSize="61456" Path="FeaturesOnDemand\hu-hu\baseless\Microsoft-Windows-WirelessDisplay-FOD-Package~31bf3856ad364e35~amd64~hu-hu~.psf" PayloadType="ExpressPSF" />
      </Payload>
    </Package>
    <Package ID="Microsoft-Windows-WMI-SNMP-Provider-Client-Package~31bf3856ad364e35~amd64~hu-hu~" InstalledSize="53254" Version="10.0.20348.1">
      <SatelliteInfo>
        <ApplyToInfo>
          <ApplyTo Type="language" Value="hu-HU" />
        </ApplyToInfo>
      </SatelliteInfo>
      <Payload>
        <PayloadItem PayloadHash="g8lP4lKBDGR2oLjiH0OMpSOgP+yyhVNBCBwCNKY8Su0=" PayloadSize="10629" Path="FeaturesOnDemand\hu-hu\baseless\Microsoft-Windows-WMI-SNMP-Provider-Client-Package~31bf3856ad364e35~amd64~hu-hu~.cab" PayloadType="ExpressCab" />
        <PayloadItem PayloadHash="tNboYhPBb3GROKjmw6PFRrw6gskjU9jVXD1/SRbHcVM=" PayloadSize="64627" Path="FeaturesOnDemand\hu-hu\baseless\Microsoft-Windows-WMI-SNMP-Provider-Client-Package~31bf3856ad364e35~amd64~hu-hu~.psf" PayloadType="ExpressPSF" />
      </Payload>
    </Package>
    <Package ID="Microsoft-Windows-WMI-SNMP-Provider-Client-Package~31bf3856ad364e35~wow64~hu-hu~" InstalledSize="53331" Version="10.0.20348.1">
      <SatelliteInfo>
        <ApplyToInfo>
          <ApplyTo Type="arch" Value="wow64" />
          <ApplyTo Type="language" Value="hu-HU" />
        </ApplyToInfo>
      </SatelliteInfo>
      <Payload>
        <PayloadItem PayloadHash="Zo4POg8PKcqKQMbgQe20Kiw7e35t/Sye6td8xtXiXhg=" PayloadSize="10591" Path="FeaturesOnDemand\hu-hu\baseless\Microsoft-Windows-WMI-SNMP-Provider-Client-Package~31bf3856ad364e35~wow64~hu-hu~.cab" PayloadType="ExpressCab" />
        <PayloadItem PayloadHash="a1i3yhH+AHB4tv/HVsFC4atcv15pj48xRbq9gNtR2Oo=" PayloadSize="64729" Path="FeaturesOnDemand\hu-hu\baseless\Microsoft-Windows-WMI-SNMP-Provider-Client-Package~31bf3856ad364e35~wow64~hu-hu~.psf" PayloadType="ExpressPSF" />
      </Payload>
    </Package>
    <Package ID="Microsoft-Windows-WordPad-FoD-Package~31bf3856ad364e35~amd64~hu-hu~" InstalledSize="177972" Version="10.0.20348.1">
      <SatelliteInfo>
        <ApplyToInfo>
          <ApplyTo Type="language" Value="hu-HU" />
        </ApplyToInfo>
      </SatelliteInfo>
      <Payload>
        <PayloadItem PayloadHash="2LjdjYaNv1Ws9AX804XS1Ed9VQPcBJDl4Mijzgxqe3c=" PayloadSize="10001" Path="FeaturesOnDemand\hu-hu\baseless\Microsoft-Windows-WordPad-FoD-Package~31bf3856ad364e35~amd64~hu-hu~.cab" PayloadType="ExpressCab" />
        <PayloadItem PayloadHash="xn8H9OzNNq0VVeheUWiB/jedTI1+LufcYIIFlvI9JqY=" PayloadSize="63669" Path="FeaturesOnDemand\hu-hu\baseless\Microsoft-Windows-WordPad-FoD-Package~31bf3856ad364e35~amd64~hu-hu~.psf" PayloadType="ExpressPSF" />
      </Payload>
    </Package>
    <Package ID="Microsoft-Windows-WordPad-FoD-Package~31bf3856ad364e35~wow64~hu-hu~" InstalledSize="178067" Version="10.0.20348.1">
      <SatelliteInfo>
        <ApplyToInfo>
          <ApplyTo Type="arch" Value="wow64" />
          <ApplyTo Type="language" Value="hu-HU" />
        </ApplyToInfo>
      </SatelliteInfo>
      <Payload>
        <PayloadItem PayloadHash="9ZWyqmdcHZlF1l6Oe1MNxV7OnaDFVD1aYE8WgNxJ7q0=" PayloadSize="9991" Path="FeaturesOnDemand\hu-hu\baseless\Microsoft-Windows-WordPad-FoD-Package~31bf3856ad364e35~wow64~hu-hu~.cab" PayloadType="ExpressCab" />
        <PayloadItem PayloadHash="2uoAP4rIrgNCuii3sKq4I5OSRC5bjXJNUP8B+nhFIzg=" PayloadSize="63695" Path="FeaturesOnDemand\hu-hu\baseless\Microsoft-Windows-WordPad-FoD-Package~31bf3856ad364e35~wow64~hu-hu~.psf" PayloadType="ExpressPSF" />
      </Payload>
    </Package>
    <Package ID="Microsoft-Windows-WSUS-Tools-FoD-Package~31bf3856ad364e35~amd64~hu-hu~" InstalledSize="2932896" Version="10.0.20348.1">
      <SatelliteInfo>
        <ApplyToInfo>
          <ApplyTo Type="language" Value="hu-HU" />
        </ApplyToInfo>
      </SatelliteInfo>
      <Payload>
        <PayloadItem PayloadHash="hxiN6n+wlLNFNU1uLGTzuE9pEixNuLbDOttljC+1mUA=" PayloadSize="11147" Path="FeaturesOnDemand\hu-hu\baseless\Microsoft-Windows-WSUS-Tools-FoD-Package~31bf3856ad364e35~amd64~hu-hu~.cab" PayloadType="ExpressCab" />
        <PayloadItem PayloadHash="kl7kDDEuEkZPx82FgYFOuA/owel+DBtp8Iv997ngVS4=" PayloadSize="378365" Path="FeaturesOnDemand\hu-hu\baseless\Microsoft-Windows-WSUS-Tools-FoD-Package~31bf3856ad364e35~amd64~hu-hu~.psf" PayloadType="ExpressPSF" />
      </Payload>
    </Package>
  </Packages>
  <ValuePair />
</CompDB>