<?xml version="1.0" encoding="utf-8"?>
<CompDB xmlns:xsi="http://www.w3.org/2001/XMLSchema-instance" xmlns:xsd="http://www.w3.org/2001/XMLSchema" CreatedDate="2021-05-08T14:14:28.1249663Z" Revision="1" SchemaVersion="1.2" Product="Server" BuildID="cba57a24-14e8-e0d9-3b38-ce9d5f1c983e" BuildInfo="fe_release.20348.1.210507-1500" OSVersion="10.0.20348.1" BuildArch="amd64" ReleaseType="Production" Type="Baseless" Name="Baseless~amd64~Server~~nb-no" xmlns="http://schemas.microsoft.com/embedded/2004/10/ImageUpdate">
  <Tags Type="Language">
    <Tag Name="Language" Value="nb-no" />
    <Tag Name="UpdateType" Value="Baseless" />
  </Tags>
  <Features>
    <Feature Type="LanguagePack" FeatureID="Language.UI.Server~nb-no" FMID="MSDL" Group="Microsoft">
      <Packages>
        <Package ID="Microsoft-Windows-Server-LanguagePack-Package_nb-no~31bf3856ad364e35~amd64~nb-no~" PackageType="FeaturePackage" />
      </Packages>
    </Feature>
    <Feature Type="OnDemandFeature" FeatureID="Rsat.AzureStack.HCI.Management.Tools~~1.0" FMID="MSDN" Group="Microsoft">
      <Packages>
        <Package ID="Microsoft-AzureStack-HCI-Management-Tools-FOD-Package~31bf3856ad364e35~amd64~nb-no~" PackageType="SatellitePackage" />
      </Packages>
    </Feature>
    <Feature Type="OnDemandFeature" FeatureID="Microsoft.Onecore.StorageManagement~~1.0" FMID="MSDN" Group="Microsoft">
      <Packages>
        <Package ID="Microsoft-OneCore-StorageManagement-FoD-Package~31bf3856ad364e35~amd64~nb-no~" PackageType="SatellitePackage" />
        <Package ID="Microsoft-OneCore-StorageManagement-FoD-Package~31bf3856ad364e35~wow64~nb-no~" PackageType="SatellitePackage" />
      </Packages>
    </Feature>
    <Feature Type="OnDemandFeature" FeatureID="Rsat.ActiveDirectory.DS-LDS.Tools~~1.0" FMID="MSDN" Group="Microsoft">
      <Dependencies>
        <Feature FeatureID="Rsat.ServerManager.Tools~~1.0" />
      </Dependencies>
      <Packages>
        <Package ID="Microsoft-Windows-ActiveDirectory-DS-LDS-Tools-FoD-Package~31bf3856ad364e35~amd64~nb-no~" PackageType="SatellitePackage" />
        <Package ID="Microsoft-Windows-ActiveDirectory-DS-LDS-Tools-FoD-Package~31bf3856ad364e35~wow64~nb-no~" PackageType="SatellitePackage" />
      </Packages>
    </Feature>
    <Feature Type="OnDemandFeature" FeatureID="Rsat.BitLocker.Recovery.Tools~~1.0" FMID="MSDN" Group="Microsoft">
      <Dependencies>
        <Feature FeatureID="Rsat.ActiveDirectory.DS-LDS.Tools~~1.0" />
      </Dependencies>
      <Packages>
        <Package ID="Microsoft-Windows-BitLocker-Recovery-Tools-FoD-Package~31bf3856ad364e35~amd64~nb-no~" PackageType="SatellitePackage" />
      </Packages>
    </Feature>
    <Feature Type="OnDemandFeature" FeatureID="Rsat.CertificateServices.Tools~~1.0" FMID="MSDN" Group="Microsoft">
      <Packages>
        <Package ID="Microsoft-Windows-CertificateServices-Tools-FoD-Package~31bf3856ad364e35~amd64~nb-no~" PackageType="SatellitePackage" />
      </Packages>
    </Feature>
    <Feature Type="OnDemandFeature" FeatureID="Microsoft.Composition.Test~~1.0" FMID="MSDN" Group="Microsoft">
      <Packages>
        <Package ID="Microsoft-Windows-Composition-Test-FOD-Package~31bf3856ad364e35~amd64~nb-no~" PackageType="SatellitePackage" />
        <Package ID="Microsoft-Windows-Composition-Test-FOD-Package~31bf3856ad364e35~wow64~nb-no~" PackageType="SatellitePackage" />
      </Packages>
    </Feature>
    <Feature Type="OnDemandFeature" FeatureID="Rsat.DHCP.Tools~~1.0" FMID="MSDN" Group="Microsoft">
      <Packages>
        <Package ID="Microsoft-Windows-DHCP-Tools-FoD-Package~31bf3856ad364e35~amd64~nb-no~" PackageType="SatellitePackage" />
        <Package ID="Microsoft-Windows-DHCP-Tools-FoD-Package~31bf3856ad364e35~wow64~nb-no~" PackageType="SatellitePackage" />
      </Packages>
    </Feature>
    <Feature Type="OnDemandFeature" FeatureID="Rsat.Dns.Tools~~1.0" FMID="MSDN" Group="Microsoft">
      <Packages>
        <Package ID="Microsoft-Windows-DNS-Tools-FoD-Package~31bf3856ad364e35~amd64~nb-no~" PackageType="SatellitePackage" />
        <Package ID="Microsoft-Windows-DNS-Tools-FoD-Package~31bf3856ad364e35~wow64~nb-no~" PackageType="SatellitePackage" />
      </Packages>
    </Feature>
    <Feature Type="OnDemandFeature" FeatureID="Windows.Desktop.EMS-SAC.Tools~~1.0" FMID="MSDN" Group="Microsoft">
      <Packages>
        <Package ID="Microsoft-Windows-EMS-SAC-Desktop-Tools-FoD-Package~31bf3856ad364e35~amd64~nb-no~" PackageType="SatellitePackage" />
      </Packages>
    </Feature>
    <Feature Type="OnDemandFeature" FeatureID="Rsat.FailoverCluster.Management.Tools~~1.0" FMID="MSDN" Group="Microsoft">
      <Dependencies>
        <Feature FeatureID="Rsat.FileServices.Tools~~1.0" />
      </Dependencies>
      <Packages>
        <Package ID="Microsoft-Windows-FailoverCluster-Management-Tools-FOD-Package~31bf3856ad364e35~amd64~nb-no~" PackageType="SatellitePackage" />
        <Package ID="Microsoft-Windows-FailoverCluster-Management-Tools-FOD-Package~31bf3856ad364e35~wow64~nb-no~" PackageType="SatellitePackage" />
      </Packages>
    </Feature>
    <Feature Type="OnDemandFeature" FeatureID="Rsat.FileServices.Tools~~1.0" FMID="MSDN" Group="Microsoft">
      <Dependencies>
        <Feature FeatureID="Rsat.ServerManager.Tools~~1.0" />
      </Dependencies>
      <Packages>
        <Package ID="Microsoft-Windows-FileServices-Tools-FoD-Package~31bf3856ad364e35~amd64~nb-no~" PackageType="SatellitePackage" />
        <Package ID="Microsoft-Windows-FileServices-Tools-FoD-Package~31bf3856ad364e35~wow64~nb-no~" PackageType="SatellitePackage" />
      </Packages>
    </Feature>
    <Feature Type="OnDemandFeature" FeatureID="Rsat.GroupPolicy.Management.Tools~~1.0" FMID="MSDN" Group="Microsoft">
      <Packages>
        <Package ID="Microsoft-Windows-GroupPolicy-Management-Tools-FoD-Package~31bf3856ad364e35~amd64~nb-no~" PackageType="SatellitePackage" />
        <Package ID="Microsoft-Windows-GroupPolicy-Management-Tools-FoD-Package~31bf3856ad364e35~wow64~nb-no~" PackageType="SatellitePackage" />
      </Packages>
    </Feature>
    <Feature Type="OnDemandFeature" FeatureID="Rsat.IPAM.Client.Tools~~1.0" FMID="MSDN" Group="Microsoft">
      <Dependencies>
        <Feature FeatureID="Rsat.ServerManager.Tools~~1.0" />
      </Dependencies>
      <Packages>
        <Package ID="Microsoft-Windows-IPAM-Client-FoD-Package~31bf3856ad364e35~amd64~nb-no~" PackageType="SatellitePackage" />
        <Package ID="Microsoft-Windows-IPAM-Client-FoD-Package~31bf3856ad364e35~wow64~nb-no~" PackageType="SatellitePackage" />
      </Packages>
    </Feature>
    <Feature Type="OnDemandFeature" FeatureID="Network.Irda~~1.0" FMID="MSDN" Group="Microsoft">
      <Packages>
        <Package ID="Microsoft-Windows-IRDA-Package~31bf3856ad364e35~amd64~nb-no~" PackageType="SatellitePackage" />
        <Package ID="Microsoft-Windows-IRDA-Package~31bf3856ad364e35~wow64~nb-no~" PackageType="SatellitePackage" />
      </Packages>
    </Feature>
    <Feature Type="OnDemandFeature" FeatureID="Media.MediaFeaturePack~~1.0" FMID="MSDN" Group="Microsoft">
      <Packages>
        <Package ID="Microsoft-Windows-Media-Features-Package~31bf3856ad364e35~amd64~nb-no~" PackageType="SatellitePackage" />
        <Package ID="Microsoft-Windows-Media-Features-Package~31bf3856ad364e35~wow64~nb-no~" PackageType="SatellitePackage" />
      </Packages>
    </Feature>
    <Feature Type="OnDemandFeature" FeatureID="Microsoft.Windows.MSPaint~~1.0" FMID="MSDN" Group="Microsoft">
      <Packages>
        <Package ID="Microsoft-Windows-MSPaint-FoD-Package~31bf3856ad364e35~amd64~nb-no~" PackageType="SatellitePackage" />
        <Package ID="Microsoft-Windows-MSPaint-FoD-Package~31bf3856ad364e35~wow64~nb-no~" PackageType="SatellitePackage" />
      </Packages>
    </Feature>
    <Feature Type="OnDemandFeature" FeatureID="Rsat.NetworkController.Tools~~1.0" FMID="MSDN" Group="Microsoft">
      <Packages>
        <Package ID="Microsoft-Windows-NetworkController-Tools-FoD-Package~31bf3856ad364e35~amd64~nb-no~" PackageType="SatellitePackage" />
      </Packages>
    </Feature>
    <Feature Type="OnDemandFeature" FeatureID="Rsat.NetworkLoadBalancing.Tools~~1.0" FMID="MSDN" Group="Microsoft">
      <Packages>
        <Package ID="Microsoft-Windows-NetworkLoadBalancing-Tools-FoD-Package~31bf3856ad364e35~amd64~nb-no~" PackageType="SatellitePackage" />
      </Packages>
    </Feature>
    <Feature Type="OnDemandFeature" FeatureID="Microsoft.Windows.Notepad~~1.0" FMID="MSDN" Group="Microsoft">
      <Packages>
        <Package ID="Microsoft-Windows-Notepad-FoD-Package~31bf3856ad364e35~amd64~nb-no~" PackageType="SatellitePackage" />
        <Package ID="Microsoft-Windows-Notepad-FoD-Package~31bf3856ad364e35~wow64~nb-no~" PackageType="SatellitePackage" />
      </Packages>
    </Feature>
    <Feature Type="OnDemandFeature" FeatureID="Microsoft.Windows.PowerShell.ISE~~1.0" FMID="MSDN" Group="Microsoft">
      <Packages>
        <Package ID="Microsoft-Windows-PowerShell-ISE-FOD-Package~31bf3856ad364e35~amd64~nb-no~" PackageType="SatellitePackage" />
        <Package ID="Microsoft-Windows-PowerShell-ISE-FOD-Package~31bf3856ad364e35~wow64~nb-no~" PackageType="SatellitePackage" />
      </Packages>
    </Feature>
    <Feature Type="OnDemandFeature" FeatureID="Print.Management.Console~~1.0" FMID="MSDN" Group="Microsoft">
      <Packages>
        <Package ID="Microsoft-Windows-Printing-PMCPPC-FoD-Package~31bf3856ad364e35~amd64~nb-no~" PackageType="SatellitePackage" />
      </Packages>
    </Feature>
    <Feature Type="OnDemandFeature" FeatureID="Print.Fax.Scan~~1.0" FMID="MSDN" Group="Microsoft">
      <Packages>
        <Package ID="Microsoft-Windows-Printing-WFS-FoD-Package~31bf3856ad364e35~amd64~nb-no~" PackageType="SatellitePackage" />
      </Packages>
    </Feature>
    <Feature Type="OnDemandFeature" FeatureID="RasCMAK.Client~~1.0" FMID="MSDN" Group="Microsoft">
      <Packages>
        <Package ID="Microsoft-Windows-RasCMAK-Client-Package~31bf3856ad364e35~amd64~nb-no~" PackageType="SatellitePackage" />
        <Package ID="Microsoft-Windows-RasCMAK-Client-Package~31bf3856ad364e35~wow64~nb-no~" PackageType="SatellitePackage" />
      </Packages>
    </Feature>
    <Feature Type="OnDemandFeature" FeatureID="RIP.Listener~~1.0" FMID="MSDN" Group="Microsoft">
      <Packages>
        <Package ID="Microsoft-Windows-RasRip-Package~31bf3856ad364e35~amd64~nb-no~" PackageType="SatellitePackage" />
      </Packages>
    </Feature>
    <Feature Type="OnDemandFeature" FeatureID="Rsat.RemoteAccess.Management.Tools~~1.0" FMID="MSDN" Group="Microsoft">
      <Dependencies>
        <Feature FeatureID="Rsat.GroupPolicy.Management.Tools~~1.0" />
        <Feature FeatureID="Rsat.ServerManager.Tools~~1.0" />
      </Dependencies>
      <Packages>
        <Package ID="Microsoft-Windows-RemoteAccess-Management-Tools-FoD-Package~31bf3856ad364e35~amd64~nb-no~" PackageType="SatellitePackage" />
        <Package ID="Microsoft-Windows-RemoteAccess-Management-Tools-FoD-Package~31bf3856ad364e35~wow64~nb-no~" PackageType="SatellitePackage" />
      </Packages>
    </Feature>
    <Feature Type="OnDemandFeature" FeatureID="Rsat.RemoteDesktop.Services.Tools~~1.0" FMID="MSDN" Group="Microsoft">
      <Packages>
        <Package ID="Microsoft-Windows-RemoteDesktop-Services-Tools-FoD-Package~31bf3856ad364e35~amd64~nb-no~" PackageType="SatellitePackage" />
      </Packages>
    </Feature>
    <Feature Type="OnDemandFeature" FeatureID="ServerCore.AppCompatibility~~1.0" FMID="MSDN" Group="Microsoft">
      <Packages>
        <Package ID="Microsoft-Windows-Server-AppCompat-FoD-Package~31bf3856ad364e35~amd64~nb-no~" PackageType="SatellitePackage" />
      </Packages>
    </Feature>
    <Feature Type="OnDemandFeature" FeatureID="Rsat.ServerManager.Tools~~1.0" FMID="MSDN" Group="Microsoft">
      <Packages>
        <Package ID="Microsoft-Windows-ServerManager-Tools-FoD-Package~31bf3856ad364e35~amd64~nb-no~" PackageType="SatellitePackage" />
        <Package ID="Microsoft-Windows-ServerManager-Tools-FoD-Package~31bf3856ad364e35~wow64~nb-no~" PackageType="SatellitePackage" />
      </Packages>
    </Feature>
    <Feature Type="OnDemandFeature" FeatureID="Rsat.Shielded.VM.Tools~~1.0" FMID="MSDN" Group="Microsoft">
      <Dependencies>
        <Feature FeatureID="Rsat.ServerManager.Tools~~1.0" />
      </Dependencies>
      <Packages>
        <Package ID="Microsoft-Windows-Shielded-VM-Tools-FoD-Package~31bf3856ad364e35~amd64~nb-no~" PackageType="SatellitePackage" />
      </Packages>
    </Feature>
    <Feature Type="OnDemandFeature" FeatureID="SNMP.Client~~1.0" FMID="MSDN" Group="Microsoft">
      <Packages>
        <Package ID="Microsoft-Windows-SNMP-Client-Package~31bf3856ad364e35~amd64~nb-no~" PackageType="SatellitePackage" />
        <Package ID="Microsoft-Windows-SNMP-Client-Package~31bf3856ad364e35~wow64~nb-no~" PackageType="SatellitePackage" />
      </Packages>
    </Feature>
    <Feature Type="OnDemandFeature" FeatureID="App.StepsRecorder~~1.0" FMID="MSDN" Group="Microsoft">
      <Packages>
        <Package ID="Microsoft-Windows-StepsRecorder-Package~31bf3856ad364e35~amd64~nb-no~" PackageType="SatellitePackage" />
        <Package ID="Microsoft-Windows-StepsRecorder-Package~31bf3856ad364e35~wow64~nb-no~" PackageType="SatellitePackage" />
      </Packages>
    </Feature>
    <Feature Type="OnDemandFeature" FeatureID="Microsoft.Windows.StorageManagement~~1.0" FMID="MSDN" Group="Microsoft">
      <Packages>
        <Package ID="Microsoft-Windows-StorageManagement-FoD-Package~31bf3856ad364e35~amd64~nb-no~" PackageType="SatellitePackage" />
        <Package ID="Microsoft-Windows-StorageManagement-FoD-Package~31bf3856ad364e35~wow64~nb-no~" PackageType="SatellitePackage" />
      </Packages>
    </Feature>
    <Feature Type="OnDemandFeature" FeatureID="Rsat.StorageMigrationService.Management.Tools~~1.0" FMID="MSDN" Group="Microsoft">
      <Packages>
        <Package ID="Microsoft-Windows-StorageMigrationService-Management-Tools-FOD-Package~31bf3856ad364e35~amd64~nb-no~" PackageType="SatellitePackage" />
      </Packages>
    </Feature>
    <Feature Type="OnDemandFeature" FeatureID="Rsat.StorageReplica.Tools~~1.0" FMID="MSDN" Group="Microsoft">
      <Packages>
        <Package ID="Microsoft-Windows-StorageReplica-Tools-FoD-Package~31bf3856ad364e35~amd64~nb-no~" PackageType="SatellitePackage" />
      </Packages>
    </Feature>
    <Feature Type="OnDemandFeature" FeatureID="Rsat.SystemInsights.Management.Tools~~1.0" FMID="MSDN" Group="Microsoft">
      <Packages>
        <Package ID="Microsoft-Windows-SystemInsights-Management-Tools-FOD-Package~31bf3856ad364e35~amd64~nb-no~" PackageType="SatellitePackage" />
      </Packages>
    </Feature>
    <Feature Type="OnDemandFeature" FeatureID="Rsat.VolumeActivation.Tools~~1.0" FMID="MSDN" Group="Microsoft">
      <Packages>
        <Package ID="Microsoft-Windows-VolumeActivation-Tools-FoD-Package~31bf3856ad364e35~amd64~nb-no~" PackageType="SatellitePackage" />
      </Packages>
    </Feature>
    <Feature Type="OnDemandFeature" FeatureID="App.WirelessDisplay.Connect~~1.0" FMID="MSDN" Group="Microsoft">
      <Packages>
        <Package ID="Microsoft-Windows-WirelessDisplay-FOD-Package~31bf3856ad364e35~amd64~nb-no~" PackageType="SatellitePackage" />
      </Packages>
    </Feature>
    <Feature Type="OnDemandFeature" FeatureID="WMI-SNMP-Provider.Client~~1.0" FMID="MSDN" Group="Microsoft">
      <Dependencies>
        <Feature FeatureID="SNMP.Client~~1.0" />
      </Dependencies>
      <Packages>
        <Package ID="Microsoft-Windows-WMI-SNMP-Provider-Client-Package~31bf3856ad364e35~amd64~nb-no~" PackageType="SatellitePackage" />
        <Package ID="Microsoft-Windows-WMI-SNMP-Provider-Client-Package~31bf3856ad364e35~wow64~nb-no~" PackageType="SatellitePackage" />
      </Packages>
    </Feature>
    <Feature Type="OnDemandFeature" FeatureID="Microsoft.Windows.WordPad~~1.0" FMID="MSDN" Group="Microsoft">
      <Packages>
        <Package ID="Microsoft-Windows-WordPad-FoD-Package~31bf3856ad364e35~amd64~nb-no~" PackageType="SatellitePackage" />
        <Package ID="Microsoft-Windows-WordPad-FoD-Package~31bf3856ad364e35~wow64~nb-no~" PackageType="SatellitePackage" />
      </Packages>
    </Feature>
    <Feature Type="OnDemandFeature" FeatureID="Rsat.WSUS.Tools~~1.0" FMID="MSDN" Group="Microsoft">
      <Packages>
        <Package ID="Microsoft-Windows-WSUS-Tools-FoD-Package~31bf3856ad364e35~amd64~nb-no~" PackageType="SatellitePackage" />
      </Packages>
    </Feature>
  </Features>
  <Packages>
    <Package ID="Microsoft-Windows-Server-LanguagePack-Package_nb-no~31bf3856ad364e35~amd64~nb-no~" InstalledSize="308653798" Version="10.0.20348.1">
      <SatelliteInfo>
        <DeclareInfo>
          <Declare Type="language" Value="nb-NO" />
        </DeclareInfo>
      </SatelliteInfo>
      <Payload>
        <PayloadItem PayloadHash="eaQj9iqP80zg6HQmuJ/hBcbrbgfIQUJ3CeytWRz5KTE=" PayloadSize="1169689" Path="UUP\Desktop\editionpackages\nb-no\Server\baseless\Microsoft-Windows-Server-LanguagePack-Package_nb-no~31bf3856ad364e35~amd64~nb-no~.cab" PayloadType="ExpressCab" />
        <PayloadItem PayloadHash="5n2KN60B+uzpQUWaTjUpU+fFePav9bHg1+H+SIU6zsk=" PayloadSize="62436230" Path="UUP\Desktop\editionpackages\nb-no\Server\baseless\Microsoft-Windows-Server-LanguagePack-Package_nb-no~31bf3856ad364e35~amd64~nb-no~.psf" PayloadType="ExpressPSF" />
      </Payload>
    </Package>
    <Package ID="Microsoft-AzureStack-HCI-Management-Tools-FOD-Package~31bf3856ad364e35~amd64~nb-no~" InstalledSize="33244" Version="10.0.20348.1">
      <SatelliteInfo>
        <ApplyToInfo>
          <ApplyTo Type="language" Value="nb-NO" />
        </ApplyToInfo>
      </SatelliteInfo>
      <Payload>
        <PayloadItem PayloadHash="BfQAJ7Qnf2/n8SoCuIKo7+yUuQzW8AqDH4qTLQ2SYUU=" PayloadSize="10285" Path="FeaturesOnDemand\nb-no\baseless\Microsoft-AzureStack-HCI-Management-Tools-FOD-Package~31bf3856ad364e35~amd64~nb-no~.cab" PayloadType="ExpressCab" />
        <PayloadItem PayloadHash="mZI9SHfkNzhuToVh2/+10dBI4usTon1OQYiOKUj4c6M=" PayloadSize="59918" Path="FeaturesOnDemand\nb-no\baseless\Microsoft-AzureStack-HCI-Management-Tools-FOD-Package~31bf3856ad364e35~amd64~nb-no~.psf" PayloadType="ExpressPSF" />
      </Payload>
    </Package>
    <Package ID="Microsoft-OneCore-StorageManagement-FoD-Package~31bf3856ad364e35~amd64~nb-no~" InstalledSize="1987952" Version="10.0.20348.1">
      <SatelliteInfo>
        <ApplyToInfo>
          <ApplyTo Type="language" Value="nb-NO" />
        </ApplyToInfo>
      </SatelliteInfo>
      <Payload>
        <PayloadItem PayloadHash="y/1vv+OUJOTIRXQ6e2JIbqfjnPNzfeQVvS5cJN1WoNU=" PayloadSize="11373" Path="FeaturesOnDemand\nb-no\baseless\Microsoft-OneCore-StorageManagement-FoD-Package~31bf3856ad364e35~amd64~nb-no~.cab" PayloadType="ExpressCab" />
        <PayloadItem PayloadHash="mh1OYwNBD5Afy9vBZvVFLVlT0IuUBWNLETd8FQuf9NY=" PayloadSize="184886" Path="FeaturesOnDemand\nb-no\baseless\Microsoft-OneCore-StorageManagement-FoD-Package~31bf3856ad364e35~amd64~nb-no~.psf" PayloadType="ExpressPSF" />
      </Payload>
    </Package>
    <Package ID="Microsoft-OneCore-StorageManagement-FoD-Package~31bf3856ad364e35~wow64~nb-no~" InstalledSize="1081674" Version="10.0.20348.1">
      <SatelliteInfo>
        <ApplyToInfo>
          <ApplyTo Type="arch" Value="wow64" />
          <ApplyTo Type="language" Value="nb-NO" />
        </ApplyToInfo>
      </SatelliteInfo>
      <Payload>
        <PayloadItem PayloadHash="Q80zNqT+k4fyM+2WXlNdw8EzDP5o//iO7fq8ZS5CfuQ=" PayloadSize="10421" Path="FeaturesOnDemand\nb-no\baseless\Microsoft-OneCore-StorageManagement-FoD-Package~31bf3856ad364e35~wow64~nb-no~.cab" PayloadType="ExpressCab" />
        <PayloadItem PayloadHash="jTyMzMsgrclraW1M5+oJ4OCJ2oh+IDtwEHPOm7yTzcI=" PayloadSize="107753" Path="FeaturesOnDemand\nb-no\baseless\Microsoft-OneCore-StorageManagement-FoD-Package~31bf3856ad364e35~wow64~nb-no~.psf" PayloadType="ExpressPSF" />
      </Payload>
    </Package>
    <Package ID="Microsoft-Windows-ActiveDirectory-DS-LDS-Tools-FoD-Package~31bf3856ad364e35~amd64~nb-no~" InstalledSize="5639521" Version="10.0.20348.1">
      <SatelliteInfo>
        <ApplyToInfo>
          <ApplyTo Type="language" Value="nb-NO" />
        </ApplyToInfo>
      </SatelliteInfo>
      <Payload>
        <PayloadItem PayloadHash="mOOD+59luAJN9wSJr0TR16S17SJd4x06lp/f3pKF4Gw=" PayloadSize="17401" Path="FeaturesOnDemand\nb-no\baseless\Microsoft-Windows-ActiveDirectory-DS-LDS-Tools-FoD-Package~31bf3856ad364e35~amd64~nb-no~.cab" PayloadType="ExpressCab" />
        <PayloadItem PayloadHash="vp6g1nXfWLRTn/OL7EAm29/oNtLJPtStIJ30mGhWO9U=" PayloadSize="905931" Path="FeaturesOnDemand\nb-no\baseless\Microsoft-Windows-ActiveDirectory-DS-LDS-Tools-FoD-Package~31bf3856ad364e35~amd64~nb-no~.psf" PayloadType="ExpressPSF" />
      </Payload>
    </Package>
    <Package ID="Microsoft-Windows-ActiveDirectory-DS-LDS-Tools-FoD-Package~31bf3856ad364e35~wow64~nb-no~" InstalledSize="794406" Version="10.0.20348.1">
      <SatelliteInfo>
        <ApplyToInfo>
          <ApplyTo Type="arch" Value="wow64" />
          <ApplyTo Type="language" Value="nb-NO" />
        </ApplyToInfo>
      </SatelliteInfo>
      <Payload>
        <PayloadItem PayloadHash="/6VryUel2xIo3vlWEwjXsUiwRgufQttKZSwggHmwVpI=" PayloadSize="11277" Path="FeaturesOnDemand\nb-no\baseless\Microsoft-Windows-ActiveDirectory-DS-LDS-Tools-FoD-Package~31bf3856ad364e35~wow64~nb-no~.cab" PayloadType="ExpressCab" />
        <PayloadItem PayloadHash="Xm1rTi1VFzXzN1SEB/WmmNNM0AQmncSTMTeTwfDbsk8=" PayloadSize="151062" Path="FeaturesOnDemand\nb-no\baseless\Microsoft-Windows-ActiveDirectory-DS-LDS-Tools-FoD-Package~31bf3856ad364e35~wow64~nb-no~.psf" PayloadType="ExpressPSF" />
      </Payload>
    </Package>
    <Package ID="Microsoft-Windows-BitLocker-Recovery-Tools-FoD-Package~31bf3856ad364e35~amd64~nb-no~" InstalledSize="31688" Version="10.0.20348.1">
      <SatelliteInfo>
        <ApplyToInfo>
          <ApplyTo Type="language" Value="nb-NO" />
        </ApplyToInfo>
      </SatelliteInfo>
      <Payload>
        <PayloadItem PayloadHash="PRreOQ6LGc7jHa4kfP3eQbUJ+6q740/yd3CBa87FaSc=" PayloadSize="10267" Path="FeaturesOnDemand\nb-no\baseless\Microsoft-Windows-BitLocker-Recovery-Tools-FoD-Package~31bf3856ad364e35~amd64~nb-no~.cab" PayloadType="ExpressCab" />
        <PayloadItem PayloadHash="XJsNhwvTvGG2+A+27ke7M6Q/7heU+mMFsR+FycpEguM=" PayloadSize="58643" Path="FeaturesOnDemand\nb-no\baseless\Microsoft-Windows-BitLocker-Recovery-Tools-FoD-Package~31bf3856ad364e35~amd64~nb-no~.psf" PayloadType="ExpressPSF" />
      </Payload>
    </Package>
    <Package ID="Microsoft-Windows-CertificateServices-Tools-FoD-Package~31bf3856ad364e35~amd64~nb-no~" InstalledSize="996065" Version="10.0.20348.1">
      <SatelliteInfo>
        <ApplyToInfo>
          <ApplyTo Type="language" Value="nb-NO" />
        </ApplyToInfo>
      </SatelliteInfo>
      <Payload>
        <PayloadItem PayloadHash="/pQAkXlpPctOiiDsrFJHorzxT4VLTJMC6sAGkp0/ER4=" PayloadSize="12119" Path="FeaturesOnDemand\nb-no\baseless\Microsoft-Windows-CertificateServices-Tools-FoD-Package~31bf3856ad364e35~amd64~nb-no~.cab" PayloadType="ExpressCab" />
        <PayloadItem PayloadHash="Yxh/zDRuJmmhuw1Bv7tBKgVO1hWHVoAQAt9XZIGNR9g=" PayloadSize="190952" Path="FeaturesOnDemand\nb-no\baseless\Microsoft-Windows-CertificateServices-Tools-FoD-Package~31bf3856ad364e35~amd64~nb-no~.psf" PayloadType="ExpressPSF" />
      </Payload>
    </Package>
    <Package ID="Microsoft-Windows-Composition-Test-FOD-Package~31bf3856ad364e35~amd64~nb-no~" InstalledSize="21093" Version="10.0.20348.1">
      <SatelliteInfo>
        <ApplyToInfo>
          <ApplyTo Type="language" Value="nb-NO" />
        </ApplyToInfo>
      </SatelliteInfo>
      <Payload>
        <PayloadItem PayloadHash="iueeN/RD76j9BJ/HhAgpI2huHyWO2M+K4PNfmAb8Kbg=" PayloadSize="10007" Path="FeaturesOnDemand\nb-no\baseless\Microsoft-Windows-Composition-Test-FOD-Package~31bf3856ad364e35~amd64~nb-no~.cab" PayloadType="ExpressCab" />
        <PayloadItem PayloadHash="FssS4hapSEwfg0o6W36EBoi3wtEbPU/fnsLYlmi8SKo=" PayloadSize="55272" Path="FeaturesOnDemand\nb-no\baseless\Microsoft-Windows-Composition-Test-FOD-Package~31bf3856ad364e35~amd64~nb-no~.psf" PayloadType="ExpressPSF" />
      </Payload>
    </Package>
    <Package ID="Microsoft-Windows-Composition-Test-FOD-Package~31bf3856ad364e35~wow64~nb-no~" InstalledSize="21220" Version="10.0.20348.1">
      <SatelliteInfo>
        <ApplyToInfo>
          <ApplyTo Type="arch" Value="wow64" />
          <ApplyTo Type="language" Value="nb-NO" />
        </ApplyToInfo>
      </SatelliteInfo>
      <Payload>
        <PayloadItem PayloadHash="llHejTCwSldqGzrR9UGlHeu71ZKM12JyB+0NGiD5QkU=" PayloadSize="10021" Path="FeaturesOnDemand\nb-no\baseless\Microsoft-Windows-Composition-Test-FOD-Package~31bf3856ad364e35~wow64~nb-no~.cab" PayloadType="ExpressCab" />
        <PayloadItem PayloadHash="YnCp4eGFisdmgJIj/YI6JiQ5MUjEObhjLrzRPvjbYzI=" PayloadSize="55303" Path="FeaturesOnDemand\nb-no\baseless\Microsoft-Windows-Composition-Test-FOD-Package~31bf3856ad364e35~wow64~nb-no~.psf" PayloadType="ExpressPSF" />
      </Payload>
    </Package>
    <Package ID="Microsoft-Windows-DHCP-Tools-FoD-Package~31bf3856ad364e35~amd64~nb-no~" InstalledSize="1777777" Version="10.0.20348.1">
      <SatelliteInfo>
        <ApplyToInfo>
          <ApplyTo Type="language" Value="nb-NO" />
        </ApplyToInfo>
      </SatelliteInfo>
      <Payload>
        <PayloadItem PayloadHash="nqp4PzYaN8F4hv0lPypxEGni6bivLnPMNr8cfqAvxf8=" PayloadSize="11099" Path="FeaturesOnDemand\nb-no\baseless\Microsoft-Windows-DHCP-Tools-FoD-Package~31bf3856ad364e35~amd64~nb-no~.cab" PayloadType="ExpressCab" />
        <PayloadItem PayloadHash="u3rX4pAhSCAxOZ8fsOpgAJ6v3zYOX/c0H6aG5azW3GM=" PayloadSize="196312" Path="FeaturesOnDemand\nb-no\baseless\Microsoft-Windows-DHCP-Tools-FoD-Package~31bf3856ad364e35~amd64~nb-no~.psf" PayloadType="ExpressPSF" />
      </Payload>
    </Package>
    <Package ID="Microsoft-Windows-DHCP-Tools-FoD-Package~31bf3856ad364e35~wow64~nb-no~" InstalledSize="459675" Version="10.0.20348.1">
      <SatelliteInfo>
        <ApplyToInfo>
          <ApplyTo Type="arch" Value="wow64" />
          <ApplyTo Type="language" Value="nb-NO" />
        </ApplyToInfo>
      </SatelliteInfo>
      <Payload>
        <PayloadItem PayloadHash="QCyYtD8nDyBojBifzh1hYDwfC0yv/Sjx2FJLX3K+xUk=" PayloadSize="10249" Path="FeaturesOnDemand\nb-no\baseless\Microsoft-Windows-DHCP-Tools-FoD-Package~31bf3856ad364e35~wow64~nb-no~.cab" PayloadType="ExpressCab" />
        <PayloadItem PayloadHash="0WGrWnks7G1P2CQ1QffunJWvSsw50haxWAh3wjmMS0E=" PayloadSize="86197" Path="FeaturesOnDemand\nb-no\baseless\Microsoft-Windows-DHCP-Tools-FoD-Package~31bf3856ad364e35~wow64~nb-no~.psf" PayloadType="ExpressPSF" />
      </Payload>
    </Package>
    <Package ID="Microsoft-Windows-DNS-Tools-FoD-Package~31bf3856ad364e35~amd64~nb-no~" InstalledSize="1860359" Version="10.0.20348.1">
      <SatelliteInfo>
        <ApplyToInfo>
          <ApplyTo Type="language" Value="nb-NO" />
        </ApplyToInfo>
      </SatelliteInfo>
      <Payload>
        <PayloadItem PayloadHash="i10WvKCd40y0LopD86e5+ZHTqIcv/bYeveDVGjb6PsE=" PayloadSize="10995" Path="FeaturesOnDemand\nb-no\baseless\Microsoft-Windows-DNS-Tools-FoD-Package~31bf3856ad364e35~amd64~nb-no~.cab" PayloadType="ExpressCab" />
        <PayloadItem PayloadHash="s3YjRiQFInKduATd1p6rVTpZv2HEgqoyBDxI7+CkFEQ=" PayloadSize="218849" Path="FeaturesOnDemand\nb-no\baseless\Microsoft-Windows-DNS-Tools-FoD-Package~31bf3856ad364e35~amd64~nb-no~.psf" PayloadType="ExpressPSF" />
      </Payload>
    </Package>
    <Package ID="Microsoft-Windows-DNS-Tools-FoD-Package~31bf3856ad364e35~wow64~nb-no~" InstalledSize="12291" Version="10.0.20348.1">
      <SatelliteInfo>
        <ApplyToInfo>
          <ApplyTo Type="arch" Value="wow64" />
          <ApplyTo Type="language" Value="nb-NO" />
        </ApplyToInfo>
      </SatelliteInfo>
      <Payload>
        <PayloadItem PayloadHash="SCU+lt+5U48XsAsVN4F0bKcbMlht5WiRkVk9wbi2vpk=" PayloadSize="9877" Path="FeaturesOnDemand\nb-no\baseless\Microsoft-Windows-DNS-Tools-FoD-Package~31bf3856ad364e35~wow64~nb-no~.cab" PayloadType="ExpressCab" />
        <PayloadItem PayloadHash="TaXadEqX1S4GX2xQnqtAFxqNj1OZ69o+XenzknFzLRY=" PayloadSize="49689" Path="FeaturesOnDemand\nb-no\baseless\Microsoft-Windows-DNS-Tools-FoD-Package~31bf3856ad364e35~wow64~nb-no~.psf" PayloadType="ExpressPSF" />
      </Payload>
    </Package>
    <Package ID="Microsoft-Windows-EMS-SAC-Desktop-Tools-FoD-Package~31bf3856ad364e35~amd64~nb-no~" InstalledSize="50174" Version="10.0.20348.1">
      <SatelliteInfo>
        <ApplyToInfo>
          <ApplyTo Type="language" Value="nb-NO" />
        </ApplyToInfo>
      </SatelliteInfo>
      <Payload>
        <PayloadItem PayloadHash="vqbu3a5/ZeHgv7e/WRZbJ7+s/sBf8yb6g82lXlnOaHw=" PayloadSize="10555" Path="FeaturesOnDemand\nb-no\baseless\Microsoft-Windows-EMS-SAC-Desktop-Tools-FoD-Package~31bf3856ad364e35~amd64~nb-no~.cab" PayloadType="ExpressCab" />
        <PayloadItem PayloadHash="CK8ibpc0+wWXWbrMSqt6DFzlTu8B/6LQ6QEjfJz/NXQ=" PayloadSize="63691" Path="FeaturesOnDemand\nb-no\baseless\Microsoft-Windows-EMS-SAC-Desktop-Tools-FoD-Package~31bf3856ad364e35~amd64~nb-no~.psf" PayloadType="ExpressPSF" />
      </Payload>
    </Package>
    <Package ID="Microsoft-Windows-FailoverCluster-Management-Tools-FOD-Package~31bf3856ad364e35~amd64~nb-no~" InstalledSize="8884164" Version="10.0.20348.1">
      <SatelliteInfo>
        <ApplyToInfo>
          <ApplyTo Type="language" Value="nb-NO" />
        </ApplyToInfo>
      </SatelliteInfo>
      <Payload>
        <PayloadItem PayloadHash="pNAq/K+4jJ9jbPVaBqhs+woniLxro14VDWGOvtdj47U=" PayloadSize="16607" Path="FeaturesOnDemand\nb-no\baseless\Microsoft-Windows-FailoverCluster-Management-Tools-FOD-Package~31bf3856ad364e35~amd64~nb-no~.cab" PayloadType="ExpressCab" />
        <PayloadItem PayloadHash="Jwb7PYWRoqFQGQ3wMcNGFa6A/BiBbVuOJLd87BG2oXk=" PayloadSize="2429738" Path="FeaturesOnDemand\nb-no\baseless\Microsoft-Windows-FailoverCluster-Management-Tools-FOD-Package~31bf3856ad364e35~amd64~nb-no~.psf" PayloadType="ExpressPSF" />
      </Payload>
    </Package>
    <Package ID="Microsoft-Windows-FailoverCluster-Management-Tools-FOD-Package~31bf3856ad364e35~wow64~nb-no~" InstalledSize="60438" Version="10.0.20348.1">
      <SatelliteInfo>
        <ApplyToInfo>
          <ApplyTo Type="arch" Value="wow64" />
          <ApplyTo Type="language" Value="nb-NO" />
        </ApplyToInfo>
      </SatelliteInfo>
      <Payload>
        <PayloadItem PayloadHash="t4Kf8QS5+pPPszx3GX0z9mM7ISuwi9P/ArzECjmpFk4=" PayloadSize="10973" Path="FeaturesOnDemand\nb-no\baseless\Microsoft-Windows-FailoverCluster-Management-Tools-FOD-Package~31bf3856ad364e35~wow64~nb-no~.cab" PayloadType="ExpressCab" />
        <PayloadItem PayloadHash="ww8BuLNkwKVOMWfUeZXuvZsgFbykODiKUG49AN05868=" PayloadSize="70321" Path="FeaturesOnDemand\nb-no\baseless\Microsoft-Windows-FailoverCluster-Management-Tools-FOD-Package~31bf3856ad364e35~wow64~nb-no~.psf" PayloadType="ExpressPSF" />
      </Payload>
    </Package>
    <Package ID="Microsoft-Windows-FileServices-Tools-FoD-Package~31bf3856ad364e35~amd64~nb-no~" InstalledSize="4109480" Version="10.0.20348.1">
      <SatelliteInfo>
        <ApplyToInfo>
          <ApplyTo Type="language" Value="nb-NO" />
        </ApplyToInfo>
      </SatelliteInfo>
      <Payload>
        <PayloadItem PayloadHash="KXIyaK4FvxldwZZ7ucNx8jgwh4FWJp0FzrA+li4zCEo=" PayloadSize="14793" Path="FeaturesOnDemand\nb-no\baseless\Microsoft-Windows-FileServices-Tools-FoD-Package~31bf3856ad364e35~amd64~nb-no~.cab" PayloadType="ExpressCab" />
        <PayloadItem PayloadHash="eunYkCdzuSUnymHyKWZWC4mUcoRj5df816TH+hY/Wx0=" PayloadSize="598138" Path="FeaturesOnDemand\nb-no\baseless\Microsoft-Windows-FileServices-Tools-FoD-Package~31bf3856ad364e35~amd64~nb-no~.psf" PayloadType="ExpressPSF" />
      </Payload>
    </Package>
    <Package ID="Microsoft-Windows-FileServices-Tools-FoD-Package~31bf3856ad364e35~wow64~nb-no~" InstalledSize="171383" Version="10.0.20348.1">
      <SatelliteInfo>
        <ApplyToInfo>
          <ApplyTo Type="arch" Value="wow64" />
          <ApplyTo Type="language" Value="nb-NO" />
        </ApplyToInfo>
      </SatelliteInfo>
      <Payload>
        <PayloadItem PayloadHash="kyLODjViXKgtoZft30KFYJ31l64PGQKwAR0X+ueHJqE=" PayloadSize="10615" Path="FeaturesOnDemand\nb-no\baseless\Microsoft-Windows-FileServices-Tools-FoD-Package~31bf3856ad364e35~wow64~nb-no~.cab" PayloadType="ExpressCab" />
        <PayloadItem PayloadHash="zBrEsYZ97Z+eN/xt9FhHew/reYuTFk+yuOZ/Eaa26cA=" PayloadSize="76386" Path="FeaturesOnDemand\nb-no\baseless\Microsoft-Windows-FileServices-Tools-FoD-Package~31bf3856ad364e35~wow64~nb-no~.psf" PayloadType="ExpressPSF" />
      </Payload>
    </Package>
    <Package ID="Microsoft-Windows-GroupPolicy-Management-Tools-FoD-Package~31bf3856ad364e35~amd64~nb-no~" InstalledSize="2251625" Version="10.0.20348.1">
      <SatelliteInfo>
        <ApplyToInfo>
          <ApplyTo Type="language" Value="nb-NO" />
        </ApplyToInfo>
      </SatelliteInfo>
      <Payload>
        <PayloadItem PayloadHash="cjTpc+iBOaPOo+vWQ59UpKb2mQ9/MVd/VXfJKs2rtRU=" PayloadSize="13557" Path="FeaturesOnDemand\nb-no\baseless\Microsoft-Windows-GroupPolicy-Management-Tools-FoD-Package~31bf3856ad364e35~amd64~nb-no~.cab" PayloadType="ExpressCab" />
        <PayloadItem PayloadHash="09wB9fIxQLS29wYVf9nzIORUadn4JLY+coBrncx86fM=" PayloadSize="333697" Path="FeaturesOnDemand\nb-no\baseless\Microsoft-Windows-GroupPolicy-Management-Tools-FoD-Package~31bf3856ad364e35~amd64~nb-no~.psf" PayloadType="ExpressPSF" />
      </Payload>
    </Package>
    <Package ID="Microsoft-Windows-GroupPolicy-Management-Tools-FoD-Package~31bf3856ad364e35~wow64~nb-no~" InstalledSize="305932" Version="10.0.20348.1">
      <SatelliteInfo>
        <ApplyToInfo>
          <ApplyTo Type="arch" Value="wow64" />
          <ApplyTo Type="language" Value="nb-NO" />
        </ApplyToInfo>
      </SatelliteInfo>
      <Payload>
        <PayloadItem PayloadHash="HK05HztjLHfxvVtGly9l2voa/TRHno0i0p59sQj+GYE=" PayloadSize="10405" Path="FeaturesOnDemand\nb-no\baseless\Microsoft-Windows-GroupPolicy-Management-Tools-FoD-Package~31bf3856ad364e35~wow64~nb-no~.cab" PayloadType="ExpressCab" />
        <PayloadItem PayloadHash="q8LVbd7Xwe3szn5EIvv3oqyoCqd4eMLyNcxoEQlOY7k=" PayloadSize="90627" Path="FeaturesOnDemand\nb-no\baseless\Microsoft-Windows-GroupPolicy-Management-Tools-FoD-Package~31bf3856ad364e35~wow64~nb-no~.psf" PayloadType="ExpressPSF" />
      </Payload>
    </Package>
    <Package ID="Microsoft-Windows-IPAM-Client-FoD-Package~31bf3856ad364e35~amd64~nb-no~" InstalledSize="98724" Version="10.0.20348.1">
      <SatelliteInfo>
        <ApplyToInfo>
          <ApplyTo Type="language" Value="nb-NO" />
        </ApplyToInfo>
      </SatelliteInfo>
      <Payload>
        <PayloadItem PayloadHash="gLrwlFRuxro8px/Whj49BV5AGDWKcNcV4DmkJP/+Y8Q=" PayloadSize="10251" Path="FeaturesOnDemand\nb-no\baseless\Microsoft-Windows-IPAM-Client-FoD-Package~31bf3856ad364e35~amd64~nb-no~.cab" PayloadType="ExpressCab" />
        <PayloadItem PayloadHash="YJpQM6VGdd4vqMgg/6pVf9bP3pySNQBEswMHJJlFsRs=" PayloadSize="61108" Path="FeaturesOnDemand\nb-no\baseless\Microsoft-Windows-IPAM-Client-FoD-Package~31bf3856ad364e35~amd64~nb-no~.psf" PayloadType="ExpressPSF" />
      </Payload>
    </Package>
    <Package ID="Microsoft-Windows-IPAM-Client-FoD-Package~31bf3856ad364e35~wow64~nb-no~" InstalledSize="23600" Version="10.0.20348.1">
      <SatelliteInfo>
        <ApplyToInfo>
          <ApplyTo Type="arch" Value="wow64" />
          <ApplyTo Type="language" Value="nb-NO" />
        </ApplyToInfo>
      </SatelliteInfo>
      <Payload>
        <PayloadItem PayloadHash="a99tCKW1MCL6+wy7pZVBwVQfK8UCFYEt+Nmv8e91Kww=" PayloadSize="10025" Path="FeaturesOnDemand\nb-no\baseless\Microsoft-Windows-IPAM-Client-FoD-Package~31bf3856ad364e35~wow64~nb-no~.cab" PayloadType="ExpressCab" />
        <PayloadItem PayloadHash="7N5tujALfbq9qEOKrE8f1KfbEXcSitO1r7CZ7AoAcfs=" PayloadSize="51951" Path="FeaturesOnDemand\nb-no\baseless\Microsoft-Windows-IPAM-Client-FoD-Package~31bf3856ad364e35~wow64~nb-no~.psf" PayloadType="ExpressPSF" />
      </Payload>
    </Package>
    <Package ID="Microsoft-Windows-IRDA-Package~31bf3856ad364e35~amd64~nb-no~" InstalledSize="56377" Version="10.0.20348.1">
      <SatelliteInfo>
        <ApplyToInfo>
          <ApplyTo Type="language" Value="nb-NO" />
        </ApplyToInfo>
      </SatelliteInfo>
      <Payload>
        <PayloadItem PayloadHash="/rfjxGzDC8gqXsvbK+uSea5jjMAWktf2FSyNGN7/7fg=" PayloadSize="10867" Path="FeaturesOnDemand\nb-no\baseless\Microsoft-Windows-IRDA-Package~31bf3856ad364e35~amd64~nb-no~.cab" PayloadType="ExpressCab" />
        <PayloadItem PayloadHash="UjyN4UfxLTiIbA0BUcXWWZAmdo673zwv0F+m8gIWsz0=" PayloadSize="63076" Path="FeaturesOnDemand\nb-no\baseless\Microsoft-Windows-IRDA-Package~31bf3856ad364e35~amd64~nb-no~.psf" PayloadType="ExpressPSF" />
      </Payload>
    </Package>
    <Package ID="Microsoft-Windows-IRDA-Package~31bf3856ad364e35~wow64~nb-no~" InstalledSize="11357" Version="10.0.20348.1">
      <SatelliteInfo>
        <ApplyToInfo>
          <ApplyTo Type="arch" Value="wow64" />
          <ApplyTo Type="language" Value="nb-NO" />
        </ApplyToInfo>
      </SatelliteInfo>
      <Payload>
        <PayloadItem PayloadHash="RKQXWTX0E0l6xIeLKCB1h5+gV9ZGiSupSaK3vyV8vB8=" PayloadSize="9777" Path="FeaturesOnDemand\nb-no\baseless\Microsoft-Windows-IRDA-Package~31bf3856ad364e35~wow64~nb-no~.cab" PayloadType="ExpressCab" />
        <PayloadItem PayloadHash="8j5OWV50CHPkebNZvXoFyR8+dNXVkGYck4MwJnuU460=" PayloadSize="49070" Path="FeaturesOnDemand\nb-no\baseless\Microsoft-Windows-IRDA-Package~31bf3856ad364e35~wow64~nb-no~.psf" PayloadType="ExpressPSF" />
      </Payload>
    </Package>
    <Package ID="Microsoft-Windows-Media-Features-Package~31bf3856ad364e35~amd64~nb-no~" InstalledSize="1687436" Version="10.0.20348.1">
      <SatelliteInfo>
        <ApplyToInfo>
          <ApplyTo Type="language" Value="nb-NO" />
        </ApplyToInfo>
      </SatelliteInfo>
      <Payload>
        <PayloadItem PayloadHash="8SEVA4p4t8lDEVwhBGzs1tt/7qe9eZk5vO7tv6fCxEk=" PayloadSize="29733" Path="FeaturesOnDemand\nb-no\baseless\Microsoft-Windows-Media-Features-Package~31bf3856ad364e35~amd64~nb-no~.cab" PayloadType="ExpressCab" />
        <PayloadItem PayloadHash="SxFgTNyRcDQCoBUTrIkpIPHK9HJxPLuqUpt4x62bC8U=" PayloadSize="520419" Path="FeaturesOnDemand\nb-no\baseless\Microsoft-Windows-Media-Features-Package~31bf3856ad364e35~amd64~nb-no~.psf" PayloadType="ExpressPSF" />
      </Payload>
    </Package>
    <Package ID="Microsoft-Windows-Media-Features-Package~31bf3856ad364e35~wow64~nb-no~" InstalledSize="361173" Version="10.0.20348.1">
      <SatelliteInfo>
        <ApplyToInfo>
          <ApplyTo Type="arch" Value="wow64" />
          <ApplyTo Type="language" Value="nb-NO" />
        </ApplyToInfo>
      </SatelliteInfo>
      <Payload>
        <PayloadItem PayloadHash="uF+pMMsIFzOgpAJQQzD2670YJv9ljCMSBkUxXsqNeXo=" PayloadSize="18851" Path="FeaturesOnDemand\nb-no\baseless\Microsoft-Windows-Media-Features-Package~31bf3856ad364e35~wow64~nb-no~.cab" PayloadType="ExpressCab" />
        <PayloadItem PayloadHash="7NxBwheEh9mdeZSEfHHifRpMmZXovjWNZcO4+lIThAA=" PayloadSize="251494" Path="FeaturesOnDemand\nb-no\baseless\Microsoft-Windows-Media-Features-Package~31bf3856ad364e35~wow64~nb-no~.psf" PayloadType="ExpressPSF" />
      </Payload>
    </Package>
    <Package ID="Microsoft-Windows-MSPaint-FoD-Package~31bf3856ad364e35~amd64~nb-no~" InstalledSize="69420" Version="10.0.20348.1">
      <SatelliteInfo>
        <ApplyToInfo>
          <ApplyTo Type="language" Value="nb-NO" />
        </ApplyToInfo>
      </SatelliteInfo>
      <Payload>
        <PayloadItem PayloadHash="wqGJFF1S8mz38soQP2jSA2Z3Cf8niFBeu8OPEUs+kdg=" PayloadSize="10017" Path="FeaturesOnDemand\nb-no\baseless\Microsoft-Windows-MSPaint-FoD-Package~31bf3856ad364e35~amd64~nb-no~.cab" PayloadType="ExpressCab" />
        <PayloadItem PayloadHash="IPgT3nTGpEaB4o5HwRlAG2SMU+TdRRPdfAz+zI93oUA=" PayloadSize="61052" Path="FeaturesOnDemand\nb-no\baseless\Microsoft-Windows-MSPaint-FoD-Package~31bf3856ad364e35~amd64~nb-no~.psf" PayloadType="ExpressPSF" />
      </Payload>
    </Package>
    <Package ID="Microsoft-Windows-MSPaint-FoD-Package~31bf3856ad364e35~wow64~nb-no~" InstalledSize="69507" Version="10.0.20348.1">
      <SatelliteInfo>
        <ApplyToInfo>
          <ApplyTo Type="arch" Value="wow64" />
          <ApplyTo Type="language" Value="nb-NO" />
        </ApplyToInfo>
      </SatelliteInfo>
      <Payload>
        <PayloadItem PayloadHash="igXwv1C8aCwHLxiq/teJjrL7e94FXgxI/W4zWdGZLzQ=" PayloadSize="10017" Path="FeaturesOnDemand\nb-no\baseless\Microsoft-Windows-MSPaint-FoD-Package~31bf3856ad364e35~wow64~nb-no~.cab" PayloadType="ExpressCab" />
        <PayloadItem PayloadHash="ZwfVwczMerZhQBb0YcLnlV3rp9jBSpKE6eh99PvKHmc=" PayloadSize="61092" Path="FeaturesOnDemand\nb-no\baseless\Microsoft-Windows-MSPaint-FoD-Package~31bf3856ad364e35~wow64~nb-no~.psf" PayloadType="ExpressPSF" />
      </Payload>
    </Package>
    <Package ID="Microsoft-Windows-NetworkController-Tools-FoD-Package~31bf3856ad364e35~amd64~nb-no~" InstalledSize="67756" Version="10.0.20348.1">
      <SatelliteInfo>
        <ApplyToInfo>
          <ApplyTo Type="language" Value="nb-NO" />
        </ApplyToInfo>
      </SatelliteInfo>
      <Payload>
        <PayloadItem PayloadHash="wi9AnroeQQJt5vtyjteMcbA/nsgU43kIANPgG8S6amE=" PayloadSize="10507" Path="FeaturesOnDemand\nb-no\baseless\Microsoft-Windows-NetworkController-Tools-FoD-Package~31bf3856ad364e35~amd64~nb-no~.cab" PayloadType="ExpressCab" />
        <PayloadItem PayloadHash="22plE9zytm6oZPPfrIA3xLWlc7RfTvQ702J6GVl9kEY=" PayloadSize="70405" Path="FeaturesOnDemand\nb-no\baseless\Microsoft-Windows-NetworkController-Tools-FoD-Package~31bf3856ad364e35~amd64~nb-no~.psf" PayloadType="ExpressPSF" />
      </Payload>
    </Package>
    <Package ID="Microsoft-Windows-NetworkLoadBalancing-Tools-FoD-Package~31bf3856ad364e35~amd64~nb-no~" InstalledSize="215287" Version="10.0.20348.1">
      <SatelliteInfo>
        <ApplyToInfo>
          <ApplyTo Type="language" Value="nb-NO" />
        </ApplyToInfo>
      </SatelliteInfo>
      <Payload>
        <PayloadItem PayloadHash="mGrJwguu9Y/g5mHoKD1t1rtuK//d27Pwz43kOepMRTM=" PayloadSize="10563" Path="FeaturesOnDemand\nb-no\baseless\Microsoft-Windows-NetworkLoadBalancing-Tools-FoD-Package~31bf3856ad364e35~amd64~nb-no~.cab" PayloadType="ExpressCab" />
        <PayloadItem PayloadHash="vQeRREzXZg2f+Z7IYU9+e1ZMjVzpVMJvhhdJoJjKOOE=" PayloadSize="86909" Path="FeaturesOnDemand\nb-no\baseless\Microsoft-Windows-NetworkLoadBalancing-Tools-FoD-Package~31bf3856ad364e35~amd64~nb-no~.psf" PayloadType="ExpressPSF" />
      </Payload>
    </Package>
    <Package ID="Microsoft-Windows-Notepad-FoD-Package~31bf3856ad364e35~amd64~nb-no~" InstalledSize="24377" Version="10.0.20348.1">
      <SatelliteInfo>
        <ApplyToInfo>
          <ApplyTo Type="language" Value="nb-NO" />
        </ApplyToInfo>
      </SatelliteInfo>
      <Payload>
        <PayloadItem PayloadHash="eX9LcHVzp5XRIArmfpbdXRxJxUGBzPdhyrYFFPNFoDY=" PayloadSize="9995" Path="FeaturesOnDemand\nb-no\baseless\Microsoft-Windows-Notepad-FoD-Package~31bf3856ad364e35~amd64~nb-no~.cab" PayloadType="ExpressCab" />
        <PayloadItem PayloadHash="1O/GcWosV1QhWHer6wMaWvyzwKXh605pBkJWNOT5R+w=" PayloadSize="53523" Path="FeaturesOnDemand\nb-no\baseless\Microsoft-Windows-Notepad-FoD-Package~31bf3856ad364e35~amd64~nb-no~.psf" PayloadType="ExpressPSF" />
      </Payload>
    </Package>
    <Package ID="Microsoft-Windows-Notepad-FoD-Package~31bf3856ad364e35~wow64~nb-no~" InstalledSize="11166" Version="10.0.20348.1">
      <SatelliteInfo>
        <ApplyToInfo>
          <ApplyTo Type="arch" Value="wow64" />
          <ApplyTo Type="language" Value="nb-NO" />
        </ApplyToInfo>
      </SatelliteInfo>
      <Payload>
        <PayloadItem PayloadHash="pNbyZnT2Z1d3K32r4jxVzJC3G4piJGYpPPxAb/WrrD8=" PayloadSize="9795" Path="FeaturesOnDemand\nb-no\baseless\Microsoft-Windows-Notepad-FoD-Package~31bf3856ad364e35~wow64~nb-no~.cab" PayloadType="ExpressCab" />
        <PayloadItem PayloadHash="dOB8QHJSEg2o4Y5dCW3vfdAw/R7thw1NAK1I1ESnDSg=" PayloadSize="49018" Path="FeaturesOnDemand\nb-no\baseless\Microsoft-Windows-Notepad-FoD-Package~31bf3856ad364e35~wow64~nb-no~.psf" PayloadType="ExpressPSF" />
      </Payload>
    </Package>
    <Package ID="Microsoft-Windows-PowerShell-ISE-FOD-Package~31bf3856ad364e35~amd64~nb-no~" InstalledSize="870618" Version="10.0.20348.1">
      <SatelliteInfo>
        <ApplyToInfo>
          <ApplyTo Type="language" Value="nb-NO" />
        </ApplyToInfo>
      </SatelliteInfo>
      <Payload>
        <PayloadItem PayloadHash="lvucUrQzS23+1UKuFXt++GBkdHRGEdHUcXWCOx7Wn9A=" PayloadSize="10819" Path="FeaturesOnDemand\nb-no\baseless\Microsoft-Windows-PowerShell-ISE-FOD-Package~31bf3856ad364e35~amd64~nb-no~.cab" PayloadType="ExpressCab" />
        <PayloadItem PayloadHash="z5DSA221nQsqFquTdB154D2wXW2wBzoFU0bWuvkXdiU=" PayloadSize="341991" Path="FeaturesOnDemand\nb-no\baseless\Microsoft-Windows-PowerShell-ISE-FOD-Package~31bf3856ad364e35~amd64~nb-no~.psf" PayloadType="ExpressPSF" />
      </Payload>
    </Package>
    <Package ID="Microsoft-Windows-PowerShell-ISE-FOD-Package~31bf3856ad364e35~wow64~nb-no~" InstalledSize="71316" Version="10.0.20348.1">
      <SatelliteInfo>
        <ApplyToInfo>
          <ApplyTo Type="arch" Value="wow64" />
          <ApplyTo Type="language" Value="nb-NO" />
        </ApplyToInfo>
      </SatelliteInfo>
      <Payload>
        <PayloadItem PayloadHash="aZvcsJs1KB7c49Y4FnP3Z2vX/FmYvH/NVyZ5RBBVVNI=" PayloadSize="10011" Path="FeaturesOnDemand\nb-no\baseless\Microsoft-Windows-PowerShell-ISE-FOD-Package~31bf3856ad364e35~wow64~nb-no~.cab" PayloadType="ExpressCab" />
        <PayloadItem PayloadHash="0vs0QnBF1W+HJFbrtGdvtDIVeNuQ+qTZK8U/YAe9t4U=" PayloadSize="68686" Path="FeaturesOnDemand\nb-no\baseless\Microsoft-Windows-PowerShell-ISE-FOD-Package~31bf3856ad364e35~wow64~nb-no~.psf" PayloadType="ExpressPSF" />
      </Payload>
    </Package>
    <Package ID="Microsoft-Windows-Printing-PMCPPC-FoD-Package~31bf3856ad364e35~amd64~nb-no~" InstalledSize="223188" Version="10.0.20348.1">
      <SatelliteInfo>
        <ApplyToInfo>
          <ApplyTo Type="language" Value="nb-NO" />
        </ApplyToInfo>
      </SatelliteInfo>
      <Payload>
        <PayloadItem PayloadHash="bL5YkdEQFxBDjwiany7ZrDBVqOV2lINcSOWqhd1TEF0=" PayloadSize="10253" Path="FeaturesOnDemand\nb-no\baseless\Microsoft-Windows-Printing-PMCPPC-FoD-Package~31bf3856ad364e35~amd64~nb-no~.cab" PayloadType="ExpressCab" />
        <PayloadItem PayloadHash="mHC3pmSHIOHKxiqHOcudMtdPxgDmTedJU+5pLPqy/88=" PayloadSize="79937" Path="FeaturesOnDemand\nb-no\baseless\Microsoft-Windows-Printing-PMCPPC-FoD-Package~31bf3856ad364e35~amd64~nb-no~.psf" PayloadType="ExpressPSF" />
      </Payload>
    </Package>
    <Package ID="Microsoft-Windows-Printing-WFS-FoD-Package~31bf3856ad364e35~amd64~nb-no~" InstalledSize="522874" Version="10.0.20348.1">
      <SatelliteInfo>
        <ApplyToInfo>
          <ApplyTo Type="language" Value="nb-NO" />
        </ApplyToInfo>
      </SatelliteInfo>
      <Payload>
        <PayloadItem PayloadHash="ssh/ikLK/PEbAk9ztspBXgNSyyxizZ4ra48I/Q1rDbg=" PayloadSize="11351" Path="FeaturesOnDemand\nb-no\baseless\Microsoft-Windows-Printing-WFS-FoD-Package~31bf3856ad364e35~amd64~nb-no~.cab" PayloadType="ExpressCab" />
        <PayloadItem PayloadHash="ML+3VosUVo0Ol9jtDGoQ4o1V7Sb8O4Phcy8OLmODrhI=" PayloadSize="187325" Path="FeaturesOnDemand\nb-no\baseless\Microsoft-Windows-Printing-WFS-FoD-Package~31bf3856ad364e35~amd64~nb-no~.psf" PayloadType="ExpressPSF" />
      </Payload>
    </Package>
    <Package ID="Microsoft-Windows-RasCMAK-Client-Package~31bf3856ad364e35~amd64~nb-no~" InstalledSize="246559" Version="10.0.20348.1">
      <SatelliteInfo>
        <ApplyToInfo>
          <ApplyTo Type="language" Value="nb-NO" />
        </ApplyToInfo>
      </SatelliteInfo>
      <Payload>
        <PayloadItem PayloadHash="8WpeCEc86/e89KfG+poP7lWg9GVbBPBhHm6fITfwPBg=" PayloadSize="10487" Path="FeaturesOnDemand\nb-no\baseless\Microsoft-Windows-RasCMAK-Client-Package~31bf3856ad364e35~amd64~nb-no~.cab" PayloadType="ExpressCab" />
        <PayloadItem PayloadHash="TlvQikcl4dIM8OtvJFsfhy5CVoWUsypSQFNsEUbpf0w=" PayloadSize="118716" Path="FeaturesOnDemand\nb-no\baseless\Microsoft-Windows-RasCMAK-Client-Package~31bf3856ad364e35~amd64~nb-no~.psf" PayloadType="ExpressPSF" />
      </Payload>
    </Package>
    <Package ID="Microsoft-Windows-RasCMAK-Client-Package~31bf3856ad364e35~wow64~nb-no~" InstalledSize="398143" Version="10.0.20348.1">
      <SatelliteInfo>
        <ApplyToInfo>
          <ApplyTo Type="arch" Value="wow64" />
          <ApplyTo Type="language" Value="nb-NO" />
        </ApplyToInfo>
      </SatelliteInfo>
      <Payload>
        <PayloadItem PayloadHash="sW0PmTJGwTSEFPEFFwkoKRr0rVNQIlgryuPh8lumWo8=" PayloadSize="10605" Path="FeaturesOnDemand\nb-no\baseless\Microsoft-Windows-RasCMAK-Client-Package~31bf3856ad364e35~wow64~nb-no~.cab" PayloadType="ExpressCab" />
        <PayloadItem PayloadHash="/DTPD68DeDbLx89agif8YYICg1tSmfahpUVe4fuskVM=" PayloadSize="320110" Path="FeaturesOnDemand\nb-no\baseless\Microsoft-Windows-RasCMAK-Client-Package~31bf3856ad364e35~wow64~nb-no~.psf" PayloadType="ExpressPSF" />
      </Payload>
    </Package>
    <Package ID="Microsoft-Windows-RasRip-Package~31bf3856ad364e35~amd64~nb-no~" InstalledSize="24718" Version="10.0.20348.1">
      <SatelliteInfo>
        <ApplyToInfo>
          <ApplyTo Type="language" Value="nb-NO" />
        </ApplyToInfo>
      </SatelliteInfo>
      <Payload>
        <PayloadItem PayloadHash="y3jatE575+4HAdLaqahVIHoNiCa/FK3aCtDwkZYaIiM=" PayloadSize="9995" Path="FeaturesOnDemand\nb-no\baseless\Microsoft-Windows-RasRip-Package~31bf3856ad364e35~amd64~nb-no~.cab" PayloadType="ExpressCab" />
        <PayloadItem PayloadHash="CcO/gvz4M/tFSQY3eMUCQmcC6Wxpnwt5od9SeEpsoYQ=" PayloadSize="52481" Path="FeaturesOnDemand\nb-no\baseless\Microsoft-Windows-RasRip-Package~31bf3856ad364e35~amd64~nb-no~.psf" PayloadType="ExpressPSF" />
      </Payload>
    </Package>
    <Package ID="Microsoft-Windows-RemoteAccess-Management-Tools-FoD-Package~31bf3856ad364e35~amd64~nb-no~" InstalledSize="18511524" Version="10.0.20348.1">
      <SatelliteInfo>
        <ApplyToInfo>
          <ApplyTo Type="language" Value="nb-NO" />
        </ApplyToInfo>
      </SatelliteInfo>
      <Payload>
        <PayloadItem PayloadHash="VAGcVS+koHWK3kTrifwIe/tMyq2dFj+/MxYcULG+IuM=" PayloadSize="12811" Path="FeaturesOnDemand\nb-no\baseless\Microsoft-Windows-RemoteAccess-Management-Tools-FoD-Package~31bf3856ad364e35~amd64~nb-no~.cab" PayloadType="ExpressCab" />
        <PayloadItem PayloadHash="J4TnnjeMyFInueUwSQDExI6HB3eVdluQ8iqWSgmbLk4=" PayloadSize="3385153" Path="FeaturesOnDemand\nb-no\baseless\Microsoft-Windows-RemoteAccess-Management-Tools-FoD-Package~31bf3856ad364e35~amd64~nb-no~.psf" PayloadType="ExpressPSF" />
      </Payload>
    </Package>
    <Package ID="Microsoft-Windows-RemoteAccess-Management-Tools-FoD-Package~31bf3856ad364e35~wow64~nb-no~" InstalledSize="12639" Version="10.0.20348.1">
      <SatelliteInfo>
        <ApplyToInfo>
          <ApplyTo Type="arch" Value="wow64" />
          <ApplyTo Type="language" Value="nb-NO" />
        </ApplyToInfo>
      </SatelliteInfo>
      <Payload>
        <PayloadItem PayloadHash="hzsOpa56kia3HJdtvHnExXwOXp+Wp9fYQgBZyQ3dUzA=" PayloadSize="9913" Path="FeaturesOnDemand\nb-no\baseless\Microsoft-Windows-RemoteAccess-Management-Tools-FoD-Package~31bf3856ad364e35~wow64~nb-no~.cab" PayloadType="ExpressCab" />
        <PayloadItem PayloadHash="lCHZkClmxdb5sgzQ/MXqQmqg/6mVeqXJPBkbPIhhRBo=" PayloadSize="49692" Path="FeaturesOnDemand\nb-no\baseless\Microsoft-Windows-RemoteAccess-Management-Tools-FoD-Package~31bf3856ad364e35~wow64~nb-no~.psf" PayloadType="ExpressPSF" />
      </Payload>
    </Package>
    <Package ID="Microsoft-Windows-RemoteDesktop-Services-Tools-FoD-Package~31bf3856ad364e35~amd64~nb-no~" InstalledSize="1500102" Version="10.0.20348.1">
      <SatelliteInfo>
        <ApplyToInfo>
          <ApplyTo Type="language" Value="nb-NO" />
        </ApplyToInfo>
      </SatelliteInfo>
      <Payload>
        <PayloadItem PayloadHash="9O+25pY5jZVFxfJAZ7QlCSufEa8uwCyLxG82B9TeEbw=" PayloadSize="11703" Path="FeaturesOnDemand\nb-no\baseless\Microsoft-Windows-RemoteDesktop-Services-Tools-FoD-Package~31bf3856ad364e35~amd64~nb-no~.cab" PayloadType="ExpressCab" />
        <PayloadItem PayloadHash="IInyUDEInYgM8U/ZjaOZVhKMpZjnQ2hbeVwWXJvPk0s=" PayloadSize="288549" Path="FeaturesOnDemand\nb-no\baseless\Microsoft-Windows-RemoteDesktop-Services-Tools-FoD-Package~31bf3856ad364e35~amd64~nb-no~.psf" PayloadType="ExpressPSF" />
      </Payload>
    </Package>
    <Package ID="Microsoft-Windows-Server-AppCompat-FoD-Package~31bf3856ad364e35~amd64~nb-no~" InstalledSize="28529707" Version="10.0.20348.1">
      <SatelliteInfo>
        <ApplyToInfo>
          <ApplyTo Type="language" Value="nb-NO" />
        </ApplyToInfo>
      </SatelliteInfo>
      <Payload>
        <PayloadItem PayloadHash="DskM2ejdvKFkFjZX3TZ/dZguaLrUk57zr5EmhG7lUvw=" PayloadSize="73789" Path="FeaturesOnDemand\nb-no\baseless\Microsoft-Windows-Server-AppCompat-FoD-Package~31bf3856ad364e35~amd64~nb-no~.cab" PayloadType="ExpressCab" />
        <PayloadItem PayloadHash="lMBxBz5qZK6hzCutJix8HWooe9NXqzlLqBGnZYE4ED0=" PayloadSize="7427223" Path="FeaturesOnDemand\nb-no\baseless\Microsoft-Windows-Server-AppCompat-FoD-Package~31bf3856ad364e35~amd64~nb-no~.psf" PayloadType="ExpressPSF" />
      </Payload>
    </Package>
    <Package ID="Microsoft-Windows-ServerManager-Tools-FoD-Package~31bf3856ad364e35~amd64~nb-no~" InstalledSize="10870583" Version="10.0.20348.1">
      <SatelliteInfo>
        <ApplyToInfo>
          <ApplyTo Type="language" Value="nb-NO" />
        </ApplyToInfo>
      </SatelliteInfo>
      <Payload>
        <PayloadItem PayloadHash="UUBiP7mijRSi006WpVxriscXbJjwVSoexqELPfLhmO8=" PayloadSize="23181" Path="FeaturesOnDemand\nb-no\baseless\Microsoft-Windows-ServerManager-Tools-FoD-Package~31bf3856ad364e35~amd64~nb-no~.cab" PayloadType="ExpressCab" />
        <PayloadItem PayloadHash="rz0GNvxFg1bXFFwrsVxQ/CKecrmn9214p4IhiS0VCyk=" PayloadSize="2159871" Path="FeaturesOnDemand\nb-no\baseless\Microsoft-Windows-ServerManager-Tools-FoD-Package~31bf3856ad364e35~amd64~nb-no~.psf" PayloadType="ExpressPSF" />
      </Payload>
    </Package>
    <Package ID="Microsoft-Windows-ServerManager-Tools-FoD-Package~31bf3856ad364e35~wow64~nb-no~" InstalledSize="1133115" Version="10.0.20348.1">
      <SatelliteInfo>
        <ApplyToInfo>
          <ApplyTo Type="arch" Value="wow64" />
          <ApplyTo Type="language" Value="nb-NO" />
        </ApplyToInfo>
      </SatelliteInfo>
      <Payload>
        <PayloadItem PayloadHash="l2s5nc1WN/yqkhMy2d1NDKl4/3fdw8PJuQ3Gv+YstEg=" PayloadSize="10783" Path="FeaturesOnDemand\nb-no\baseless\Microsoft-Windows-ServerManager-Tools-FoD-Package~31bf3856ad364e35~wow64~nb-no~.cab" PayloadType="ExpressCab" />
        <PayloadItem PayloadHash="C0bMweU3uo7M0/wPvYVgVDgsU/cvMAncDNQhBbJ5qAs=" PayloadSize="334949" Path="FeaturesOnDemand\nb-no\baseless\Microsoft-Windows-ServerManager-Tools-FoD-Package~31bf3856ad364e35~wow64~nb-no~.psf" PayloadType="ExpressPSF" />
      </Payload>
    </Package>
    <Package ID="Microsoft-Windows-Shielded-VM-Tools-FoD-Package~31bf3856ad364e35~amd64~nb-no~" InstalledSize="356782" Version="10.0.20348.1">
      <SatelliteInfo>
        <ApplyToInfo>
          <ApplyTo Type="language" Value="nb-NO" />
        </ApplyToInfo>
      </SatelliteInfo>
      <Payload>
        <PayloadItem PayloadHash="x9M8sMi5xxSEv2XbpjJ9dsOy7qsUVPg2K0rwPkXN+2k=" PayloadSize="14103" Path="FeaturesOnDemand\nb-no\baseless\Microsoft-Windows-Shielded-VM-Tools-FoD-Package~31bf3856ad364e35~amd64~nb-no~.cab" PayloadType="ExpressCab" />
        <PayloadItem PayloadHash="G6UYPlroS6kuE+yEe534hUlgWkBe3Khz5e97AgN1Ynw=" PayloadSize="156305" Path="FeaturesOnDemand\nb-no\baseless\Microsoft-Windows-Shielded-VM-Tools-FoD-Package~31bf3856ad364e35~amd64~nb-no~.psf" PayloadType="ExpressPSF" />
      </Payload>
    </Package>
    <Package ID="Microsoft-Windows-SNMP-Client-Package~31bf3856ad364e35~amd64~nb-no~" InstalledSize="123332" Version="10.0.20348.1">
      <SatelliteInfo>
        <ApplyToInfo>
          <ApplyTo Type="language" Value="nb-NO" />
        </ApplyToInfo>
      </SatelliteInfo>
      <Payload>
        <PayloadItem PayloadHash="dfhJh8O+gJY1fAHDryPP88xLonwf6VaiA4j+7Gi+2uc=" PayloadSize="11631" Path="FeaturesOnDemand\nb-no\baseless\Microsoft-Windows-SNMP-Client-Package~31bf3856ad364e35~amd64~nb-no~.cab" PayloadType="ExpressCab" />
        <PayloadItem PayloadHash="nmUoH9oiXj6P0cOcz78VH5iC1ZQ6VfeGdQKk5xFFrpU=" PayloadSize="89144" Path="FeaturesOnDemand\nb-no\baseless\Microsoft-Windows-SNMP-Client-Package~31bf3856ad364e35~amd64~nb-no~.psf" PayloadType="ExpressPSF" />
      </Payload>
    </Package>
    <Package ID="Microsoft-Windows-SNMP-Client-Package~31bf3856ad364e35~wow64~nb-no~" InstalledSize="123471" Version="10.0.20348.1">
      <SatelliteInfo>
        <ApplyToInfo>
          <ApplyTo Type="arch" Value="wow64" />
          <ApplyTo Type="language" Value="nb-NO" />
        </ApplyToInfo>
      </SatelliteInfo>
      <Payload>
        <PayloadItem PayloadHash="xGPXbxHfSu4oRevFzR8AEG/WIDtjsd/d/QbPizWctJU=" PayloadSize="11629" Path="FeaturesOnDemand\nb-no\baseless\Microsoft-Windows-SNMP-Client-Package~31bf3856ad364e35~wow64~nb-no~.cab" PayloadType="ExpressCab" />
        <PayloadItem PayloadHash="KANww0UcbWzDBnca8MI8ttevjR1Vn/D8VwnD8c/8sm8=" PayloadSize="89279" Path="FeaturesOnDemand\nb-no\baseless\Microsoft-Windows-SNMP-Client-Package~31bf3856ad364e35~wow64~nb-no~.psf" PayloadType="ExpressPSF" />
      </Payload>
    </Package>
    <Package ID="Microsoft-Windows-StepsRecorder-Package~31bf3856ad364e35~amd64~nb-no~" InstalledSize="25176" Version="10.0.20348.1">
      <SatelliteInfo>
        <ApplyToInfo>
          <ApplyTo Type="language" Value="nb-NO" />
        </ApplyToInfo>
      </SatelliteInfo>
      <Payload>
        <PayloadItem PayloadHash="zrYkr4viCx66lyJ6wAeYUf7QRo1LfucRNytpWcI+ir4=" PayloadSize="9995" Path="FeaturesOnDemand\nb-no\baseless\Microsoft-Windows-StepsRecorder-Package~31bf3856ad364e35~amd64~nb-no~.cab" PayloadType="ExpressCab" />
        <PayloadItem PayloadHash="1cgf5wBhYd6IJ8F5peMQilng/uuurooqBPCeYVpeO44=" PayloadSize="53076" Path="FeaturesOnDemand\nb-no\baseless\Microsoft-Windows-StepsRecorder-Package~31bf3856ad364e35~amd64~nb-no~.psf" PayloadType="ExpressPSF" />
      </Payload>
    </Package>
    <Package ID="Microsoft-Windows-StepsRecorder-Package~31bf3856ad364e35~wow64~nb-no~" InstalledSize="11408" Version="10.0.20348.1">
      <SatelliteInfo>
        <ApplyToInfo>
          <ApplyTo Type="arch" Value="wow64" />
          <ApplyTo Type="language" Value="nb-NO" />
        </ApplyToInfo>
      </SatelliteInfo>
      <Payload>
        <PayloadItem PayloadHash="XkiwklwuJT592Z1dT3BlvkqyNmI0EaOVdqRy5huJeUA=" PayloadSize="9787" Path="FeaturesOnDemand\nb-no\baseless\Microsoft-Windows-StepsRecorder-Package~31bf3856ad364e35~wow64~nb-no~.cab" PayloadType="ExpressCab" />
        <PayloadItem PayloadHash="6O/EtaD7t82lHCpVhFdU5Uew/giFxeZ6viaiL3E3f+Q=" PayloadSize="49068" Path="FeaturesOnDemand\nb-no\baseless\Microsoft-Windows-StepsRecorder-Package~31bf3856ad364e35~wow64~nb-no~.psf" PayloadType="ExpressPSF" />
      </Payload>
    </Package>
    <Package ID="Microsoft-Windows-StorageManagement-FoD-Package~31bf3856ad364e35~amd64~nb-no~" InstalledSize="1639970" Version="10.0.20348.1">
      <SatelliteInfo>
        <ApplyToInfo>
          <ApplyTo Type="language" Value="nb-NO" />
        </ApplyToInfo>
      </SatelliteInfo>
      <Payload>
        <PayloadItem PayloadHash="bmvKNF/jDb/J243H5fwNQiAbe005kkLPuGpVVSrCwPw=" PayloadSize="11823" Path="FeaturesOnDemand\nb-no\baseless\Microsoft-Windows-StorageManagement-FoD-Package~31bf3856ad364e35~amd64~nb-no~.cab" PayloadType="ExpressCab" />
        <PayloadItem PayloadHash="/1V2ysvDm0q/WYL3OHmOHgPbn19dzksUirk2yvaxPvE=" PayloadSize="185604" Path="FeaturesOnDemand\nb-no\baseless\Microsoft-Windows-StorageManagement-FoD-Package~31bf3856ad364e35~amd64~nb-no~.psf" PayloadType="ExpressPSF" />
      </Payload>
    </Package>
    <Package ID="Microsoft-Windows-StorageManagement-FoD-Package~31bf3856ad364e35~wow64~nb-no~" InstalledSize="1084299" Version="10.0.20348.1">
      <SatelliteInfo>
        <ApplyToInfo>
          <ApplyTo Type="arch" Value="wow64" />
          <ApplyTo Type="language" Value="nb-NO" />
        </ApplyToInfo>
      </SatelliteInfo>
      <Payload>
        <PayloadItem PayloadHash="bKgLN9W0tHuP7b12kolZh6w/YE+aN1t9TUtKml7MZbU=" PayloadSize="10665" Path="FeaturesOnDemand\nb-no\baseless\Microsoft-Windows-StorageManagement-FoD-Package~31bf3856ad364e35~wow64~nb-no~.cab" PayloadType="ExpressCab" />
        <PayloadItem PayloadHash="+2duBOIABDOZDuMeKuvHfcLK6P+6s1BSB/9JHEuiqto=" PayloadSize="108784" Path="FeaturesOnDemand\nb-no\baseless\Microsoft-Windows-StorageManagement-FoD-Package~31bf3856ad364e35~wow64~nb-no~.psf" PayloadType="ExpressPSF" />
      </Payload>
    </Package>
    <Package ID="Microsoft-Windows-StorageMigrationService-Management-Tools-FOD-Package~31bf3856ad364e35~amd64~nb-no~" InstalledSize="76434" Version="10.0.20348.1">
      <SatelliteInfo>
        <ApplyToInfo>
          <ApplyTo Type="language" Value="nb-NO" />
        </ApplyToInfo>
      </SatelliteInfo>
      <Payload>
        <PayloadItem PayloadHash="BoHeuSAKnV29HPwefQmxeMmgEsncG9sY0xoL3N3b4LQ=" PayloadSize="10291" Path="FeaturesOnDemand\nb-no\baseless\Microsoft-Windows-StorageMigrationService-Management-Tools-FOD-Package~31bf3856ad364e35~amd64~nb-no~.cab" PayloadType="ExpressCab" />
        <PayloadItem PayloadHash="agl+bWoFO8P2rXU1C4Shf0h4qGmYkLIEWT3Q6QIKpCw=" PayloadSize="68547" Path="FeaturesOnDemand\nb-no\baseless\Microsoft-Windows-StorageMigrationService-Management-Tools-FOD-Package~31bf3856ad364e35~amd64~nb-no~.psf" PayloadType="ExpressPSF" />
      </Payload>
    </Package>
    <Package ID="Microsoft-Windows-StorageReplica-Tools-FoD-Package~31bf3856ad364e35~amd64~nb-no~" InstalledSize="396572" Version="10.0.20348.1">
      <SatelliteInfo>
        <ApplyToInfo>
          <ApplyTo Type="language" Value="nb-NO" />
        </ApplyToInfo>
      </SatelliteInfo>
      <Payload>
        <PayloadItem PayloadHash="iGNXk20INhb3VjS33wQVeO2sWPJKiyWA7kydAW9w5LA=" PayloadSize="10627" Path="FeaturesOnDemand\nb-no\baseless\Microsoft-Windows-StorageReplica-Tools-FoD-Package~31bf3856ad364e35~amd64~nb-no~.cab" PayloadType="ExpressCab" />
        <PayloadItem PayloadHash="wxFTFiBMOweXfPBYEgOUlu8QdE9fTBzTVOClW4aoK+I=" PayloadSize="107088" Path="FeaturesOnDemand\nb-no\baseless\Microsoft-Windows-StorageReplica-Tools-FoD-Package~31bf3856ad364e35~amd64~nb-no~.psf" PayloadType="ExpressPSF" />
      </Payload>
    </Package>
    <Package ID="Microsoft-Windows-SystemInsights-Management-Tools-FOD-Package~31bf3856ad364e35~amd64~nb-no~" InstalledSize="39500" Version="10.0.20348.1">
      <SatelliteInfo>
        <ApplyToInfo>
          <ApplyTo Type="language" Value="nb-NO" />
        </ApplyToInfo>
      </SatelliteInfo>
      <Payload>
        <PayloadItem PayloadHash="UR+RnBKMDcYrdkpbFaIh/jK22DLtnvRJ9BZA7l7Rs3M=" PayloadSize="10291" Path="FeaturesOnDemand\nb-no\baseless\Microsoft-Windows-SystemInsights-Management-Tools-FOD-Package~31bf3856ad364e35~amd64~nb-no~.cab" PayloadType="ExpressCab" />
        <PayloadItem PayloadHash="xMhX17sAVUPRjrY9rFwoLh0ml7Gzq4rGvVCUoErrkjI=" PayloadSize="61004" Path="FeaturesOnDemand\nb-no\baseless\Microsoft-Windows-SystemInsights-Management-Tools-FOD-Package~31bf3856ad364e35~amd64~nb-no~.psf" PayloadType="ExpressPSF" />
      </Payload>
    </Package>
    <Package ID="Microsoft-Windows-VolumeActivation-Tools-FoD-Package~31bf3856ad364e35~amd64~nb-no~" InstalledSize="222973" Version="10.0.20348.1">
      <SatelliteInfo>
        <ApplyToInfo>
          <ApplyTo Type="language" Value="nb-NO" />
        </ApplyToInfo>
      </SatelliteInfo>
      <Payload>
        <PayloadItem PayloadHash="CfranlICvFhtGrYp47CTbWquqojVFud8hy0yIFSGJkc=" PayloadSize="10149" Path="FeaturesOnDemand\nb-no\baseless\Microsoft-Windows-VolumeActivation-Tools-FoD-Package~31bf3856ad364e35~amd64~nb-no~.cab" PayloadType="ExpressCab" />
        <PayloadItem PayloadHash="0gVy2+J9N4Sm3S1Tg0jl5x75K3TlM67v/6J1xya4hHE=" PayloadSize="171481" Path="FeaturesOnDemand\nb-no\baseless\Microsoft-Windows-VolumeActivation-Tools-FoD-Package~31bf3856ad364e35~amd64~nb-no~.psf" PayloadType="ExpressPSF" />
      </Payload>
    </Package>
    <Package ID="Microsoft-Windows-WirelessDisplay-FOD-Package~31bf3856ad364e35~amd64~nb-no~" InstalledSize="33784" Version="10.0.20348.1">
      <SatelliteInfo>
        <ApplyToInfo>
          <ApplyTo Type="language" Value="nb-NO" />
        </ApplyToInfo>
      </SatelliteInfo>
      <Payload>
        <PayloadItem PayloadHash="YSfYEyzik3ETmbuwybg6xlsjbasicU2RPWxD2v8sZc4=" PayloadSize="10235" Path="FeaturesOnDemand\nb-no\baseless\Microsoft-Windows-WirelessDisplay-FOD-Package~31bf3856ad364e35~amd64~nb-no~.cab" PayloadType="ExpressCab" />
        <PayloadItem PayloadHash="HCBQcVQOqTshLfOp/wvY2LL35xYQO8Lxtk64ea00/Kg=" PayloadSize="61200" Path="FeaturesOnDemand\nb-no\baseless\Microsoft-Windows-WirelessDisplay-FOD-Package~31bf3856ad364e35~amd64~nb-no~.psf" PayloadType="ExpressPSF" />
      </Payload>
    </Package>
    <Package ID="Microsoft-Windows-WMI-SNMP-Provider-Client-Package~31bf3856ad364e35~amd64~nb-no~" InstalledSize="53204" Version="10.0.20348.1">
      <SatelliteInfo>
        <ApplyToInfo>
          <ApplyTo Type="language" Value="nb-NO" />
        </ApplyToInfo>
      </SatelliteInfo>
      <Payload>
        <PayloadItem PayloadHash="AN051th4w1fLDGvHcD/w12Botlsc2bajhfbaC3K4LT4=" PayloadSize="10603" Path="FeaturesOnDemand\nb-no\baseless\Microsoft-Windows-WMI-SNMP-Provider-Client-Package~31bf3856ad364e35~amd64~nb-no~.cab" PayloadType="ExpressCab" />
        <PayloadItem PayloadHash="FHAOC3O9yRdfDxnIstI0Kg+cO0sSukrBF5JcCRMDgqs=" PayloadSize="64675" Path="FeaturesOnDemand\nb-no\baseless\Microsoft-Windows-WMI-SNMP-Provider-Client-Package~31bf3856ad364e35~amd64~nb-no~.psf" PayloadType="ExpressPSF" />
      </Payload>
    </Package>
    <Package ID="Microsoft-Windows-WMI-SNMP-Provider-Client-Package~31bf3856ad364e35~wow64~nb-no~" InstalledSize="53331" Version="10.0.20348.1">
      <SatelliteInfo>
        <ApplyToInfo>
          <ApplyTo Type="arch" Value="wow64" />
          <ApplyTo Type="language" Value="nb-NO" />
        </ApplyToInfo>
      </SatelliteInfo>
      <Payload>
        <PayloadItem PayloadHash="RTC7gBsfTe93WlysIvSqs4H3XyRS66xH2Bve6a5j7D8=" PayloadSize="10609" Path="FeaturesOnDemand\nb-no\baseless\Microsoft-Windows-WMI-SNMP-Provider-Client-Package~31bf3856ad364e35~wow64~nb-no~.cab" PayloadType="ExpressCab" />
        <PayloadItem PayloadHash="fl3Cvlzi4gQrdzYQYhy9QCqp+1mLvSqNdJhh0XxEkJk=" PayloadSize="64723" Path="FeaturesOnDemand\nb-no\baseless\Microsoft-Windows-WMI-SNMP-Provider-Client-Package~31bf3856ad364e35~wow64~nb-no~.psf" PayloadType="ExpressPSF" />
      </Payload>
    </Package>
    <Package ID="Microsoft-Windows-WordPad-FoD-Package~31bf3856ad364e35~amd64~nb-no~" InstalledSize="63820" Version="10.0.20348.1">
      <SatelliteInfo>
        <ApplyToInfo>
          <ApplyTo Type="language" Value="nb-NO" />
        </ApplyToInfo>
      </SatelliteInfo>
      <Payload>
        <PayloadItem PayloadHash="3Icto5TGXEEyfsGV8ol5/g+XB9xljgRWYkGBndqQBP4=" PayloadSize="9993" Path="FeaturesOnDemand\nb-no\baseless\Microsoft-Windows-WordPad-FoD-Package~31bf3856ad364e35~amd64~nb-no~.cab" PayloadType="ExpressCab" />
        <PayloadItem PayloadHash="qf1guhac/nFuUCHfV1CwTcF2YXU7R5FHZGasb9yxe8c=" PayloadSize="60255" Path="FeaturesOnDemand\nb-no\baseless\Microsoft-Windows-WordPad-FoD-Package~31bf3856ad364e35~amd64~nb-no~.psf" PayloadType="ExpressPSF" />
      </Payload>
    </Package>
    <Package ID="Microsoft-Windows-WordPad-FoD-Package~31bf3856ad364e35~wow64~nb-no~" InstalledSize="63882" Version="10.0.20348.1">
      <SatelliteInfo>
        <ApplyToInfo>
          <ApplyTo Type="arch" Value="wow64" />
          <ApplyTo Type="language" Value="nb-NO" />
        </ApplyToInfo>
      </SatelliteInfo>
      <Payload>
        <PayloadItem PayloadHash="Sr1ab0Y/LcgpQxrMEwt9e6cw99lKElORBQh0PymQkkM=" PayloadSize="10019" Path="FeaturesOnDemand\nb-no\baseless\Microsoft-Windows-WordPad-FoD-Package~31bf3856ad364e35~wow64~nb-no~.cab" PayloadType="ExpressCab" />
        <PayloadItem PayloadHash="ZznLVIuLKLHIucku+vwHevn40sSTx+L7imu9DFcKqjI=" PayloadSize="60275" Path="FeaturesOnDemand\nb-no\baseless\Microsoft-Windows-WordPad-FoD-Package~31bf3856ad364e35~wow64~nb-no~.psf" PayloadType="ExpressPSF" />
      </Payload>
    </Package>
    <Package ID="Microsoft-Windows-WSUS-Tools-FoD-Package~31bf3856ad364e35~amd64~nb-no~" InstalledSize="2921249" Version="10.0.20348.1">
      <SatelliteInfo>
        <ApplyToInfo>
          <ApplyTo Type="language" Value="nb-NO" />
        </ApplyToInfo>
      </SatelliteInfo>
      <Payload>
        <PayloadItem PayloadHash="5GxLDA6dDOPFv5qkC5B9OGUILS9wpzSo9WEGTajQ9m8=" PayloadSize="11133" Path="FeaturesOnDemand\nb-no\baseless\Microsoft-Windows-WSUS-Tools-FoD-Package~31bf3856ad364e35~amd64~nb-no~.cab" PayloadType="ExpressCab" />
        <PayloadItem PayloadHash="bWvfydcw+fzEH8x1cFhaFrrnwYacDjdW9QRuoGJRnDE=" PayloadSize="384753" Path="FeaturesOnDemand\nb-no\baseless\Microsoft-Windows-WSUS-Tools-FoD-Package~31bf3856ad364e35~amd64~nb-no~.psf" PayloadType="ExpressPSF" />
      </Payload>
    </Package>
  </Packages>
  <ValuePair />
</CompDB>