<?xml version="1.0" encoding="utf-8"?>
<CompDB xmlns:xsi="http://www.w3.org/2001/XMLSchema-instance" xmlns:xsd="http://www.w3.org/2001/XMLSchema" CreatedDate="2021-05-08T14:05:06.3649676Z" Revision="1" SchemaVersion="1.2" Product="Server" BuildID="cba57a24-14e8-e0d9-3b38-ce9d5f1c983e" BuildInfo="fe_release.20348.1.210507-1500" OSVersion="10.0.20348.1" BuildArch="amd64" ReleaseType="Production" Type="Baseless" Name="Baseless~amd64~Server~~en-gb" xmlns="http://schemas.microsoft.com/embedded/2004/10/ImageUpdate">
  <Tags Type="Language">
    <Tag Name="Language" Value="en-gb" />
    <Tag Name="UpdateType" Value="Baseless" />
  </Tags>
  <Features>
    <Feature Type="LanguagePack" FeatureID="Language.UI.Server~en-gb" FMID="MSDL" Group="Microsoft">
      <Packages>
        <Package ID="Microsoft-Windows-Server-LanguagePack-Package_en-gb~31bf3856ad364e35~amd64~en-gb~" PackageType="FeaturePackage" />
      </Packages>
    </Feature>
    <Feature Type="OnDemandFeature" FeatureID="Rsat.AzureStack.HCI.Management.Tools~~1.0" FMID="MSDN" Group="Microsoft">
      <Packages>
        <Package ID="Microsoft-AzureStack-HCI-Management-Tools-FOD-Package~31bf3856ad364e35~amd64~en-gb~" PackageType="SatellitePackage" />
      </Packages>
    </Feature>
    <Feature Type="OnDemandFeature" FeatureID="Microsoft.Onecore.StorageManagement~~1.0" FMID="MSDN" Group="Microsoft">
      <Packages>
        <Package ID="Microsoft-OneCore-StorageManagement-FoD-Package~31bf3856ad364e35~amd64~en-gb~" PackageType="SatellitePackage" />
        <Package ID="Microsoft-OneCore-StorageManagement-FoD-Package~31bf3856ad364e35~wow64~en-gb~" PackageType="SatellitePackage" />
      </Packages>
    </Feature>
    <Feature Type="OnDemandFeature" FeatureID="Rsat.ActiveDirectory.DS-LDS.Tools~~1.0" FMID="MSDN" Group="Microsoft">
      <Dependencies>
        <Feature FeatureID="Rsat.ServerManager.Tools~~1.0" />
      </Dependencies>
      <Packages>
        <Package ID="Microsoft-Windows-ActiveDirectory-DS-LDS-Tools-FoD-Package~31bf3856ad364e35~amd64~en-gb~" PackageType="SatellitePackage" />
        <Package ID="Microsoft-Windows-ActiveDirectory-DS-LDS-Tools-FoD-Package~31bf3856ad364e35~wow64~en-gb~" PackageType="SatellitePackage" />
      </Packages>
    </Feature>
    <Feature Type="OnDemandFeature" FeatureID="Rsat.BitLocker.Recovery.Tools~~1.0" FMID="MSDN" Group="Microsoft">
      <Dependencies>
        <Feature FeatureID="Rsat.ActiveDirectory.DS-LDS.Tools~~1.0" />
      </Dependencies>
      <Packages>
        <Package ID="Microsoft-Windows-BitLocker-Recovery-Tools-FoD-Package~31bf3856ad364e35~amd64~en-gb~" PackageType="SatellitePackage" />
      </Packages>
    </Feature>
    <Feature Type="OnDemandFeature" FeatureID="Rsat.CertificateServices.Tools~~1.0" FMID="MSDN" Group="Microsoft">
      <Packages>
        <Package ID="Microsoft-Windows-CertificateServices-Tools-FoD-Package~31bf3856ad364e35~amd64~en-gb~" PackageType="SatellitePackage" />
      </Packages>
    </Feature>
    <Feature Type="OnDemandFeature" FeatureID="Microsoft.Composition.Test~~1.0" FMID="MSDN" Group="Microsoft">
      <Packages>
        <Package ID="Microsoft-Windows-Composition-Test-FOD-Package~31bf3856ad364e35~amd64~en-gb~" PackageType="SatellitePackage" />
        <Package ID="Microsoft-Windows-Composition-Test-FOD-Package~31bf3856ad364e35~wow64~en-gb~" PackageType="SatellitePackage" />
      </Packages>
    </Feature>
    <Feature Type="OnDemandFeature" FeatureID="Rsat.DHCP.Tools~~1.0" FMID="MSDN" Group="Microsoft">
      <Packages>
        <Package ID="Microsoft-Windows-DHCP-Tools-FoD-Package~31bf3856ad364e35~amd64~en-gb~" PackageType="SatellitePackage" />
        <Package ID="Microsoft-Windows-DHCP-Tools-FoD-Package~31bf3856ad364e35~wow64~en-gb~" PackageType="SatellitePackage" />
      </Packages>
    </Feature>
    <Feature Type="OnDemandFeature" FeatureID="Rsat.Dns.Tools~~1.0" FMID="MSDN" Group="Microsoft">
      <Packages>
        <Package ID="Microsoft-Windows-DNS-Tools-FoD-Package~31bf3856ad364e35~amd64~en-gb~" PackageType="SatellitePackage" />
        <Package ID="Microsoft-Windows-DNS-Tools-FoD-Package~31bf3856ad364e35~wow64~en-gb~" PackageType="SatellitePackage" />
      </Packages>
    </Feature>
    <Feature Type="OnDemandFeature" FeatureID="Windows.Desktop.EMS-SAC.Tools~~1.0" FMID="MSDN" Group="Microsoft">
      <Packages>
        <Package ID="Microsoft-Windows-EMS-SAC-Desktop-Tools-FoD-Package~31bf3856ad364e35~amd64~en-gb~" PackageType="SatellitePackage" />
      </Packages>
    </Feature>
    <Feature Type="OnDemandFeature" FeatureID="Rsat.FailoverCluster.Management.Tools~~1.0" FMID="MSDN" Group="Microsoft">
      <Dependencies>
        <Feature FeatureID="Rsat.FileServices.Tools~~1.0" />
      </Dependencies>
      <Packages>
        <Package ID="Microsoft-Windows-FailoverCluster-Management-Tools-FOD-Package~31bf3856ad364e35~amd64~en-gb~" PackageType="SatellitePackage" />
        <Package ID="Microsoft-Windows-FailoverCluster-Management-Tools-FOD-Package~31bf3856ad364e35~wow64~en-gb~" PackageType="SatellitePackage" />
      </Packages>
    </Feature>
    <Feature Type="OnDemandFeature" FeatureID="Rsat.FileServices.Tools~~1.0" FMID="MSDN" Group="Microsoft">
      <Dependencies>
        <Feature FeatureID="Rsat.ServerManager.Tools~~1.0" />
      </Dependencies>
      <Packages>
        <Package ID="Microsoft-Windows-FileServices-Tools-FoD-Package~31bf3856ad364e35~amd64~en-gb~" PackageType="SatellitePackage" />
        <Package ID="Microsoft-Windows-FileServices-Tools-FoD-Package~31bf3856ad364e35~wow64~en-gb~" PackageType="SatellitePackage" />
      </Packages>
    </Feature>
    <Feature Type="OnDemandFeature" FeatureID="Rsat.GroupPolicy.Management.Tools~~1.0" FMID="MSDN" Group="Microsoft">
      <Packages>
        <Package ID="Microsoft-Windows-GroupPolicy-Management-Tools-FoD-Package~31bf3856ad364e35~amd64~en-gb~" PackageType="SatellitePackage" />
        <Package ID="Microsoft-Windows-GroupPolicy-Management-Tools-FoD-Package~31bf3856ad364e35~wow64~en-gb~" PackageType="SatellitePackage" />
      </Packages>
    </Feature>
    <Feature Type="OnDemandFeature" FeatureID="Rsat.IPAM.Client.Tools~~1.0" FMID="MSDN" Group="Microsoft">
      <Dependencies>
        <Feature FeatureID="Rsat.ServerManager.Tools~~1.0" />
      </Dependencies>
      <Packages>
        <Package ID="Microsoft-Windows-IPAM-Client-FoD-Package~31bf3856ad364e35~amd64~en-gb~" PackageType="SatellitePackage" />
        <Package ID="Microsoft-Windows-IPAM-Client-FoD-Package~31bf3856ad364e35~wow64~en-gb~" PackageType="SatellitePackage" />
      </Packages>
    </Feature>
    <Feature Type="OnDemandFeature" FeatureID="Network.Irda~~1.0" FMID="MSDN" Group="Microsoft">
      <Packages>
        <Package ID="Microsoft-Windows-IRDA-Package~31bf3856ad364e35~amd64~en-gb~" PackageType="SatellitePackage" />
        <Package ID="Microsoft-Windows-IRDA-Package~31bf3856ad364e35~wow64~en-gb~" PackageType="SatellitePackage" />
      </Packages>
    </Feature>
    <Feature Type="OnDemandFeature" FeatureID="Media.MediaFeaturePack~~1.0" FMID="MSDN" Group="Microsoft">
      <Packages>
        <Package ID="Microsoft-Windows-Media-Features-Package~31bf3856ad364e35~amd64~en-gb~" PackageType="SatellitePackage" />
        <Package ID="Microsoft-Windows-Media-Features-Package~31bf3856ad364e35~wow64~en-gb~" PackageType="SatellitePackage" />
      </Packages>
    </Feature>
    <Feature Type="OnDemandFeature" FeatureID="Microsoft.Windows.MSPaint~~1.0" FMID="MSDN" Group="Microsoft">
      <Packages>
        <Package ID="Microsoft-Windows-MSPaint-FoD-Package~31bf3856ad364e35~amd64~en-gb~" PackageType="SatellitePackage" />
        <Package ID="Microsoft-Windows-MSPaint-FoD-Package~31bf3856ad364e35~wow64~en-gb~" PackageType="SatellitePackage" />
      </Packages>
    </Feature>
    <Feature Type="OnDemandFeature" FeatureID="Rsat.NetworkController.Tools~~1.0" FMID="MSDN" Group="Microsoft">
      <Packages>
        <Package ID="Microsoft-Windows-NetworkController-Tools-FoD-Package~31bf3856ad364e35~amd64~en-gb~" PackageType="SatellitePackage" />
      </Packages>
    </Feature>
    <Feature Type="OnDemandFeature" FeatureID="Rsat.NetworkLoadBalancing.Tools~~1.0" FMID="MSDN" Group="Microsoft">
      <Packages>
        <Package ID="Microsoft-Windows-NetworkLoadBalancing-Tools-FoD-Package~31bf3856ad364e35~amd64~en-gb~" PackageType="SatellitePackage" />
      </Packages>
    </Feature>
    <Feature Type="OnDemandFeature" FeatureID="Microsoft.Windows.Notepad~~1.0" FMID="MSDN" Group="Microsoft">
      <Packages>
        <Package ID="Microsoft-Windows-Notepad-FoD-Package~31bf3856ad364e35~amd64~en-gb~" PackageType="SatellitePackage" />
        <Package ID="Microsoft-Windows-Notepad-FoD-Package~31bf3856ad364e35~wow64~en-gb~" PackageType="SatellitePackage" />
      </Packages>
    </Feature>
    <Feature Type="OnDemandFeature" FeatureID="Microsoft.Windows.PowerShell.ISE~~1.0" FMID="MSDN" Group="Microsoft">
      <Packages>
        <Package ID="Microsoft-Windows-PowerShell-ISE-FOD-Package~31bf3856ad364e35~amd64~en-gb~" PackageType="SatellitePackage" />
        <Package ID="Microsoft-Windows-PowerShell-ISE-FOD-Package~31bf3856ad364e35~wow64~en-gb~" PackageType="SatellitePackage" />
      </Packages>
    </Feature>
    <Feature Type="OnDemandFeature" FeatureID="Print.Management.Console~~1.0" FMID="MSDN" Group="Microsoft">
      <Packages>
        <Package ID="Microsoft-Windows-Printing-PMCPPC-FoD-Package~31bf3856ad364e35~amd64~en-gb~" PackageType="SatellitePackage" />
      </Packages>
    </Feature>
    <Feature Type="OnDemandFeature" FeatureID="Print.Fax.Scan~~1.0" FMID="MSDN" Group="Microsoft">
      <Packages>
        <Package ID="Microsoft-Windows-Printing-WFS-FoD-Package~31bf3856ad364e35~amd64~en-gb~" PackageType="SatellitePackage" />
      </Packages>
    </Feature>
    <Feature Type="OnDemandFeature" FeatureID="RasCMAK.Client~~1.0" FMID="MSDN" Group="Microsoft">
      <Packages>
        <Package ID="Microsoft-Windows-RasCMAK-Client-Package~31bf3856ad364e35~amd64~en-gb~" PackageType="SatellitePackage" />
        <Package ID="Microsoft-Windows-RasCMAK-Client-Package~31bf3856ad364e35~wow64~en-gb~" PackageType="SatellitePackage" />
      </Packages>
    </Feature>
    <Feature Type="OnDemandFeature" FeatureID="RIP.Listener~~1.0" FMID="MSDN" Group="Microsoft">
      <Packages>
        <Package ID="Microsoft-Windows-RasRip-Package~31bf3856ad364e35~amd64~en-gb~" PackageType="SatellitePackage" />
      </Packages>
    </Feature>
    <Feature Type="OnDemandFeature" FeatureID="Rsat.RemoteAccess.Management.Tools~~1.0" FMID="MSDN" Group="Microsoft">
      <Dependencies>
        <Feature FeatureID="Rsat.GroupPolicy.Management.Tools~~1.0" />
        <Feature FeatureID="Rsat.ServerManager.Tools~~1.0" />
      </Dependencies>
      <Packages>
        <Package ID="Microsoft-Windows-RemoteAccess-Management-Tools-FoD-Package~31bf3856ad364e35~amd64~en-gb~" PackageType="SatellitePackage" />
        <Package ID="Microsoft-Windows-RemoteAccess-Management-Tools-FoD-Package~31bf3856ad364e35~wow64~en-gb~" PackageType="SatellitePackage" />
      </Packages>
    </Feature>
    <Feature Type="OnDemandFeature" FeatureID="Rsat.RemoteDesktop.Services.Tools~~1.0" FMID="MSDN" Group="Microsoft">
      <Packages>
        <Package ID="Microsoft-Windows-RemoteDesktop-Services-Tools-FoD-Package~31bf3856ad364e35~amd64~en-gb~" PackageType="SatellitePackage" />
      </Packages>
    </Feature>
    <Feature Type="OnDemandFeature" FeatureID="ServerCore.AppCompatibility~~1.0" FMID="MSDN" Group="Microsoft">
      <Packages>
        <Package ID="Microsoft-Windows-Server-AppCompat-FoD-Package~31bf3856ad364e35~amd64~en-gb~" PackageType="SatellitePackage" />
      </Packages>
    </Feature>
    <Feature Type="OnDemandFeature" FeatureID="Rsat.ServerManager.Tools~~1.0" FMID="MSDN" Group="Microsoft">
      <Packages>
        <Package ID="Microsoft-Windows-ServerManager-Tools-FoD-Package~31bf3856ad364e35~amd64~en-gb~" PackageType="SatellitePackage" />
        <Package ID="Microsoft-Windows-ServerManager-Tools-FoD-Package~31bf3856ad364e35~wow64~en-gb~" PackageType="SatellitePackage" />
      </Packages>
    </Feature>
    <Feature Type="OnDemandFeature" FeatureID="Rsat.Shielded.VM.Tools~~1.0" FMID="MSDN" Group="Microsoft">
      <Dependencies>
        <Feature FeatureID="Rsat.ServerManager.Tools~~1.0" />
      </Dependencies>
      <Packages>
        <Package ID="Microsoft-Windows-Shielded-VM-Tools-FoD-Package~31bf3856ad364e35~amd64~en-gb~" PackageType="SatellitePackage" />
      </Packages>
    </Feature>
    <Feature Type="OnDemandFeature" FeatureID="SNMP.Client~~1.0" FMID="MSDN" Group="Microsoft">
      <Packages>
        <Package ID="Microsoft-Windows-SNMP-Client-Package~31bf3856ad364e35~amd64~en-gb~" PackageType="SatellitePackage" />
        <Package ID="Microsoft-Windows-SNMP-Client-Package~31bf3856ad364e35~wow64~en-gb~" PackageType="SatellitePackage" />
      </Packages>
    </Feature>
    <Feature Type="OnDemandFeature" FeatureID="App.StepsRecorder~~1.0" FMID="MSDN" Group="Microsoft">
      <Packages>
        <Package ID="Microsoft-Windows-StepsRecorder-Package~31bf3856ad364e35~amd64~en-gb~" PackageType="SatellitePackage" />
        <Package ID="Microsoft-Windows-StepsRecorder-Package~31bf3856ad364e35~wow64~en-gb~" PackageType="SatellitePackage" />
      </Packages>
    </Feature>
    <Feature Type="OnDemandFeature" FeatureID="Microsoft.Windows.StorageManagement~~1.0" FMID="MSDN" Group="Microsoft">
      <Packages>
        <Package ID="Microsoft-Windows-StorageManagement-FoD-Package~31bf3856ad364e35~amd64~en-gb~" PackageType="SatellitePackage" />
        <Package ID="Microsoft-Windows-StorageManagement-FoD-Package~31bf3856ad364e35~wow64~en-gb~" PackageType="SatellitePackage" />
      </Packages>
    </Feature>
    <Feature Type="OnDemandFeature" FeatureID="Rsat.StorageMigrationService.Management.Tools~~1.0" FMID="MSDN" Group="Microsoft">
      <Packages>
        <Package ID="Microsoft-Windows-StorageMigrationService-Management-Tools-FOD-Package~31bf3856ad364e35~amd64~en-gb~" PackageType="SatellitePackage" />
      </Packages>
    </Feature>
    <Feature Type="OnDemandFeature" FeatureID="Rsat.StorageReplica.Tools~~1.0" FMID="MSDN" Group="Microsoft">
      <Packages>
        <Package ID="Microsoft-Windows-StorageReplica-Tools-FoD-Package~31bf3856ad364e35~amd64~en-gb~" PackageType="SatellitePackage" />
      </Packages>
    </Feature>
    <Feature Type="OnDemandFeature" FeatureID="Rsat.SystemInsights.Management.Tools~~1.0" FMID="MSDN" Group="Microsoft">
      <Packages>
        <Package ID="Microsoft-Windows-SystemInsights-Management-Tools-FOD-Package~31bf3856ad364e35~amd64~en-gb~" PackageType="SatellitePackage" />
      </Packages>
    </Feature>
    <Feature Type="OnDemandFeature" FeatureID="Rsat.VolumeActivation.Tools~~1.0" FMID="MSDN" Group="Microsoft">
      <Packages>
        <Package ID="Microsoft-Windows-VolumeActivation-Tools-FoD-Package~31bf3856ad364e35~amd64~en-gb~" PackageType="SatellitePackage" />
      </Packages>
    </Feature>
    <Feature Type="OnDemandFeature" FeatureID="App.WirelessDisplay.Connect~~1.0" FMID="MSDN" Group="Microsoft">
      <Packages>
        <Package ID="Microsoft-Windows-WirelessDisplay-FOD-Package~31bf3856ad364e35~amd64~en-gb~" PackageType="SatellitePackage" />
      </Packages>
    </Feature>
    <Feature Type="OnDemandFeature" FeatureID="WMI-SNMP-Provider.Client~~1.0" FMID="MSDN" Group="Microsoft">
      <Dependencies>
        <Feature FeatureID="SNMP.Client~~1.0" />
      </Dependencies>
      <Packages>
        <Package ID="Microsoft-Windows-WMI-SNMP-Provider-Client-Package~31bf3856ad364e35~amd64~en-gb~" PackageType="SatellitePackage" />
        <Package ID="Microsoft-Windows-WMI-SNMP-Provider-Client-Package~31bf3856ad364e35~wow64~en-gb~" PackageType="SatellitePackage" />
      </Packages>
    </Feature>
    <Feature Type="OnDemandFeature" FeatureID="Microsoft.Windows.WordPad~~1.0" FMID="MSDN" Group="Microsoft">
      <Packages>
        <Package ID="Microsoft-Windows-WordPad-FoD-Package~31bf3856ad364e35~amd64~en-gb~" PackageType="SatellitePackage" />
        <Package ID="Microsoft-Windows-WordPad-FoD-Package~31bf3856ad364e35~wow64~en-gb~" PackageType="SatellitePackage" />
      </Packages>
    </Feature>
    <Feature Type="OnDemandFeature" FeatureID="Rsat.WSUS.Tools~~1.0" FMID="MSDN" Group="Microsoft">
      <Packages>
        <Package ID="Microsoft-Windows-WSUS-Tools-FoD-Package~31bf3856ad364e35~amd64~en-gb~" PackageType="SatellitePackage" />
      </Packages>
    </Feature>
  </Features>
  <Packages>
    <Package ID="Microsoft-Windows-Server-LanguagePack-Package_en-gb~31bf3856ad364e35~amd64~en-gb~" InstalledSize="261550214" Version="10.0.20348.1">
      <SatelliteInfo>
        <DeclareInfo>
          <Declare Type="language" Value="en-GB" />
        </DeclareInfo>
      </SatelliteInfo>
      <Payload>
        <PayloadItem PayloadHash="Hfq37bf+NkDn0vmaZLLb47jxtoe4dfIeIOpoHpnvEBs=" PayloadSize="1123127" Path="UUP\Desktop\editionpackages\en-gb\Server\baseless\Microsoft-Windows-Server-LanguagePack-Package_en-gb~31bf3856ad364e35~amd64~en-gb~.cab" PayloadType="ExpressCab" />
        <PayloadItem PayloadHash="yNoG/z8J2m1j+TPKTeon+j4mzZlrfki742c0ru3+Huc=" PayloadSize="54300447" Path="UUP\Desktop\editionpackages\en-gb\Server\baseless\Microsoft-Windows-Server-LanguagePack-Package_en-gb~31bf3856ad364e35~amd64~en-gb~.psf" PayloadType="ExpressPSF" />
      </Payload>
    </Package>
    <Package ID="Microsoft-AzureStack-HCI-Management-Tools-FOD-Package~31bf3856ad364e35~amd64~en-gb~" InstalledSize="33259" Version="10.0.20348.1">
      <SatelliteInfo>
        <ApplyToInfo>
          <ApplyTo Type="language" Value="en-GB" />
        </ApplyToInfo>
      </SatelliteInfo>
      <Payload>
        <PayloadItem PayloadHash="JILpRB3+Fnj2iLtDlFsf/Sz+3faw+FW1ivDte29PTlQ=" PayloadSize="10281" Path="FeaturesOnDemand\en-gb\baseless\Microsoft-AzureStack-HCI-Management-Tools-FOD-Package~31bf3856ad364e35~amd64~en-gb~.cab" PayloadType="ExpressCab" />
        <PayloadItem PayloadHash="YsY6LjFkygiUO5b+4FvXnC/yVVMRV6rAoaUGEFa17dM=" PayloadSize="59905" Path="FeaturesOnDemand\en-gb\baseless\Microsoft-AzureStack-HCI-Management-Tools-FOD-Package~31bf3856ad364e35~amd64~en-gb~.psf" PayloadType="ExpressPSF" />
      </Payload>
    </Package>
    <Package ID="Microsoft-OneCore-StorageManagement-FoD-Package~31bf3856ad364e35~amd64~en-gb~" InstalledSize="1986435" Version="10.0.20348.1">
      <SatelliteInfo>
        <ApplyToInfo>
          <ApplyTo Type="language" Value="en-GB" />
        </ApplyToInfo>
      </SatelliteInfo>
      <Payload>
        <PayloadItem PayloadHash="iWwEdWDPrjrm5qnx5CqBuYUU6KdeZvNHMMxDa3OhUbA=" PayloadSize="11361" Path="FeaturesOnDemand\en-gb\baseless\Microsoft-OneCore-StorageManagement-FoD-Package~31bf3856ad364e35~amd64~en-gb~.cab" PayloadType="ExpressCab" />
        <PayloadItem PayloadHash="Smn8asaRFT5OmDCusawcargLU+KwnuMv19PfDfti25E=" PayloadSize="184414" Path="FeaturesOnDemand\en-gb\baseless\Microsoft-OneCore-StorageManagement-FoD-Package~31bf3856ad364e35~amd64~en-gb~.psf" PayloadType="ExpressPSF" />
      </Payload>
    </Package>
    <Package ID="Microsoft-OneCore-StorageManagement-FoD-Package~31bf3856ad364e35~wow64~en-gb~" InstalledSize="1081685" Version="10.0.20348.1">
      <SatelliteInfo>
        <ApplyToInfo>
          <ApplyTo Type="arch" Value="wow64" />
          <ApplyTo Type="language" Value="en-GB" />
        </ApplyToInfo>
      </SatelliteInfo>
      <Payload>
        <PayloadItem PayloadHash="b/KhD0BHkK+S99n4Qn+krpkPaiUN1ZF9Ye0lgqnsJqA=" PayloadSize="10431" Path="FeaturesOnDemand\en-gb\baseless\Microsoft-OneCore-StorageManagement-FoD-Package~31bf3856ad364e35~wow64~en-gb~.cab" PayloadType="ExpressCab" />
        <PayloadItem PayloadHash="4WC52vk/AO2L6JxcNdmwhSNcBt3G4cAHnMAIMNDOHjw=" PayloadSize="107723" Path="FeaturesOnDemand\en-gb\baseless\Microsoft-OneCore-StorageManagement-FoD-Package~31bf3856ad364e35~wow64~en-gb~.psf" PayloadType="ExpressPSF" />
      </Payload>
    </Package>
    <Package ID="Microsoft-Windows-ActiveDirectory-DS-LDS-Tools-FoD-Package~31bf3856ad364e35~amd64~en-gb~" InstalledSize="5625059" Version="10.0.20348.1">
      <SatelliteInfo>
        <ApplyToInfo>
          <ApplyTo Type="language" Value="en-GB" />
        </ApplyToInfo>
      </SatelliteInfo>
      <Payload>
        <PayloadItem PayloadHash="rhD7/mSyJ73Lc5LQLlA267RUPXGvo51fr9W4oQFaKd0=" PayloadSize="17349" Path="FeaturesOnDemand\en-gb\baseless\Microsoft-Windows-ActiveDirectory-DS-LDS-Tools-FoD-Package~31bf3856ad364e35~amd64~en-gb~.cab" PayloadType="ExpressCab" />
        <PayloadItem PayloadHash="7K/vj4UMIyZds3GIsmrah/EBy2OpJahD/3+WlzxYnnc=" PayloadSize="904894" Path="FeaturesOnDemand\en-gb\baseless\Microsoft-Windows-ActiveDirectory-DS-LDS-Tools-FoD-Package~31bf3856ad364e35~amd64~en-gb~.psf" PayloadType="ExpressPSF" />
      </Payload>
    </Package>
    <Package ID="Microsoft-Windows-ActiveDirectory-DS-LDS-Tools-FoD-Package~31bf3856ad364e35~wow64~en-gb~" InstalledSize="787200" Version="10.0.20348.1">
      <SatelliteInfo>
        <ApplyToInfo>
          <ApplyTo Type="arch" Value="wow64" />
          <ApplyTo Type="language" Value="en-GB" />
        </ApplyToInfo>
      </SatelliteInfo>
      <Payload>
        <PayloadItem PayloadHash="+ATCZFVL+KGW4Vz9gf7GoIDpzv93IWefAzgyrCkcLiQ=" PayloadSize="11251" Path="FeaturesOnDemand\en-gb\baseless\Microsoft-Windows-ActiveDirectory-DS-LDS-Tools-FoD-Package~31bf3856ad364e35~wow64~en-gb~.cab" PayloadType="ExpressCab" />
        <PayloadItem PayloadHash="SLQx3Z+0snEwDsRk3X9AYt+praEa1CQYrgCdhpRhxUc=" PayloadSize="150732" Path="FeaturesOnDemand\en-gb\baseless\Microsoft-Windows-ActiveDirectory-DS-LDS-Tools-FoD-Package~31bf3856ad364e35~wow64~en-gb~.psf" PayloadType="ExpressPSF" />
      </Payload>
    </Package>
    <Package ID="Microsoft-Windows-BitLocker-Recovery-Tools-FoD-Package~31bf3856ad364e35~amd64~en-gb~" InstalledSize="31688" Version="10.0.20348.1">
      <SatelliteInfo>
        <ApplyToInfo>
          <ApplyTo Type="language" Value="en-GB" />
        </ApplyToInfo>
      </SatelliteInfo>
      <Payload>
        <PayloadItem PayloadHash="IXc0bL7ioDgg7FSZr0MWd59aodm87TL6Z+ETBAOFMFw=" PayloadSize="10267" Path="FeaturesOnDemand\en-gb\baseless\Microsoft-Windows-BitLocker-Recovery-Tools-FoD-Package~31bf3856ad364e35~amd64~en-gb~.cab" PayloadType="ExpressCab" />
        <PayloadItem PayloadHash="JjTCB1GVCM/7KqvyK6mu2wiF2KFt2lqCBV8gE+nESVA=" PayloadSize="58612" Path="FeaturesOnDemand\en-gb\baseless\Microsoft-Windows-BitLocker-Recovery-Tools-FoD-Package~31bf3856ad364e35~amd64~en-gb~.psf" PayloadType="ExpressPSF" />
      </Payload>
    </Package>
    <Package ID="Microsoft-Windows-CertificateServices-Tools-FoD-Package~31bf3856ad364e35~amd64~en-gb~" InstalledSize="996053" Version="10.0.20348.1">
      <SatelliteInfo>
        <ApplyToInfo>
          <ApplyTo Type="language" Value="en-GB" />
        </ApplyToInfo>
      </SatelliteInfo>
      <Payload>
        <PayloadItem PayloadHash="vTbKtBgEys+Cmkc9B5IoGz9VkhzA9M+9NMC5VHx3KNM=" PayloadSize="12121" Path="FeaturesOnDemand\en-gb\baseless\Microsoft-Windows-CertificateServices-Tools-FoD-Package~31bf3856ad364e35~amd64~en-gb~.cab" PayloadType="ExpressCab" />
        <PayloadItem PayloadHash="R8ej01ZsziRa5eCcJvQtxUf7KFx+KiR9OvfQLW/ovJ8=" PayloadSize="190946" Path="FeaturesOnDemand\en-gb\baseless\Microsoft-Windows-CertificateServices-Tools-FoD-Package~31bf3856ad364e35~amd64~en-gb~.psf" PayloadType="ExpressPSF" />
      </Payload>
    </Package>
    <Package ID="Microsoft-Windows-Composition-Test-FOD-Package~31bf3856ad364e35~amd64~en-gb~" InstalledSize="21098" Version="10.0.20348.1">
      <SatelliteInfo>
        <ApplyToInfo>
          <ApplyTo Type="language" Value="en-GB" />
        </ApplyToInfo>
      </SatelliteInfo>
      <Payload>
        <PayloadItem PayloadHash="Qf7Fx/IPOxKOzGB0ihEXT2KvHuFOIeuZkiOIyxSxtV4=" PayloadSize="10021" Path="FeaturesOnDemand\en-gb\baseless\Microsoft-Windows-Composition-Test-FOD-Package~31bf3856ad364e35~amd64~en-gb~.cab" PayloadType="ExpressCab" />
        <PayloadItem PayloadHash="+nZxxoiExv8FlarAlEIhC5/WEcWOA2VYEuyahz5pt04=" PayloadSize="55281" Path="FeaturesOnDemand\en-gb\baseless\Microsoft-Windows-Composition-Test-FOD-Package~31bf3856ad364e35~amd64~en-gb~.psf" PayloadType="ExpressPSF" />
      </Payload>
    </Package>
    <Package ID="Microsoft-Windows-Composition-Test-FOD-Package~31bf3856ad364e35~wow64~en-gb~" InstalledSize="21219" Version="10.0.20348.1">
      <SatelliteInfo>
        <ApplyToInfo>
          <ApplyTo Type="arch" Value="wow64" />
          <ApplyTo Type="language" Value="en-GB" />
        </ApplyToInfo>
      </SatelliteInfo>
      <Payload>
        <PayloadItem PayloadHash="pUK8dk+WUBlGCl8ayGg/PG8NDlXjMgxy/n3T4DW8C6Y=" PayloadSize="10007" Path="FeaturesOnDemand\en-gb\baseless\Microsoft-Windows-Composition-Test-FOD-Package~31bf3856ad364e35~wow64~en-gb~.cab" PayloadType="ExpressCab" />
        <PayloadItem PayloadHash="bPgVUEAR0HSeX0Etce3DS6CWZr8E89WWBZtaOo6JZqg=" PayloadSize="55320" Path="FeaturesOnDemand\en-gb\baseless\Microsoft-Windows-Composition-Test-FOD-Package~31bf3856ad364e35~wow64~en-gb~.psf" PayloadType="ExpressPSF" />
      </Payload>
    </Package>
    <Package ID="Microsoft-Windows-DHCP-Tools-FoD-Package~31bf3856ad364e35~amd64~en-gb~" InstalledSize="1777748" Version="10.0.20348.1">
      <SatelliteInfo>
        <ApplyToInfo>
          <ApplyTo Type="language" Value="en-GB" />
        </ApplyToInfo>
      </SatelliteInfo>
      <Payload>
        <PayloadItem PayloadHash="R/0l9mZ0Ed2OqGwko8cM/mo52khbep72zaMwQP8aSF0=" PayloadSize="11101" Path="FeaturesOnDemand\en-gb\baseless\Microsoft-Windows-DHCP-Tools-FoD-Package~31bf3856ad364e35~amd64~en-gb~.cab" PayloadType="ExpressCab" />
        <PayloadItem PayloadHash="AdX5pPgUg5BX5HpHy93plAc5E9H08gs99tE/1MfU7Ws=" PayloadSize="196330" Path="FeaturesOnDemand\en-gb\baseless\Microsoft-Windows-DHCP-Tools-FoD-Package~31bf3856ad364e35~amd64~en-gb~.psf" PayloadType="ExpressPSF" />
      </Payload>
    </Package>
    <Package ID="Microsoft-Windows-DHCP-Tools-FoD-Package~31bf3856ad364e35~wow64~en-gb~" InstalledSize="459662" Version="10.0.20348.1">
      <SatelliteInfo>
        <ApplyToInfo>
          <ApplyTo Type="arch" Value="wow64" />
          <ApplyTo Type="language" Value="en-GB" />
        </ApplyToInfo>
      </SatelliteInfo>
      <Payload>
        <PayloadItem PayloadHash="oUYHOSeuPKNI8Kqx1hKMMVBX1MVpFBUypTFPvV/Epic=" PayloadSize="10243" Path="FeaturesOnDemand\en-gb\baseless\Microsoft-Windows-DHCP-Tools-FoD-Package~31bf3856ad364e35~wow64~en-gb~.cab" PayloadType="ExpressCab" />
        <PayloadItem PayloadHash="5/sufEgV2JLgQgXC8vsNMgwmiqSh8jmC/m7OnXzd3Xw=" PayloadSize="86179" Path="FeaturesOnDemand\en-gb\baseless\Microsoft-Windows-DHCP-Tools-FoD-Package~31bf3856ad364e35~wow64~en-gb~.psf" PayloadType="ExpressPSF" />
      </Payload>
    </Package>
    <Package ID="Microsoft-Windows-DNS-Tools-FoD-Package~31bf3856ad364e35~amd64~en-gb~" InstalledSize="1860345" Version="10.0.20348.1">
      <SatelliteInfo>
        <ApplyToInfo>
          <ApplyTo Type="language" Value="en-GB" />
        </ApplyToInfo>
      </SatelliteInfo>
      <Payload>
        <PayloadItem PayloadHash="6UF333hvyOtu3psq7p3uJYtst7sYw11RyITE/Y5RDzQ=" PayloadSize="10973" Path="FeaturesOnDemand\en-gb\baseless\Microsoft-Windows-DNS-Tools-FoD-Package~31bf3856ad364e35~amd64~en-gb~.cab" PayloadType="ExpressCab" />
        <PayloadItem PayloadHash="Cj5JC/xadfiaMHKwliKDA/wnFWTsBPoWSRJ4RxNxT8E=" PayloadSize="218839" Path="FeaturesOnDemand\en-gb\baseless\Microsoft-Windows-DNS-Tools-FoD-Package~31bf3856ad364e35~amd64~en-gb~.psf" PayloadType="ExpressPSF" />
      </Payload>
    </Package>
    <Package ID="Microsoft-Windows-DNS-Tools-FoD-Package~31bf3856ad364e35~wow64~en-gb~" InstalledSize="12276" Version="10.0.20348.1">
      <SatelliteInfo>
        <ApplyToInfo>
          <ApplyTo Type="arch" Value="wow64" />
          <ApplyTo Type="language" Value="en-GB" />
        </ApplyToInfo>
      </SatelliteInfo>
      <Payload>
        <PayloadItem PayloadHash="mlkHZeh9Wb1pQzSdWuZBYelo4lWc8RFAm2HnBCjZPjU=" PayloadSize="9875" Path="FeaturesOnDemand\en-gb\baseless\Microsoft-Windows-DNS-Tools-FoD-Package~31bf3856ad364e35~wow64~en-gb~.cab" PayloadType="ExpressCab" />
        <PayloadItem PayloadHash="+D/nUnETPLFHNB1BQtaZ3od+TyxRUa+td/O4oZo2btw=" PayloadSize="49660" Path="FeaturesOnDemand\en-gb\baseless\Microsoft-Windows-DNS-Tools-FoD-Package~31bf3856ad364e35~wow64~en-gb~.psf" PayloadType="ExpressPSF" />
      </Payload>
    </Package>
    <Package ID="Microsoft-Windows-EMS-SAC-Desktop-Tools-FoD-Package~31bf3856ad364e35~amd64~en-gb~" InstalledSize="50127" Version="10.0.20348.1">
      <SatelliteInfo>
        <ApplyToInfo>
          <ApplyTo Type="language" Value="en-GB" />
        </ApplyToInfo>
      </SatelliteInfo>
      <Payload>
        <PayloadItem PayloadHash="TFMTTMqeCLKJs0nOXZACQLXzmLPZU56mKJmqOOOsLz0=" PayloadSize="10531" Path="FeaturesOnDemand\en-gb\baseless\Microsoft-Windows-EMS-SAC-Desktop-Tools-FoD-Package~31bf3856ad364e35~amd64~en-gb~.cab" PayloadType="ExpressCab" />
        <PayloadItem PayloadHash="H/Y2YNGWHLFIfNKbcr0/3gNKdjw+mz4AvtU1aJJePBQ=" PayloadSize="63682" Path="FeaturesOnDemand\en-gb\baseless\Microsoft-Windows-EMS-SAC-Desktop-Tools-FoD-Package~31bf3856ad364e35~amd64~en-gb~.psf" PayloadType="ExpressPSF" />
      </Payload>
    </Package>
    <Package ID="Microsoft-Windows-FailoverCluster-Management-Tools-FOD-Package~31bf3856ad364e35~amd64~en-gb~" InstalledSize="8883652" Version="10.0.20348.1">
      <SatelliteInfo>
        <ApplyToInfo>
          <ApplyTo Type="language" Value="en-GB" />
        </ApplyToInfo>
      </SatelliteInfo>
      <Payload>
        <PayloadItem PayloadHash="ExhIgkco9ew9IExH6VudhAamIE+TsabDcNjX4EoeHOM=" PayloadSize="16623" Path="FeaturesOnDemand\en-gb\baseless\Microsoft-Windows-FailoverCluster-Management-Tools-FOD-Package~31bf3856ad364e35~amd64~en-gb~.cab" PayloadType="ExpressCab" />
        <PayloadItem PayloadHash="YLqNj2dtDYQoc5iNJ11AO90MWAxuosTcDrzxLuEy7wU=" PayloadSize="2429584" Path="FeaturesOnDemand\en-gb\baseless\Microsoft-Windows-FailoverCluster-Management-Tools-FOD-Package~31bf3856ad364e35~amd64~en-gb~.psf" PayloadType="ExpressPSF" />
      </Payload>
    </Package>
    <Package ID="Microsoft-Windows-FailoverCluster-Management-Tools-FOD-Package~31bf3856ad364e35~wow64~en-gb~" InstalledSize="60420" Version="10.0.20348.1">
      <SatelliteInfo>
        <ApplyToInfo>
          <ApplyTo Type="arch" Value="wow64" />
          <ApplyTo Type="language" Value="en-GB" />
        </ApplyToInfo>
      </SatelliteInfo>
      <Payload>
        <PayloadItem PayloadHash="DjyklKPxq3mTHghepYqX7Yd4zvoUy8ghtM/ng4+mfsY=" PayloadSize="10935" Path="FeaturesOnDemand\en-gb\baseless\Microsoft-Windows-FailoverCluster-Management-Tools-FOD-Package~31bf3856ad364e35~wow64~en-gb~.cab" PayloadType="ExpressCab" />
        <PayloadItem PayloadHash="Q7e36rgvtty7vu7SMSfX4rxrSAzMvD1pdv9JOsXx560=" PayloadSize="70325" Path="FeaturesOnDemand\en-gb\baseless\Microsoft-Windows-FailoverCluster-Management-Tools-FOD-Package~31bf3856ad364e35~wow64~en-gb~.psf" PayloadType="ExpressPSF" />
      </Payload>
    </Package>
    <Package ID="Microsoft-Windows-FileServices-Tools-FoD-Package~31bf3856ad364e35~amd64~en-gb~" InstalledSize="4108961" Version="10.0.20348.1">
      <SatelliteInfo>
        <ApplyToInfo>
          <ApplyTo Type="language" Value="en-GB" />
        </ApplyToInfo>
      </SatelliteInfo>
      <Payload>
        <PayloadItem PayloadHash="n34HSrv7pyKxOOrF0x0k4p9eBDPSpv9C3qazbpz/1GI=" PayloadSize="14785" Path="FeaturesOnDemand\en-gb\baseless\Microsoft-Windows-FileServices-Tools-FoD-Package~31bf3856ad364e35~amd64~en-gb~.cab" PayloadType="ExpressCab" />
        <PayloadItem PayloadHash="ufs/7+/91FyL2rxVzHtD4IB6ycvQEEJRG5BHms7nyq4=" PayloadSize="598064" Path="FeaturesOnDemand\en-gb\baseless\Microsoft-Windows-FileServices-Tools-FoD-Package~31bf3856ad364e35~amd64~en-gb~.psf" PayloadType="ExpressPSF" />
      </Payload>
    </Package>
    <Package ID="Microsoft-Windows-FileServices-Tools-FoD-Package~31bf3856ad364e35~wow64~en-gb~" InstalledSize="171384" Version="10.0.20348.1">
      <SatelliteInfo>
        <ApplyToInfo>
          <ApplyTo Type="arch" Value="wow64" />
          <ApplyTo Type="language" Value="en-GB" />
        </ApplyToInfo>
      </SatelliteInfo>
      <Payload>
        <PayloadItem PayloadHash="j2WGL4PhH0Wr7h60Na+AK4m2lhg4qxombaKxHR5si+U=" PayloadSize="10601" Path="FeaturesOnDemand\en-gb\baseless\Microsoft-Windows-FileServices-Tools-FoD-Package~31bf3856ad364e35~wow64~en-gb~.cab" PayloadType="ExpressCab" />
        <PayloadItem PayloadHash="yWCIQ0MkqawUzshnwSatc9pgS55/grY9qnWvmRe4b4o=" PayloadSize="76371" Path="FeaturesOnDemand\en-gb\baseless\Microsoft-Windows-FileServices-Tools-FoD-Package~31bf3856ad364e35~wow64~en-gb~.psf" PayloadType="ExpressPSF" />
      </Payload>
    </Package>
    <Package ID="Microsoft-Windows-GroupPolicy-Management-Tools-FoD-Package~31bf3856ad364e35~amd64~en-gb~" InstalledSize="2251611" Version="10.0.20348.1">
      <SatelliteInfo>
        <ApplyToInfo>
          <ApplyTo Type="language" Value="en-GB" />
        </ApplyToInfo>
      </SatelliteInfo>
      <Payload>
        <PayloadItem PayloadHash="IatG968Hi1PNec3uKJSQsGxBAgqWoPGISyj3hcvQAg8=" PayloadSize="13555" Path="FeaturesOnDemand\en-gb\baseless\Microsoft-Windows-GroupPolicy-Management-Tools-FoD-Package~31bf3856ad364e35~amd64~en-gb~.cab" PayloadType="ExpressCab" />
        <PayloadItem PayloadHash="clhanfR10yuqeir9PsU/WyFFF14AmYnaEzcE7roYRlg=" PayloadSize="333702" Path="FeaturesOnDemand\en-gb\baseless\Microsoft-Windows-GroupPolicy-Management-Tools-FoD-Package~31bf3856ad364e35~amd64~en-gb~.psf" PayloadType="ExpressPSF" />
      </Payload>
    </Package>
    <Package ID="Microsoft-Windows-GroupPolicy-Management-Tools-FoD-Package~31bf3856ad364e35~wow64~en-gb~" InstalledSize="305932" Version="10.0.20348.1">
      <SatelliteInfo>
        <ApplyToInfo>
          <ApplyTo Type="arch" Value="wow64" />
          <ApplyTo Type="language" Value="en-GB" />
        </ApplyToInfo>
      </SatelliteInfo>
      <Payload>
        <PayloadItem PayloadHash="+kSlWA2DxyXziwvxKpuzFNF048iq73ZlITAgrPcZU0o=" PayloadSize="10415" Path="FeaturesOnDemand\en-gb\baseless\Microsoft-Windows-GroupPolicy-Management-Tools-FoD-Package~31bf3856ad364e35~wow64~en-gb~.cab" PayloadType="ExpressCab" />
        <PayloadItem PayloadHash="sS4/eWgI6aULg9uXxqHB7Lzf357lJnr0tzCi5fstB+Q=" PayloadSize="90619" Path="FeaturesOnDemand\en-gb\baseless\Microsoft-Windows-GroupPolicy-Management-Tools-FoD-Package~31bf3856ad364e35~wow64~en-gb~.psf" PayloadType="ExpressPSF" />
      </Payload>
    </Package>
    <Package ID="Microsoft-Windows-IPAM-Client-FoD-Package~31bf3856ad364e35~amd64~en-gb~" InstalledSize="98736" Version="10.0.20348.1">
      <SatelliteInfo>
        <ApplyToInfo>
          <ApplyTo Type="language" Value="en-GB" />
        </ApplyToInfo>
      </SatelliteInfo>
      <Payload>
        <PayloadItem PayloadHash="MWB/3WbcXk6c1wNp03VM5bjKYq3u5QW1S5Fotyxm9kA=" PayloadSize="10211" Path="FeaturesOnDemand\en-gb\baseless\Microsoft-Windows-IPAM-Client-FoD-Package~31bf3856ad364e35~amd64~en-gb~.cab" PayloadType="ExpressCab" />
        <PayloadItem PayloadHash="Z7h4E6jknEEPUi+rgRyNrizm2DDRui9hPiLSWwkwehA=" PayloadSize="61109" Path="FeaturesOnDemand\en-gb\baseless\Microsoft-Windows-IPAM-Client-FoD-Package~31bf3856ad364e35~amd64~en-gb~.psf" PayloadType="ExpressPSF" />
      </Payload>
    </Package>
    <Package ID="Microsoft-Windows-IPAM-Client-FoD-Package~31bf3856ad364e35~wow64~en-gb~" InstalledSize="23575" Version="10.0.20348.1">
      <SatelliteInfo>
        <ApplyToInfo>
          <ApplyTo Type="arch" Value="wow64" />
          <ApplyTo Type="language" Value="en-GB" />
        </ApplyToInfo>
      </SatelliteInfo>
      <Payload>
        <PayloadItem PayloadHash="vckoLZsvC57+o4+E1FUqDqkiTH6QTDP6LoGN5AGx/yg=" PayloadSize="10039" Path="FeaturesOnDemand\en-gb\baseless\Microsoft-Windows-IPAM-Client-FoD-Package~31bf3856ad364e35~wow64~en-gb~.cab" PayloadType="ExpressCab" />
        <PayloadItem PayloadHash="Et9277uasOX6ZEHzpDU3mjOemXmBLgeGCisH1ujNWek=" PayloadSize="51950" Path="FeaturesOnDemand\en-gb\baseless\Microsoft-Windows-IPAM-Client-FoD-Package~31bf3856ad364e35~wow64~en-gb~.psf" PayloadType="ExpressPSF" />
      </Payload>
    </Package>
    <Package ID="Microsoft-Windows-IRDA-Package~31bf3856ad364e35~amd64~en-gb~" InstalledSize="55861" Version="10.0.20348.1">
      <SatelliteInfo>
        <ApplyToInfo>
          <ApplyTo Type="language" Value="en-GB" />
        </ApplyToInfo>
      </SatelliteInfo>
      <Payload>
        <PayloadItem PayloadHash="YbqahPO19WVA0ztvjqizXVU2wUM1SRM/VlCVH/pnkdw=" PayloadSize="10857" Path="FeaturesOnDemand\en-gb\baseless\Microsoft-Windows-IRDA-Package~31bf3856ad364e35~amd64~en-gb~.cab" PayloadType="ExpressCab" />
        <PayloadItem PayloadHash="QCnV0t5vt1xDHZLVT+1RhWmh7+6KtaHqZdl1JyQ7CMM=" PayloadSize="62941" Path="FeaturesOnDemand\en-gb\baseless\Microsoft-Windows-IRDA-Package~31bf3856ad364e35~amd64~en-gb~.psf" PayloadType="ExpressPSF" />
      </Payload>
    </Package>
    <Package ID="Microsoft-Windows-IRDA-Package~31bf3856ad364e35~wow64~en-gb~" InstalledSize="11332" Version="10.0.20348.1">
      <SatelliteInfo>
        <ApplyToInfo>
          <ApplyTo Type="arch" Value="wow64" />
          <ApplyTo Type="language" Value="en-GB" />
        </ApplyToInfo>
      </SatelliteInfo>
      <Payload>
        <PayloadItem PayloadHash="zDNgvWOgXhW3SPtuPI7C87gloTjccgj/tSgxSmp0tVQ=" PayloadSize="9779" Path="FeaturesOnDemand\en-gb\baseless\Microsoft-Windows-IRDA-Package~31bf3856ad364e35~wow64~en-gb~.cab" PayloadType="ExpressCab" />
        <PayloadItem PayloadHash="V7gPNFKhpyqss8X+zYLQ+Q6XP9GMEiYvGeZ1s0PUtq0=" PayloadSize="49083" Path="FeaturesOnDemand\en-gb\baseless\Microsoft-Windows-IRDA-Package~31bf3856ad364e35~wow64~en-gb~.psf" PayloadType="ExpressPSF" />
      </Payload>
    </Package>
    <Package ID="Microsoft-Windows-Media-Features-Package~31bf3856ad364e35~amd64~en-gb~" InstalledSize="1664473" Version="10.0.20348.1">
      <SatelliteInfo>
        <ApplyToInfo>
          <ApplyTo Type="language" Value="en-GB" />
        </ApplyToInfo>
      </SatelliteInfo>
      <Payload>
        <PayloadItem PayloadHash="zty5faPyz96EwdHB9QLCl4HpghXlPU1L3m2ERg93/T8=" PayloadSize="29775" Path="FeaturesOnDemand\en-gb\baseless\Microsoft-Windows-Media-Features-Package~31bf3856ad364e35~amd64~en-gb~.cab" PayloadType="ExpressCab" />
        <PayloadItem PayloadHash="w5ZIfjbUsuZS0VFMjvdMpgdsC/+71N/qLns4WhRD43U=" PayloadSize="516882" Path="FeaturesOnDemand\en-gb\baseless\Microsoft-Windows-Media-Features-Package~31bf3856ad364e35~amd64~en-gb~.psf" PayloadType="ExpressPSF" />
      </Payload>
    </Package>
    <Package ID="Microsoft-Windows-Media-Features-Package~31bf3856ad364e35~wow64~en-gb~" InstalledSize="361192" Version="10.0.20348.1">
      <SatelliteInfo>
        <ApplyToInfo>
          <ApplyTo Type="arch" Value="wow64" />
          <ApplyTo Type="language" Value="en-GB" />
        </ApplyToInfo>
      </SatelliteInfo>
      <Payload>
        <PayloadItem PayloadHash="1LbPGqgUJDGyOv6KxZhLPkVMYO5vKBY3DSf32V7IjBE=" PayloadSize="18871" Path="FeaturesOnDemand\en-gb\baseless\Microsoft-Windows-Media-Features-Package~31bf3856ad364e35~wow64~en-gb~.cab" PayloadType="ExpressCab" />
        <PayloadItem PayloadHash="iMx05yg45cK2H4UUPa+V37p7o1aBdm6p8wwBa8BW608=" PayloadSize="251163" Path="FeaturesOnDemand\en-gb\baseless\Microsoft-Windows-Media-Features-Package~31bf3856ad364e35~wow64~en-gb~.psf" PayloadType="ExpressPSF" />
      </Payload>
    </Package>
    <Package ID="Microsoft-Windows-MSPaint-FoD-Package~31bf3856ad364e35~amd64~en-gb~" InstalledSize="68384" Version="10.0.20348.1">
      <SatelliteInfo>
        <ApplyToInfo>
          <ApplyTo Type="language" Value="en-GB" />
        </ApplyToInfo>
      </SatelliteInfo>
      <Payload>
        <PayloadItem PayloadHash="HqXCOW1GW1/xDHG+YE9JooAHUgx4o7RCjJhwK7DUk1g=" PayloadSize="9993" Path="FeaturesOnDemand\en-gb\baseless\Microsoft-Windows-MSPaint-FoD-Package~31bf3856ad364e35~amd64~en-gb~.cab" PayloadType="ExpressCab" />
        <PayloadItem PayloadHash="h24Mrk90r76LKCFT1wEqUYw9WW80dQ3sYdb9GydlWuU=" PayloadSize="60952" Path="FeaturesOnDemand\en-gb\baseless\Microsoft-Windows-MSPaint-FoD-Package~31bf3856ad364e35~amd64~en-gb~.psf" PayloadType="ExpressPSF" />
      </Payload>
    </Package>
    <Package ID="Microsoft-Windows-MSPaint-FoD-Package~31bf3856ad364e35~wow64~en-gb~" InstalledSize="68470" Version="10.0.20348.1">
      <SatelliteInfo>
        <ApplyToInfo>
          <ApplyTo Type="arch" Value="wow64" />
          <ApplyTo Type="language" Value="en-GB" />
        </ApplyToInfo>
      </SatelliteInfo>
      <Payload>
        <PayloadItem PayloadHash="Ym+2xt0sVN60l3J237pn6BgYpuB4AKKOLuRKVoaRym8=" PayloadSize="10005" Path="FeaturesOnDemand\en-gb\baseless\Microsoft-Windows-MSPaint-FoD-Package~31bf3856ad364e35~wow64~en-gb~.cab" PayloadType="ExpressCab" />
        <PayloadItem PayloadHash="ON5lW8WZfVxrXHVtq/qY052Gn2CucgF7XPe8X0rl+Bs=" PayloadSize="60967" Path="FeaturesOnDemand\en-gb\baseless\Microsoft-Windows-MSPaint-FoD-Package~31bf3856ad364e35~wow64~en-gb~.psf" PayloadType="ExpressPSF" />
      </Payload>
    </Package>
    <Package ID="Microsoft-Windows-NetworkController-Tools-FoD-Package~31bf3856ad364e35~amd64~en-gb~" InstalledSize="67781" Version="10.0.20348.1">
      <SatelliteInfo>
        <ApplyToInfo>
          <ApplyTo Type="language" Value="en-GB" />
        </ApplyToInfo>
      </SatelliteInfo>
      <Payload>
        <PayloadItem PayloadHash="4cIAK4EFbReZmwwdAqcp72LXqc3x0uGXf7/PuLJ6vWE=" PayloadSize="10515" Path="FeaturesOnDemand\en-gb\baseless\Microsoft-Windows-NetworkController-Tools-FoD-Package~31bf3856ad364e35~amd64~en-gb~.cab" PayloadType="ExpressCab" />
        <PayloadItem PayloadHash="YzdESvzWhzKsNtuuMJEXST3CmJmd63QhvmloY0SMH4c=" PayloadSize="70418" Path="FeaturesOnDemand\en-gb\baseless\Microsoft-Windows-NetworkController-Tools-FoD-Package~31bf3856ad364e35~amd64~en-gb~.psf" PayloadType="ExpressPSF" />
      </Payload>
    </Package>
    <Package ID="Microsoft-Windows-NetworkLoadBalancing-Tools-FoD-Package~31bf3856ad364e35~amd64~en-gb~" InstalledSize="215272" Version="10.0.20348.1">
      <SatelliteInfo>
        <ApplyToInfo>
          <ApplyTo Type="language" Value="en-GB" />
        </ApplyToInfo>
      </SatelliteInfo>
      <Payload>
        <PayloadItem PayloadHash="EESAr4FgQ9wxCdW64gNwGtx9VAg7fRL5fJHKrTm5n4M=" PayloadSize="10571" Path="FeaturesOnDemand\en-gb\baseless\Microsoft-Windows-NetworkLoadBalancing-Tools-FoD-Package~31bf3856ad364e35~amd64~en-gb~.cab" PayloadType="ExpressCab" />
        <PayloadItem PayloadHash="OtPT7jBC6lWMsVlvNdmDOdy7+MdPJWKFXT2cmZCfULU=" PayloadSize="86911" Path="FeaturesOnDemand\en-gb\baseless\Microsoft-Windows-NetworkLoadBalancing-Tools-FoD-Package~31bf3856ad364e35~amd64~en-gb~.psf" PayloadType="ExpressPSF" />
      </Payload>
    </Package>
    <Package ID="Microsoft-Windows-Notepad-FoD-Package~31bf3856ad364e35~amd64~en-gb~" InstalledSize="24405" Version="10.0.20348.1">
      <SatelliteInfo>
        <ApplyToInfo>
          <ApplyTo Type="language" Value="en-GB" />
        </ApplyToInfo>
      </SatelliteInfo>
      <Payload>
        <PayloadItem PayloadHash="uQcZ91IpFU/NXm39hldCvfk2bc0wA/8OXO2WOChXy6g=" PayloadSize="9995" Path="FeaturesOnDemand\en-gb\baseless\Microsoft-Windows-Notepad-FoD-Package~31bf3856ad364e35~amd64~en-gb~.cab" PayloadType="ExpressCab" />
        <PayloadItem PayloadHash="tKBddsLO/Dyjpv2CR8TYtViUV5zaD5eVWO2TXr+ME7w=" PayloadSize="53499" Path="FeaturesOnDemand\en-gb\baseless\Microsoft-Windows-Notepad-FoD-Package~31bf3856ad364e35~amd64~en-gb~.psf" PayloadType="ExpressPSF" />
      </Payload>
    </Package>
    <Package ID="Microsoft-Windows-Notepad-FoD-Package~31bf3856ad364e35~wow64~en-gb~" InstalledSize="11139" Version="10.0.20348.1">
      <SatelliteInfo>
        <ApplyToInfo>
          <ApplyTo Type="arch" Value="wow64" />
          <ApplyTo Type="language" Value="en-GB" />
        </ApplyToInfo>
      </SatelliteInfo>
      <Payload>
        <PayloadItem PayloadHash="jkw5cmDxcBePu3kFCK/CLiydyCiB6GlDki1xc8WOGWI=" PayloadSize="9783" Path="FeaturesOnDemand\en-gb\baseless\Microsoft-Windows-Notepad-FoD-Package~31bf3856ad364e35~wow64~en-gb~.cab" PayloadType="ExpressCab" />
        <PayloadItem PayloadHash="8RvCUKbbFduJNob3SnJLUbj2RBar6JFtIi61kk9jhKE=" PayloadSize="48977" Path="FeaturesOnDemand\en-gb\baseless\Microsoft-Windows-Notepad-FoD-Package~31bf3856ad364e35~wow64~en-gb~.psf" PayloadType="ExpressPSF" />
      </Payload>
    </Package>
    <Package ID="Microsoft-Windows-PowerShell-ISE-FOD-Package~31bf3856ad364e35~amd64~en-gb~" InstalledSize="870618" Version="10.0.20348.1">
      <SatelliteInfo>
        <ApplyToInfo>
          <ApplyTo Type="language" Value="en-GB" />
        </ApplyToInfo>
      </SatelliteInfo>
      <Payload>
        <PayloadItem PayloadHash="4my4vEgiGuZ2tYSLiVqW4ce4MPIFK1RYnQGAq5ENkhw=" PayloadSize="10821" Path="FeaturesOnDemand\en-gb\baseless\Microsoft-Windows-PowerShell-ISE-FOD-Package~31bf3856ad364e35~amd64~en-gb~.cab" PayloadType="ExpressCab" />
        <PayloadItem PayloadHash="QX350nHkXnT7m6pZhvimm5KuVUvwM0WJF8Fqb3k1LW8=" PayloadSize="341947" Path="FeaturesOnDemand\en-gb\baseless\Microsoft-Windows-PowerShell-ISE-FOD-Package~31bf3856ad364e35~amd64~en-gb~.psf" PayloadType="ExpressPSF" />
      </Payload>
    </Package>
    <Package ID="Microsoft-Windows-PowerShell-ISE-FOD-Package~31bf3856ad364e35~wow64~en-gb~" InstalledSize="71291" Version="10.0.20348.1">
      <SatelliteInfo>
        <ApplyToInfo>
          <ApplyTo Type="arch" Value="wow64" />
          <ApplyTo Type="language" Value="en-GB" />
        </ApplyToInfo>
      </SatelliteInfo>
      <Payload>
        <PayloadItem PayloadHash="8AeUPe3e88jiL5Whs5RyRPLEnXAqgAx+tBJh2LYdP58=" PayloadSize="10019" Path="FeaturesOnDemand\en-gb\baseless\Microsoft-Windows-PowerShell-ISE-FOD-Package~31bf3856ad364e35~wow64~en-gb~.cab" PayloadType="ExpressCab" />
        <PayloadItem PayloadHash="BxWpg/KwleKofpSiwEgFMrP56siRwlRjcgQECYE8FjA=" PayloadSize="68684" Path="FeaturesOnDemand\en-gb\baseless\Microsoft-Windows-PowerShell-ISE-FOD-Package~31bf3856ad364e35~wow64~en-gb~.psf" PayloadType="ExpressPSF" />
      </Payload>
    </Package>
    <Package ID="Microsoft-Windows-Printing-PMCPPC-FoD-Package~31bf3856ad364e35~amd64~en-gb~" InstalledSize="222129" Version="10.0.20348.1">
      <SatelliteInfo>
        <ApplyToInfo>
          <ApplyTo Type="language" Value="en-GB" />
        </ApplyToInfo>
      </SatelliteInfo>
      <Payload>
        <PayloadItem PayloadHash="Pznnw9c2XU+bl/qTKOoElQasoquzz1uDKDQyQwzflCw=" PayloadSize="10267" Path="FeaturesOnDemand\en-gb\baseless\Microsoft-Windows-Printing-PMCPPC-FoD-Package~31bf3856ad364e35~amd64~en-gb~.cab" PayloadType="ExpressCab" />
        <PayloadItem PayloadHash="m3UxE8ZgXybIPyMWEpS49x+ncdAQ+IOXvRKjtuaxGRI=" PayloadSize="79618" Path="FeaturesOnDemand\en-gb\baseless\Microsoft-Windows-Printing-PMCPPC-FoD-Package~31bf3856ad364e35~amd64~en-gb~.psf" PayloadType="ExpressPSF" />
      </Payload>
    </Package>
    <Package ID="Microsoft-Windows-Printing-WFS-FoD-Package~31bf3856ad364e35~amd64~en-gb~" InstalledSize="508560" Version="10.0.20348.1">
      <SatelliteInfo>
        <ApplyToInfo>
          <ApplyTo Type="language" Value="en-GB" />
        </ApplyToInfo>
      </SatelliteInfo>
      <Payload>
        <PayloadItem PayloadHash="Kt9Yobv6xdYfTkxMyc6zE8sHVNeoVXH2DGDbO43gY5c=" PayloadSize="11397" Path="FeaturesOnDemand\en-gb\baseless\Microsoft-Windows-Printing-WFS-FoD-Package~31bf3856ad364e35~amd64~en-gb~.cab" PayloadType="ExpressCab" />
        <PayloadItem PayloadHash="r/qt6RV1bxdwjgJkzBVBbhi9Zz4GWzKe5+n93yRqJ/E=" PayloadSize="182704" Path="FeaturesOnDemand\en-gb\baseless\Microsoft-Windows-Printing-WFS-FoD-Package~31bf3856ad364e35~amd64~en-gb~.psf" PayloadType="ExpressPSF" />
      </Payload>
    </Package>
    <Package ID="Microsoft-Windows-RasCMAK-Client-Package~31bf3856ad364e35~amd64~en-gb~" InstalledSize="246511" Version="10.0.20348.1">
      <SatelliteInfo>
        <ApplyToInfo>
          <ApplyTo Type="language" Value="en-GB" />
        </ApplyToInfo>
      </SatelliteInfo>
      <Payload>
        <PayloadItem PayloadHash="++XhBLqA5ylsWH/H4LbRhcJvBAuL+gecfdRJ6Dn1UcA=" PayloadSize="10493" Path="FeaturesOnDemand\en-gb\baseless\Microsoft-Windows-RasCMAK-Client-Package~31bf3856ad364e35~amd64~en-gb~.cab" PayloadType="ExpressCab" />
        <PayloadItem PayloadHash="Q1M7QrD36kwfMni6eyLEgX9EVqXycIcw+wKouZAvCGw=" PayloadSize="118736" Path="FeaturesOnDemand\en-gb\baseless\Microsoft-Windows-RasCMAK-Client-Package~31bf3856ad364e35~amd64~en-gb~.psf" PayloadType="ExpressPSF" />
      </Payload>
    </Package>
    <Package ID="Microsoft-Windows-RasCMAK-Client-Package~31bf3856ad364e35~wow64~en-gb~" InstalledSize="398131" Version="10.0.20348.1">
      <SatelliteInfo>
        <ApplyToInfo>
          <ApplyTo Type="arch" Value="wow64" />
          <ApplyTo Type="language" Value="en-GB" />
        </ApplyToInfo>
      </SatelliteInfo>
      <Payload>
        <PayloadItem PayloadHash="5WuO3s3Hb6ar2W9PlwO1XBtp9r7jrEcRZtMiWuibGhk=" PayloadSize="10627" Path="FeaturesOnDemand\en-gb\baseless\Microsoft-Windows-RasCMAK-Client-Package~31bf3856ad364e35~wow64~en-gb~.cab" PayloadType="ExpressCab" />
        <PayloadItem PayloadHash="SSndUaR4sIEtL5h0ri12OR6+ScN9M2QXnJT59xV128c=" PayloadSize="320077" Path="FeaturesOnDemand\en-gb\baseless\Microsoft-Windows-RasCMAK-Client-Package~31bf3856ad364e35~wow64~en-gb~.psf" PayloadType="ExpressPSF" />
      </Payload>
    </Package>
    <Package ID="Microsoft-Windows-RasRip-Package~31bf3856ad364e35~amd64~en-gb~" InstalledSize="25232" Version="10.0.20348.1">
      <SatelliteInfo>
        <ApplyToInfo>
          <ApplyTo Type="language" Value="en-GB" />
        </ApplyToInfo>
      </SatelliteInfo>
      <Payload>
        <PayloadItem PayloadHash="C7+KJdcHgANhoj85lh5RDn4ewgTgvrP6i1a6B23rOCk=" PayloadSize="10009" Path="FeaturesOnDemand\en-gb\baseless\Microsoft-Windows-RasRip-Package~31bf3856ad364e35~amd64~en-gb~.cab" PayloadType="ExpressCab" />
        <PayloadItem PayloadHash="wbmjx8zs7q+bzeQxTUpXxywtPe/p4QfYoHRglScyeLA=" PayloadSize="52462" Path="FeaturesOnDemand\en-gb\baseless\Microsoft-Windows-RasRip-Package~31bf3856ad364e35~amd64~en-gb~.psf" PayloadType="ExpressPSF" />
      </Payload>
    </Package>
    <Package ID="Microsoft-Windows-RemoteAccess-Management-Tools-FoD-Package~31bf3856ad364e35~amd64~en-gb~" InstalledSize="18511487" Version="10.0.20348.1">
      <SatelliteInfo>
        <ApplyToInfo>
          <ApplyTo Type="language" Value="en-GB" />
        </ApplyToInfo>
      </SatelliteInfo>
      <Payload>
        <PayloadItem PayloadHash="OnbEB6sbXTaZAvCa9JDDOGvyKnh6P45HGEGCrm8QQk8=" PayloadSize="12829" Path="FeaturesOnDemand\en-gb\baseless\Microsoft-Windows-RemoteAccess-Management-Tools-FoD-Package~31bf3856ad364e35~amd64~en-gb~.cab" PayloadType="ExpressCab" />
        <PayloadItem PayloadHash="RPf6EQD+5fYK0gbuTlAJimMyxuYAJLcr9QkRmT61G4M=" PayloadSize="3385176" Path="FeaturesOnDemand\en-gb\baseless\Microsoft-Windows-RemoteAccess-Management-Tools-FoD-Package~31bf3856ad364e35~amd64~en-gb~.psf" PayloadType="ExpressPSF" />
      </Payload>
    </Package>
    <Package ID="Microsoft-Windows-RemoteAccess-Management-Tools-FoD-Package~31bf3856ad364e35~wow64~en-gb~" InstalledSize="12651" Version="10.0.20348.1">
      <SatelliteInfo>
        <ApplyToInfo>
          <ApplyTo Type="arch" Value="wow64" />
          <ApplyTo Type="language" Value="en-GB" />
        </ApplyToInfo>
      </SatelliteInfo>
      <Payload>
        <PayloadItem PayloadHash="OAE1UjD18XYGUZh/04nHNhgL3QKvP0wOjUBiYZq0/S0=" PayloadSize="9879" Path="FeaturesOnDemand\en-gb\baseless\Microsoft-Windows-RemoteAccess-Management-Tools-FoD-Package~31bf3856ad364e35~wow64~en-gb~.cab" PayloadType="ExpressCab" />
        <PayloadItem PayloadHash="WbZllxXhpmMSSe8mRABywPwvBoo78MttXHbrN/SqJS4=" PayloadSize="49723" Path="FeaturesOnDemand\en-gb\baseless\Microsoft-Windows-RemoteAccess-Management-Tools-FoD-Package~31bf3856ad364e35~wow64~en-gb~.psf" PayloadType="ExpressPSF" />
      </Payload>
    </Package>
    <Package ID="Microsoft-Windows-RemoteDesktop-Services-Tools-FoD-Package~31bf3856ad364e35~amd64~en-gb~" InstalledSize="1500115" Version="10.0.20348.1">
      <SatelliteInfo>
        <ApplyToInfo>
          <ApplyTo Type="language" Value="en-GB" />
        </ApplyToInfo>
      </SatelliteInfo>
      <Payload>
        <PayloadItem PayloadHash="e1lfbUZ3PhEcAdxLSpHk7uTJR/zifh8DpixLeDnoYcY=" PayloadSize="11701" Path="FeaturesOnDemand\en-gb\baseless\Microsoft-Windows-RemoteDesktop-Services-Tools-FoD-Package~31bf3856ad364e35~amd64~en-gb~.cab" PayloadType="ExpressCab" />
        <PayloadItem PayloadHash="Xd37Umvx2zDPxu1hr7eKG1BGViOwwumXhpxBpnw4BvE=" PayloadSize="288577" Path="FeaturesOnDemand\en-gb\baseless\Microsoft-Windows-RemoteDesktop-Services-Tools-FoD-Package~31bf3856ad364e35~amd64~en-gb~.psf" PayloadType="ExpressPSF" />
      </Payload>
    </Package>
    <Package ID="Microsoft-Windows-Server-AppCompat-FoD-Package~31bf3856ad364e35~amd64~en-gb~" InstalledSize="28369602" Version="10.0.20348.1">
      <SatelliteInfo>
        <ApplyToInfo>
          <ApplyTo Type="language" Value="en-GB" />
        </ApplyToInfo>
      </SatelliteInfo>
      <Payload>
        <PayloadItem PayloadHash="oItoc5HKjw+fTgC09jkgTSikiL3nLFyiNzjXFKiYZUI=" PayloadSize="73787" Path="FeaturesOnDemand\en-gb\baseless\Microsoft-Windows-Server-AppCompat-FoD-Package~31bf3856ad364e35~amd64~en-gb~.cab" PayloadType="ExpressCab" />
        <PayloadItem PayloadHash="zLouqzzqB9F3tFGYNWd1UJORxsoZFIwSDXuJq91DToc=" PayloadSize="7386737" Path="FeaturesOnDemand\en-gb\baseless\Microsoft-Windows-Server-AppCompat-FoD-Package~31bf3856ad364e35~amd64~en-gb~.psf" PayloadType="ExpressPSF" />
      </Payload>
    </Package>
    <Package ID="Microsoft-Windows-ServerManager-Tools-FoD-Package~31bf3856ad364e35~amd64~en-gb~" InstalledSize="10870568" Version="10.0.20348.1">
      <SatelliteInfo>
        <ApplyToInfo>
          <ApplyTo Type="language" Value="en-GB" />
        </ApplyToInfo>
      </SatelliteInfo>
      <Payload>
        <PayloadItem PayloadHash="DaLXcNv1xWfnnqVbvwfEf6rSvlclfgn2xM5bMzUC4FY=" PayloadSize="23191" Path="FeaturesOnDemand\en-gb\baseless\Microsoft-Windows-ServerManager-Tools-FoD-Package~31bf3856ad364e35~amd64~en-gb~.cab" PayloadType="ExpressCab" />
        <PayloadItem PayloadHash="VQBRBU24hSh3zNNdfqwfD50gZUMDq8PlYuCABInI6mo=" PayloadSize="2159784" Path="FeaturesOnDemand\en-gb\baseless\Microsoft-Windows-ServerManager-Tools-FoD-Package~31bf3856ad364e35~amd64~en-gb~.psf" PayloadType="ExpressPSF" />
      </Payload>
    </Package>
    <Package ID="Microsoft-Windows-ServerManager-Tools-FoD-Package~31bf3856ad364e35~wow64~en-gb~" InstalledSize="1133079" Version="10.0.20348.1">
      <SatelliteInfo>
        <ApplyToInfo>
          <ApplyTo Type="arch" Value="wow64" />
          <ApplyTo Type="language" Value="en-GB" />
        </ApplyToInfo>
      </SatelliteInfo>
      <Payload>
        <PayloadItem PayloadHash="oT3a/rk9uSM2s8s2PXftVQncwTfFw5FT85Dtuh2oCUY=" PayloadSize="10779" Path="FeaturesOnDemand\en-gb\baseless\Microsoft-Windows-ServerManager-Tools-FoD-Package~31bf3856ad364e35~wow64~en-gb~.cab" PayloadType="ExpressCab" />
        <PayloadItem PayloadHash="XaPzCjS6KAvFFOk/kQVD1ZgPKKdnpgGyvSIaKEe3WFI=" PayloadSize="334919" Path="FeaturesOnDemand\en-gb\baseless\Microsoft-Windows-ServerManager-Tools-FoD-Package~31bf3856ad364e35~wow64~en-gb~.psf" PayloadType="ExpressPSF" />
      </Payload>
    </Package>
    <Package ID="Microsoft-Windows-Shielded-VM-Tools-FoD-Package~31bf3856ad364e35~amd64~en-gb~" InstalledSize="354697" Version="10.0.20348.1">
      <SatelliteInfo>
        <ApplyToInfo>
          <ApplyTo Type="language" Value="en-GB" />
        </ApplyToInfo>
      </SatelliteInfo>
      <Payload>
        <PayloadItem PayloadHash="F1HBRKYlLnWCa/PEkvObICvECYdNctZ72OZXd5d7cQw=" PayloadSize="14179" Path="FeaturesOnDemand\en-gb\baseless\Microsoft-Windows-Shielded-VM-Tools-FoD-Package~31bf3856ad364e35~amd64~en-gb~.cab" PayloadType="ExpressCab" />
        <PayloadItem PayloadHash="iQ0bQ46pd+ZfYCRCjnV6MYQ353S8IzsLE4A+VL77moY=" PayloadSize="155707" Path="FeaturesOnDemand\en-gb\baseless\Microsoft-Windows-Shielded-VM-Tools-FoD-Package~31bf3856ad364e35~amd64~en-gb~.psf" PayloadType="ExpressPSF" />
      </Payload>
    </Package>
    <Package ID="Microsoft-Windows-SNMP-Client-Package~31bf3856ad364e35~amd64~en-gb~" InstalledSize="121185" Version="10.0.20348.1">
      <SatelliteInfo>
        <ApplyToInfo>
          <ApplyTo Type="language" Value="en-GB" />
        </ApplyToInfo>
      </SatelliteInfo>
      <Payload>
        <PayloadItem PayloadHash="Wo1gWQS4wJbPpzlzTB7VHYoktZoUTwu+aTP8cUPXXUE=" PayloadSize="11593" Path="FeaturesOnDemand\en-gb\baseless\Microsoft-Windows-SNMP-Client-Package~31bf3856ad364e35~amd64~en-gb~.cab" PayloadType="ExpressCab" />
        <PayloadItem PayloadHash="ZQslZVnH+eKx08Q2SLCI4VmfuPhFtG/xHR3E/L/BTLo=" PayloadSize="88827" Path="FeaturesOnDemand\en-gb\baseless\Microsoft-Windows-SNMP-Client-Package~31bf3856ad364e35~amd64~en-gb~.psf" PayloadType="ExpressPSF" />
      </Payload>
    </Package>
    <Package ID="Microsoft-Windows-SNMP-Client-Package~31bf3856ad364e35~wow64~en-gb~" InstalledSize="121453" Version="10.0.20348.1">
      <SatelliteInfo>
        <ApplyToInfo>
          <ApplyTo Type="arch" Value="wow64" />
          <ApplyTo Type="language" Value="en-GB" />
        </ApplyToInfo>
      </SatelliteInfo>
      <Payload>
        <PayloadItem PayloadHash="fQjHlQuDuKggmlwHd+Ouskw/7AbBh5L47jWjxZFFuzM=" PayloadSize="11593" Path="FeaturesOnDemand\en-gb\baseless\Microsoft-Windows-SNMP-Client-Package~31bf3856ad364e35~wow64~en-gb~.cab" PayloadType="ExpressCab" />
        <PayloadItem PayloadHash="J0GnROVGkKn3+Az3dozIBxd1zYKtV5eTwweGNTrsFpA=" PayloadSize="88959" Path="FeaturesOnDemand\en-gb\baseless\Microsoft-Windows-SNMP-Client-Package~31bf3856ad364e35~wow64~en-gb~.psf" PayloadType="ExpressPSF" />
      </Payload>
    </Package>
    <Package ID="Microsoft-Windows-StepsRecorder-Package~31bf3856ad364e35~amd64~en-gb~" InstalledSize="24665" Version="10.0.20348.1">
      <SatelliteInfo>
        <ApplyToInfo>
          <ApplyTo Type="language" Value="en-GB" />
        </ApplyToInfo>
      </SatelliteInfo>
      <Payload>
        <PayloadItem PayloadHash="Zo1m9ObBPNCNiDHWNKH6P8XAGH2824OOILgPSEgAf8s=" PayloadSize="9997" Path="FeaturesOnDemand\en-gb\baseless\Microsoft-Windows-StepsRecorder-Package~31bf3856ad364e35~amd64~en-gb~.cab" PayloadType="ExpressCab" />
        <PayloadItem PayloadHash="4jnF0dieOUw5QcSWd4zFan4UGiD+Ak+dSSsq+nKjxhk=" PayloadSize="52986" Path="FeaturesOnDemand\en-gb\baseless\Microsoft-Windows-StepsRecorder-Package~31bf3856ad364e35~amd64~en-gb~.psf" PayloadType="ExpressPSF" />
      </Payload>
    </Package>
    <Package ID="Microsoft-Windows-StepsRecorder-Package~31bf3856ad364e35~wow64~en-gb~" InstalledSize="11409" Version="10.0.20348.1">
      <SatelliteInfo>
        <ApplyToInfo>
          <ApplyTo Type="arch" Value="wow64" />
          <ApplyTo Type="language" Value="en-GB" />
        </ApplyToInfo>
      </SatelliteInfo>
      <Payload>
        <PayloadItem PayloadHash="VnDSorWGa11peY/YKVog45+sDNiYUXJWs+8iMOhUq/Q=" PayloadSize="9789" Path="FeaturesOnDemand\en-gb\baseless\Microsoft-Windows-StepsRecorder-Package~31bf3856ad364e35~wow64~en-gb~.cab" PayloadType="ExpressCab" />
        <PayloadItem PayloadHash="KIM3mFPiCRRT6rlV0SjUrTcLgAhx61fyZdOhshSTzlk=" PayloadSize="49069" Path="FeaturesOnDemand\en-gb\baseless\Microsoft-Windows-StepsRecorder-Package~31bf3856ad364e35~wow64~en-gb~.psf" PayloadType="ExpressPSF" />
      </Payload>
    </Package>
    <Package ID="Microsoft-Windows-StorageManagement-FoD-Package~31bf3856ad364e35~amd64~en-gb~" InstalledSize="1638416" Version="10.0.20348.1">
      <SatelliteInfo>
        <ApplyToInfo>
          <ApplyTo Type="language" Value="en-GB" />
        </ApplyToInfo>
      </SatelliteInfo>
      <Payload>
        <PayloadItem PayloadHash="zmprGCS1NIDb8Pym7KzxTRMCi3IKNWKg+bLMVvHaN+8=" PayloadSize="11815" Path="FeaturesOnDemand\en-gb\baseless\Microsoft-Windows-StorageManagement-FoD-Package~31bf3856ad364e35~amd64~en-gb~.cab" PayloadType="ExpressCab" />
        <PayloadItem PayloadHash="hHpOJ+AoFV/IV9UEIjWqjd/lETdeabYpdCosuGwcnz8=" PayloadSize="185136" Path="FeaturesOnDemand\en-gb\baseless\Microsoft-Windows-StorageManagement-FoD-Package~31bf3856ad364e35~amd64~en-gb~.psf" PayloadType="ExpressPSF" />
      </Payload>
    </Package>
    <Package ID="Microsoft-Windows-StorageManagement-FoD-Package~31bf3856ad364e35~wow64~en-gb~" InstalledSize="1084309" Version="10.0.20348.1">
      <SatelliteInfo>
        <ApplyToInfo>
          <ApplyTo Type="arch" Value="wow64" />
          <ApplyTo Type="language" Value="en-GB" />
        </ApplyToInfo>
      </SatelliteInfo>
      <Payload>
        <PayloadItem PayloadHash="KXXywlgAlWr8Co2YGM7DQWKBQrF+6DNCyRNIdd9k4d0=" PayloadSize="10643" Path="FeaturesOnDemand\en-gb\baseless\Microsoft-Windows-StorageManagement-FoD-Package~31bf3856ad364e35~wow64~en-gb~.cab" PayloadType="ExpressCab" />
        <PayloadItem PayloadHash="Nm2sw79aQ5Ev0PqTlUtbuCDGD06t6ZuSyDE9aFC717k=" PayloadSize="108794" Path="FeaturesOnDemand\en-gb\baseless\Microsoft-Windows-StorageManagement-FoD-Package~31bf3856ad364e35~wow64~en-gb~.psf" PayloadType="ExpressPSF" />
      </Payload>
    </Package>
    <Package ID="Microsoft-Windows-StorageMigrationService-Management-Tools-FOD-Package~31bf3856ad364e35~amd64~en-gb~" InstalledSize="76407" Version="10.0.20348.1">
      <SatelliteInfo>
        <ApplyToInfo>
          <ApplyTo Type="language" Value="en-GB" />
        </ApplyToInfo>
      </SatelliteInfo>
      <Payload>
        <PayloadItem PayloadHash="prd8UnglrlkT1y+DkrQmPC8KkIpxNI+IdujMwXbkwzk=" PayloadSize="10261" Path="FeaturesOnDemand\en-gb\baseless\Microsoft-Windows-StorageMigrationService-Management-Tools-FOD-Package~31bf3856ad364e35~amd64~en-gb~.cab" PayloadType="ExpressCab" />
        <PayloadItem PayloadHash="+h/SD+LoQ0fA7wZ3McKf5/mAhgyxnA7MDiOPShyIsQA=" PayloadSize="68587" Path="FeaturesOnDemand\en-gb\baseless\Microsoft-Windows-StorageMigrationService-Management-Tools-FOD-Package~31bf3856ad364e35~amd64~en-gb~.psf" PayloadType="ExpressPSF" />
      </Payload>
    </Package>
    <Package ID="Microsoft-Windows-StorageReplica-Tools-FoD-Package~31bf3856ad364e35~amd64~en-gb~" InstalledSize="396584" Version="10.0.20348.1">
      <SatelliteInfo>
        <ApplyToInfo>
          <ApplyTo Type="language" Value="en-GB" />
        </ApplyToInfo>
      </SatelliteInfo>
      <Payload>
        <PayloadItem PayloadHash="pJw8J/csDa+REM6QF2zc3IFLVW+CobyfOE3OSrL7wW4=" PayloadSize="10619" Path="FeaturesOnDemand\en-gb\baseless\Microsoft-Windows-StorageReplica-Tools-FoD-Package~31bf3856ad364e35~amd64~en-gb~.cab" PayloadType="ExpressCab" />
        <PayloadItem PayloadHash="HvVPpDzotX6y+Omgop7Z1SHpBYC+pQ+Q33eiPJnHfbs=" PayloadSize="107076" Path="FeaturesOnDemand\en-gb\baseless\Microsoft-Windows-StorageReplica-Tools-FoD-Package~31bf3856ad364e35~amd64~en-gb~.psf" PayloadType="ExpressPSF" />
      </Payload>
    </Package>
    <Package ID="Microsoft-Windows-SystemInsights-Management-Tools-FOD-Package~31bf3856ad364e35~amd64~en-gb~" InstalledSize="39487" Version="10.0.20348.1">
      <SatelliteInfo>
        <ApplyToInfo>
          <ApplyTo Type="language" Value="en-GB" />
        </ApplyToInfo>
      </SatelliteInfo>
      <Payload>
        <PayloadItem PayloadHash="oljZVzxIsEd3zR9bRG7VOH1RzWL47LSS1slK9Lfvb0o=" PayloadSize="10281" Path="FeaturesOnDemand\en-gb\baseless\Microsoft-Windows-SystemInsights-Management-Tools-FOD-Package~31bf3856ad364e35~amd64~en-gb~.cab" PayloadType="ExpressCab" />
        <PayloadItem PayloadHash="EX/JWzg2lFy/oJa4QqecQPmsfTQsVBToeav9I93kS14=" PayloadSize="60982" Path="FeaturesOnDemand\en-gb\baseless\Microsoft-Windows-SystemInsights-Management-Tools-FOD-Package~31bf3856ad364e35~amd64~en-gb~.psf" PayloadType="ExpressPSF" />
      </Payload>
    </Package>
    <Package ID="Microsoft-Windows-VolumeActivation-Tools-FoD-Package~31bf3856ad364e35~amd64~en-gb~" InstalledSize="222976" Version="10.0.20348.1">
      <SatelliteInfo>
        <ApplyToInfo>
          <ApplyTo Type="language" Value="en-GB" />
        </ApplyToInfo>
      </SatelliteInfo>
      <Payload>
        <PayloadItem PayloadHash="8uW8Vmf3+5FeB4jsGRrbjJwmJ/Ajj6BGRGf4Mxt6ayE=" PayloadSize="10153" Path="FeaturesOnDemand\en-gb\baseless\Microsoft-Windows-VolumeActivation-Tools-FoD-Package~31bf3856ad364e35~amd64~en-gb~.cab" PayloadType="ExpressCab" />
        <PayloadItem PayloadHash="qpjYUTQ66aUXsXYLM960OCdEuo/XNTGhuIVA9V5T0Vg=" PayloadSize="171469" Path="FeaturesOnDemand\en-gb\baseless\Microsoft-Windows-VolumeActivation-Tools-FoD-Package~31bf3856ad364e35~amd64~en-gb~.psf" PayloadType="ExpressPSF" />
      </Payload>
    </Package>
    <Package ID="Microsoft-Windows-WirelessDisplay-FOD-Package~31bf3856ad364e35~amd64~en-gb~" InstalledSize="33392" Version="10.0.20348.1">
      <SatelliteInfo>
        <ApplyToInfo>
          <ApplyTo Type="language" Value="en-GB" />
        </ApplyToInfo>
      </SatelliteInfo>
      <Payload>
        <PayloadItem PayloadHash="Ei6nn6vDE1mAQbmmJA7sJIgFrnrt/0qK8+xLezVbj9E=" PayloadSize="10267" Path="FeaturesOnDemand\en-gb\baseless\Microsoft-Windows-WirelessDisplay-FOD-Package~31bf3856ad364e35~amd64~en-gb~.cab" PayloadType="ExpressCab" />
        <PayloadItem PayloadHash="QYr3OXP0izdyw9yhaXlwEymRikQEB8yr6UHQ+Z8hCxo=" PayloadSize="61018" Path="FeaturesOnDemand\en-gb\baseless\Microsoft-Windows-WirelessDisplay-FOD-Package~31bf3856ad364e35~amd64~en-gb~.psf" PayloadType="ExpressPSF" />
      </Payload>
    </Package>
    <Package ID="Microsoft-Windows-WMI-SNMP-Provider-Client-Package~31bf3856ad364e35~amd64~en-gb~" InstalledSize="53213" Version="10.0.20348.1">
      <SatelliteInfo>
        <ApplyToInfo>
          <ApplyTo Type="language" Value="en-GB" />
        </ApplyToInfo>
      </SatelliteInfo>
      <Payload>
        <PayloadItem PayloadHash="mJZ5HnjAP+m4/BM7n7Bsh5cDttCEKSSV1Ahy+we9LI0=" PayloadSize="10597" Path="FeaturesOnDemand\en-gb\baseless\Microsoft-Windows-WMI-SNMP-Provider-Client-Package~31bf3856ad364e35~amd64~en-gb~.cab" PayloadType="ExpressCab" />
        <PayloadItem PayloadHash="BB4lJwrovJXH0NZIJLIL8y/wL3IDFuWukzAEE8n1VeI=" PayloadSize="64646" Path="FeaturesOnDemand\en-gb\baseless\Microsoft-Windows-WMI-SNMP-Provider-Client-Package~31bf3856ad364e35~amd64~en-gb~.psf" PayloadType="ExpressPSF" />
      </Payload>
    </Package>
    <Package ID="Microsoft-Windows-WMI-SNMP-Provider-Client-Package~31bf3856ad364e35~wow64~en-gb~" InstalledSize="53356" Version="10.0.20348.1">
      <SatelliteInfo>
        <ApplyToInfo>
          <ApplyTo Type="arch" Value="wow64" />
          <ApplyTo Type="language" Value="en-GB" />
        </ApplyToInfo>
      </SatelliteInfo>
      <Payload>
        <PayloadItem PayloadHash="k3KxjqZkTJEypk8pa69eSMf547luP9Bm9NH/3TQYy2w=" PayloadSize="10611" Path="FeaturesOnDemand\en-gb\baseless\Microsoft-Windows-WMI-SNMP-Provider-Client-Package~31bf3856ad364e35~wow64~en-gb~.cab" PayloadType="ExpressCab" />
        <PayloadItem PayloadHash="HU63GPr8ab8vBwXI6FHByMvA06CfxJGJ21GWDb11B0M=" PayloadSize="64710" Path="FeaturesOnDemand\en-gb\baseless\Microsoft-Windows-WMI-SNMP-Provider-Client-Package~31bf3856ad364e35~wow64~en-gb~.psf" PayloadType="ExpressPSF" />
      </Payload>
    </Package>
    <Package ID="Microsoft-Windows-WordPad-FoD-Package~31bf3856ad364e35~amd64~en-gb~" InstalledSize="62798" Version="10.0.20348.1">
      <SatelliteInfo>
        <ApplyToInfo>
          <ApplyTo Type="language" Value="en-GB" />
        </ApplyToInfo>
      </SatelliteInfo>
      <Payload>
        <PayloadItem PayloadHash="4IKaapyZ3AVsx12p0ZuEeLGjIF/Qh5CzngTqRw7MNeM=" PayloadSize="9985" Path="FeaturesOnDemand\en-gb\baseless\Microsoft-Windows-WordPad-FoD-Package~31bf3856ad364e35~amd64~en-gb~.cab" PayloadType="ExpressCab" />
        <PayloadItem PayloadHash="CQBT+a2Bmw4M1209chQKJ7Zh0ejuMCHwzwvOGk2RdOo=" PayloadSize="60092" Path="FeaturesOnDemand\en-gb\baseless\Microsoft-Windows-WordPad-FoD-Package~31bf3856ad364e35~amd64~en-gb~.psf" PayloadType="ExpressPSF" />
      </Payload>
    </Package>
    <Package ID="Microsoft-Windows-WordPad-FoD-Package~31bf3856ad364e35~wow64~en-gb~" InstalledSize="62847" Version="10.0.20348.1">
      <SatelliteInfo>
        <ApplyToInfo>
          <ApplyTo Type="arch" Value="wow64" />
          <ApplyTo Type="language" Value="en-GB" />
        </ApplyToInfo>
      </SatelliteInfo>
      <Payload>
        <PayloadItem PayloadHash="Tg075G6I3Sy713TrylmyMMnDVx4vou8ZJkB/5FiLJD8=" PayloadSize="10013" Path="FeaturesOnDemand\en-gb\baseless\Microsoft-Windows-WordPad-FoD-Package~31bf3856ad364e35~wow64~en-gb~.cab" PayloadType="ExpressCab" />
        <PayloadItem PayloadHash="n/GjwP8b2gQb5jeVjJGU945mdL32rbILX3/XU9ClG7E=" PayloadSize="60098" Path="FeaturesOnDemand\en-gb\baseless\Microsoft-Windows-WordPad-FoD-Package~31bf3856ad364e35~wow64~en-gb~.psf" PayloadType="ExpressPSF" />
      </Payload>
    </Package>
    <Package ID="Microsoft-Windows-WSUS-Tools-FoD-Package~31bf3856ad364e35~amd64~en-gb~" InstalledSize="2921246" Version="10.0.20348.1">
      <SatelliteInfo>
        <ApplyToInfo>
          <ApplyTo Type="language" Value="en-GB" />
        </ApplyToInfo>
      </SatelliteInfo>
      <Payload>
        <PayloadItem PayloadHash="dQ1lPWz4YawJ0w440s/SNAHyIIh3LAabaNtb3rkWyt0=" PayloadSize="11125" Path="FeaturesOnDemand\en-gb\baseless\Microsoft-Windows-WSUS-Tools-FoD-Package~31bf3856ad364e35~amd64~en-gb~.cab" PayloadType="ExpressCab" />
        <PayloadItem PayloadHash="LrznXYYXRUuT4/T96jYnC/qQyb1D6mNOj+1NVa9M2Hc=" PayloadSize="384726" Path="FeaturesOnDemand\en-gb\baseless\Microsoft-Windows-WSUS-Tools-FoD-Package~31bf3856ad364e35~amd64~en-gb~.psf" PayloadType="ExpressPSF" />
      </Payload>
    </Package>
  </Packages>
  <ValuePair />
</CompDB>