<?xml version="1.0" encoding="utf-8"?>
<CompDB xmlns:xsi="http://www.w3.org/2001/XMLSchema-instance" xmlns:xsd="http://www.w3.org/2001/XMLSchema" CreatedDate="2021-05-08T13:27:50.0959726Z" Revision="1" SchemaVersion="1.2" Product="Server" BuildID="cba57a24-14e8-e0d9-3b38-ce9d5f1c983e" BuildInfo="fe_release.20348.1.210507-1500" OSVersion="10.0.20348.1" BuildArch="amd64" ReleaseType="Production" Type="Baseless" Name="Baseless~amd64~Server~~uk-ua" xmlns="http://schemas.microsoft.com/embedded/2004/10/ImageUpdate">
  <Tags Type="Language">
    <Tag Name="Language" Value="uk-ua" />
    <Tag Name="UpdateType" Value="Baseless" />
  </Tags>
  <Features>
    <Feature Type="LanguagePack" FeatureID="Language.UI.Server~uk-ua" FMID="MSDL" Group="Microsoft">
      <Packages>
        <Package ID="Microsoft-Windows-Server-LanguagePack-Package_uk-ua~31bf3856ad364e35~amd64~uk-ua~" PackageType="FeaturePackage" />
      </Packages>
    </Feature>
    <Feature Type="OnDemandFeature" FeatureID="Rsat.AzureStack.HCI.Management.Tools~~1.0" FMID="MSDN" Group="Microsoft">
      <Packages>
        <Package ID="Microsoft-AzureStack-HCI-Management-Tools-FOD-Package~31bf3856ad364e35~amd64~uk-ua~" PackageType="SatellitePackage" />
      </Packages>
    </Feature>
    <Feature Type="OnDemandFeature" FeatureID="Microsoft.Onecore.StorageManagement~~1.0" FMID="MSDN" Group="Microsoft">
      <Packages>
        <Package ID="Microsoft-OneCore-StorageManagement-FoD-Package~31bf3856ad364e35~amd64~uk-ua~" PackageType="SatellitePackage" />
        <Package ID="Microsoft-OneCore-StorageManagement-FoD-Package~31bf3856ad364e35~wow64~uk-ua~" PackageType="SatellitePackage" />
      </Packages>
    </Feature>
    <Feature Type="OnDemandFeature" FeatureID="Rsat.ActiveDirectory.DS-LDS.Tools~~1.0" FMID="MSDN" Group="Microsoft">
      <Dependencies>
        <Feature FeatureID="Rsat.ServerManager.Tools~~1.0" />
      </Dependencies>
      <Packages>
        <Package ID="Microsoft-Windows-ActiveDirectory-DS-LDS-Tools-FoD-Package~31bf3856ad364e35~amd64~uk-ua~" PackageType="SatellitePackage" />
        <Package ID="Microsoft-Windows-ActiveDirectory-DS-LDS-Tools-FoD-Package~31bf3856ad364e35~wow64~uk-ua~" PackageType="SatellitePackage" />
      </Packages>
    </Feature>
    <Feature Type="OnDemandFeature" FeatureID="Rsat.BitLocker.Recovery.Tools~~1.0" FMID="MSDN" Group="Microsoft">
      <Dependencies>
        <Feature FeatureID="Rsat.ActiveDirectory.DS-LDS.Tools~~1.0" />
      </Dependencies>
      <Packages>
        <Package ID="Microsoft-Windows-BitLocker-Recovery-Tools-FoD-Package~31bf3856ad364e35~amd64~uk-ua~" PackageType="SatellitePackage" />
      </Packages>
    </Feature>
    <Feature Type="OnDemandFeature" FeatureID="Rsat.CertificateServices.Tools~~1.0" FMID="MSDN" Group="Microsoft">
      <Packages>
        <Package ID="Microsoft-Windows-CertificateServices-Tools-FoD-Package~31bf3856ad364e35~amd64~uk-ua~" PackageType="SatellitePackage" />
      </Packages>
    </Feature>
    <Feature Type="OnDemandFeature" FeatureID="Microsoft.Composition.Test~~1.0" FMID="MSDN" Group="Microsoft">
      <Packages>
        <Package ID="Microsoft-Windows-Composition-Test-FOD-Package~31bf3856ad364e35~amd64~uk-ua~" PackageType="SatellitePackage" />
        <Package ID="Microsoft-Windows-Composition-Test-FOD-Package~31bf3856ad364e35~wow64~uk-ua~" PackageType="SatellitePackage" />
      </Packages>
    </Feature>
    <Feature Type="OnDemandFeature" FeatureID="Rsat.DHCP.Tools~~1.0" FMID="MSDN" Group="Microsoft">
      <Packages>
        <Package ID="Microsoft-Windows-DHCP-Tools-FoD-Package~31bf3856ad364e35~amd64~uk-ua~" PackageType="SatellitePackage" />
        <Package ID="Microsoft-Windows-DHCP-Tools-FoD-Package~31bf3856ad364e35~wow64~uk-ua~" PackageType="SatellitePackage" />
      </Packages>
    </Feature>
    <Feature Type="OnDemandFeature" FeatureID="Rsat.Dns.Tools~~1.0" FMID="MSDN" Group="Microsoft">
      <Packages>
        <Package ID="Microsoft-Windows-DNS-Tools-FoD-Package~31bf3856ad364e35~amd64~uk-ua~" PackageType="SatellitePackage" />
        <Package ID="Microsoft-Windows-DNS-Tools-FoD-Package~31bf3856ad364e35~wow64~uk-ua~" PackageType="SatellitePackage" />
      </Packages>
    </Feature>
    <Feature Type="OnDemandFeature" FeatureID="Windows.Desktop.EMS-SAC.Tools~~1.0" FMID="MSDN" Group="Microsoft">
      <Packages>
        <Package ID="Microsoft-Windows-EMS-SAC-Desktop-Tools-FoD-Package~31bf3856ad364e35~amd64~uk-ua~" PackageType="SatellitePackage" />
      </Packages>
    </Feature>
    <Feature Type="OnDemandFeature" FeatureID="Rsat.FailoverCluster.Management.Tools~~1.0" FMID="MSDN" Group="Microsoft">
      <Dependencies>
        <Feature FeatureID="Rsat.FileServices.Tools~~1.0" />
      </Dependencies>
      <Packages>
        <Package ID="Microsoft-Windows-FailoverCluster-Management-Tools-FOD-Package~31bf3856ad364e35~amd64~uk-ua~" PackageType="SatellitePackage" />
        <Package ID="Microsoft-Windows-FailoverCluster-Management-Tools-FOD-Package~31bf3856ad364e35~wow64~uk-ua~" PackageType="SatellitePackage" />
      </Packages>
    </Feature>
    <Feature Type="OnDemandFeature" FeatureID="Rsat.FileServices.Tools~~1.0" FMID="MSDN" Group="Microsoft">
      <Dependencies>
        <Feature FeatureID="Rsat.ServerManager.Tools~~1.0" />
      </Dependencies>
      <Packages>
        <Package ID="Microsoft-Windows-FileServices-Tools-FoD-Package~31bf3856ad364e35~amd64~uk-ua~" PackageType="SatellitePackage" />
        <Package ID="Microsoft-Windows-FileServices-Tools-FoD-Package~31bf3856ad364e35~wow64~uk-ua~" PackageType="SatellitePackage" />
      </Packages>
    </Feature>
    <Feature Type="OnDemandFeature" FeatureID="Rsat.GroupPolicy.Management.Tools~~1.0" FMID="MSDN" Group="Microsoft">
      <Packages>
        <Package ID="Microsoft-Windows-GroupPolicy-Management-Tools-FoD-Package~31bf3856ad364e35~amd64~uk-ua~" PackageType="SatellitePackage" />
        <Package ID="Microsoft-Windows-GroupPolicy-Management-Tools-FoD-Package~31bf3856ad364e35~wow64~uk-ua~" PackageType="SatellitePackage" />
      </Packages>
    </Feature>
    <Feature Type="OnDemandFeature" FeatureID="Rsat.IPAM.Client.Tools~~1.0" FMID="MSDN" Group="Microsoft">
      <Dependencies>
        <Feature FeatureID="Rsat.ServerManager.Tools~~1.0" />
      </Dependencies>
      <Packages>
        <Package ID="Microsoft-Windows-IPAM-Client-FoD-Package~31bf3856ad364e35~amd64~uk-ua~" PackageType="SatellitePackage" />
        <Package ID="Microsoft-Windows-IPAM-Client-FoD-Package~31bf3856ad364e35~wow64~uk-ua~" PackageType="SatellitePackage" />
      </Packages>
    </Feature>
    <Feature Type="OnDemandFeature" FeatureID="Network.Irda~~1.0" FMID="MSDN" Group="Microsoft">
      <Packages>
        <Package ID="Microsoft-Windows-IRDA-Package~31bf3856ad364e35~amd64~uk-ua~" PackageType="SatellitePackage" />
        <Package ID="Microsoft-Windows-IRDA-Package~31bf3856ad364e35~wow64~uk-ua~" PackageType="SatellitePackage" />
      </Packages>
    </Feature>
    <Feature Type="OnDemandFeature" FeatureID="Media.MediaFeaturePack~~1.0" FMID="MSDN" Group="Microsoft">
      <Packages>
        <Package ID="Microsoft-Windows-Media-Features-Package~31bf3856ad364e35~amd64~uk-ua~" PackageType="SatellitePackage" />
        <Package ID="Microsoft-Windows-Media-Features-Package~31bf3856ad364e35~wow64~uk-ua~" PackageType="SatellitePackage" />
      </Packages>
    </Feature>
    <Feature Type="OnDemandFeature" FeatureID="Microsoft.Windows.MSPaint~~1.0" FMID="MSDN" Group="Microsoft">
      <Packages>
        <Package ID="Microsoft-Windows-MSPaint-FoD-Package~31bf3856ad364e35~amd64~uk-ua~" PackageType="SatellitePackage" />
        <Package ID="Microsoft-Windows-MSPaint-FoD-Package~31bf3856ad364e35~wow64~uk-ua~" PackageType="SatellitePackage" />
      </Packages>
    </Feature>
    <Feature Type="OnDemandFeature" FeatureID="Rsat.NetworkController.Tools~~1.0" FMID="MSDN" Group="Microsoft">
      <Packages>
        <Package ID="Microsoft-Windows-NetworkController-Tools-FoD-Package~31bf3856ad364e35~amd64~uk-ua~" PackageType="SatellitePackage" />
      </Packages>
    </Feature>
    <Feature Type="OnDemandFeature" FeatureID="Rsat.NetworkLoadBalancing.Tools~~1.0" FMID="MSDN" Group="Microsoft">
      <Packages>
        <Package ID="Microsoft-Windows-NetworkLoadBalancing-Tools-FoD-Package~31bf3856ad364e35~amd64~uk-ua~" PackageType="SatellitePackage" />
      </Packages>
    </Feature>
    <Feature Type="OnDemandFeature" FeatureID="Microsoft.Windows.Notepad~~1.0" FMID="MSDN" Group="Microsoft">
      <Packages>
        <Package ID="Microsoft-Windows-Notepad-FoD-Package~31bf3856ad364e35~amd64~uk-ua~" PackageType="SatellitePackage" />
        <Package ID="Microsoft-Windows-Notepad-FoD-Package~31bf3856ad364e35~wow64~uk-ua~" PackageType="SatellitePackage" />
      </Packages>
    </Feature>
    <Feature Type="OnDemandFeature" FeatureID="Microsoft.Windows.PowerShell.ISE~~1.0" FMID="MSDN" Group="Microsoft">
      <Packages>
        <Package ID="Microsoft-Windows-PowerShell-ISE-FOD-Package~31bf3856ad364e35~amd64~uk-ua~" PackageType="SatellitePackage" />
        <Package ID="Microsoft-Windows-PowerShell-ISE-FOD-Package~31bf3856ad364e35~wow64~uk-ua~" PackageType="SatellitePackage" />
      </Packages>
    </Feature>
    <Feature Type="OnDemandFeature" FeatureID="Print.Management.Console~~1.0" FMID="MSDN" Group="Microsoft">
      <Packages>
        <Package ID="Microsoft-Windows-Printing-PMCPPC-FoD-Package~31bf3856ad364e35~amd64~uk-ua~" PackageType="SatellitePackage" />
      </Packages>
    </Feature>
    <Feature Type="OnDemandFeature" FeatureID="Print.Fax.Scan~~1.0" FMID="MSDN" Group="Microsoft">
      <Packages>
        <Package ID="Microsoft-Windows-Printing-WFS-FoD-Package~31bf3856ad364e35~amd64~uk-ua~" PackageType="SatellitePackage" />
      </Packages>
    </Feature>
    <Feature Type="OnDemandFeature" FeatureID="RasCMAK.Client~~1.0" FMID="MSDN" Group="Microsoft">
      <Packages>
        <Package ID="Microsoft-Windows-RasCMAK-Client-Package~31bf3856ad364e35~amd64~uk-ua~" PackageType="SatellitePackage" />
        <Package ID="Microsoft-Windows-RasCMAK-Client-Package~31bf3856ad364e35~wow64~uk-ua~" PackageType="SatellitePackage" />
      </Packages>
    </Feature>
    <Feature Type="OnDemandFeature" FeatureID="RIP.Listener~~1.0" FMID="MSDN" Group="Microsoft">
      <Packages>
        <Package ID="Microsoft-Windows-RasRip-Package~31bf3856ad364e35~amd64~uk-ua~" PackageType="SatellitePackage" />
      </Packages>
    </Feature>
    <Feature Type="OnDemandFeature" FeatureID="Rsat.RemoteAccess.Management.Tools~~1.0" FMID="MSDN" Group="Microsoft">
      <Dependencies>
        <Feature FeatureID="Rsat.GroupPolicy.Management.Tools~~1.0" />
        <Feature FeatureID="Rsat.ServerManager.Tools~~1.0" />
      </Dependencies>
      <Packages>
        <Package ID="Microsoft-Windows-RemoteAccess-Management-Tools-FoD-Package~31bf3856ad364e35~amd64~uk-ua~" PackageType="SatellitePackage" />
        <Package ID="Microsoft-Windows-RemoteAccess-Management-Tools-FoD-Package~31bf3856ad364e35~wow64~uk-ua~" PackageType="SatellitePackage" />
      </Packages>
    </Feature>
    <Feature Type="OnDemandFeature" FeatureID="Rsat.RemoteDesktop.Services.Tools~~1.0" FMID="MSDN" Group="Microsoft">
      <Packages>
        <Package ID="Microsoft-Windows-RemoteDesktop-Services-Tools-FoD-Package~31bf3856ad364e35~amd64~uk-ua~" PackageType="SatellitePackage" />
      </Packages>
    </Feature>
    <Feature Type="OnDemandFeature" FeatureID="ServerCore.AppCompatibility~~1.0" FMID="MSDN" Group="Microsoft">
      <Packages>
        <Package ID="Microsoft-Windows-Server-AppCompat-FoD-Package~31bf3856ad364e35~amd64~uk-ua~" PackageType="SatellitePackage" />
      </Packages>
    </Feature>
    <Feature Type="OnDemandFeature" FeatureID="Rsat.ServerManager.Tools~~1.0" FMID="MSDN" Group="Microsoft">
      <Packages>
        <Package ID="Microsoft-Windows-ServerManager-Tools-FoD-Package~31bf3856ad364e35~amd64~uk-ua~" PackageType="SatellitePackage" />
        <Package ID="Microsoft-Windows-ServerManager-Tools-FoD-Package~31bf3856ad364e35~wow64~uk-ua~" PackageType="SatellitePackage" />
      </Packages>
    </Feature>
    <Feature Type="OnDemandFeature" FeatureID="Rsat.Shielded.VM.Tools~~1.0" FMID="MSDN" Group="Microsoft">
      <Dependencies>
        <Feature FeatureID="Rsat.ServerManager.Tools~~1.0" />
      </Dependencies>
      <Packages>
        <Package ID="Microsoft-Windows-Shielded-VM-Tools-FoD-Package~31bf3856ad364e35~amd64~uk-ua~" PackageType="SatellitePackage" />
      </Packages>
    </Feature>
    <Feature Type="OnDemandFeature" FeatureID="SNMP.Client~~1.0" FMID="MSDN" Group="Microsoft">
      <Packages>
        <Package ID="Microsoft-Windows-SNMP-Client-Package~31bf3856ad364e35~amd64~uk-ua~" PackageType="SatellitePackage" />
        <Package ID="Microsoft-Windows-SNMP-Client-Package~31bf3856ad364e35~wow64~uk-ua~" PackageType="SatellitePackage" />
      </Packages>
    </Feature>
    <Feature Type="OnDemandFeature" FeatureID="App.StepsRecorder~~1.0" FMID="MSDN" Group="Microsoft">
      <Packages>
        <Package ID="Microsoft-Windows-StepsRecorder-Package~31bf3856ad364e35~amd64~uk-ua~" PackageType="SatellitePackage" />
        <Package ID="Microsoft-Windows-StepsRecorder-Package~31bf3856ad364e35~wow64~uk-ua~" PackageType="SatellitePackage" />
      </Packages>
    </Feature>
    <Feature Type="OnDemandFeature" FeatureID="Microsoft.Windows.StorageManagement~~1.0" FMID="MSDN" Group="Microsoft">
      <Packages>
        <Package ID="Microsoft-Windows-StorageManagement-FoD-Package~31bf3856ad364e35~amd64~uk-ua~" PackageType="SatellitePackage" />
        <Package ID="Microsoft-Windows-StorageManagement-FoD-Package~31bf3856ad364e35~wow64~uk-ua~" PackageType="SatellitePackage" />
      </Packages>
    </Feature>
    <Feature Type="OnDemandFeature" FeatureID="Rsat.StorageMigrationService.Management.Tools~~1.0" FMID="MSDN" Group="Microsoft">
      <Packages>
        <Package ID="Microsoft-Windows-StorageMigrationService-Management-Tools-FOD-Package~31bf3856ad364e35~amd64~uk-ua~" PackageType="SatellitePackage" />
      </Packages>
    </Feature>
    <Feature Type="OnDemandFeature" FeatureID="Rsat.StorageReplica.Tools~~1.0" FMID="MSDN" Group="Microsoft">
      <Packages>
        <Package ID="Microsoft-Windows-StorageReplica-Tools-FoD-Package~31bf3856ad364e35~amd64~uk-ua~" PackageType="SatellitePackage" />
      </Packages>
    </Feature>
    <Feature Type="OnDemandFeature" FeatureID="Rsat.SystemInsights.Management.Tools~~1.0" FMID="MSDN" Group="Microsoft">
      <Packages>
        <Package ID="Microsoft-Windows-SystemInsights-Management-Tools-FOD-Package~31bf3856ad364e35~amd64~uk-ua~" PackageType="SatellitePackage" />
      </Packages>
    </Feature>
    <Feature Type="OnDemandFeature" FeatureID="Rsat.VolumeActivation.Tools~~1.0" FMID="MSDN" Group="Microsoft">
      <Packages>
        <Package ID="Microsoft-Windows-VolumeActivation-Tools-FoD-Package~31bf3856ad364e35~amd64~uk-ua~" PackageType="SatellitePackage" />
      </Packages>
    </Feature>
    <Feature Type="OnDemandFeature" FeatureID="App.WirelessDisplay.Connect~~1.0" FMID="MSDN" Group="Microsoft">
      <Packages>
        <Package ID="Microsoft-Windows-WirelessDisplay-FOD-Package~31bf3856ad364e35~amd64~uk-ua~" PackageType="SatellitePackage" />
      </Packages>
    </Feature>
    <Feature Type="OnDemandFeature" FeatureID="WMI-SNMP-Provider.Client~~1.0" FMID="MSDN" Group="Microsoft">
      <Dependencies>
        <Feature FeatureID="SNMP.Client~~1.0" />
      </Dependencies>
      <Packages>
        <Package ID="Microsoft-Windows-WMI-SNMP-Provider-Client-Package~31bf3856ad364e35~amd64~uk-ua~" PackageType="SatellitePackage" />
        <Package ID="Microsoft-Windows-WMI-SNMP-Provider-Client-Package~31bf3856ad364e35~wow64~uk-ua~" PackageType="SatellitePackage" />
      </Packages>
    </Feature>
    <Feature Type="OnDemandFeature" FeatureID="Microsoft.Windows.WordPad~~1.0" FMID="MSDN" Group="Microsoft">
      <Packages>
        <Package ID="Microsoft-Windows-WordPad-FoD-Package~31bf3856ad364e35~amd64~uk-ua~" PackageType="SatellitePackage" />
        <Package ID="Microsoft-Windows-WordPad-FoD-Package~31bf3856ad364e35~wow64~uk-ua~" PackageType="SatellitePackage" />
      </Packages>
    </Feature>
    <Feature Type="OnDemandFeature" FeatureID="Rsat.WSUS.Tools~~1.0" FMID="MSDN" Group="Microsoft">
      <Packages>
        <Package ID="Microsoft-Windows-WSUS-Tools-FoD-Package~31bf3856ad364e35~amd64~uk-ua~" PackageType="SatellitePackage" />
      </Packages>
    </Feature>
  </Features>
  <Packages>
    <Package ID="Microsoft-Windows-Server-LanguagePack-Package_uk-ua~31bf3856ad364e35~amd64~uk-ua~" InstalledSize="272524335" Version="10.0.20348.1">
      <SatelliteInfo>
        <DeclareInfo>
          <Declare Type="language" Value="uk-UA" />
        </DeclareInfo>
      </SatelliteInfo>
      <Payload>
        <PayloadItem PayloadHash="B2eT3LUgoJguI+F/XspkySHwn0RWc9sjLfzUZhl7YHs=" PayloadSize="1126883" Path="UUP\Desktop\editionpackages\uk-ua\Server\baseless\Microsoft-Windows-Server-LanguagePack-Package_uk-ua~31bf3856ad364e35~amd64~uk-ua~.cab" PayloadType="ExpressCab" />
        <PayloadItem PayloadHash="JTZU/B7JH1nuyIawEtvk4XtkVlzid2rZC37LDBgJCxo=" PayloadSize="55737477" Path="UUP\Desktop\editionpackages\uk-ua\Server\baseless\Microsoft-Windows-Server-LanguagePack-Package_uk-ua~31bf3856ad364e35~amd64~uk-ua~.psf" PayloadType="ExpressPSF" />
      </Payload>
    </Package>
    <Package ID="Microsoft-AzureStack-HCI-Management-Tools-FOD-Package~31bf3856ad364e35~amd64~uk-ua~" InstalledSize="33245" Version="10.0.20348.1">
      <SatelliteInfo>
        <ApplyToInfo>
          <ApplyTo Type="language" Value="uk-UA" />
        </ApplyToInfo>
      </SatelliteInfo>
      <Payload>
        <PayloadItem PayloadHash="L4Mrw/BI5Featbh9FZvTtk8Uo74KqM2gDuARmV4x4nA=" PayloadSize="10279" Path="FeaturesOnDemand\uk-ua\baseless\Microsoft-AzureStack-HCI-Management-Tools-FOD-Package~31bf3856ad364e35~amd64~uk-ua~.cab" PayloadType="ExpressCab" />
        <PayloadItem PayloadHash="/h1ant6nDmQ07Lj9FUIJl2mq6GiwulOB0Yy+m1seZ1k=" PayloadSize="59884" Path="FeaturesOnDemand\uk-ua\baseless\Microsoft-AzureStack-HCI-Management-Tools-FOD-Package~31bf3856ad364e35~amd64~uk-ua~.psf" PayloadType="ExpressPSF" />
      </Payload>
    </Package>
    <Package ID="Microsoft-OneCore-StorageManagement-FoD-Package~31bf3856ad364e35~amd64~uk-ua~" InstalledSize="1986411" Version="10.0.20348.1">
      <SatelliteInfo>
        <ApplyToInfo>
          <ApplyTo Type="language" Value="uk-UA" />
        </ApplyToInfo>
      </SatelliteInfo>
      <Payload>
        <PayloadItem PayloadHash="81HmimD/d615+hCHSkVs+6mF+RTW6uYgTge44juJzX0=" PayloadSize="11373" Path="FeaturesOnDemand\uk-ua\baseless\Microsoft-OneCore-StorageManagement-FoD-Package~31bf3856ad364e35~amd64~uk-ua~.cab" PayloadType="ExpressCab" />
        <PayloadItem PayloadHash="q1/cPs9bx4z/QyJwsdIiK2uELwYOFr+GepwZtn8cm4M=" PayloadSize="184395" Path="FeaturesOnDemand\uk-ua\baseless\Microsoft-OneCore-StorageManagement-FoD-Package~31bf3856ad364e35~amd64~uk-ua~.psf" PayloadType="ExpressPSF" />
      </Payload>
    </Package>
    <Package ID="Microsoft-OneCore-StorageManagement-FoD-Package~31bf3856ad364e35~wow64~uk-ua~" InstalledSize="1081696" Version="10.0.20348.1">
      <SatelliteInfo>
        <ApplyToInfo>
          <ApplyTo Type="arch" Value="wow64" />
          <ApplyTo Type="language" Value="uk-UA" />
        </ApplyToInfo>
      </SatelliteInfo>
      <Payload>
        <PayloadItem PayloadHash="ZLSM1p6DlXEDNpgV834qepa2DOQUAu0GzPPjEmU9Tjo=" PayloadSize="10427" Path="FeaturesOnDemand\uk-ua\baseless\Microsoft-OneCore-StorageManagement-FoD-Package~31bf3856ad364e35~wow64~uk-ua~.cab" PayloadType="ExpressCab" />
        <PayloadItem PayloadHash="+2tfL666wy4Co1en4rIHF/qF5mnuC1HcZAXNVe/2Y2Q=" PayloadSize="107728" Path="FeaturesOnDemand\uk-ua\baseless\Microsoft-OneCore-StorageManagement-FoD-Package~31bf3856ad364e35~wow64~uk-ua~.psf" PayloadType="ExpressPSF" />
      </Payload>
    </Package>
    <Package ID="Microsoft-Windows-ActiveDirectory-DS-LDS-Tools-FoD-Package~31bf3856ad364e35~amd64~uk-ua~" InstalledSize="5644635" Version="10.0.20348.1">
      <SatelliteInfo>
        <ApplyToInfo>
          <ApplyTo Type="language" Value="uk-UA" />
        </ApplyToInfo>
      </SatelliteInfo>
      <Payload>
        <PayloadItem PayloadHash="SNcgmVlMlqB7hVP+f1csfBVEWoqWv9uQpuZuCCw082o=" PayloadSize="17399" Path="FeaturesOnDemand\uk-ua\baseless\Microsoft-Windows-ActiveDirectory-DS-LDS-Tools-FoD-Package~31bf3856ad364e35~amd64~uk-ua~.cab" PayloadType="ExpressCab" />
        <PayloadItem PayloadHash="6uRgLXEjWSuofhDPXBG2ZdfzqYz1G+7j7ENQ4Gnlj60=" PayloadSize="907348" Path="FeaturesOnDemand\uk-ua\baseless\Microsoft-Windows-ActiveDirectory-DS-LDS-Tools-FoD-Package~31bf3856ad364e35~amd64~uk-ua~.psf" PayloadType="ExpressPSF" />
      </Payload>
    </Package>
    <Package ID="Microsoft-Windows-ActiveDirectory-DS-LDS-Tools-FoD-Package~31bf3856ad364e35~wow64~uk-ua~" InstalledSize="787379" Version="10.0.20348.1">
      <SatelliteInfo>
        <ApplyToInfo>
          <ApplyTo Type="arch" Value="wow64" />
          <ApplyTo Type="language" Value="uk-UA" />
        </ApplyToInfo>
      </SatelliteInfo>
      <Payload>
        <PayloadItem PayloadHash="dzNDvA3LXnr7CpMoH5Abwm4ZoM2FILu0ptwteBZ/9/Q=" PayloadSize="11241" Path="FeaturesOnDemand\uk-ua\baseless\Microsoft-Windows-ActiveDirectory-DS-LDS-Tools-FoD-Package~31bf3856ad364e35~wow64~uk-ua~.cab" PayloadType="ExpressCab" />
        <PayloadItem PayloadHash="5Ly3fw9UaemnnZTuza3mnY44rk4Y2BDEX8kDlbX4+IU=" PayloadSize="150901" Path="FeaturesOnDemand\uk-ua\baseless\Microsoft-Windows-ActiveDirectory-DS-LDS-Tools-FoD-Package~31bf3856ad364e35~wow64~uk-ua~.psf" PayloadType="ExpressPSF" />
      </Payload>
    </Package>
    <Package ID="Microsoft-Windows-BitLocker-Recovery-Tools-FoD-Package~31bf3856ad364e35~amd64~uk-ua~" InstalledSize="31634" Version="10.0.20348.1">
      <SatelliteInfo>
        <ApplyToInfo>
          <ApplyTo Type="language" Value="uk-UA" />
        </ApplyToInfo>
      </SatelliteInfo>
      <Payload>
        <PayloadItem PayloadHash="M2eEDNVv8gqXQhyektUymeJ7uXArx0uLML3AzwnxUr4=" PayloadSize="10279" Path="FeaturesOnDemand\uk-ua\baseless\Microsoft-Windows-BitLocker-Recovery-Tools-FoD-Package~31bf3856ad364e35~amd64~uk-ua~.cab" PayloadType="ExpressCab" />
        <PayloadItem PayloadHash="sLjDZmYJMiqWGCZSnO5xv5pIgTYqf9/QCbbIIcAfIaE=" PayloadSize="58613" Path="FeaturesOnDemand\uk-ua\baseless\Microsoft-Windows-BitLocker-Recovery-Tools-FoD-Package~31bf3856ad364e35~amd64~uk-ua~.psf" PayloadType="ExpressPSF" />
      </Payload>
    </Package>
    <Package ID="Microsoft-Windows-CertificateServices-Tools-FoD-Package~31bf3856ad364e35~amd64~uk-ua~" InstalledSize="996053" Version="10.0.20348.1">
      <SatelliteInfo>
        <ApplyToInfo>
          <ApplyTo Type="language" Value="uk-UA" />
        </ApplyToInfo>
      </SatelliteInfo>
      <Payload>
        <PayloadItem PayloadHash="JJZIyG1y5uUJaUDUhhobmZjNpCJuvUzTfgdDCHQxDCk=" PayloadSize="12147" Path="FeaturesOnDemand\uk-ua\baseless\Microsoft-Windows-CertificateServices-Tools-FoD-Package~31bf3856ad364e35~amd64~uk-ua~.cab" PayloadType="ExpressCab" />
        <PayloadItem PayloadHash="e46I0TcCEU4YNMDaD2MkrWTCwqH0Y5oxSgxqk57UykA=" PayloadSize="190972" Path="FeaturesOnDemand\uk-ua\baseless\Microsoft-Windows-CertificateServices-Tools-FoD-Package~31bf3856ad364e35~amd64~uk-ua~.psf" PayloadType="ExpressPSF" />
      </Payload>
    </Package>
    <Package ID="Microsoft-Windows-Composition-Test-FOD-Package~31bf3856ad364e35~amd64~uk-ua~" InstalledSize="21097" Version="10.0.20348.1">
      <SatelliteInfo>
        <ApplyToInfo>
          <ApplyTo Type="language" Value="uk-UA" />
        </ApplyToInfo>
      </SatelliteInfo>
      <Payload>
        <PayloadItem PayloadHash="ocYM6NoyaCF+kjKeTYHeVGgqv+u9rfeKdQWd/JzUZx8=" PayloadSize="10009" Path="FeaturesOnDemand\uk-ua\baseless\Microsoft-Windows-Composition-Test-FOD-Package~31bf3856ad364e35~amd64~uk-ua~.cab" PayloadType="ExpressCab" />
        <PayloadItem PayloadHash="BLNsKUv+4PxUJ+4ybq03ORNpKsef3b+PCKkFhuxVVnU=" PayloadSize="55261" Path="FeaturesOnDemand\uk-ua\baseless\Microsoft-Windows-Composition-Test-FOD-Package~31bf3856ad364e35~amd64~uk-ua~.psf" PayloadType="ExpressPSF" />
      </Payload>
    </Package>
    <Package ID="Microsoft-Windows-Composition-Test-FOD-Package~31bf3856ad364e35~wow64~uk-ua~" InstalledSize="21240" Version="10.0.20348.1">
      <SatelliteInfo>
        <ApplyToInfo>
          <ApplyTo Type="arch" Value="wow64" />
          <ApplyTo Type="language" Value="uk-UA" />
        </ApplyToInfo>
      </SatelliteInfo>
      <Payload>
        <PayloadItem PayloadHash="vH3X5tJoTIzOy5aczADMEuPZwNWQq9pSZFTgG9T0bBk=" PayloadSize="10007" Path="FeaturesOnDemand\uk-ua\baseless\Microsoft-Windows-Composition-Test-FOD-Package~31bf3856ad364e35~wow64~uk-ua~.cab" PayloadType="ExpressCab" />
        <PayloadItem PayloadHash="r11DCuosP7lC1sh7PhCzBZPZUBY1kFmmvuKBrfLWstc=" PayloadSize="55311" Path="FeaturesOnDemand\uk-ua\baseless\Microsoft-Windows-Composition-Test-FOD-Package~31bf3856ad364e35~wow64~uk-ua~.psf" PayloadType="ExpressPSF" />
      </Payload>
    </Package>
    <Package ID="Microsoft-Windows-DHCP-Tools-FoD-Package~31bf3856ad364e35~amd64~uk-ua~" InstalledSize="1797314" Version="10.0.20348.1">
      <SatelliteInfo>
        <ApplyToInfo>
          <ApplyTo Type="language" Value="uk-UA" />
        </ApplyToInfo>
      </SatelliteInfo>
      <Payload>
        <PayloadItem PayloadHash="JJOIqZESpUkIctILXp/RI0C8g8mcZNQzblxmp5j4rgw=" PayloadSize="11135" Path="FeaturesOnDemand\uk-ua\baseless\Microsoft-Windows-DHCP-Tools-FoD-Package~31bf3856ad364e35~amd64~uk-ua~.cab" PayloadType="ExpressCab" />
        <PayloadItem PayloadHash="AXCQeObgh0g6Fu7dBT2DL13Zum2ciVYKbIGosVQAwEI=" PayloadSize="198763" Path="FeaturesOnDemand\uk-ua\baseless\Microsoft-Windows-DHCP-Tools-FoD-Package~31bf3856ad364e35~amd64~uk-ua~.psf" PayloadType="ExpressPSF" />
      </Payload>
    </Package>
    <Package ID="Microsoft-Windows-DHCP-Tools-FoD-Package~31bf3856ad364e35~wow64~uk-ua~" InstalledSize="479217" Version="10.0.20348.1">
      <SatelliteInfo>
        <ApplyToInfo>
          <ApplyTo Type="arch" Value="wow64" />
          <ApplyTo Type="language" Value="uk-UA" />
        </ApplyToInfo>
      </SatelliteInfo>
      <Payload>
        <PayloadItem PayloadHash="oxDH6OIMfDaoV/6YtYA5V6WGFU4geNcLZxRK6L/6Ezs=" PayloadSize="10245" Path="FeaturesOnDemand\uk-ua\baseless\Microsoft-Windows-DHCP-Tools-FoD-Package~31bf3856ad364e35~wow64~uk-ua~.cab" PayloadType="ExpressCab" />
        <PayloadItem PayloadHash="txxMPV0mF9/+b2n7q8Cd4U9mNAOuz3VI7qGfXqL6gXc=" PayloadSize="88605" Path="FeaturesOnDemand\uk-ua\baseless\Microsoft-Windows-DHCP-Tools-FoD-Package~31bf3856ad364e35~wow64~uk-ua~.psf" PayloadType="ExpressPSF" />
      </Payload>
    </Package>
    <Package ID="Microsoft-Windows-DNS-Tools-FoD-Package~31bf3856ad364e35~amd64~uk-ua~" InstalledSize="1879900" Version="10.0.20348.1">
      <SatelliteInfo>
        <ApplyToInfo>
          <ApplyTo Type="language" Value="uk-UA" />
        </ApplyToInfo>
      </SatelliteInfo>
      <Payload>
        <PayloadItem PayloadHash="XPS2luRctQBLWgF+yqwY+ugw0v6NhTTQBCmUVM+Ol1o=" PayloadSize="10971" Path="FeaturesOnDemand\uk-ua\baseless\Microsoft-Windows-DNS-Tools-FoD-Package~31bf3856ad364e35~amd64~uk-ua~.cab" PayloadType="ExpressCab" />
        <PayloadItem PayloadHash="5HxEbhlcsSRh0Tis1V7Ypp9qJvohOCya9H2JomKhwRI=" PayloadSize="221270" Path="FeaturesOnDemand\uk-ua\baseless\Microsoft-Windows-DNS-Tools-FoD-Package~31bf3856ad364e35~amd64~uk-ua~.psf" PayloadType="ExpressPSF" />
      </Payload>
    </Package>
    <Package ID="Microsoft-Windows-DNS-Tools-FoD-Package~31bf3856ad364e35~wow64~uk-ua~" InstalledSize="12291" Version="10.0.20348.1">
      <SatelliteInfo>
        <ApplyToInfo>
          <ApplyTo Type="arch" Value="wow64" />
          <ApplyTo Type="language" Value="uk-UA" />
        </ApplyToInfo>
      </SatelliteInfo>
      <Payload>
        <PayloadItem PayloadHash="pnBEqe77xxlMTZtKbyPzr9CX+IsL4YOo70WETilOmfc=" PayloadSize="9883" Path="FeaturesOnDemand\uk-ua\baseless\Microsoft-Windows-DNS-Tools-FoD-Package~31bf3856ad364e35~wow64~uk-ua~.cab" PayloadType="ExpressCab" />
        <PayloadItem PayloadHash="96Pcq1lf18EyHKL6ivnK7BpTD2LTiTEm1YTMTeWZx2U=" PayloadSize="49677" Path="FeaturesOnDemand\uk-ua\baseless\Microsoft-Windows-DNS-Tools-FoD-Package~31bf3856ad364e35~wow64~uk-ua~.psf" PayloadType="ExpressPSF" />
      </Payload>
    </Package>
    <Package ID="Microsoft-Windows-EMS-SAC-Desktop-Tools-FoD-Package~31bf3856ad364e35~amd64~uk-ua~" InstalledSize="69691" Version="10.0.20348.1">
      <SatelliteInfo>
        <ApplyToInfo>
          <ApplyTo Type="language" Value="uk-UA" />
        </ApplyToInfo>
      </SatelliteInfo>
      <Payload>
        <PayloadItem PayloadHash="Rek+UfkE+XwNuPPxgNPdxsk8kX5nompdH1xhwZJFb+Q=" PayloadSize="10547" Path="FeaturesOnDemand\uk-ua\baseless\Microsoft-Windows-EMS-SAC-Desktop-Tools-FoD-Package~31bf3856ad364e35~amd64~uk-ua~.cab" PayloadType="ExpressCab" />
        <PayloadItem PayloadHash="+JqD5r5aMSX3SAL9AJhObTRlDMDrhBNbsCTLDOJFif8=" PayloadSize="66138" Path="FeaturesOnDemand\uk-ua\baseless\Microsoft-Windows-EMS-SAC-Desktop-Tools-FoD-Package~31bf3856ad364e35~amd64~uk-ua~.psf" PayloadType="ExpressPSF" />
      </Payload>
    </Package>
    <Package ID="Microsoft-Windows-FailoverCluster-Management-Tools-FOD-Package~31bf3856ad364e35~amd64~uk-ua~" InstalledSize="8883665" Version="10.0.20348.1">
      <SatelliteInfo>
        <ApplyToInfo>
          <ApplyTo Type="language" Value="uk-UA" />
        </ApplyToInfo>
      </SatelliteInfo>
      <Payload>
        <PayloadItem PayloadHash="6pLWGFbIR7TL84foF7WLy32CejxSmyRGE1BwEdeDtVU=" PayloadSize="16593" Path="FeaturesOnDemand\uk-ua\baseless\Microsoft-Windows-FailoverCluster-Management-Tools-FOD-Package~31bf3856ad364e35~amd64~uk-ua~.cab" PayloadType="ExpressCab" />
        <PayloadItem PayloadHash="NM1Ma6ckEHdyDgMdWLS/IH5DVwXUlj8HtQjigOtTdIA=" PayloadSize="2429622" Path="FeaturesOnDemand\uk-ua\baseless\Microsoft-Windows-FailoverCluster-Management-Tools-FOD-Package~31bf3856ad364e35~amd64~uk-ua~.psf" PayloadType="ExpressPSF" />
      </Payload>
    </Package>
    <Package ID="Microsoft-Windows-FailoverCluster-Management-Tools-FOD-Package~31bf3856ad364e35~wow64~uk-ua~" InstalledSize="60641" Version="10.0.20348.1">
      <SatelliteInfo>
        <ApplyToInfo>
          <ApplyTo Type="arch" Value="wow64" />
          <ApplyTo Type="language" Value="uk-UA" />
        </ApplyToInfo>
      </SatelliteInfo>
      <Payload>
        <PayloadItem PayloadHash="RjwHL/dYD4k/s+s1sc7IjezuYJecLGByX6+QFwe3dME=" PayloadSize="10947" Path="FeaturesOnDemand\uk-ua\baseless\Microsoft-Windows-FailoverCluster-Management-Tools-FOD-Package~31bf3856ad364e35~wow64~uk-ua~.cab" PayloadType="ExpressCab" />
        <PayloadItem PayloadHash="5Ae9NHem5fOitd5m8f35UxK6AyhWljVnDVIsrlmsHDc=" PayloadSize="70527" Path="FeaturesOnDemand\uk-ua\baseless\Microsoft-Windows-FailoverCluster-Management-Tools-FOD-Package~31bf3856ad364e35~wow64~uk-ua~.psf" PayloadType="ExpressPSF" />
      </Payload>
    </Package>
    <Package ID="Microsoft-Windows-FileServices-Tools-FoD-Package~31bf3856ad364e35~amd64~uk-ua~" InstalledSize="4128502" Version="10.0.20348.1">
      <SatelliteInfo>
        <ApplyToInfo>
          <ApplyTo Type="language" Value="uk-UA" />
        </ApplyToInfo>
      </SatelliteInfo>
      <Payload>
        <PayloadItem PayloadHash="6lGhPkggPMfp6Hg53lcxni8+Kx/o6xSEBofSVxT5MLM=" PayloadSize="14783" Path="FeaturesOnDemand\uk-ua\baseless\Microsoft-Windows-FileServices-Tools-FoD-Package~31bf3856ad364e35~amd64~uk-ua~.cab" PayloadType="ExpressCab" />
        <PayloadItem PayloadHash="qoogyD4utHjTUGNJ+f5h06D8wnOwVpZjiAsP9NbLmEo=" PayloadSize="600480" Path="FeaturesOnDemand\uk-ua\baseless\Microsoft-Windows-FileServices-Tools-FoD-Package~31bf3856ad364e35~amd64~uk-ua~.psf" PayloadType="ExpressPSF" />
      </Payload>
    </Package>
    <Package ID="Microsoft-Windows-FileServices-Tools-FoD-Package~31bf3856ad364e35~wow64~uk-ua~" InstalledSize="171384" Version="10.0.20348.1">
      <SatelliteInfo>
        <ApplyToInfo>
          <ApplyTo Type="arch" Value="wow64" />
          <ApplyTo Type="language" Value="uk-UA" />
        </ApplyToInfo>
      </SatelliteInfo>
      <Payload>
        <PayloadItem PayloadHash="qUP/93PxFT+nWogA60y5gjOOmS6Lk7ZQ9yJmLwrtNSs=" PayloadSize="10597" Path="FeaturesOnDemand\uk-ua\baseless\Microsoft-Windows-FileServices-Tools-FoD-Package~31bf3856ad364e35~wow64~uk-ua~.cab" PayloadType="ExpressCab" />
        <PayloadItem PayloadHash="3ls35xTiHn6KciJFvcpsfNFXpWKZD9K2KHRwF+1dwn8=" PayloadSize="76377" Path="FeaturesOnDemand\uk-ua\baseless\Microsoft-Windows-FileServices-Tools-FoD-Package~31bf3856ad364e35~wow64~uk-ua~.psf" PayloadType="ExpressPSF" />
      </Payload>
    </Package>
    <Package ID="Microsoft-Windows-GroupPolicy-Management-Tools-FoD-Package~31bf3856ad364e35~amd64~uk-ua~" InstalledSize="2251612" Version="10.0.20348.1">
      <SatelliteInfo>
        <ApplyToInfo>
          <ApplyTo Type="language" Value="uk-UA" />
        </ApplyToInfo>
      </SatelliteInfo>
      <Payload>
        <PayloadItem PayloadHash="RoY6pRLs5REuy7UKMQaPntw5OpOhTXzjfGEHBgTc988=" PayloadSize="13609" Path="FeaturesOnDemand\uk-ua\baseless\Microsoft-Windows-GroupPolicy-Management-Tools-FoD-Package~31bf3856ad364e35~amd64~uk-ua~.cab" PayloadType="ExpressCab" />
        <PayloadItem PayloadHash="KrV3cORZb/46s2oVrhMCpOfsiYsHmrWmyLI4DPr2ivc=" PayloadSize="333721" Path="FeaturesOnDemand\uk-ua\baseless\Microsoft-Windows-GroupPolicy-Management-Tools-FoD-Package~31bf3856ad364e35~amd64~uk-ua~.psf" PayloadType="ExpressPSF" />
      </Payload>
    </Package>
    <Package ID="Microsoft-Windows-GroupPolicy-Management-Tools-FoD-Package~31bf3856ad364e35~wow64~uk-ua~" InstalledSize="305919" Version="10.0.20348.1">
      <SatelliteInfo>
        <ApplyToInfo>
          <ApplyTo Type="arch" Value="wow64" />
          <ApplyTo Type="language" Value="uk-UA" />
        </ApplyToInfo>
      </SatelliteInfo>
      <Payload>
        <PayloadItem PayloadHash="awipcC/1qZeT/zQsVDrnevN1UxpHGhNQ2kWC2vpxd5Q=" PayloadSize="10395" Path="FeaturesOnDemand\uk-ua\baseless\Microsoft-Windows-GroupPolicy-Management-Tools-FoD-Package~31bf3856ad364e35~wow64~uk-ua~.cab" PayloadType="ExpressCab" />
        <PayloadItem PayloadHash="tSPcwMqydTMQtXYlIu8gSu+dRYCHIkSFaDXQ+gi9iq4=" PayloadSize="90612" Path="FeaturesOnDemand\uk-ua\baseless\Microsoft-Windows-GroupPolicy-Management-Tools-FoD-Package~31bf3856ad364e35~wow64~uk-ua~.psf" PayloadType="ExpressPSF" />
      </Payload>
    </Package>
    <Package ID="Microsoft-Windows-IPAM-Client-FoD-Package~31bf3856ad364e35~amd64~uk-ua~" InstalledSize="98724" Version="10.0.20348.1">
      <SatelliteInfo>
        <ApplyToInfo>
          <ApplyTo Type="language" Value="uk-UA" />
        </ApplyToInfo>
      </SatelliteInfo>
      <Payload>
        <PayloadItem PayloadHash="9p5qCNQKesD+n+ENgMLYPpFFvJxZIyRTrmxMnxpFxDw=" PayloadSize="10231" Path="FeaturesOnDemand\uk-ua\baseless\Microsoft-Windows-IPAM-Client-FoD-Package~31bf3856ad364e35~amd64~uk-ua~.cab" PayloadType="ExpressCab" />
        <PayloadItem PayloadHash="9oMarDlZVrnKMdULldLIKJVdCo6oV8BzdkS0en45DRw=" PayloadSize="61099" Path="FeaturesOnDemand\uk-ua\baseless\Microsoft-Windows-IPAM-Client-FoD-Package~31bf3856ad364e35~amd64~uk-ua~.psf" PayloadType="ExpressPSF" />
      </Payload>
    </Package>
    <Package ID="Microsoft-Windows-IPAM-Client-FoD-Package~31bf3856ad364e35~wow64~uk-ua~" InstalledSize="23600" Version="10.0.20348.1">
      <SatelliteInfo>
        <ApplyToInfo>
          <ApplyTo Type="arch" Value="wow64" />
          <ApplyTo Type="language" Value="uk-UA" />
        </ApplyToInfo>
      </SatelliteInfo>
      <Payload>
        <PayloadItem PayloadHash="WFLf/ejSXQ1D4RlE7AxZDoBjZc6iWhVn6Sk2e/txfD8=" PayloadSize="10021" Path="FeaturesOnDemand\uk-ua\baseless\Microsoft-Windows-IPAM-Client-FoD-Package~31bf3856ad364e35~wow64~uk-ua~.cab" PayloadType="ExpressCab" />
        <PayloadItem PayloadHash="dJvqNqOwOR4+VrGgnVQAAG8WWGUU+GMKvi8C5uqIQkw=" PayloadSize="51939" Path="FeaturesOnDemand\uk-ua\baseless\Microsoft-Windows-IPAM-Client-FoD-Package~31bf3856ad364e35~wow64~uk-ua~.psf" PayloadType="ExpressPSF" />
      </Payload>
    </Package>
    <Package ID="Microsoft-Windows-IRDA-Package~31bf3856ad364e35~amd64~uk-ua~" InstalledSize="57925" Version="10.0.20348.1">
      <SatelliteInfo>
        <ApplyToInfo>
          <ApplyTo Type="language" Value="uk-UA" />
        </ApplyToInfo>
      </SatelliteInfo>
      <Payload>
        <PayloadItem PayloadHash="L0mgFuDDU1BG2Nkcrjy5woL9JY4Umn2BZ+9uRir1c1A=" PayloadSize="10887" Path="FeaturesOnDemand\uk-ua\baseless\Microsoft-Windows-IRDA-Package~31bf3856ad364e35~amd64~uk-ua~.cab" PayloadType="ExpressCab" />
        <PayloadItem PayloadHash="q3OmzuLJh6vucT1pO97lyVZSTZhIosyupfF5cTto4Tg=" PayloadSize="63638" Path="FeaturesOnDemand\uk-ua\baseless\Microsoft-Windows-IRDA-Package~31bf3856ad364e35~amd64~uk-ua~.psf" PayloadType="ExpressPSF" />
      </Payload>
    </Package>
    <Package ID="Microsoft-Windows-IRDA-Package~31bf3856ad364e35~wow64~uk-ua~" InstalledSize="11344" Version="10.0.20348.1">
      <SatelliteInfo>
        <ApplyToInfo>
          <ApplyTo Type="arch" Value="wow64" />
          <ApplyTo Type="language" Value="uk-UA" />
        </ApplyToInfo>
      </SatelliteInfo>
      <Payload>
        <PayloadItem PayloadHash="leTM4ePSAfE3ki6KyrQt15i1DJxt6UYwqrYbS5eMGKk=" PayloadSize="9779" Path="FeaturesOnDemand\uk-ua\baseless\Microsoft-Windows-IRDA-Package~31bf3856ad364e35~wow64~uk-ua~.cab" PayloadType="ExpressCab" />
        <PayloadItem PayloadHash="Rrl5xcAhA3zJC21Tlyv0T1X06qNzIB2k2Eolos2SnUA=" PayloadSize="49066" Path="FeaturesOnDemand\uk-ua\baseless\Microsoft-Windows-IRDA-Package~31bf3856ad364e35~wow64~uk-ua~.psf" PayloadType="ExpressPSF" />
      </Payload>
    </Package>
    <Package ID="Microsoft-Windows-Media-Features-Package~31bf3856ad364e35~amd64~uk-ua~" InstalledSize="1728611" Version="10.0.20348.1">
      <SatelliteInfo>
        <ApplyToInfo>
          <ApplyTo Type="language" Value="uk-UA" />
        </ApplyToInfo>
      </SatelliteInfo>
      <Payload>
        <PayloadItem PayloadHash="+349DQPSxC6xUWOusvC74rjR2xIcF+5JTm9Gdeittkg=" PayloadSize="29899" Path="FeaturesOnDemand\uk-ua\baseless\Microsoft-Windows-Media-Features-Package~31bf3856ad364e35~amd64~uk-ua~.cab" PayloadType="ExpressCab" />
        <PayloadItem PayloadHash="yENQOz0LvapivGczlpnZaBR9wyImTrXHcx1tbMDhO4s=" PayloadSize="529959" Path="FeaturesOnDemand\uk-ua\baseless\Microsoft-Windows-Media-Features-Package~31bf3856ad364e35~amd64~uk-ua~.psf" PayloadType="ExpressPSF" />
      </Payload>
    </Package>
    <Package ID="Microsoft-Windows-Media-Features-Package~31bf3856ad364e35~wow64~uk-ua~" InstalledSize="362019" Version="10.0.20348.1">
      <SatelliteInfo>
        <ApplyToInfo>
          <ApplyTo Type="arch" Value="wow64" />
          <ApplyTo Type="language" Value="uk-UA" />
        </ApplyToInfo>
      </SatelliteInfo>
      <Payload>
        <PayloadItem PayloadHash="75Ca4mhZlfIiXKIbhBJOAGYmyGUVxDbPgf8Eh3A1qKc=" PayloadSize="18885" Path="FeaturesOnDemand\uk-ua\baseless\Microsoft-Windows-Media-Features-Package~31bf3856ad364e35~wow64~uk-ua~.cab" PayloadType="ExpressCab" />
        <PayloadItem PayloadHash="3d+unyr4IM6r5YTaDfCx5CL3i3KoSClAj9sOvEy1yE8=" PayloadSize="252080" Path="FeaturesOnDemand\uk-ua\baseless\Microsoft-Windows-Media-Features-Package~31bf3856ad364e35~wow64~uk-ua~.psf" PayloadType="ExpressPSF" />
      </Payload>
    </Package>
    <Package ID="Microsoft-Windows-MSPaint-FoD-Package~31bf3856ad364e35~amd64~uk-ua~" InstalledSize="72493" Version="10.0.20348.1">
      <SatelliteInfo>
        <ApplyToInfo>
          <ApplyTo Type="language" Value="uk-UA" />
        </ApplyToInfo>
      </SatelliteInfo>
      <Payload>
        <PayloadItem PayloadHash="ehcd7MReEZ4jkuuRxaQuSv/WpujkFEULK6xtKvXuDAY=" PayloadSize="10017" Path="FeaturesOnDemand\uk-ua\baseless\Microsoft-Windows-MSPaint-FoD-Package~31bf3856ad364e35~amd64~uk-ua~.cab" PayloadType="ExpressCab" />
        <PayloadItem PayloadHash="DYfBp506ZgaAa+0Q+RQXfgz+//boyr7CpVSKx1p9Lqc=" PayloadSize="61945" Path="FeaturesOnDemand\uk-ua\baseless\Microsoft-Windows-MSPaint-FoD-Package~31bf3856ad364e35~amd64~uk-ua~.psf" PayloadType="ExpressPSF" />
      </Payload>
    </Package>
    <Package ID="Microsoft-Windows-MSPaint-FoD-Package~31bf3856ad364e35~wow64~uk-ua~" InstalledSize="72566" Version="10.0.20348.1">
      <SatelliteInfo>
        <ApplyToInfo>
          <ApplyTo Type="arch" Value="wow64" />
          <ApplyTo Type="language" Value="uk-UA" />
        </ApplyToInfo>
      </SatelliteInfo>
      <Payload>
        <PayloadItem PayloadHash="blZNSBzmyXixAXcP4thUTJnBHzexiTLjVdjfMHSZRwU=" PayloadSize="9989" Path="FeaturesOnDemand\uk-ua\baseless\Microsoft-Windows-MSPaint-FoD-Package~31bf3856ad364e35~wow64~uk-ua~.cab" PayloadType="ExpressCab" />
        <PayloadItem PayloadHash="nc/wYMOPATm2D//8TA47CFooUU9ze+M6ya5btJMP3NI=" PayloadSize="61945" Path="FeaturesOnDemand\uk-ua\baseless\Microsoft-Windows-MSPaint-FoD-Package~31bf3856ad364e35~wow64~uk-ua~.psf" PayloadType="ExpressPSF" />
      </Payload>
    </Package>
    <Package ID="Microsoft-Windows-NetworkController-Tools-FoD-Package~31bf3856ad364e35~amd64~uk-ua~" InstalledSize="67794" Version="10.0.20348.1">
      <SatelliteInfo>
        <ApplyToInfo>
          <ApplyTo Type="language" Value="uk-UA" />
        </ApplyToInfo>
      </SatelliteInfo>
      <Payload>
        <PayloadItem PayloadHash="ZHnUw/MJyLETXDVVk4TX32/wpCRm7hoFvxB3ARwQ25s=" PayloadSize="10493" Path="FeaturesOnDemand\uk-ua\baseless\Microsoft-Windows-NetworkController-Tools-FoD-Package~31bf3856ad364e35~amd64~uk-ua~.cab" PayloadType="ExpressCab" />
        <PayloadItem PayloadHash="gQPAMg/s6KG8qwluOxuP1wXqEgVyMF+CAqgZP/qweT4=" PayloadSize="70440" Path="FeaturesOnDemand\uk-ua\baseless\Microsoft-Windows-NetworkController-Tools-FoD-Package~31bf3856ad364e35~amd64~uk-ua~.psf" PayloadType="ExpressPSF" />
      </Payload>
    </Package>
    <Package ID="Microsoft-Windows-NetworkLoadBalancing-Tools-FoD-Package~31bf3856ad364e35~amd64~uk-ua~" InstalledSize="234815" Version="10.0.20348.1">
      <SatelliteInfo>
        <ApplyToInfo>
          <ApplyTo Type="language" Value="uk-UA" />
        </ApplyToInfo>
      </SatelliteInfo>
      <Payload>
        <PayloadItem PayloadHash="s3qJp6J2k5hgfvPwjPqQBTjsqPEuuV0LrU+l3eC04DQ=" PayloadSize="10557" Path="FeaturesOnDemand\uk-ua\baseless\Microsoft-Windows-NetworkLoadBalancing-Tools-FoD-Package~31bf3856ad364e35~amd64~uk-ua~.cab" PayloadType="ExpressCab" />
        <PayloadItem PayloadHash="4aGfwFsFwQd6WbAZsMOz8HKmq9Bwlp9ACBMpoO8mS4s=" PayloadSize="89331" Path="FeaturesOnDemand\uk-ua\baseless\Microsoft-Windows-NetworkLoadBalancing-Tools-FoD-Package~31bf3856ad364e35~amd64~uk-ua~.psf" PayloadType="ExpressPSF" />
      </Payload>
    </Package>
    <Package ID="Microsoft-Windows-Notepad-FoD-Package~31bf3856ad364e35~amd64~uk-ua~" InstalledSize="24917" Version="10.0.20348.1">
      <SatelliteInfo>
        <ApplyToInfo>
          <ApplyTo Type="language" Value="uk-UA" />
        </ApplyToInfo>
      </SatelliteInfo>
      <Payload>
        <PayloadItem PayloadHash="QVUbqPGk9Of9AN3sUOOwk+vcwQL46Z+DgBt7/oDnVfs=" PayloadSize="10009" Path="FeaturesOnDemand\uk-ua\baseless\Microsoft-Windows-Notepad-FoD-Package~31bf3856ad364e35~amd64~uk-ua~.cab" PayloadType="ExpressCab" />
        <PayloadItem PayloadHash="mBachIkZ2Mpk1SC1v9vHTJ1WAj5CuitbofRKSqD3EQ8=" PayloadSize="53817" Path="FeaturesOnDemand\uk-ua\baseless\Microsoft-Windows-Notepad-FoD-Package~31bf3856ad364e35~amd64~uk-ua~.psf" PayloadType="ExpressPSF" />
      </Payload>
    </Package>
    <Package ID="Microsoft-Windows-Notepad-FoD-Package~31bf3856ad364e35~wow64~uk-ua~" InstalledSize="11141" Version="10.0.20348.1">
      <SatelliteInfo>
        <ApplyToInfo>
          <ApplyTo Type="arch" Value="wow64" />
          <ApplyTo Type="language" Value="uk-UA" />
        </ApplyToInfo>
      </SatelliteInfo>
      <Payload>
        <PayloadItem PayloadHash="LcZiCugyaKv+lmSIMAKVsvrullGAB3vS5Q0bKdYZg+o=" PayloadSize="9791" Path="FeaturesOnDemand\uk-ua\baseless\Microsoft-Windows-Notepad-FoD-Package~31bf3856ad364e35~wow64~uk-ua~.cab" PayloadType="ExpressCab" />
        <PayloadItem PayloadHash="JxEJbyPafF6Im4t2g1AoVGCnwOseFFDnCNIYlxZpW20=" PayloadSize="49023" Path="FeaturesOnDemand\uk-ua\baseless\Microsoft-Windows-Notepad-FoD-Package~31bf3856ad364e35~wow64~uk-ua~.psf" PayloadType="ExpressPSF" />
      </Payload>
    </Package>
    <Package ID="Microsoft-Windows-PowerShell-ISE-FOD-Package~31bf3856ad364e35~amd64~uk-ua~" InstalledSize="870618" Version="10.0.20348.1">
      <SatelliteInfo>
        <ApplyToInfo>
          <ApplyTo Type="language" Value="uk-UA" />
        </ApplyToInfo>
      </SatelliteInfo>
      <Payload>
        <PayloadItem PayloadHash="53IYCj358waAm/hAbubYPd3/9i/VYB843CUvcSPfkn4=" PayloadSize="10837" Path="FeaturesOnDemand\uk-ua\baseless\Microsoft-Windows-PowerShell-ISE-FOD-Package~31bf3856ad364e35~amd64~uk-ua~.cab" PayloadType="ExpressCab" />
        <PayloadItem PayloadHash="u72ZuyTv1uCoGJXBKsXxvUkIiXhfyMvh536VnMfzSjU=" PayloadSize="341965" Path="FeaturesOnDemand\uk-ua\baseless\Microsoft-Windows-PowerShell-ISE-FOD-Package~31bf3856ad364e35~amd64~uk-ua~.psf" PayloadType="ExpressPSF" />
      </Payload>
    </Package>
    <Package ID="Microsoft-Windows-PowerShell-ISE-FOD-Package~31bf3856ad364e35~wow64~uk-ua~" InstalledSize="71316" Version="10.0.20348.1">
      <SatelliteInfo>
        <ApplyToInfo>
          <ApplyTo Type="arch" Value="wow64" />
          <ApplyTo Type="language" Value="uk-UA" />
        </ApplyToInfo>
      </SatelliteInfo>
      <Payload>
        <PayloadItem PayloadHash="M1qKKvoG9vOqG1DHLAqavIFDZdWhzUQAmturCUqY88o=" PayloadSize="10021" Path="FeaturesOnDemand\uk-ua\baseless\Microsoft-Windows-PowerShell-ISE-FOD-Package~31bf3856ad364e35~wow64~uk-ua~.cab" PayloadType="ExpressCab" />
        <PayloadItem PayloadHash="sQQWc1/GTtVz+FfOKopwqNn1qaYMt5G6tsrioU9JuWc=" PayloadSize="68679" Path="FeaturesOnDemand\uk-ua\baseless\Microsoft-Windows-PowerShell-ISE-FOD-Package~31bf3856ad364e35~wow64~uk-ua~.psf" PayloadType="ExpressPSF" />
      </Payload>
    </Package>
    <Package ID="Microsoft-Windows-Printing-PMCPPC-FoD-Package~31bf3856ad364e35~amd64~uk-ua~" InstalledSize="222132" Version="10.0.20348.1">
      <SatelliteInfo>
        <ApplyToInfo>
          <ApplyTo Type="language" Value="uk-UA" />
        </ApplyToInfo>
      </SatelliteInfo>
      <Payload>
        <PayloadItem PayloadHash="y9iEeaXCWSpUR6qm0pDE3UUJ3KKEZpVchenhGzoiQbQ=" PayloadSize="10291" Path="FeaturesOnDemand\uk-ua\baseless\Microsoft-Windows-Printing-PMCPPC-FoD-Package~31bf3856ad364e35~amd64~uk-ua~.cab" PayloadType="ExpressCab" />
        <PayloadItem PayloadHash="ftA3bffstQ03jVSJh0VA40vtfcmRh1lBAWi4gLgZcY8=" PayloadSize="79621" Path="FeaturesOnDemand\uk-ua\baseless\Microsoft-Windows-Printing-PMCPPC-FoD-Package~31bf3856ad364e35~amd64~uk-ua~.psf" PayloadType="ExpressPSF" />
      </Payload>
    </Package>
    <Package ID="Microsoft-Windows-Printing-WFS-FoD-Package~31bf3856ad364e35~amd64~uk-ua~" InstalledSize="552716" Version="10.0.20348.1">
      <SatelliteInfo>
        <ApplyToInfo>
          <ApplyTo Type="language" Value="uk-UA" />
        </ApplyToInfo>
      </SatelliteInfo>
      <Payload>
        <PayloadItem PayloadHash="8ZtKEWK6qX5LB6avt6L3OiNKj3EHdZwYcej/gfN3rz0=" PayloadSize="11355" Path="FeaturesOnDemand\uk-ua\baseless\Microsoft-Windows-Printing-WFS-FoD-Package~31bf3856ad364e35~amd64~uk-ua~.cab" PayloadType="ExpressCab" />
        <PayloadItem PayloadHash="MuiTq/kKztAVS9fQjwEeJblOR6GXOBx2tErg0PFHXiA=" PayloadSize="209063" Path="FeaturesOnDemand\uk-ua\baseless\Microsoft-Windows-Printing-WFS-FoD-Package~31bf3856ad364e35~amd64~uk-ua~.psf" PayloadType="ExpressPSF" />
      </Payload>
    </Package>
    <Package ID="Microsoft-Windows-RasCMAK-Client-Package~31bf3856ad364e35~amd64~uk-ua~" InstalledSize="266075" Version="10.0.20348.1">
      <SatelliteInfo>
        <ApplyToInfo>
          <ApplyTo Type="language" Value="uk-UA" />
        </ApplyToInfo>
      </SatelliteInfo>
      <Payload>
        <PayloadItem PayloadHash="b7elnjc6xSHtn8YvaGgFBLPAn6JFVYtjC1ZLxvTihYU=" PayloadSize="10477" Path="FeaturesOnDemand\uk-ua\baseless\Microsoft-Windows-RasCMAK-Client-Package~31bf3856ad364e35~amd64~uk-ua~.cab" PayloadType="ExpressCab" />
        <PayloadItem PayloadHash="hHzVv+6o1PUFgaXuA58vUR2E4O46eX7afg6Zq/QFxms=" PayloadSize="121187" Path="FeaturesOnDemand\uk-ua\baseless\Microsoft-Windows-RasCMAK-Client-Package~31bf3856ad364e35~amd64~uk-ua~.psf" PayloadType="ExpressPSF" />
      </Payload>
    </Package>
    <Package ID="Microsoft-Windows-RasCMAK-Client-Package~31bf3856ad364e35~wow64~uk-ua~" InstalledSize="417658" Version="10.0.20348.1">
      <SatelliteInfo>
        <ApplyToInfo>
          <ApplyTo Type="arch" Value="wow64" />
          <ApplyTo Type="language" Value="uk-UA" />
        </ApplyToInfo>
      </SatelliteInfo>
      <Payload>
        <PayloadItem PayloadHash="zFJ6yCZzsvQWQXY0ho+WdnPWkZFMsw8pPNS2wfdiIKM=" PayloadSize="10613" Path="FeaturesOnDemand\uk-ua\baseless\Microsoft-Windows-RasCMAK-Client-Package~31bf3856ad364e35~wow64~uk-ua~.cab" PayloadType="ExpressCab" />
        <PayloadItem PayloadHash="exU2fshL7S/NtgTHOJl8r5yHfnsHrwZgRCKxljJxidg=" PayloadSize="322505" Path="FeaturesOnDemand\uk-ua\baseless\Microsoft-Windows-RasCMAK-Client-Package~31bf3856ad364e35~wow64~uk-ua~.psf" PayloadType="ExpressPSF" />
      </Payload>
    </Package>
    <Package ID="Microsoft-Windows-RasRip-Package~31bf3856ad364e35~amd64~uk-ua~" InstalledSize="25235" Version="10.0.20348.1">
      <SatelliteInfo>
        <ApplyToInfo>
          <ApplyTo Type="language" Value="uk-UA" />
        </ApplyToInfo>
      </SatelliteInfo>
      <Payload>
        <PayloadItem PayloadHash="BOqBctDqyCLpOXq0SnPy81D7h75+JHjUUPA5aGnyoig=" PayloadSize="10013" Path="FeaturesOnDemand\uk-ua\baseless\Microsoft-Windows-RasRip-Package~31bf3856ad364e35~amd64~uk-ua~.cab" PayloadType="ExpressCab" />
        <PayloadItem PayloadHash="de/PmdyRsWZTa9/7h6erwp3APH9JF0F2ySg9VyZtCHM=" PayloadSize="52446" Path="FeaturesOnDemand\uk-ua\baseless\Microsoft-Windows-RasRip-Package~31bf3856ad364e35~amd64~uk-ua~.psf" PayloadType="ExpressPSF" />
      </Payload>
    </Package>
    <Package ID="Microsoft-Windows-RemoteAccess-Management-Tools-FoD-Package~31bf3856ad364e35~amd64~uk-ua~" InstalledSize="18531030" Version="10.0.20348.1">
      <SatelliteInfo>
        <ApplyToInfo>
          <ApplyTo Type="language" Value="uk-UA" />
        </ApplyToInfo>
      </SatelliteInfo>
      <Payload>
        <PayloadItem PayloadHash="qJYzEBHv1NgsfOznyTqSDpp8q2LZG2URopqfZ+ZHCiU=" PayloadSize="12849" Path="FeaturesOnDemand\uk-ua\baseless\Microsoft-Windows-RemoteAccess-Management-Tools-FoD-Package~31bf3856ad364e35~amd64~uk-ua~.cab" PayloadType="ExpressCab" />
        <PayloadItem PayloadHash="0SF2B9N7WUBDA2pvzCct/84Ocw2/Yw7NBIeaz1O1108=" PayloadSize="3387645" Path="FeaturesOnDemand\uk-ua\baseless\Microsoft-Windows-RemoteAccess-Management-Tools-FoD-Package~31bf3856ad364e35~amd64~uk-ua~.psf" PayloadType="ExpressPSF" />
      </Payload>
    </Package>
    <Package ID="Microsoft-Windows-RemoteAccess-Management-Tools-FoD-Package~31bf3856ad364e35~wow64~uk-ua~" InstalledSize="12640" Version="10.0.20348.1">
      <SatelliteInfo>
        <ApplyToInfo>
          <ApplyTo Type="arch" Value="wow64" />
          <ApplyTo Type="language" Value="uk-UA" />
        </ApplyToInfo>
      </SatelliteInfo>
      <Payload>
        <PayloadItem PayloadHash="EZfUy5yCUHmRP6BHLEK0GF92KDwQHTtX4lOqUZwgXhg=" PayloadSize="9919" Path="FeaturesOnDemand\uk-ua\baseless\Microsoft-Windows-RemoteAccess-Management-Tools-FoD-Package~31bf3856ad364e35~wow64~uk-ua~.cab" PayloadType="ExpressCab" />
        <PayloadItem PayloadHash="1iZsKam6e/ancK2Zz2qgz+FQsYFQkwT+KHlamRKR7qE=" PayloadSize="49730" Path="FeaturesOnDemand\uk-ua\baseless\Microsoft-Windows-RemoteAccess-Management-Tools-FoD-Package~31bf3856ad364e35~wow64~uk-ua~.psf" PayloadType="ExpressPSF" />
      </Payload>
    </Package>
    <Package ID="Microsoft-Windows-RemoteDesktop-Services-Tools-FoD-Package~31bf3856ad364e35~amd64~uk-ua~" InstalledSize="1500115" Version="10.0.20348.1">
      <SatelliteInfo>
        <ApplyToInfo>
          <ApplyTo Type="language" Value="uk-UA" />
        </ApplyToInfo>
      </SatelliteInfo>
      <Payload>
        <PayloadItem PayloadHash="oJpJXJXTtuFX5mnknOuB8tXTduPq2XwqsOenBjZxvP8=" PayloadSize="11663" Path="FeaturesOnDemand\uk-ua\baseless\Microsoft-Windows-RemoteDesktop-Services-Tools-FoD-Package~31bf3856ad364e35~amd64~uk-ua~.cab" PayloadType="ExpressCab" />
        <PayloadItem PayloadHash="juzhc1WHkMpD3GwEYF4mwsSRQ5OhAjDgDwDrTmjuSMA=" PayloadSize="288561" Path="FeaturesOnDemand\uk-ua\baseless\Microsoft-Windows-RemoteDesktop-Services-Tools-FoD-Package~31bf3856ad364e35~amd64~uk-ua~.psf" PayloadType="ExpressPSF" />
      </Payload>
    </Package>
    <Package ID="Microsoft-Windows-Server-AppCompat-FoD-Package~31bf3856ad364e35~amd64~uk-ua~" InstalledSize="28617065" Version="10.0.20348.1">
      <SatelliteInfo>
        <ApplyToInfo>
          <ApplyTo Type="language" Value="uk-UA" />
        </ApplyToInfo>
      </SatelliteInfo>
      <Payload>
        <PayloadItem PayloadHash="mnSqJhWzXgTSvWWg0TJOOvwmVx/6iAZqitVSkde9LMk=" PayloadSize="73821" Path="FeaturesOnDemand\uk-ua\baseless\Microsoft-Windows-Server-AppCompat-FoD-Package~31bf3856ad364e35~amd64~uk-ua~.cab" PayloadType="ExpressCab" />
        <PayloadItem PayloadHash="ckOmHl4ooyWS83MiYi/qu/S9KJr724QRecxXj1nh6O8=" PayloadSize="7455350" Path="FeaturesOnDemand\uk-ua\baseless\Microsoft-Windows-Server-AppCompat-FoD-Package~31bf3856ad364e35~amd64~uk-ua~.psf" PayloadType="ExpressPSF" />
      </Payload>
    </Package>
    <Package ID="Microsoft-Windows-ServerManager-Tools-FoD-Package~31bf3856ad364e35~amd64~uk-ua~" InstalledSize="10870684" Version="10.0.20348.1">
      <SatelliteInfo>
        <ApplyToInfo>
          <ApplyTo Type="language" Value="uk-UA" />
        </ApplyToInfo>
      </SatelliteInfo>
      <Payload>
        <PayloadItem PayloadHash="WdEY1+ZV/ij9kyiKt+QZMRn0eBCwAtUbE7bC163pXFw=" PayloadSize="23219" Path="FeaturesOnDemand\uk-ua\baseless\Microsoft-Windows-ServerManager-Tools-FoD-Package~31bf3856ad364e35~amd64~uk-ua~.cab" PayloadType="ExpressCab" />
        <PayloadItem PayloadHash="75IpsM2Yo0e6lYo9Pbh8sCb9SKB2MoIYvrhtnk94POE=" PayloadSize="2159815" Path="FeaturesOnDemand\uk-ua\baseless\Microsoft-Windows-ServerManager-Tools-FoD-Package~31bf3856ad364e35~amd64~uk-ua~.psf" PayloadType="ExpressPSF" />
      </Payload>
    </Package>
    <Package ID="Microsoft-Windows-ServerManager-Tools-FoD-Package~31bf3856ad364e35~wow64~uk-ua~" InstalledSize="1133459" Version="10.0.20348.1">
      <SatelliteInfo>
        <ApplyToInfo>
          <ApplyTo Type="arch" Value="wow64" />
          <ApplyTo Type="language" Value="uk-UA" />
        </ApplyToInfo>
      </SatelliteInfo>
      <Payload>
        <PayloadItem PayloadHash="VBLGQhmT79YNGPKSaDdhLA1gB3vJbU9YIjZMnK3ICv0=" PayloadSize="10751" Path="FeaturesOnDemand\uk-ua\baseless\Microsoft-Windows-ServerManager-Tools-FoD-Package~31bf3856ad364e35~wow64~uk-ua~.cab" PayloadType="ExpressCab" />
        <PayloadItem PayloadHash="glpl5X9NcrCof4Jvqs+Pp/VU343hhFH8Iux5KYmDJvM=" PayloadSize="335085" Path="FeaturesOnDemand\uk-ua\baseless\Microsoft-Windows-ServerManager-Tools-FoD-Package~31bf3856ad364e35~wow64~uk-ua~.psf" PayloadType="ExpressPSF" />
      </Payload>
    </Package>
    <Package ID="Microsoft-Windows-Shielded-VM-Tools-FoD-Package~31bf3856ad364e35~amd64~uk-ua~" InstalledSize="354789" Version="10.0.20348.1">
      <SatelliteInfo>
        <ApplyToInfo>
          <ApplyTo Type="language" Value="uk-UA" />
        </ApplyToInfo>
      </SatelliteInfo>
      <Payload>
        <PayloadItem PayloadHash="k+fX8xWPv3bguQNxTBjyrdb/TQ66tOHxxdV7bj0GNaA=" PayloadSize="14135" Path="FeaturesOnDemand\uk-ua\baseless\Microsoft-Windows-Shielded-VM-Tools-FoD-Package~31bf3856ad364e35~amd64~uk-ua~.cab" PayloadType="ExpressCab" />
        <PayloadItem PayloadHash="QdWxeQJWGknkUEvFCH0zaYrSJ0cyMn9xH7goWw5JGE4=" PayloadSize="155627" Path="FeaturesOnDemand\uk-ua\baseless\Microsoft-Windows-Shielded-VM-Tools-FoD-Package~31bf3856ad364e35~amd64~uk-ua~.psf" PayloadType="ExpressPSF" />
      </Payload>
    </Package>
    <Package ID="Microsoft-Windows-SNMP-Client-Package~31bf3856ad364e35~amd64~uk-ua~" InstalledSize="140787" Version="10.0.20348.1">
      <SatelliteInfo>
        <ApplyToInfo>
          <ApplyTo Type="language" Value="uk-UA" />
        </ApplyToInfo>
      </SatelliteInfo>
      <Payload>
        <PayloadItem PayloadHash="AQC7rn82o1U38D9QvcwBAJmS4n2oZXq133riux2MhIs=" PayloadSize="11623" Path="FeaturesOnDemand\uk-ua\baseless\Microsoft-Windows-SNMP-Client-Package~31bf3856ad364e35~amd64~uk-ua~.cab" PayloadType="ExpressCab" />
        <PayloadItem PayloadHash="MeQ9CTxMYxXKvjAuQZUsZ+8C/6m18aXQQUIlHDcEhqE=" PayloadSize="91299" Path="FeaturesOnDemand\uk-ua\baseless\Microsoft-Windows-SNMP-Client-Package~31bf3856ad364e35~amd64~uk-ua~.psf" PayloadType="ExpressPSF" />
      </Payload>
    </Package>
    <Package ID="Microsoft-Windows-SNMP-Client-Package~31bf3856ad364e35~wow64~uk-ua~" InstalledSize="140994" Version="10.0.20348.1">
      <SatelliteInfo>
        <ApplyToInfo>
          <ApplyTo Type="arch" Value="wow64" />
          <ApplyTo Type="language" Value="uk-UA" />
        </ApplyToInfo>
      </SatelliteInfo>
      <Payload>
        <PayloadItem PayloadHash="w/l8OfENx17GcnWNXnl+Z4ZhL0OqYOTKnLaLUDBPFbk=" PayloadSize="11611" Path="FeaturesOnDemand\uk-ua\baseless\Microsoft-Windows-SNMP-Client-Package~31bf3856ad364e35~wow64~uk-ua~.cab" PayloadType="ExpressCab" />
        <PayloadItem PayloadHash="gmATjobY92QG8zQVOBbcuyTJNyhc3wll5x4mVMkf428=" PayloadSize="91415" Path="FeaturesOnDemand\uk-ua\baseless\Microsoft-Windows-SNMP-Client-Package~31bf3856ad364e35~wow64~uk-ua~.psf" PayloadType="ExpressPSF" />
      </Payload>
    </Package>
    <Package ID="Microsoft-Windows-StepsRecorder-Package~31bf3856ad364e35~amd64~uk-ua~" InstalledSize="25162" Version="10.0.20348.1">
      <SatelliteInfo>
        <ApplyToInfo>
          <ApplyTo Type="language" Value="uk-UA" />
        </ApplyToInfo>
      </SatelliteInfo>
      <Payload>
        <PayloadItem PayloadHash="U09lOpPVBV/JxUwl6zbaa8jknQj8g/SFraOZuevVPsU=" PayloadSize="10025" Path="FeaturesOnDemand\uk-ua\baseless\Microsoft-Windows-StepsRecorder-Package~31bf3856ad364e35~amd64~uk-ua~.cab" PayloadType="ExpressCab" />
        <PayloadItem PayloadHash="gdCnQLsU/JjuO2aKHQKSE7heAR2cQo8aivzKslEJNaY=" PayloadSize="53352" Path="FeaturesOnDemand\uk-ua\baseless\Microsoft-Windows-StepsRecorder-Package~31bf3856ad364e35~amd64~uk-ua~.psf" PayloadType="ExpressPSF" />
      </Payload>
    </Package>
    <Package ID="Microsoft-Windows-StepsRecorder-Package~31bf3856ad364e35~wow64~uk-ua~" InstalledSize="11384" Version="10.0.20348.1">
      <SatelliteInfo>
        <ApplyToInfo>
          <ApplyTo Type="arch" Value="wow64" />
          <ApplyTo Type="language" Value="uk-UA" />
        </ApplyToInfo>
      </SatelliteInfo>
      <Payload>
        <PayloadItem PayloadHash="2UkqseHC3gI5Z9bZKomEK9zC9jr8wgNDvlJGj0WxxOI=" PayloadSize="9789" Path="FeaturesOnDemand\uk-ua\baseless\Microsoft-Windows-StepsRecorder-Package~31bf3856ad364e35~wow64~uk-ua~.cab" PayloadType="ExpressCab" />
        <PayloadItem PayloadHash="POqawZQ7n+mqbuRaJM3yHsx3q20dJ2IYToJMag/AYyk=" PayloadSize="49068" Path="FeaturesOnDemand\uk-ua\baseless\Microsoft-Windows-StepsRecorder-Package~31bf3856ad364e35~wow64~uk-ua~.psf" PayloadType="ExpressPSF" />
      </Payload>
    </Package>
    <Package ID="Microsoft-Windows-StorageManagement-FoD-Package~31bf3856ad364e35~amd64~uk-ua~" InstalledSize="1638416" Version="10.0.20348.1">
      <SatelliteInfo>
        <ApplyToInfo>
          <ApplyTo Type="language" Value="uk-UA" />
        </ApplyToInfo>
      </SatelliteInfo>
      <Payload>
        <PayloadItem PayloadHash="r2KeCxub4buxiBwYmDq4hy71pABmU7OcWmOFCCEygeA=" PayloadSize="11891" Path="FeaturesOnDemand\uk-ua\baseless\Microsoft-Windows-StorageManagement-FoD-Package~31bf3856ad364e35~amd64~uk-ua~.cab" PayloadType="ExpressCab" />
        <PayloadItem PayloadHash="dvTYggwVDkVOxZLfLqqwl/Q+c+ufA3+c+npGRI/t0x8=" PayloadSize="185091" Path="FeaturesOnDemand\uk-ua\baseless\Microsoft-Windows-StorageManagement-FoD-Package~31bf3856ad364e35~amd64~uk-ua~.psf" PayloadType="ExpressPSF" />
      </Payload>
    </Package>
    <Package ID="Microsoft-Windows-StorageManagement-FoD-Package~31bf3856ad364e35~wow64~uk-ua~" InstalledSize="1084309" Version="10.0.20348.1">
      <SatelliteInfo>
        <ApplyToInfo>
          <ApplyTo Type="arch" Value="wow64" />
          <ApplyTo Type="language" Value="uk-UA" />
        </ApplyToInfo>
      </SatelliteInfo>
      <Payload>
        <PayloadItem PayloadHash="UrzFn7LAWjWh8+ugPCKCEWDX0Um+oGY6TwXLccsjAkg=" PayloadSize="10663" Path="FeaturesOnDemand\uk-ua\baseless\Microsoft-Windows-StorageManagement-FoD-Package~31bf3856ad364e35~wow64~uk-ua~.cab" PayloadType="ExpressCab" />
        <PayloadItem PayloadHash="bJni4mx4updceUfOhkuhIDmu6dJyd+wBNSOmyp41o5c=" PayloadSize="108786" Path="FeaturesOnDemand\uk-ua\baseless\Microsoft-Windows-StorageManagement-FoD-Package~31bf3856ad364e35~wow64~uk-ua~.psf" PayloadType="ExpressPSF" />
      </Payload>
    </Package>
    <Package ID="Microsoft-Windows-StorageMigrationService-Management-Tools-FOD-Package~31bf3856ad364e35~amd64~uk-ua~" InstalledSize="76421" Version="10.0.20348.1">
      <SatelliteInfo>
        <ApplyToInfo>
          <ApplyTo Type="language" Value="uk-UA" />
        </ApplyToInfo>
      </SatelliteInfo>
      <Payload>
        <PayloadItem PayloadHash="nsZct8e9pP3H8Yf0DFgL5vI671HpYOaTAtGc1m8wemw=" PayloadSize="10269" Path="FeaturesOnDemand\uk-ua\baseless\Microsoft-Windows-StorageMigrationService-Management-Tools-FOD-Package~31bf3856ad364e35~amd64~uk-ua~.cab" PayloadType="ExpressCab" />
        <PayloadItem PayloadHash="t6R9gK0wiVvJnsftRSWMmBSkae58x5c4N2VCTQyrzi0=" PayloadSize="68557" Path="FeaturesOnDemand\uk-ua\baseless\Microsoft-Windows-StorageMigrationService-Management-Tools-FOD-Package~31bf3856ad364e35~amd64~uk-ua~.psf" PayloadType="ExpressPSF" />
      </Payload>
    </Package>
    <Package ID="Microsoft-Windows-StorageReplica-Tools-FoD-Package~31bf3856ad364e35~amd64~uk-ua~" InstalledSize="396572" Version="10.0.20348.1">
      <SatelliteInfo>
        <ApplyToInfo>
          <ApplyTo Type="language" Value="uk-UA" />
        </ApplyToInfo>
      </SatelliteInfo>
      <Payload>
        <PayloadItem PayloadHash="6IeGi2VfrvcY9iN0I5Vb2QDeFG6p0r4lhYX4GYsT4+I=" PayloadSize="10625" Path="FeaturesOnDemand\uk-ua\baseless\Microsoft-Windows-StorageReplica-Tools-FoD-Package~31bf3856ad364e35~amd64~uk-ua~.cab" PayloadType="ExpressCab" />
        <PayloadItem PayloadHash="RA5F88YkvB5KwwsJHZ2H95Zu0Bww3OukKct06oQWiLQ=" PayloadSize="107084" Path="FeaturesOnDemand\uk-ua\baseless\Microsoft-Windows-StorageReplica-Tools-FoD-Package~31bf3856ad364e35~amd64~uk-ua~.psf" PayloadType="ExpressPSF" />
      </Payload>
    </Package>
    <Package ID="Microsoft-Windows-SystemInsights-Management-Tools-FOD-Package~31bf3856ad364e35~amd64~uk-ua~" InstalledSize="39474" Version="10.0.20348.1">
      <SatelliteInfo>
        <ApplyToInfo>
          <ApplyTo Type="language" Value="uk-UA" />
        </ApplyToInfo>
      </SatelliteInfo>
      <Payload>
        <PayloadItem PayloadHash="92zodcJIv6DwzVKyaRDpYv8q+Rg3Rn24TJ7c0z2bWFs=" PayloadSize="10303" Path="FeaturesOnDemand\uk-ua\baseless\Microsoft-Windows-SystemInsights-Management-Tools-FOD-Package~31bf3856ad364e35~amd64~uk-ua~.cab" PayloadType="ExpressCab" />
        <PayloadItem PayloadHash="YcdC7MmRFOL4KZhgE+xHCWoPAgi7dD/KLe5kWrEmyzY=" PayloadSize="61029" Path="FeaturesOnDemand\uk-ua\baseless\Microsoft-Windows-SystemInsights-Management-Tools-FOD-Package~31bf3856ad364e35~amd64~uk-ua~.psf" PayloadType="ExpressPSF" />
      </Payload>
    </Package>
    <Package ID="Microsoft-Windows-VolumeActivation-Tools-FoD-Package~31bf3856ad364e35~amd64~uk-ua~" InstalledSize="222976" Version="10.0.20348.1">
      <SatelliteInfo>
        <ApplyToInfo>
          <ApplyTo Type="language" Value="uk-UA" />
        </ApplyToInfo>
      </SatelliteInfo>
      <Payload>
        <PayloadItem PayloadHash="6NDLHBfrbJGnQo6eLjAEADUf4HgWeLFu6OuaeK4vubE=" PayloadSize="10153" Path="FeaturesOnDemand\uk-ua\baseless\Microsoft-Windows-VolumeActivation-Tools-FoD-Package~31bf3856ad364e35~amd64~uk-ua~.cab" PayloadType="ExpressCab" />
        <PayloadItem PayloadHash="kvBqWu047Kqimdbc9v69fpZ/H+JExd+0Y84GpaW5hk4=" PayloadSize="171465" Path="FeaturesOnDemand\uk-ua\baseless\Microsoft-Windows-VolumeActivation-Tools-FoD-Package~31bf3856ad364e35~amd64~uk-ua~.psf" PayloadType="ExpressPSF" />
      </Payload>
    </Package>
    <Package ID="Microsoft-Windows-WirelessDisplay-FOD-Package~31bf3856ad364e35~amd64~uk-ua~" InstalledSize="37736" Version="10.0.20348.1">
      <SatelliteInfo>
        <ApplyToInfo>
          <ApplyTo Type="language" Value="uk-UA" />
        </ApplyToInfo>
      </SatelliteInfo>
      <Payload>
        <PayloadItem PayloadHash="KRmu2zrLH1+8E3a+wacn/T2oIQ25RxN4FJQgP98yUPk=" PayloadSize="10261" Path="FeaturesOnDemand\uk-ua\baseless\Microsoft-Windows-WirelessDisplay-FOD-Package~31bf3856ad364e35~amd64~uk-ua~.cab" PayloadType="ExpressCab" />
        <PayloadItem PayloadHash="bFu+fvttVxcpW/6gSWXacTILYgQgmb52tg/5ASQhqqM=" PayloadSize="61838" Path="FeaturesOnDemand\uk-ua\baseless\Microsoft-Windows-WirelessDisplay-FOD-Package~31bf3856ad364e35~amd64~uk-ua~.psf" PayloadType="ExpressPSF" />
      </Payload>
    </Package>
    <Package ID="Microsoft-Windows-WMI-SNMP-Provider-Client-Package~31bf3856ad364e35~amd64~uk-ua~" InstalledSize="53254" Version="10.0.20348.1">
      <SatelliteInfo>
        <ApplyToInfo>
          <ApplyTo Type="language" Value="uk-UA" />
        </ApplyToInfo>
      </SatelliteInfo>
      <Payload>
        <PayloadItem PayloadHash="RejvOBD2wgzeOylpDX2SCPlNRvrDcSgByKGOtaqWGMk=" PayloadSize="10609" Path="FeaturesOnDemand\uk-ua\baseless\Microsoft-Windows-WMI-SNMP-Provider-Client-Package~31bf3856ad364e35~amd64~uk-ua~.cab" PayloadType="ExpressCab" />
        <PayloadItem PayloadHash="cVL2kaG14VHcoCIDSLpbs+nSNxwNjjJ5Qug2PxT95Pk=" PayloadSize="64676" Path="FeaturesOnDemand\uk-ua\baseless\Microsoft-Windows-WMI-SNMP-Provider-Client-Package~31bf3856ad364e35~amd64~uk-ua~.psf" PayloadType="ExpressPSF" />
      </Payload>
    </Package>
    <Package ID="Microsoft-Windows-WMI-SNMP-Provider-Client-Package~31bf3856ad364e35~wow64~uk-ua~" InstalledSize="53327" Version="10.0.20348.1">
      <SatelliteInfo>
        <ApplyToInfo>
          <ApplyTo Type="arch" Value="wow64" />
          <ApplyTo Type="language" Value="uk-UA" />
        </ApplyToInfo>
      </SatelliteInfo>
      <Payload>
        <PayloadItem PayloadHash="mt2vX7bKq+E4i3iBvGZkIRPodD9FxtDtu7yJiv1b5U8=" PayloadSize="10611" Path="FeaturesOnDemand\uk-ua\baseless\Microsoft-Windows-WMI-SNMP-Provider-Client-Package~31bf3856ad364e35~wow64~uk-ua~.cab" PayloadType="ExpressCab" />
        <PayloadItem PayloadHash="pjE9hTqkxNChrdZA4X6AWMG+y0ch+QkTLMtuPMIS914=" PayloadSize="64703" Path="FeaturesOnDemand\uk-ua\baseless\Microsoft-Windows-WMI-SNMP-Provider-Client-Package~31bf3856ad364e35~wow64~uk-ua~.psf" PayloadType="ExpressPSF" />
      </Payload>
    </Package>
    <Package ID="Microsoft-Windows-WordPad-FoD-Package~31bf3856ad364e35~amd64~uk-ua~" InstalledSize="66370" Version="10.0.20348.1">
      <SatelliteInfo>
        <ApplyToInfo>
          <ApplyTo Type="language" Value="uk-UA" />
        </ApplyToInfo>
      </SatelliteInfo>
      <Payload>
        <PayloadItem PayloadHash="+i0NmUynWRTrnZNWhoBrzDuAP8kH2YY32UVHWEzt5ow=" PayloadSize="10009" Path="FeaturesOnDemand\uk-ua\baseless\Microsoft-Windows-WordPad-FoD-Package~31bf3856ad364e35~amd64~uk-ua~.cab" PayloadType="ExpressCab" />
        <PayloadItem PayloadHash="qCkdVBgqn3RjiKtDW9JUcVYwjAAuFrgI8rW/U26ZvOc=" PayloadSize="60971" Path="FeaturesOnDemand\uk-ua\baseless\Microsoft-Windows-WordPad-FoD-Package~31bf3856ad364e35~amd64~uk-ua~.psf" PayloadType="ExpressPSF" />
      </Payload>
    </Package>
    <Package ID="Microsoft-Windows-WordPad-FoD-Package~31bf3856ad364e35~wow64~uk-ua~" InstalledSize="66444" Version="10.0.20348.1">
      <SatelliteInfo>
        <ApplyToInfo>
          <ApplyTo Type="arch" Value="wow64" />
          <ApplyTo Type="language" Value="uk-UA" />
        </ApplyToInfo>
      </SatelliteInfo>
      <Payload>
        <PayloadItem PayloadHash="7A9pZSHNb2eIRJ5vSaf8HtgcZTasiNb88cJbOiaE/NM=" PayloadSize="10015" Path="FeaturesOnDemand\uk-ua\baseless\Microsoft-Windows-WordPad-FoD-Package~31bf3856ad364e35~wow64~uk-ua~.cab" PayloadType="ExpressCab" />
        <PayloadItem PayloadHash="4JUu+p28JzVsVDEsq1JhweZ5AKjjfP8XwKvoi8ydZTI=" PayloadSize="61010" Path="FeaturesOnDemand\uk-ua\baseless\Microsoft-Windows-WordPad-FoD-Package~31bf3856ad364e35~wow64~uk-ua~.psf" PayloadType="ExpressPSF" />
      </Payload>
    </Package>
    <Package ID="Microsoft-Windows-WSUS-Tools-FoD-Package~31bf3856ad364e35~amd64~uk-ua~" InstalledSize="2921274" Version="10.0.20348.1">
      <SatelliteInfo>
        <ApplyToInfo>
          <ApplyTo Type="language" Value="uk-UA" />
        </ApplyToInfo>
      </SatelliteInfo>
      <Payload>
        <PayloadItem PayloadHash="GErgwzrR4uFMufmgI98FAhvzRdGhzFmLGDH4OD3fokM=" PayloadSize="11157" Path="FeaturesOnDemand\uk-ua\baseless\Microsoft-Windows-WSUS-Tools-FoD-Package~31bf3856ad364e35~amd64~uk-ua~.cab" PayloadType="ExpressCab" />
        <PayloadItem PayloadHash="9pw4gAQ+GbHKYPVX8avg2PFShORbpeyO5uXya5YD0Is=" PayloadSize="384746" Path="FeaturesOnDemand\uk-ua\baseless\Microsoft-Windows-WSUS-Tools-FoD-Package~31bf3856ad364e35~amd64~uk-ua~.psf" PayloadType="ExpressPSF" />
      </Payload>
    </Package>
  </Packages>
  <ValuePair />
</CompDB>