<?xml version="1.0" encoding="utf-8"?>
<CompDB xmlns:xsi="http://www.w3.org/2001/XMLSchema-instance" xmlns:xsd="http://www.w3.org/2001/XMLSchema" CreatedDate="2021-05-08T13:54:22.2112766Z" Revision="1" SchemaVersion="1.2" Product="Server" BuildID="cba57a24-14e8-e0d9-3b38-ce9d5f1c983e" BuildInfo="fe_release.20348.1.210507-1500" OSVersion="10.0.20348.1" BuildArch="amd64" ReleaseType="Production" Type="Baseless" Name="Baseless~amd64~Server~~ko-kr" xmlns="http://schemas.microsoft.com/embedded/2004/10/ImageUpdate">
  <Tags Type="Language">
    <Tag Name="Language" Value="ko-kr" />
    <Tag Name="UpdateType" Value="Baseless" />
  </Tags>
  <Features>
    <Feature Type="LanguagePack" FeatureID="Language.UI.Server~ko-kr" FMID="MSDL" Group="Microsoft">
      <Packages>
        <Package ID="Microsoft-Windows-Server-LanguagePack-Package_ko-kr~31bf3856ad364e35~amd64~ko-kr~" PackageType="FeaturePackage" />
      </Packages>
    </Feature>
    <Feature Type="OnDemandFeature" FeatureID="Rsat.AzureStack.HCI.Management.Tools~~1.0" FMID="MSDN" Group="Microsoft">
      <Packages>
        <Package ID="Microsoft-AzureStack-HCI-Management-Tools-FOD-Package~31bf3856ad364e35~amd64~ko-kr~" PackageType="SatellitePackage" />
      </Packages>
    </Feature>
    <Feature Type="OnDemandFeature" FeatureID="Microsoft.Onecore.StorageManagement~~1.0" FMID="MSDN" Group="Microsoft">
      <Packages>
        <Package ID="Microsoft-OneCore-StorageManagement-FoD-Package~31bf3856ad364e35~amd64~ko-kr~" PackageType="SatellitePackage" />
        <Package ID="Microsoft-OneCore-StorageManagement-FoD-Package~31bf3856ad364e35~wow64~ko-kr~" PackageType="SatellitePackage" />
      </Packages>
    </Feature>
    <Feature Type="OnDemandFeature" FeatureID="Rsat.ActiveDirectory.DS-LDS.Tools~~1.0" FMID="MSDN" Group="Microsoft">
      <Dependencies>
        <Feature FeatureID="Rsat.ServerManager.Tools~~1.0" />
      </Dependencies>
      <Packages>
        <Package ID="Microsoft-Windows-ActiveDirectory-DS-LDS-Tools-FoD-Package~31bf3856ad364e35~amd64~ko-kr~" PackageType="SatellitePackage" />
        <Package ID="Microsoft-Windows-ActiveDirectory-DS-LDS-Tools-FoD-Package~31bf3856ad364e35~wow64~ko-kr~" PackageType="SatellitePackage" />
      </Packages>
    </Feature>
    <Feature Type="OnDemandFeature" FeatureID="Rsat.BitLocker.Recovery.Tools~~1.0" FMID="MSDN" Group="Microsoft">
      <Dependencies>
        <Feature FeatureID="Rsat.ActiveDirectory.DS-LDS.Tools~~1.0" />
      </Dependencies>
      <Packages>
        <Package ID="Microsoft-Windows-BitLocker-Recovery-Tools-FoD-Package~31bf3856ad364e35~amd64~ko-kr~" PackageType="SatellitePackage" />
      </Packages>
    </Feature>
    <Feature Type="OnDemandFeature" FeatureID="Rsat.CertificateServices.Tools~~1.0" FMID="MSDN" Group="Microsoft">
      <Packages>
        <Package ID="Microsoft-Windows-CertificateServices-Tools-FoD-Package~31bf3856ad364e35~amd64~ko-kr~" PackageType="SatellitePackage" />
      </Packages>
    </Feature>
    <Feature Type="OnDemandFeature" FeatureID="Microsoft.Composition.Test~~1.0" FMID="MSDN" Group="Microsoft">
      <Packages>
        <Package ID="Microsoft-Windows-Composition-Test-FOD-Package~31bf3856ad364e35~amd64~ko-kr~" PackageType="SatellitePackage" />
        <Package ID="Microsoft-Windows-Composition-Test-FOD-Package~31bf3856ad364e35~wow64~ko-kr~" PackageType="SatellitePackage" />
      </Packages>
    </Feature>
    <Feature Type="OnDemandFeature" FeatureID="Rsat.DHCP.Tools~~1.0" FMID="MSDN" Group="Microsoft">
      <Packages>
        <Package ID="Microsoft-Windows-DHCP-Tools-FoD-Package~31bf3856ad364e35~amd64~ko-kr~" PackageType="SatellitePackage" />
        <Package ID="Microsoft-Windows-DHCP-Tools-FoD-Package~31bf3856ad364e35~wow64~ko-kr~" PackageType="SatellitePackage" />
      </Packages>
    </Feature>
    <Feature Type="OnDemandFeature" FeatureID="Rsat.Dns.Tools~~1.0" FMID="MSDN" Group="Microsoft">
      <Packages>
        <Package ID="Microsoft-Windows-DNS-Tools-FoD-Package~31bf3856ad364e35~amd64~ko-kr~" PackageType="SatellitePackage" />
        <Package ID="Microsoft-Windows-DNS-Tools-FoD-Package~31bf3856ad364e35~wow64~ko-kr~" PackageType="SatellitePackage" />
      </Packages>
    </Feature>
    <Feature Type="OnDemandFeature" FeatureID="Windows.Desktop.EMS-SAC.Tools~~1.0" FMID="MSDN" Group="Microsoft">
      <Packages>
        <Package ID="Microsoft-Windows-EMS-SAC-Desktop-Tools-FoD-Package~31bf3856ad364e35~amd64~ko-kr~" PackageType="SatellitePackage" />
      </Packages>
    </Feature>
    <Feature Type="OnDemandFeature" FeatureID="Rsat.FailoverCluster.Management.Tools~~1.0" FMID="MSDN" Group="Microsoft">
      <Dependencies>
        <Feature FeatureID="Rsat.FileServices.Tools~~1.0" />
      </Dependencies>
      <Packages>
        <Package ID="Microsoft-Windows-FailoverCluster-Management-Tools-FOD-Package~31bf3856ad364e35~amd64~ko-kr~" PackageType="SatellitePackage" />
        <Package ID="Microsoft-Windows-FailoverCluster-Management-Tools-FOD-Package~31bf3856ad364e35~wow64~ko-kr~" PackageType="SatellitePackage" />
      </Packages>
    </Feature>
    <Feature Type="OnDemandFeature" FeatureID="Rsat.FileServices.Tools~~1.0" FMID="MSDN" Group="Microsoft">
      <Dependencies>
        <Feature FeatureID="Rsat.ServerManager.Tools~~1.0" />
      </Dependencies>
      <Packages>
        <Package ID="Microsoft-Windows-FileServices-Tools-FoD-Package~31bf3856ad364e35~amd64~ko-kr~" PackageType="SatellitePackage" />
        <Package ID="Microsoft-Windows-FileServices-Tools-FoD-Package~31bf3856ad364e35~wow64~ko-kr~" PackageType="SatellitePackage" />
      </Packages>
    </Feature>
    <Feature Type="OnDemandFeature" FeatureID="Rsat.GroupPolicy.Management.Tools~~1.0" FMID="MSDN" Group="Microsoft">
      <Packages>
        <Package ID="Microsoft-Windows-GroupPolicy-Management-Tools-FoD-Package~31bf3856ad364e35~amd64~ko-kr~" PackageType="SatellitePackage" />
        <Package ID="Microsoft-Windows-GroupPolicy-Management-Tools-FoD-Package~31bf3856ad364e35~wow64~ko-kr~" PackageType="SatellitePackage" />
      </Packages>
    </Feature>
    <Feature Type="OnDemandFeature" FeatureID="Rsat.IPAM.Client.Tools~~1.0" FMID="MSDN" Group="Microsoft">
      <Dependencies>
        <Feature FeatureID="Rsat.ServerManager.Tools~~1.0" />
      </Dependencies>
      <Packages>
        <Package ID="Microsoft-Windows-IPAM-Client-FoD-Package~31bf3856ad364e35~amd64~ko-kr~" PackageType="SatellitePackage" />
        <Package ID="Microsoft-Windows-IPAM-Client-FoD-Package~31bf3856ad364e35~wow64~ko-kr~" PackageType="SatellitePackage" />
      </Packages>
    </Feature>
    <Feature Type="OnDemandFeature" FeatureID="Network.Irda~~1.0" FMID="MSDN" Group="Microsoft">
      <Packages>
        <Package ID="Microsoft-Windows-IRDA-Package~31bf3856ad364e35~amd64~ko-kr~" PackageType="SatellitePackage" />
        <Package ID="Microsoft-Windows-IRDA-Package~31bf3856ad364e35~wow64~ko-kr~" PackageType="SatellitePackage" />
      </Packages>
    </Feature>
    <Feature Type="OnDemandFeature" FeatureID="Media.MediaFeaturePack~~1.0" FMID="MSDN" Group="Microsoft">
      <Packages>
        <Package ID="Microsoft-Windows-Media-Features-Package~31bf3856ad364e35~amd64~ko-kr~" PackageType="SatellitePackage" />
        <Package ID="Microsoft-Windows-Media-Features-Package~31bf3856ad364e35~wow64~ko-kr~" PackageType="SatellitePackage" />
      </Packages>
    </Feature>
    <Feature Type="OnDemandFeature" FeatureID="Microsoft.Windows.MSPaint~~1.0" FMID="MSDN" Group="Microsoft">
      <Packages>
        <Package ID="Microsoft-Windows-MSPaint-FoD-Package~31bf3856ad364e35~amd64~ko-kr~" PackageType="SatellitePackage" />
        <Package ID="Microsoft-Windows-MSPaint-FoD-Package~31bf3856ad364e35~wow64~ko-kr~" PackageType="SatellitePackage" />
      </Packages>
    </Feature>
    <Feature Type="OnDemandFeature" FeatureID="Rsat.NetworkController.Tools~~1.0" FMID="MSDN" Group="Microsoft">
      <Packages>
        <Package ID="Microsoft-Windows-NetworkController-Tools-FoD-Package~31bf3856ad364e35~amd64~ko-kr~" PackageType="SatellitePackage" />
      </Packages>
    </Feature>
    <Feature Type="OnDemandFeature" FeatureID="Rsat.NetworkLoadBalancing.Tools~~1.0" FMID="MSDN" Group="Microsoft">
      <Packages>
        <Package ID="Microsoft-Windows-NetworkLoadBalancing-Tools-FoD-Package~31bf3856ad364e35~amd64~ko-kr~" PackageType="SatellitePackage" />
      </Packages>
    </Feature>
    <Feature Type="OnDemandFeature" FeatureID="Microsoft.Windows.Notepad~~1.0" FMID="MSDN" Group="Microsoft">
      <Packages>
        <Package ID="Microsoft-Windows-Notepad-FoD-Package~31bf3856ad364e35~amd64~ko-kr~" PackageType="SatellitePackage" />
        <Package ID="Microsoft-Windows-Notepad-FoD-Package~31bf3856ad364e35~wow64~ko-kr~" PackageType="SatellitePackage" />
      </Packages>
    </Feature>
    <Feature Type="OnDemandFeature" FeatureID="Microsoft.Windows.PowerShell.ISE~~1.0" FMID="MSDN" Group="Microsoft">
      <Packages>
        <Package ID="Microsoft-Windows-PowerShell-ISE-FOD-Package~31bf3856ad364e35~amd64~ko-kr~" PackageType="SatellitePackage" />
        <Package ID="Microsoft-Windows-PowerShell-ISE-FOD-Package~31bf3856ad364e35~wow64~ko-kr~" PackageType="SatellitePackage" />
      </Packages>
    </Feature>
    <Feature Type="OnDemandFeature" FeatureID="Print.Management.Console~~1.0" FMID="MSDN" Group="Microsoft">
      <Packages>
        <Package ID="Microsoft-Windows-Printing-PMCPPC-FoD-Package~31bf3856ad364e35~amd64~ko-kr~" PackageType="SatellitePackage" />
      </Packages>
    </Feature>
    <Feature Type="OnDemandFeature" FeatureID="Print.Fax.Scan~~1.0" FMID="MSDN" Group="Microsoft">
      <Packages>
        <Package ID="Microsoft-Windows-Printing-WFS-FoD-Package~31bf3856ad364e35~amd64~ko-kr~" PackageType="SatellitePackage" />
      </Packages>
    </Feature>
    <Feature Type="OnDemandFeature" FeatureID="RasCMAK.Client~~1.0" FMID="MSDN" Group="Microsoft">
      <Packages>
        <Package ID="Microsoft-Windows-RasCMAK-Client-Package~31bf3856ad364e35~amd64~ko-kr~" PackageType="SatellitePackage" />
        <Package ID="Microsoft-Windows-RasCMAK-Client-Package~31bf3856ad364e35~wow64~ko-kr~" PackageType="SatellitePackage" />
      </Packages>
    </Feature>
    <Feature Type="OnDemandFeature" FeatureID="RIP.Listener~~1.0" FMID="MSDN" Group="Microsoft">
      <Packages>
        <Package ID="Microsoft-Windows-RasRip-Package~31bf3856ad364e35~amd64~ko-kr~" PackageType="SatellitePackage" />
      </Packages>
    </Feature>
    <Feature Type="OnDemandFeature" FeatureID="Rsat.RemoteAccess.Management.Tools~~1.0" FMID="MSDN" Group="Microsoft">
      <Dependencies>
        <Feature FeatureID="Rsat.GroupPolicy.Management.Tools~~1.0" />
        <Feature FeatureID="Rsat.ServerManager.Tools~~1.0" />
      </Dependencies>
      <Packages>
        <Package ID="Microsoft-Windows-RemoteAccess-Management-Tools-FoD-Package~31bf3856ad364e35~amd64~ko-kr~" PackageType="SatellitePackage" />
        <Package ID="Microsoft-Windows-RemoteAccess-Management-Tools-FoD-Package~31bf3856ad364e35~wow64~ko-kr~" PackageType="SatellitePackage" />
      </Packages>
    </Feature>
    <Feature Type="OnDemandFeature" FeatureID="Rsat.RemoteDesktop.Services.Tools~~1.0" FMID="MSDN" Group="Microsoft">
      <Packages>
        <Package ID="Microsoft-Windows-RemoteDesktop-Services-Tools-FoD-Package~31bf3856ad364e35~amd64~ko-kr~" PackageType="SatellitePackage" />
      </Packages>
    </Feature>
    <Feature Type="OnDemandFeature" FeatureID="ServerCore.AppCompatibility~~1.0" FMID="MSDN" Group="Microsoft">
      <Packages>
        <Package ID="Microsoft-Windows-Server-AppCompat-FoD-Package~31bf3856ad364e35~amd64~ko-kr~" PackageType="SatellitePackage" />
      </Packages>
    </Feature>
    <Feature Type="OnDemandFeature" FeatureID="Rsat.ServerManager.Tools~~1.0" FMID="MSDN" Group="Microsoft">
      <Packages>
        <Package ID="Microsoft-Windows-ServerManager-Tools-FoD-Package~31bf3856ad364e35~amd64~ko-kr~" PackageType="SatellitePackage" />
        <Package ID="Microsoft-Windows-ServerManager-Tools-FoD-Package~31bf3856ad364e35~wow64~ko-kr~" PackageType="SatellitePackage" />
      </Packages>
    </Feature>
    <Feature Type="OnDemandFeature" FeatureID="Rsat.Shielded.VM.Tools~~1.0" FMID="MSDN" Group="Microsoft">
      <Dependencies>
        <Feature FeatureID="Rsat.ServerManager.Tools~~1.0" />
      </Dependencies>
      <Packages>
        <Package ID="Microsoft-Windows-Shielded-VM-Tools-FoD-Package~31bf3856ad364e35~amd64~ko-kr~" PackageType="SatellitePackage" />
      </Packages>
    </Feature>
    <Feature Type="OnDemandFeature" FeatureID="SNMP.Client~~1.0" FMID="MSDN" Group="Microsoft">
      <Packages>
        <Package ID="Microsoft-Windows-SNMP-Client-Package~31bf3856ad364e35~amd64~ko-kr~" PackageType="SatellitePackage" />
        <Package ID="Microsoft-Windows-SNMP-Client-Package~31bf3856ad364e35~wow64~ko-kr~" PackageType="SatellitePackage" />
      </Packages>
    </Feature>
    <Feature Type="OnDemandFeature" FeatureID="App.StepsRecorder~~1.0" FMID="MSDN" Group="Microsoft">
      <Packages>
        <Package ID="Microsoft-Windows-StepsRecorder-Package~31bf3856ad364e35~amd64~ko-kr~" PackageType="SatellitePackage" />
        <Package ID="Microsoft-Windows-StepsRecorder-Package~31bf3856ad364e35~wow64~ko-kr~" PackageType="SatellitePackage" />
      </Packages>
    </Feature>
    <Feature Type="OnDemandFeature" FeatureID="Microsoft.Windows.StorageManagement~~1.0" FMID="MSDN" Group="Microsoft">
      <Packages>
        <Package ID="Microsoft-Windows-StorageManagement-FoD-Package~31bf3856ad364e35~amd64~ko-kr~" PackageType="SatellitePackage" />
        <Package ID="Microsoft-Windows-StorageManagement-FoD-Package~31bf3856ad364e35~wow64~ko-kr~" PackageType="SatellitePackage" />
      </Packages>
    </Feature>
    <Feature Type="OnDemandFeature" FeatureID="Rsat.StorageMigrationService.Management.Tools~~1.0" FMID="MSDN" Group="Microsoft">
      <Packages>
        <Package ID="Microsoft-Windows-StorageMigrationService-Management-Tools-FOD-Package~31bf3856ad364e35~amd64~ko-kr~" PackageType="SatellitePackage" />
      </Packages>
    </Feature>
    <Feature Type="OnDemandFeature" FeatureID="Rsat.StorageReplica.Tools~~1.0" FMID="MSDN" Group="Microsoft">
      <Packages>
        <Package ID="Microsoft-Windows-StorageReplica-Tools-FoD-Package~31bf3856ad364e35~amd64~ko-kr~" PackageType="SatellitePackage" />
      </Packages>
    </Feature>
    <Feature Type="OnDemandFeature" FeatureID="Rsat.SystemInsights.Management.Tools~~1.0" FMID="MSDN" Group="Microsoft">
      <Packages>
        <Package ID="Microsoft-Windows-SystemInsights-Management-Tools-FOD-Package~31bf3856ad364e35~amd64~ko-kr~" PackageType="SatellitePackage" />
      </Packages>
    </Feature>
    <Feature Type="OnDemandFeature" FeatureID="Rsat.VolumeActivation.Tools~~1.0" FMID="MSDN" Group="Microsoft">
      <Packages>
        <Package ID="Microsoft-Windows-VolumeActivation-Tools-FoD-Package~31bf3856ad364e35~amd64~ko-kr~" PackageType="SatellitePackage" />
      </Packages>
    </Feature>
    <Feature Type="OnDemandFeature" FeatureID="App.WirelessDisplay.Connect~~1.0" FMID="MSDN" Group="Microsoft">
      <Packages>
        <Package ID="Microsoft-Windows-WirelessDisplay-FOD-Package~31bf3856ad364e35~amd64~ko-kr~" PackageType="SatellitePackage" />
      </Packages>
    </Feature>
    <Feature Type="OnDemandFeature" FeatureID="WMI-SNMP-Provider.Client~~1.0" FMID="MSDN" Group="Microsoft">
      <Dependencies>
        <Feature FeatureID="SNMP.Client~~1.0" />
      </Dependencies>
      <Packages>
        <Package ID="Microsoft-Windows-WMI-SNMP-Provider-Client-Package~31bf3856ad364e35~amd64~ko-kr~" PackageType="SatellitePackage" />
        <Package ID="Microsoft-Windows-WMI-SNMP-Provider-Client-Package~31bf3856ad364e35~wow64~ko-kr~" PackageType="SatellitePackage" />
      </Packages>
    </Feature>
    <Feature Type="OnDemandFeature" FeatureID="Microsoft.Windows.WordPad~~1.0" FMID="MSDN" Group="Microsoft">
      <Packages>
        <Package ID="Microsoft-Windows-WordPad-FoD-Package~31bf3856ad364e35~amd64~ko-kr~" PackageType="SatellitePackage" />
        <Package ID="Microsoft-Windows-WordPad-FoD-Package~31bf3856ad364e35~wow64~ko-kr~" PackageType="SatellitePackage" />
      </Packages>
    </Feature>
    <Feature Type="OnDemandFeature" FeatureID="Rsat.WSUS.Tools~~1.0" FMID="MSDN" Group="Microsoft">
      <Packages>
        <Package ID="Microsoft-Windows-WSUS-Tools-FoD-Package~31bf3856ad364e35~amd64~ko-kr~" PackageType="SatellitePackage" />
      </Packages>
    </Feature>
  </Features>
  <Packages>
    <Package ID="Microsoft-Windows-Server-LanguagePack-Package_ko-kr~31bf3856ad364e35~amd64~ko-kr~" InstalledSize="324260859" Version="10.0.20348.1">
      <SatelliteInfo>
        <DeclareInfo>
          <Declare Type="language" Value="ko-KR" />
        </DeclareInfo>
      </SatelliteInfo>
      <Payload>
        <PayloadItem PayloadHash="blBEw0MYIhB1WNO4qGBNQOjMvNsbay0+0dxsM6ZlV6c=" PayloadSize="1226823" Path="UUP\Desktop\editionpackages\ko-kr\Server\baseless\Microsoft-Windows-Server-LanguagePack-Package_ko-kr~31bf3856ad364e35~amd64~ko-kr~.cab" PayloadType="ExpressCab" />
        <PayloadItem PayloadHash="ohG2cuy7b5zR0axREcM/VakL9vYBSbT9wWq1+416UWo=" PayloadSize="66555581" Path="UUP\Desktop\editionpackages\ko-kr\Server\baseless\Microsoft-Windows-Server-LanguagePack-Package_ko-kr~31bf3856ad364e35~amd64~ko-kr~.psf" PayloadType="ExpressPSF" />
      </Payload>
    </Package>
    <Package ID="Microsoft-AzureStack-HCI-Management-Tools-FOD-Package~31bf3856ad364e35~amd64~ko-kr~" InstalledSize="33791" Version="10.0.20348.1">
      <SatelliteInfo>
        <ApplyToInfo>
          <ApplyTo Type="language" Value="ko-KR" />
        </ApplyToInfo>
      </SatelliteInfo>
      <Payload>
        <PayloadItem PayloadHash="2kQ98ATNDjpWzudc8Ddop4iCKj1jRV6wGP72/GHIzNY=" PayloadSize="10283" Path="FeaturesOnDemand\ko-kr\baseless\Microsoft-AzureStack-HCI-Management-Tools-FOD-Package~31bf3856ad364e35~amd64~ko-kr~.cab" PayloadType="ExpressCab" />
        <PayloadItem PayloadHash="+EonyetH/+P5bJeXOJZrrF+0z1nGhGqXLoja2kxd98s=" PayloadSize="60333" Path="FeaturesOnDemand\ko-kr\baseless\Microsoft-AzureStack-HCI-Management-Tools-FOD-Package~31bf3856ad364e35~amd64~ko-kr~.psf" PayloadType="ExpressPSF" />
      </Payload>
    </Package>
    <Package ID="Microsoft-OneCore-StorageManagement-FoD-Package~31bf3856ad364e35~amd64~ko-kr~" InstalledSize="1960424" Version="10.0.20348.1">
      <SatelliteInfo>
        <ApplyToInfo>
          <ApplyTo Type="language" Value="ko-KR" />
        </ApplyToInfo>
      </SatelliteInfo>
      <Payload>
        <PayloadItem PayloadHash="Grf8Usk2BicegQujlJzElO3s4Rb9oRW00Vunn807bWE=" PayloadSize="11397" Path="FeaturesOnDemand\ko-kr\baseless\Microsoft-OneCore-StorageManagement-FoD-Package~31bf3856ad364e35~amd64~ko-kr~.cab" PayloadType="ExpressCab" />
        <PayloadItem PayloadHash="pulApt3OVxfGSX+KLcjUuX/jp5zO3a6BDRxt/SUrHtI=" PayloadSize="185942" Path="FeaturesOnDemand\ko-kr\baseless\Microsoft-OneCore-StorageManagement-FoD-Package~31bf3856ad364e35~amd64~ko-kr~.psf" PayloadType="ExpressPSF" />
      </Payload>
    </Package>
    <Package ID="Microsoft-OneCore-StorageManagement-FoD-Package~31bf3856ad364e35~wow64~ko-kr~" InstalledSize="1081673" Version="10.0.20348.1">
      <SatelliteInfo>
        <ApplyToInfo>
          <ApplyTo Type="arch" Value="wow64" />
          <ApplyTo Type="language" Value="ko-KR" />
        </ApplyToInfo>
      </SatelliteInfo>
      <Payload>
        <PayloadItem PayloadHash="mWYPIdiXfN0hFyipQ9wPC3Kd7sHH9IjsDKY7yTD/nEc=" PayloadSize="10471" Path="FeaturesOnDemand\ko-kr\baseless\Microsoft-OneCore-StorageManagement-FoD-Package~31bf3856ad364e35~wow64~ko-kr~.cab" PayloadType="ExpressCab" />
        <PayloadItem PayloadHash="JPIMsWyJ2TbAGTidFtKtP82gDBv0Vf97nPyq18kAXeE=" PayloadSize="107747" Path="FeaturesOnDemand\ko-kr\baseless\Microsoft-OneCore-StorageManagement-FoD-Package~31bf3856ad364e35~wow64~ko-kr~.psf" PayloadType="ExpressPSF" />
      </Payload>
    </Package>
    <Package ID="Microsoft-Windows-ActiveDirectory-DS-LDS-Tools-FoD-Package~31bf3856ad364e35~amd64~ko-kr~" InstalledSize="6629027" Version="10.0.20348.1">
      <SatelliteInfo>
        <ApplyToInfo>
          <ApplyTo Type="language" Value="ko-KR" />
        </ApplyToInfo>
      </SatelliteInfo>
      <Payload>
        <PayloadItem PayloadHash="/1qqM0Si0tV2gYOT1ZbMz3Gh1LMAXRKPaCR0JzYwre0=" PayloadSize="20631" Path="FeaturesOnDemand\ko-kr\baseless\Microsoft-Windows-ActiveDirectory-DS-LDS-Tools-FoD-Package~31bf3856ad364e35~amd64~ko-kr~.cab" PayloadType="ExpressCab" />
        <PayloadItem PayloadHash="oqVQ0EVtE+xSVUfutJ3iPrKKNsu2FW54uRU05muEKd0=" PayloadSize="1115627" Path="FeaturesOnDemand\ko-kr\baseless\Microsoft-Windows-ActiveDirectory-DS-LDS-Tools-FoD-Package~31bf3856ad364e35~amd64~ko-kr~.psf" PayloadType="ExpressPSF" />
      </Payload>
    </Package>
    <Package ID="Microsoft-Windows-ActiveDirectory-DS-LDS-Tools-FoD-Package~31bf3856ad364e35~wow64~ko-kr~" InstalledSize="726386" Version="10.0.20348.1">
      <SatelliteInfo>
        <ApplyToInfo>
          <ApplyTo Type="arch" Value="wow64" />
          <ApplyTo Type="language" Value="ko-KR" />
        </ApplyToInfo>
      </SatelliteInfo>
      <Payload>
        <PayloadItem PayloadHash="4nsocWDWSZ2yqgWcbdAWX33dNqVnLhV4sGoXronq/lA=" PayloadSize="11245" Path="FeaturesOnDemand\ko-kr\baseless\Microsoft-Windows-ActiveDirectory-DS-LDS-Tools-FoD-Package~31bf3856ad364e35~wow64~ko-kr~.cab" PayloadType="ExpressCab" />
        <PayloadItem PayloadHash="Jbj75+VMgGNoNSA9omEid15LHyOLxGCCLwlcQP81tvw=" PayloadSize="148395" Path="FeaturesOnDemand\ko-kr\baseless\Microsoft-Windows-ActiveDirectory-DS-LDS-Tools-FoD-Package~31bf3856ad364e35~wow64~ko-kr~.psf" PayloadType="ExpressPSF" />
      </Payload>
    </Package>
    <Package ID="Microsoft-Windows-BitLocker-Recovery-Tools-FoD-Package~31bf3856ad364e35~amd64~ko-kr~" InstalledSize="29116" Version="10.0.20348.1">
      <SatelliteInfo>
        <ApplyToInfo>
          <ApplyTo Type="language" Value="ko-KR" />
        </ApplyToInfo>
      </SatelliteInfo>
      <Payload>
        <PayloadItem PayloadHash="TWefStXb45g/CSf0nwy9Z/+Ygry9JLYe0eH2my6/fC4=" PayloadSize="10287" Path="FeaturesOnDemand\ko-kr\baseless\Microsoft-Windows-BitLocker-Recovery-Tools-FoD-Package~31bf3856ad364e35~amd64~ko-kr~.cab" PayloadType="ExpressCab" />
        <PayloadItem PayloadHash="Edrc5r6QCG9KGtubgRSV29wQGVtpOxWVvXCYD0gGtEQ=" PayloadSize="58545" Path="FeaturesOnDemand\ko-kr\baseless\Microsoft-Windows-BitLocker-Recovery-Tools-FoD-Package~31bf3856ad364e35~amd64~ko-kr~.psf" PayloadType="ExpressPSF" />
      </Payload>
    </Package>
    <Package ID="Microsoft-Windows-CertificateServices-Tools-FoD-Package~31bf3856ad364e35~amd64~ko-kr~" InstalledSize="928030" Version="10.0.20348.1">
      <SatelliteInfo>
        <ApplyToInfo>
          <ApplyTo Type="language" Value="ko-KR" />
        </ApplyToInfo>
      </SatelliteInfo>
      <Payload>
        <PayloadItem PayloadHash="VGqpvXKvVcRXEc2k0VnIe3CH8karMhnzS/yHG/b8YiQ=" PayloadSize="12139" Path="FeaturesOnDemand\ko-kr\baseless\Microsoft-Windows-CertificateServices-Tools-FoD-Package~31bf3856ad364e35~amd64~ko-kr~.cab" PayloadType="ExpressCab" />
        <PayloadItem PayloadHash="ALWvH9sZEX4KzQNAnVc33RTFXu3s0j/6YE0qviUtUys=" PayloadSize="188456" Path="FeaturesOnDemand\ko-kr\baseless\Microsoft-Windows-CertificateServices-Tools-FoD-Package~31bf3856ad364e35~amd64~ko-kr~.psf" PayloadType="ExpressPSF" />
      </Payload>
    </Package>
    <Package ID="Microsoft-Windows-Composition-Test-FOD-Package~31bf3856ad364e35~amd64~ko-kr~" InstalledSize="21120" Version="10.0.20348.1">
      <SatelliteInfo>
        <ApplyToInfo>
          <ApplyTo Type="language" Value="ko-KR" />
        </ApplyToInfo>
      </SatelliteInfo>
      <Payload>
        <PayloadItem PayloadHash="xIxH0AqUbzx96cXEgowYGeRiC55UuLsxvPK247pm/ag=" PayloadSize="10021" Path="FeaturesOnDemand\ko-kr\baseless\Microsoft-Windows-Composition-Test-FOD-Package~31bf3856ad364e35~amd64~ko-kr~.cab" PayloadType="ExpressCab" />
        <PayloadItem PayloadHash="3LutNepxCEGEfDe4SjUaiO1MGUpwpNx9XGv3BJxDJ6g=" PayloadSize="55274" Path="FeaturesOnDemand\ko-kr\baseless\Microsoft-Windows-Composition-Test-FOD-Package~31bf3856ad364e35~amd64~ko-kr~.psf" PayloadType="ExpressPSF" />
      </Payload>
    </Package>
    <Package ID="Microsoft-Windows-Composition-Test-FOD-Package~31bf3856ad364e35~wow64~ko-kr~" InstalledSize="21219" Version="10.0.20348.1">
      <SatelliteInfo>
        <ApplyToInfo>
          <ApplyTo Type="arch" Value="wow64" />
          <ApplyTo Type="language" Value="ko-KR" />
        </ApplyToInfo>
      </SatelliteInfo>
      <Payload>
        <PayloadItem PayloadHash="V+dZrdKuIqfTWtC/GTvoF72SIicMM2Vlm+OpQOONQbE=" PayloadSize="10021" Path="FeaturesOnDemand\ko-kr\baseless\Microsoft-Windows-Composition-Test-FOD-Package~31bf3856ad364e35~wow64~ko-kr~.cab" PayloadType="ExpressCab" />
        <PayloadItem PayloadHash="QHQ5vhiYE0ghOsUAzLVT181y6J67NsT18E8l5/5naYk=" PayloadSize="55300" Path="FeaturesOnDemand\ko-kr\baseless\Microsoft-Windows-Composition-Test-FOD-Package~31bf3856ad364e35~wow64~ko-kr~.psf" PayloadType="ExpressPSF" />
      </Payload>
    </Package>
    <Package ID="Microsoft-Windows-DHCP-Tools-FoD-Package~31bf3856ad364e35~amd64~ko-kr~" InstalledSize="1970546" Version="10.0.20348.1">
      <SatelliteInfo>
        <ApplyToInfo>
          <ApplyTo Type="language" Value="ko-KR" />
        </ApplyToInfo>
      </SatelliteInfo>
      <Payload>
        <PayloadItem PayloadHash="66OaE12qb9hJj930KRMyDwIAi47bFAfvpKmTGkzogC8=" PayloadSize="11285" Path="FeaturesOnDemand\ko-kr\baseless\Microsoft-Windows-DHCP-Tools-FoD-Package~31bf3856ad364e35~amd64~ko-kr~.cab" PayloadType="ExpressCab" />
        <PayloadItem PayloadHash="NH3Cj9yHK6GRWR8umXacVo7BGiVhN3g24rJmoTzTvic=" PayloadSize="232120" Path="FeaturesOnDemand\ko-kr\baseless\Microsoft-Windows-DHCP-Tools-FoD-Package~31bf3856ad364e35~amd64~ko-kr~.psf" PayloadType="ExpressPSF" />
      </Payload>
    </Package>
    <Package ID="Microsoft-Windows-DHCP-Tools-FoD-Package~31bf3856ad364e35~wow64~ko-kr~" InstalledSize="794759" Version="10.0.20348.1">
      <SatelliteInfo>
        <ApplyToInfo>
          <ApplyTo Type="arch" Value="wow64" />
          <ApplyTo Type="language" Value="ko-KR" />
        </ApplyToInfo>
      </SatelliteInfo>
      <Payload>
        <PayloadItem PayloadHash="h1FZM5YsBsXuniTkNkehZLBadjpgGDd+R2y/F6zkL0M=" PayloadSize="10447" Path="FeaturesOnDemand\ko-kr\baseless\Microsoft-Windows-DHCP-Tools-FoD-Package~31bf3856ad364e35~wow64~ko-kr~.cab" PayloadType="ExpressCab" />
        <PayloadItem PayloadHash="bJdNfnODki+X0nTy6EGMCGlgZ+/0JxQIT5C2xK/gbRI=" PayloadSize="122339" Path="FeaturesOnDemand\ko-kr\baseless\Microsoft-Windows-DHCP-Tools-FoD-Package~31bf3856ad364e35~wow64~ko-kr~.psf" PayloadType="ExpressPSF" />
      </Payload>
    </Package>
    <Package ID="Microsoft-Windows-DNS-Tools-FoD-Package~31bf3856ad364e35~amd64~ko-kr~" InstalledSize="1575440" Version="10.0.20348.1">
      <SatelliteInfo>
        <ApplyToInfo>
          <ApplyTo Type="language" Value="ko-KR" />
        </ApplyToInfo>
      </SatelliteInfo>
      <Payload>
        <PayloadItem PayloadHash="wDOUOAKcAVgoLUgbozDy381gbksrrNcKeg0bu7lcujw=" PayloadSize="11183" Path="FeaturesOnDemand\ko-kr\baseless\Microsoft-Windows-DNS-Tools-FoD-Package~31bf3856ad364e35~amd64~ko-kr~.cab" PayloadType="ExpressCab" />
        <PayloadItem PayloadHash="RP1vc3Z0Wy7nGwu7c4R+qUpIez4qqS91Z5aiTqU8wA8=" PayloadSize="234272" Path="FeaturesOnDemand\ko-kr\baseless\Microsoft-Windows-DNS-Tools-FoD-Package~31bf3856ad364e35~amd64~ko-kr~.psf" PayloadType="ExpressPSF" />
      </Payload>
    </Package>
    <Package ID="Microsoft-Windows-DNS-Tools-FoD-Package~31bf3856ad364e35~wow64~ko-kr~" InstalledSize="12291" Version="10.0.20348.1">
      <SatelliteInfo>
        <ApplyToInfo>
          <ApplyTo Type="arch" Value="wow64" />
          <ApplyTo Type="language" Value="ko-KR" />
        </ApplyToInfo>
      </SatelliteInfo>
      <Payload>
        <PayloadItem PayloadHash="x5xf5pUD6rZ6XP9kX7KLgVXTiFOraaKK6OI3y16CxkA=" PayloadSize="9887" Path="FeaturesOnDemand\ko-kr\baseless\Microsoft-Windows-DNS-Tools-FoD-Package~31bf3856ad364e35~wow64~ko-kr~.cab" PayloadType="ExpressCab" />
        <PayloadItem PayloadHash="qYjkHwzleFJC2MythMCyuTfXb+G44hyOFhZEPHgJVyM=" PayloadSize="49671" Path="FeaturesOnDemand\ko-kr\baseless\Microsoft-Windows-DNS-Tools-FoD-Package~31bf3856ad364e35~wow64~ko-kr~.psf" PayloadType="ExpressPSF" />
      </Payload>
    </Package>
    <Package ID="Microsoft-Windows-EMS-SAC-Desktop-Tools-FoD-Package~31bf3856ad364e35~amd64~ko-kr~" InstalledSize="93341" Version="10.0.20348.1">
      <SatelliteInfo>
        <ApplyToInfo>
          <ApplyTo Type="language" Value="ko-KR" />
        </ApplyToInfo>
      </SatelliteInfo>
      <Payload>
        <PayloadItem PayloadHash="tzI8gdPh5zheei+gTB6mAJ5FoP/5IZ8Zx1leSSLfHtE=" PayloadSize="10891" Path="FeaturesOnDemand\ko-kr\baseless\Microsoft-Windows-EMS-SAC-Desktop-Tools-FoD-Package~31bf3856ad364e35~amd64~ko-kr~.cab" PayloadType="ExpressCab" />
        <PayloadItem PayloadHash="yJyfZIYHaSUoy2kEW0QPCZ9X9aG6a/uPRr/V+9kVLdw=" PayloadSize="74050" Path="FeaturesOnDemand\ko-kr\baseless\Microsoft-Windows-EMS-SAC-Desktop-Tools-FoD-Package~31bf3856ad364e35~amd64~ko-kr~.psf" PayloadType="ExpressPSF" />
      </Payload>
    </Package>
    <Package ID="Microsoft-Windows-FailoverCluster-Management-Tools-FOD-Package~31bf3856ad364e35~amd64~ko-kr~" InstalledSize="9013203" Version="10.0.20348.1">
      <SatelliteInfo>
        <ApplyToInfo>
          <ApplyTo Type="language" Value="ko-KR" />
        </ApplyToInfo>
      </SatelliteInfo>
      <Payload>
        <PayloadItem PayloadHash="Dr5kKGO7f6SQmClMaEKoRBf5MW2CEASPHvYnd5y+/3k=" PayloadSize="16625" Path="FeaturesOnDemand\ko-kr\baseless\Microsoft-Windows-FailoverCluster-Management-Tools-FOD-Package~31bf3856ad364e35~amd64~ko-kr~.cab" PayloadType="ExpressCab" />
        <PayloadItem PayloadHash="S/qEy7SLt9l+ZT7Bv20bShiH0fIwl27UIq4iSburKyo=" PayloadSize="2436246" Path="FeaturesOnDemand\ko-kr\baseless\Microsoft-Windows-FailoverCluster-Management-Tools-FOD-Package~31bf3856ad364e35~amd64~ko-kr~.psf" PayloadType="ExpressPSF" />
      </Payload>
    </Package>
    <Package ID="Microsoft-Windows-FailoverCluster-Management-Tools-FOD-Package~31bf3856ad364e35~wow64~ko-kr~" InstalledSize="55865" Version="10.0.20348.1">
      <SatelliteInfo>
        <ApplyToInfo>
          <ApplyTo Type="arch" Value="wow64" />
          <ApplyTo Type="language" Value="ko-KR" />
        </ApplyToInfo>
      </SatelliteInfo>
      <Payload>
        <PayloadItem PayloadHash="B6q53KTjojrzWEKvuKicKmxK64r0sD5yx1mE+aLPdf8=" PayloadSize="10951" Path="FeaturesOnDemand\ko-kr\baseless\Microsoft-Windows-FailoverCluster-Management-Tools-FOD-Package~31bf3856ad364e35~wow64~ko-kr~.cab" PayloadType="ExpressCab" />
        <PayloadItem PayloadHash="pVLcojovoWNJrv9CFkCGsEnoEZ0bnStYYbLlpUo7lXs=" PayloadSize="70323" Path="FeaturesOnDemand\ko-kr\baseless\Microsoft-Windows-FailoverCluster-Management-Tools-FOD-Package~31bf3856ad364e35~wow64~ko-kr~.psf" PayloadType="ExpressPSF" />
      </Payload>
    </Package>
    <Package ID="Microsoft-Windows-FileServices-Tools-FoD-Package~31bf3856ad364e35~amd64~ko-kr~" InstalledSize="4654417" Version="10.0.20348.1">
      <SatelliteInfo>
        <ApplyToInfo>
          <ApplyTo Type="language" Value="ko-KR" />
        </ApplyToInfo>
      </SatelliteInfo>
      <Payload>
        <PayloadItem PayloadHash="z2rDl+3A/yzkTlP2p1R1Y0KC2DKd3cGSHQUHxlwTP4Y=" PayloadSize="16405" Path="FeaturesOnDemand\ko-kr\baseless\Microsoft-Windows-FileServices-Tools-FoD-Package~31bf3856ad364e35~amd64~ko-kr~.cab" PayloadType="ExpressCab" />
        <PayloadItem PayloadHash="Fm2zMzM6sGZsT4LVIHh8xy0dyzOgxWNDX7vt8/cKT/8=" PayloadSize="688874" Path="FeaturesOnDemand\ko-kr\baseless\Microsoft-Windows-FileServices-Tools-FoD-Package~31bf3856ad364e35~amd64~ko-kr~.psf" PayloadType="ExpressPSF" />
      </Payload>
    </Package>
    <Package ID="Microsoft-Windows-FileServices-Tools-FoD-Package~31bf3856ad364e35~wow64~ko-kr~" InstalledSize="178941" Version="10.0.20348.1">
      <SatelliteInfo>
        <ApplyToInfo>
          <ApplyTo Type="arch" Value="wow64" />
          <ApplyTo Type="language" Value="ko-KR" />
        </ApplyToInfo>
      </SatelliteInfo>
      <Payload>
        <PayloadItem PayloadHash="Dl2PAC+Ze7uElDMyJzmnhijtvRbjwrHCb1oqxyJKBZI=" PayloadSize="10617" Path="FeaturesOnDemand\ko-kr\baseless\Microsoft-Windows-FileServices-Tools-FoD-Package~31bf3856ad364e35~wow64~ko-kr~.cab" PayloadType="ExpressCab" />
        <PayloadItem PayloadHash="nWnKuqCON2gnxq67xFD6mO7bg/9HmelFKz2ZA1LD6b4=" PayloadSize="77116" Path="FeaturesOnDemand\ko-kr\baseless\Microsoft-Windows-FileServices-Tools-FoD-Package~31bf3856ad364e35~wow64~ko-kr~.psf" PayloadType="ExpressPSF" />
      </Payload>
    </Package>
    <Package ID="Microsoft-Windows-GroupPolicy-Management-Tools-FoD-Package~31bf3856ad364e35~amd64~ko-kr~" InstalledSize="2074116" Version="10.0.20348.1">
      <SatelliteInfo>
        <ApplyToInfo>
          <ApplyTo Type="language" Value="ko-KR" />
        </ApplyToInfo>
      </SatelliteInfo>
      <Payload>
        <PayloadItem PayloadHash="nVudovxxdwbGc41JgjsfDzV2nfUISGThbyeFEY6gavg=" PayloadSize="13579" Path="FeaturesOnDemand\ko-kr\baseless\Microsoft-Windows-GroupPolicy-Management-Tools-FoD-Package~31bf3856ad364e35~amd64~ko-kr~.cab" PayloadType="ExpressCab" />
        <PayloadItem PayloadHash="m78Qcxv1bRFf6rSrQuXJhgcHnGO1/M8bViui6Ro2F+Q=" PayloadSize="329670" Path="FeaturesOnDemand\ko-kr\baseless\Microsoft-Windows-GroupPolicy-Management-Tools-FoD-Package~31bf3856ad364e35~amd64~ko-kr~.psf" PayloadType="ExpressPSF" />
      </Payload>
    </Package>
    <Package ID="Microsoft-Windows-GroupPolicy-Management-Tools-FoD-Package~31bf3856ad364e35~wow64~ko-kr~" InstalledSize="265468" Version="10.0.20348.1">
      <SatelliteInfo>
        <ApplyToInfo>
          <ApplyTo Type="arch" Value="wow64" />
          <ApplyTo Type="language" Value="ko-KR" />
        </ApplyToInfo>
      </SatelliteInfo>
      <Payload>
        <PayloadItem PayloadHash="xFerMUabiwE4esK73Zuirdg6Xp0hgFsk3b0L3665ZH8=" PayloadSize="10367" Path="FeaturesOnDemand\ko-kr\baseless\Microsoft-Windows-GroupPolicy-Management-Tools-FoD-Package~31bf3856ad364e35~wow64~ko-kr~.cab" PayloadType="ExpressCab" />
        <PayloadItem PayloadHash="1oPmlqVtDV5rauy2G7UiT9w4wq6EoTpHgdSlgn0HweI=" PayloadSize="89199" Path="FeaturesOnDemand\ko-kr\baseless\Microsoft-Windows-GroupPolicy-Management-Tools-FoD-Package~31bf3856ad364e35~wow64~ko-kr~.psf" PayloadType="ExpressPSF" />
      </Payload>
    </Package>
    <Package ID="Microsoft-Windows-IPAM-Client-FoD-Package~31bf3856ad364e35~amd64~ko-kr~" InstalledSize="68929" Version="10.0.20348.1">
      <SatelliteInfo>
        <ApplyToInfo>
          <ApplyTo Type="language" Value="ko-KR" />
        </ApplyToInfo>
      </SatelliteInfo>
      <Payload>
        <PayloadItem PayloadHash="bLcLPRO92tZJ4KYnxbnBajx0zJheYDnwJ13jiOAtqE0=" PayloadSize="10221" Path="FeaturesOnDemand\ko-kr\baseless\Microsoft-Windows-IPAM-Client-FoD-Package~31bf3856ad364e35~amd64~ko-kr~.cab" PayloadType="ExpressCab" />
        <PayloadItem PayloadHash="rYw8BiyeCbBDetkAgbjjgv36nL+56o61nL7Y7Z9+bSI=" PayloadSize="60709" Path="FeaturesOnDemand\ko-kr\baseless\Microsoft-Windows-IPAM-Client-FoD-Package~31bf3856ad364e35~amd64~ko-kr~.psf" PayloadType="ExpressPSF" />
      </Payload>
    </Package>
    <Package ID="Microsoft-Windows-IPAM-Client-FoD-Package~31bf3856ad364e35~wow64~ko-kr~" InstalledSize="20395" Version="10.0.20348.1">
      <SatelliteInfo>
        <ApplyToInfo>
          <ApplyTo Type="arch" Value="wow64" />
          <ApplyTo Type="language" Value="ko-KR" />
        </ApplyToInfo>
      </SatelliteInfo>
      <Payload>
        <PayloadItem PayloadHash="Sc3MwFEJloV9SRP4qF0L5wVcb14lb6adSCbFu1Nwm6c=" PayloadSize="10013" Path="FeaturesOnDemand\ko-kr\baseless\Microsoft-Windows-IPAM-Client-FoD-Package~31bf3856ad364e35~wow64~ko-kr~.cab" PayloadType="ExpressCab" />
        <PayloadItem PayloadHash="qf1yH1zgjcSAmGuFAJkVIb8GzJFr85CXkw79jecf1qQ=" PayloadSize="52017" Path="FeaturesOnDemand\ko-kr\baseless\Microsoft-Windows-IPAM-Client-FoD-Package~31bf3856ad364e35~wow64~ko-kr~.psf" PayloadType="ExpressPSF" />
      </Payload>
    </Package>
    <Package ID="Microsoft-Windows-IRDA-Package~31bf3856ad364e35~amd64~ko-kr~" InstalledSize="45637" Version="10.0.20348.1">
      <SatelliteInfo>
        <ApplyToInfo>
          <ApplyTo Type="language" Value="ko-KR" />
        </ApplyToInfo>
      </SatelliteInfo>
      <Payload>
        <PayloadItem PayloadHash="sM3B0hrAm6JJOgu3yEASAoUla8aS8MLAn0LN3z3MCRw=" PayloadSize="10865" Path="FeaturesOnDemand\ko-kr\baseless\Microsoft-Windows-IRDA-Package~31bf3856ad364e35~amd64~ko-kr~.cab" PayloadType="ExpressCab" />
        <PayloadItem PayloadHash="DaTZOaPs+6w5BywtrDumi7rEqOIRwXiS12r2R9N1M+0=" PayloadSize="62481" Path="FeaturesOnDemand\ko-kr\baseless\Microsoft-Windows-IRDA-Package~31bf3856ad364e35~amd64~ko-kr~.psf" PayloadType="ExpressPSF" />
      </Payload>
    </Package>
    <Package ID="Microsoft-Windows-IRDA-Package~31bf3856ad364e35~wow64~ko-kr~" InstalledSize="11344" Version="10.0.20348.1">
      <SatelliteInfo>
        <ApplyToInfo>
          <ApplyTo Type="arch" Value="wow64" />
          <ApplyTo Type="language" Value="ko-KR" />
        </ApplyToInfo>
      </SatelliteInfo>
      <Payload>
        <PayloadItem PayloadHash="dRvTbMYM9pd6MdPWaJokhAjt0Je6pp5gB9DWz+HdrG4=" PayloadSize="9787" Path="FeaturesOnDemand\ko-kr\baseless\Microsoft-Windows-IRDA-Package~31bf3856ad364e35~wow64~ko-kr~.cab" PayloadType="ExpressCab" />
        <PayloadItem PayloadHash="2t2SaCPZhykGnWdcRKtuv89cQR2i8OJIxrGLM8YMN6U=" PayloadSize="49077" Path="FeaturesOnDemand\ko-kr\baseless\Microsoft-Windows-IRDA-Package~31bf3856ad364e35~wow64~ko-kr~.psf" PayloadType="ExpressPSF" />
      </Payload>
    </Package>
    <Package ID="Microsoft-Windows-Media-Features-Package~31bf3856ad364e35~amd64~ko-kr~" InstalledSize="1396895" Version="10.0.20348.1">
      <SatelliteInfo>
        <ApplyToInfo>
          <ApplyTo Type="language" Value="ko-KR" />
        </ApplyToInfo>
      </SatelliteInfo>
      <Payload>
        <PayloadItem PayloadHash="0SY802AKbe29g14LS57CQfpcOGa7hBSWrrO1qMT42ao=" PayloadSize="29757" Path="FeaturesOnDemand\ko-kr\baseless\Microsoft-Windows-Media-Features-Package~31bf3856ad364e35~amd64~ko-kr~.cab" PayloadType="ExpressCab" />
        <PayloadItem PayloadHash="fOyfrO0lbkpThnR3OMHbmzFFUuMkN1Z4OQYWGKlIqvk=" PayloadSize="508967" Path="FeaturesOnDemand\ko-kr\baseless\Microsoft-Windows-Media-Features-Package~31bf3856ad364e35~amd64~ko-kr~.psf" PayloadType="ExpressPSF" />
      </Payload>
    </Package>
    <Package ID="Microsoft-Windows-Media-Features-Package~31bf3856ad364e35~wow64~ko-kr~" InstalledSize="352329" Version="10.0.20348.1">
      <SatelliteInfo>
        <ApplyToInfo>
          <ApplyTo Type="arch" Value="wow64" />
          <ApplyTo Type="language" Value="ko-KR" />
        </ApplyToInfo>
      </SatelliteInfo>
      <Payload>
        <PayloadItem PayloadHash="dHkciPvY+PcjzwuAn8xvdRxM/aGOxVl2dUwsQzjoIGg=" PayloadSize="18909" Path="FeaturesOnDemand\ko-kr\baseless\Microsoft-Windows-Media-Features-Package~31bf3856ad364e35~wow64~ko-kr~.cab" PayloadType="ExpressCab" />
        <PayloadItem PayloadHash="B2U9DOLji/yOEb+bL44Do0d1iYmEawPLpsSkzRtASWw=" PayloadSize="251049" Path="FeaturesOnDemand\ko-kr\baseless\Microsoft-Windows-Media-Features-Package~31bf3856ad364e35~wow64~ko-kr~.psf" PayloadType="ExpressPSF" />
      </Payload>
    </Package>
    <Package ID="Microsoft-Windows-MSPaint-FoD-Package~31bf3856ad364e35~amd64~ko-kr~" InstalledSize="56093" Version="10.0.20348.1">
      <SatelliteInfo>
        <ApplyToInfo>
          <ApplyTo Type="language" Value="ko-KR" />
        </ApplyToInfo>
      </SatelliteInfo>
      <Payload>
        <PayloadItem PayloadHash="iVtlqHOwYmTfY0UXRVUbFb/e/MNmT/2XJvPO14kjyEU=" PayloadSize="10017" Path="FeaturesOnDemand\ko-kr\baseless\Microsoft-Windows-MSPaint-FoD-Package~31bf3856ad364e35~amd64~ko-kr~.cab" PayloadType="ExpressCab" />
        <PayloadItem PayloadHash="yiG1hrq4P7ydJAK2SPbnQJUrpS07IDPWB4kc1SYOgnI=" PayloadSize="60350" Path="FeaturesOnDemand\ko-kr\baseless\Microsoft-Windows-MSPaint-FoD-Package~31bf3856ad364e35~amd64~ko-kr~.psf" PayloadType="ExpressPSF" />
      </Payload>
    </Package>
    <Package ID="Microsoft-Windows-MSPaint-FoD-Package~31bf3856ad364e35~wow64~ko-kr~" InstalledSize="56181" Version="10.0.20348.1">
      <SatelliteInfo>
        <ApplyToInfo>
          <ApplyTo Type="arch" Value="wow64" />
          <ApplyTo Type="language" Value="ko-KR" />
        </ApplyToInfo>
      </SatelliteInfo>
      <Payload>
        <PayloadItem PayloadHash="mAN3eq1TOmA4oYp8pSHnwmm56ZVdXADgVnk1t7+MjqA=" PayloadSize="9987" Path="FeaturesOnDemand\ko-kr\baseless\Microsoft-Windows-MSPaint-FoD-Package~31bf3856ad364e35~wow64~ko-kr~.cab" PayloadType="ExpressCab" />
        <PayloadItem PayloadHash="ElC+UleHWSxGvZDiOJPHcwX0bpTFxUNT/OHuMg+mXdo=" PayloadSize="60370" Path="FeaturesOnDemand\ko-kr\baseless\Microsoft-Windows-MSPaint-FoD-Package~31bf3856ad364e35~wow64~ko-kr~.psf" PayloadType="ExpressPSF" />
      </Payload>
    </Package>
    <Package ID="Microsoft-Windows-NetworkController-Tools-FoD-Package~31bf3856ad364e35~amd64~ko-kr~" InstalledSize="72917" Version="10.0.20348.1">
      <SatelliteInfo>
        <ApplyToInfo>
          <ApplyTo Type="language" Value="ko-KR" />
        </ApplyToInfo>
      </SatelliteInfo>
      <Payload>
        <PayloadItem PayloadHash="Qg4QP04o9wOaXLD+sSi2zASWw3UL1CDuQB+Tx+bowTE=" PayloadSize="10483" Path="FeaturesOnDemand\ko-kr\baseless\Microsoft-Windows-NetworkController-Tools-FoD-Package~31bf3856ad364e35~amd64~ko-kr~.cab" PayloadType="ExpressCab" />
        <PayloadItem PayloadHash="5Nr9XFxaJ9GxED/vEBpqbmbjiREvuD9tgTzuj0xMsgw=" PayloadSize="70934" Path="FeaturesOnDemand\ko-kr\baseless\Microsoft-Windows-NetworkController-Tools-FoD-Package~31bf3856ad364e35~amd64~ko-kr~.psf" PayloadType="ExpressPSF" />
      </Payload>
    </Package>
    <Package ID="Microsoft-Windows-NetworkLoadBalancing-Tools-FoD-Package~31bf3856ad364e35~amd64~ko-kr~" InstalledSize="274103" Version="10.0.20348.1">
      <SatelliteInfo>
        <ApplyToInfo>
          <ApplyTo Type="language" Value="ko-KR" />
        </ApplyToInfo>
      </SatelliteInfo>
      <Payload>
        <PayloadItem PayloadHash="Cm8lD0bmV1AT072Vs1//aDfxW9KmmJW6jTV7irpEzA0=" PayloadSize="10849" Path="FeaturesOnDemand\ko-kr\baseless\Microsoft-Windows-NetworkLoadBalancing-Tools-FoD-Package~31bf3856ad364e35~amd64~ko-kr~.cab" PayloadType="ExpressCab" />
        <PayloadItem PayloadHash="eROXnMNQk2v7kjiPHcpFOQD016dcddGiGydg4GMMnIs=" PayloadSize="102696" Path="FeaturesOnDemand\ko-kr\baseless\Microsoft-Windows-NetworkLoadBalancing-Tools-FoD-Package~31bf3856ad364e35~amd64~ko-kr~.psf" PayloadType="ExpressPSF" />
      </Payload>
    </Package>
    <Package ID="Microsoft-Windows-Notepad-FoD-Package~31bf3856ad364e35~amd64~ko-kr~" InstalledSize="21846" Version="10.0.20348.1">
      <SatelliteInfo>
        <ApplyToInfo>
          <ApplyTo Type="language" Value="ko-KR" />
        </ApplyToInfo>
      </SatelliteInfo>
      <Payload>
        <PayloadItem PayloadHash="6H0MhFqVVIWY05pA9uQSgx1w8VAjsVhyvTi0F05oOPQ=" PayloadSize="9997" Path="FeaturesOnDemand\ko-kr\baseless\Microsoft-Windows-Notepad-FoD-Package~31bf3856ad364e35~amd64~ko-kr~.cab" PayloadType="ExpressCab" />
        <PayloadItem PayloadHash="or1fz36/YZMfRbW4gRb8qOCXjGBzKuEW+8d1UH3LJH8=" PayloadSize="53459" Path="FeaturesOnDemand\ko-kr\baseless\Microsoft-Windows-Notepad-FoD-Package~31bf3856ad364e35~amd64~ko-kr~.psf" PayloadType="ExpressPSF" />
      </Payload>
    </Package>
    <Package ID="Microsoft-Windows-Notepad-FoD-Package~31bf3856ad364e35~wow64~ko-kr~" InstalledSize="11141" Version="10.0.20348.1">
      <SatelliteInfo>
        <ApplyToInfo>
          <ApplyTo Type="arch" Value="wow64" />
          <ApplyTo Type="language" Value="ko-KR" />
        </ApplyToInfo>
      </SatelliteInfo>
      <Payload>
        <PayloadItem PayloadHash="byt9ZQxcAMJOcMmgbB+wXIbVYlY4fU1RtNAFL24Pmto=" PayloadSize="9787" Path="FeaturesOnDemand\ko-kr\baseless\Microsoft-Windows-Notepad-FoD-Package~31bf3856ad364e35~wow64~ko-kr~.cab" PayloadType="ExpressCab" />
        <PayloadItem PayloadHash="2QynsqFrxD389s9+bln5QSdlcjlA8G/qn6nFv/HJ8L8=" PayloadSize="48982" Path="FeaturesOnDemand\ko-kr\baseless\Microsoft-Windows-Notepad-FoD-Package~31bf3856ad364e35~wow64~ko-kr~.psf" PayloadType="ExpressPSF" />
      </Payload>
    </Package>
    <Package ID="Microsoft-Windows-PowerShell-ISE-FOD-Package~31bf3856ad364e35~amd64~ko-kr~" InstalledSize="876791" Version="10.0.20348.1">
      <SatelliteInfo>
        <ApplyToInfo>
          <ApplyTo Type="language" Value="ko-KR" />
        </ApplyToInfo>
      </SatelliteInfo>
      <Payload>
        <PayloadItem PayloadHash="DmjLct35RVP+efDr1cx+RztcZS+YxFpkxAypxLeB6dg=" PayloadSize="10817" Path="FeaturesOnDemand\ko-kr\baseless\Microsoft-Windows-PowerShell-ISE-FOD-Package~31bf3856ad364e35~amd64~ko-kr~.cab" PayloadType="ExpressCab" />
        <PayloadItem PayloadHash="kLrDZ6NMJlqHznGv1V/vurZ6wNKWWt6kTVKN9yrMbg8=" PayloadSize="343820" Path="FeaturesOnDemand\ko-kr\baseless\Microsoft-Windows-PowerShell-ISE-FOD-Package~31bf3856ad364e35~amd64~ko-kr~.psf" PayloadType="ExpressPSF" />
      </Payload>
    </Package>
    <Package ID="Microsoft-Windows-PowerShell-ISE-FOD-Package~31bf3856ad364e35~wow64~ko-kr~" InstalledSize="71306" Version="10.0.20348.1">
      <SatelliteInfo>
        <ApplyToInfo>
          <ApplyTo Type="arch" Value="wow64" />
          <ApplyTo Type="language" Value="ko-KR" />
        </ApplyToInfo>
      </SatelliteInfo>
      <Payload>
        <PayloadItem PayloadHash="BEgLk/+LVEa58hwx8GKCKAOVxiFC1o3ngfPnPxlbjuU=" PayloadSize="9993" Path="FeaturesOnDemand\ko-kr\baseless\Microsoft-Windows-PowerShell-ISE-FOD-Package~31bf3856ad364e35~wow64~ko-kr~.cab" PayloadType="ExpressCab" />
        <PayloadItem PayloadHash="Ww+gsaeN4MZiM8E3clLCQlLUbf3OSI++kS6ShfiR+5g=" PayloadSize="68879" Path="FeaturesOnDemand\ko-kr\baseless\Microsoft-Windows-PowerShell-ISE-FOD-Package~31bf3856ad364e35~wow64~ko-kr~.psf" PayloadType="ExpressPSF" />
      </Payload>
    </Package>
    <Package ID="Microsoft-Windows-Printing-PMCPPC-FoD-Package~31bf3856ad364e35~amd64~ko-kr~" InstalledSize="207802" Version="10.0.20348.1">
      <SatelliteInfo>
        <ApplyToInfo>
          <ApplyTo Type="language" Value="ko-KR" />
        </ApplyToInfo>
      </SatelliteInfo>
      <Payload>
        <PayloadItem PayloadHash="yctdmA3jEYfe+ZM5lPPcZnaTkjsNRsQoONSnNUeAMrs=" PayloadSize="10241" Path="FeaturesOnDemand\ko-kr\baseless\Microsoft-Windows-Printing-PMCPPC-FoD-Package~31bf3856ad364e35~amd64~ko-kr~.cab" PayloadType="ExpressCab" />
        <PayloadItem PayloadHash="KcReHU/MBsIMYMG8xNBgMob7PqebcrtZvpH90n4NP3g=" PayloadSize="79257" Path="FeaturesOnDemand\ko-kr\baseless\Microsoft-Windows-Printing-PMCPPC-FoD-Package~31bf3856ad364e35~amd64~ko-kr~.psf" PayloadType="ExpressPSF" />
      </Payload>
    </Package>
    <Package ID="Microsoft-Windows-Printing-WFS-FoD-Package~31bf3856ad364e35~amd64~ko-kr~" InstalledSize="398598" Version="10.0.20348.1">
      <SatelliteInfo>
        <ApplyToInfo>
          <ApplyTo Type="language" Value="ko-KR" />
        </ApplyToInfo>
      </SatelliteInfo>
      <Payload>
        <PayloadItem PayloadHash="HW1vbHStOaTiF02vYWV8SbLJBv68Kevv/nz42zIYKnM=" PayloadSize="11355" Path="FeaturesOnDemand\ko-kr\baseless\Microsoft-Windows-Printing-WFS-FoD-Package~31bf3856ad364e35~amd64~ko-kr~.cab" PayloadType="ExpressCab" />
        <PayloadItem PayloadHash="TLoRuw9mdxeuzfAC0QSS6aT0L1EoXXOkasSKsaRyP8Q=" PayloadSize="178118" Path="FeaturesOnDemand\ko-kr\baseless\Microsoft-Windows-Printing-WFS-FoD-Package~31bf3856ad364e35~amd64~ko-kr~.psf" PayloadType="ExpressPSF" />
      </Payload>
    </Package>
    <Package ID="Microsoft-Windows-RasCMAK-Client-Package~31bf3856ad364e35~amd64~ko-kr~" InstalledSize="454388" Version="10.0.20348.1">
      <SatelliteInfo>
        <ApplyToInfo>
          <ApplyTo Type="language" Value="ko-KR" />
        </ApplyToInfo>
      </SatelliteInfo>
      <Payload>
        <PayloadItem PayloadHash="3/7q4Xxr6MgUtWV5O8BEtPEv91web93p+f9TvImC7/E=" PayloadSize="10911" Path="FeaturesOnDemand\ko-kr\baseless\Microsoft-Windows-RasCMAK-Client-Package~31bf3856ad364e35~amd64~ko-kr~.cab" PayloadType="ExpressCab" />
        <PayloadItem PayloadHash="53kbGPBD6ZRE97Gt17Duot5IC/yIOyeVuCCTYiwmD0I=" PayloadSize="183003" Path="FeaturesOnDemand\ko-kr\baseless\Microsoft-Windows-RasCMAK-Client-Package~31bf3856ad364e35~amd64~ko-kr~.psf" PayloadType="ExpressPSF" />
      </Payload>
    </Package>
    <Package ID="Microsoft-Windows-RasCMAK-Client-Package~31bf3856ad364e35~wow64~ko-kr~" InstalledSize="765181" Version="10.0.20348.1">
      <SatelliteInfo>
        <ApplyToInfo>
          <ApplyTo Type="arch" Value="wow64" />
          <ApplyTo Type="language" Value="ko-KR" />
        </ApplyToInfo>
      </SatelliteInfo>
      <Payload>
        <PayloadItem PayloadHash="EWzEqczf6b8sg1mVEeyB7eBS8p6n+1n4ec/p72XIrXw=" PayloadSize="11115" Path="FeaturesOnDemand\ko-kr\baseless\Microsoft-Windows-RasCMAK-Client-Package~31bf3856ad364e35~wow64~ko-kr~.cab" PayloadType="ExpressCab" />
        <PayloadItem PayloadHash="Zuw9jP7JlfauHtaPlIXXKLLklcq6QgOXZMrrThe1Tzg=" PayloadSize="585436" Path="FeaturesOnDemand\ko-kr\baseless\Microsoft-Windows-RasCMAK-Client-Package~31bf3856ad364e35~wow64~ko-kr~.psf" PayloadType="ExpressPSF" />
      </Payload>
    </Package>
    <Package ID="Microsoft-Windows-RasRip-Package~31bf3856ad364e35~amd64~ko-kr~" InstalledSize="21659" Version="10.0.20348.1">
      <SatelliteInfo>
        <ApplyToInfo>
          <ApplyTo Type="language" Value="ko-KR" />
        </ApplyToInfo>
      </SatelliteInfo>
      <Payload>
        <PayloadItem PayloadHash="zBs8/5L3qdCLN/YZDmd0H5FD1XqPNGg0U2285nN6keU=" PayloadSize="10027" Path="FeaturesOnDemand\ko-kr\baseless\Microsoft-Windows-RasRip-Package~31bf3856ad364e35~amd64~ko-kr~.cab" PayloadType="ExpressCab" />
        <PayloadItem PayloadHash="Hwt5Lz+wVi1pnrqCv+LkAJzQr54iSgY+bpGDQEy9mCw=" PayloadSize="52480" Path="FeaturesOnDemand\ko-kr\baseless\Microsoft-Windows-RasRip-Package~31bf3856ad364e35~amd64~ko-kr~.psf" PayloadType="ExpressPSF" />
      </Payload>
    </Package>
    <Package ID="Microsoft-Windows-RemoteAccess-Management-Tools-FoD-Package~31bf3856ad364e35~amd64~ko-kr~" InstalledSize="18207256" Version="10.0.20348.1">
      <SatelliteInfo>
        <ApplyToInfo>
          <ApplyTo Type="language" Value="ko-KR" />
        </ApplyToInfo>
      </SatelliteInfo>
      <Payload>
        <PayloadItem PayloadHash="c48TrRkaNp2PFqUhQV1HxR3mQ9RrIyPxY0uS4uySxio=" PayloadSize="13213" Path="FeaturesOnDemand\ko-kr\baseless\Microsoft-Windows-RemoteAccess-Management-Tools-FoD-Package~31bf3856ad364e35~amd64~ko-kr~.cab" PayloadType="ExpressCab" />
        <PayloadItem PayloadHash="eEYoMyYxSU9owKw9/D9MNtYSQ5STl1C8foCluISzkAw=" PayloadSize="3403984" Path="FeaturesOnDemand\ko-kr\baseless\Microsoft-Windows-RemoteAccess-Management-Tools-FoD-Package~31bf3856ad364e35~amd64~ko-kr~.psf" PayloadType="ExpressPSF" />
      </Payload>
    </Package>
    <Package ID="Microsoft-Windows-RemoteAccess-Management-Tools-FoD-Package~31bf3856ad364e35~wow64~ko-kr~" InstalledSize="12640" Version="10.0.20348.1">
      <SatelliteInfo>
        <ApplyToInfo>
          <ApplyTo Type="arch" Value="wow64" />
          <ApplyTo Type="language" Value="ko-KR" />
        </ApplyToInfo>
      </SatelliteInfo>
      <Payload>
        <PayloadItem PayloadHash="dH4juuzPgWsGLcIxnBoaXTke1Al6GXg9POdpEj+A9wQ=" PayloadSize="9891" Path="FeaturesOnDemand\ko-kr\baseless\Microsoft-Windows-RemoteAccess-Management-Tools-FoD-Package~31bf3856ad364e35~wow64~ko-kr~.cab" PayloadType="ExpressCab" />
        <PayloadItem PayloadHash="doKIpZeCp8N1E3hw8mLjxKym3mcMw/zeMmHsiQQqnMI=" PayloadSize="49731" Path="FeaturesOnDemand\ko-kr\baseless\Microsoft-Windows-RemoteAccess-Management-Tools-FoD-Package~31bf3856ad364e35~wow64~ko-kr~.psf" PayloadType="ExpressPSF" />
      </Payload>
    </Package>
    <Package ID="Microsoft-Windows-RemoteDesktop-Services-Tools-FoD-Package~31bf3856ad364e35~amd64~ko-kr~" InstalledSize="1429540" Version="10.0.20348.1">
      <SatelliteInfo>
        <ApplyToInfo>
          <ApplyTo Type="language" Value="ko-KR" />
        </ApplyToInfo>
      </SatelliteInfo>
      <Payload>
        <PayloadItem PayloadHash="WhymNm59gbRmKaChWd926T/H1V4/jlAYc9PG4hTcnR4=" PayloadSize="11649" Path="FeaturesOnDemand\ko-kr\baseless\Microsoft-Windows-RemoteDesktop-Services-Tools-FoD-Package~31bf3856ad364e35~amd64~ko-kr~.cab" PayloadType="ExpressCab" />
        <PayloadItem PayloadHash="loeeK6pBgrU5fkX6nM8M4vjC6M/PPsg56p2qZYNHFBw=" PayloadSize="285525" Path="FeaturesOnDemand\ko-kr\baseless\Microsoft-Windows-RemoteDesktop-Services-Tools-FoD-Package~31bf3856ad364e35~amd64~ko-kr~.psf" PayloadType="ExpressPSF" />
      </Payload>
    </Package>
    <Package ID="Microsoft-Windows-Server-AppCompat-FoD-Package~31bf3856ad364e35~amd64~ko-kr~" InstalledSize="27651995" Version="10.0.20348.1">
      <SatelliteInfo>
        <ApplyToInfo>
          <ApplyTo Type="language" Value="ko-KR" />
        </ApplyToInfo>
      </SatelliteInfo>
      <Payload>
        <PayloadItem PayloadHash="rpCD09fZX3cgx8jjJ8EXo/mRAQh5Do4DKji6yISdP5A=" PayloadSize="73901" Path="FeaturesOnDemand\ko-kr\baseless\Microsoft-Windows-Server-AppCompat-FoD-Package~31bf3856ad364e35~amd64~ko-kr~.cab" PayloadType="ExpressCab" />
        <PayloadItem PayloadHash="8Q8T9fQy9bbzWLlvluuK8CIA9T2MWtx17e1MevYAzzE=" PayloadSize="7406847" Path="FeaturesOnDemand\ko-kr\baseless\Microsoft-Windows-Server-AppCompat-FoD-Package~31bf3856ad364e35~amd64~ko-kr~.psf" PayloadType="ExpressPSF" />
      </Payload>
    </Package>
    <Package ID="Microsoft-Windows-ServerManager-Tools-FoD-Package~31bf3856ad364e35~amd64~ko-kr~" InstalledSize="10971763" Version="10.0.20348.1">
      <SatelliteInfo>
        <ApplyToInfo>
          <ApplyTo Type="language" Value="ko-KR" />
        </ApplyToInfo>
      </SatelliteInfo>
      <Payload>
        <PayloadItem PayloadHash="/u8bsQz1fmdrLBbylVUufDauvZFMAD5Adv+2u4I5fs0=" PayloadSize="23197" Path="FeaturesOnDemand\ko-kr\baseless\Microsoft-Windows-ServerManager-Tools-FoD-Package~31bf3856ad364e35~amd64~ko-kr~.cab" PayloadType="ExpressCab" />
        <PayloadItem PayloadHash="plEb3J/d6E01VqB4sNblo155IRzQnqsyPgACZkNfNqg=" PayloadSize="2166831" Path="FeaturesOnDemand\ko-kr\baseless\Microsoft-Windows-ServerManager-Tools-FoD-Package~31bf3856ad364e35~amd64~ko-kr~.psf" PayloadType="ExpressPSF" />
      </Payload>
    </Package>
    <Package ID="Microsoft-Windows-ServerManager-Tools-FoD-Package~31bf3856ad364e35~wow64~ko-kr~" InstalledSize="1134153" Version="10.0.20348.1">
      <SatelliteInfo>
        <ApplyToInfo>
          <ApplyTo Type="arch" Value="wow64" />
          <ApplyTo Type="language" Value="ko-KR" />
        </ApplyToInfo>
      </SatelliteInfo>
      <Payload>
        <PayloadItem PayloadHash="2mW191L5TPCmfhQKo6Rv7yQi95EeD3wRmq/lDqycYuE=" PayloadSize="10747" Path="FeaturesOnDemand\ko-kr\baseless\Microsoft-Windows-ServerManager-Tools-FoD-Package~31bf3856ad364e35~wow64~ko-kr~.cab" PayloadType="ExpressCab" />
        <PayloadItem PayloadHash="QpJFOm0mlcI2RzZFa89gs/zVKE86Ud5MNCzBYMzMqb0=" PayloadSize="334428" Path="FeaturesOnDemand\ko-kr\baseless\Microsoft-Windows-ServerManager-Tools-FoD-Package~31bf3856ad364e35~wow64~ko-kr~.psf" PayloadType="ExpressPSF" />
      </Payload>
    </Package>
    <Package ID="Microsoft-Windows-Shielded-VM-Tools-FoD-Package~31bf3856ad364e35~amd64~ko-kr~" InstalledSize="343353" Version="10.0.20348.1">
      <SatelliteInfo>
        <ApplyToInfo>
          <ApplyTo Type="language" Value="ko-KR" />
        </ApplyToInfo>
      </SatelliteInfo>
      <Payload>
        <PayloadItem PayloadHash="fyR9gMuSu0SRU7K4jfVSM97tikjWKUHPcIaboKUqOKA=" PayloadSize="14151" Path="FeaturesOnDemand\ko-kr\baseless\Microsoft-Windows-Shielded-VM-Tools-FoD-Package~31bf3856ad364e35~amd64~ko-kr~.cab" PayloadType="ExpressCab" />
        <PayloadItem PayloadHash="ppUZr0SfbPcZYGnFobkCnTBGkycqRBsoz02gZSS57so=" PayloadSize="157463" Path="FeaturesOnDemand\ko-kr\baseless\Microsoft-Windows-Shielded-VM-Tools-FoD-Package~31bf3856ad364e35~amd64~ko-kr~.psf" PayloadType="ExpressPSF" />
      </Payload>
    </Package>
    <Package ID="Microsoft-Windows-SNMP-Client-Package~31bf3856ad364e35~amd64~ko-kr~" InstalledSize="142901" Version="10.0.20348.1">
      <SatelliteInfo>
        <ApplyToInfo>
          <ApplyTo Type="language" Value="ko-KR" />
        </ApplyToInfo>
      </SatelliteInfo>
      <Payload>
        <PayloadItem PayloadHash="B4zqjHzHpmXHVflLk0Lz9CurJdA/cOpyh8/DBCChPmY=" PayloadSize="11975" Path="FeaturesOnDemand\ko-kr\baseless\Microsoft-Windows-SNMP-Client-Package~31bf3856ad364e35~amd64~ko-kr~.cab" PayloadType="ExpressCab" />
        <PayloadItem PayloadHash="2Lf0mJJxq/vgGPr6mybI3Y9m5gGN5YmOnL+1NlkcjlQ=" PayloadSize="96484" Path="FeaturesOnDemand\ko-kr\baseless\Microsoft-Windows-SNMP-Client-Package~31bf3856ad364e35~amd64~ko-kr~.psf" PayloadType="ExpressPSF" />
      </Payload>
    </Package>
    <Package ID="Microsoft-Windows-SNMP-Client-Package~31bf3856ad364e35~wow64~ko-kr~" InstalledSize="143093" Version="10.0.20348.1">
      <SatelliteInfo>
        <ApplyToInfo>
          <ApplyTo Type="arch" Value="wow64" />
          <ApplyTo Type="language" Value="ko-KR" />
        </ApplyToInfo>
      </SatelliteInfo>
      <Payload>
        <PayloadItem PayloadHash="Mh2VZDSkOqy6sSfu/7A6gqZVvDaW49YV+A9VCUI8o5Q=" PayloadSize="12039" Path="FeaturesOnDemand\ko-kr\baseless\Microsoft-Windows-SNMP-Client-Package~31bf3856ad364e35~wow64~ko-kr~.cab" PayloadType="ExpressCab" />
        <PayloadItem PayloadHash="Tg4QTV6BBBoCZOFz4+tjNKyVZSGIHTBqQgYpxPkj2tw=" PayloadSize="96600" Path="FeaturesOnDemand\ko-kr\baseless\Microsoft-Windows-SNMP-Client-Package~31bf3856ad364e35~wow64~ko-kr~.psf" PayloadType="ExpressPSF" />
      </Payload>
    </Package>
    <Package ID="Microsoft-Windows-StepsRecorder-Package~31bf3856ad364e35~amd64~ko-kr~" InstalledSize="21091" Version="10.0.20348.1">
      <SatelliteInfo>
        <ApplyToInfo>
          <ApplyTo Type="language" Value="ko-KR" />
        </ApplyToInfo>
      </SatelliteInfo>
      <Payload>
        <PayloadItem PayloadHash="4bprqRSU1WNXnHbsmVQAAqWV6M0VAcrJtKpIaJCcclQ=" PayloadSize="10021" Path="FeaturesOnDemand\ko-kr\baseless\Microsoft-Windows-StepsRecorder-Package~31bf3856ad364e35~amd64~ko-kr~.cab" PayloadType="ExpressCab" />
        <PayloadItem PayloadHash="SFR14uJ9UgWgZGPTBuhi/qByoLkTrHYUyfrhzsSIpzQ=" PayloadSize="52828" Path="FeaturesOnDemand\ko-kr\baseless\Microsoft-Windows-StepsRecorder-Package~31bf3856ad364e35~amd64~ko-kr~.psf" PayloadType="ExpressPSF" />
      </Payload>
    </Package>
    <Package ID="Microsoft-Windows-StepsRecorder-Package~31bf3856ad364e35~wow64~ko-kr~" InstalledSize="11384" Version="10.0.20348.1">
      <SatelliteInfo>
        <ApplyToInfo>
          <ApplyTo Type="arch" Value="wow64" />
          <ApplyTo Type="language" Value="ko-KR" />
        </ApplyToInfo>
      </SatelliteInfo>
      <Payload>
        <PayloadItem PayloadHash="81BC5tgYJEXn0LIP5emTlkBK6LhecRkr3RCRbXgi3Eg=" PayloadSize="9789" Path="FeaturesOnDemand\ko-kr\baseless\Microsoft-Windows-StepsRecorder-Package~31bf3856ad364e35~wow64~ko-kr~.cab" PayloadType="ExpressCab" />
        <PayloadItem PayloadHash="/vL3ijbc9TtE6Xz31jhDMkyaX7tLNgfMcaBVln1jucw=" PayloadSize="49071" Path="FeaturesOnDemand\ko-kr\baseless\Microsoft-Windows-StepsRecorder-Package~31bf3856ad364e35~wow64~ko-kr~.psf" PayloadType="ExpressPSF" />
      </Payload>
    </Package>
    <Package ID="Microsoft-Windows-StorageManagement-FoD-Package~31bf3856ad364e35~amd64~ko-kr~" InstalledSize="1626145" Version="10.0.20348.1">
      <SatelliteInfo>
        <ApplyToInfo>
          <ApplyTo Type="language" Value="ko-KR" />
        </ApplyToInfo>
      </SatelliteInfo>
      <Payload>
        <PayloadItem PayloadHash="DbXhnI9vT8GUO1FcLHKXsGIxoGmdvK+KDEyAf928x8o=" PayloadSize="11831" Path="FeaturesOnDemand\ko-kr\baseless\Microsoft-Windows-StorageManagement-FoD-Package~31bf3856ad364e35~amd64~ko-kr~.cab" PayloadType="ExpressCab" />
        <PayloadItem PayloadHash="fDqmBmz4gRgSkUXyH6M65OO5Z6aoNqoD+a1O0E3RBEE=" PayloadSize="185991" Path="FeaturesOnDemand\ko-kr\baseless\Microsoft-Windows-StorageManagement-FoD-Package~31bf3856ad364e35~amd64~ko-kr~.psf" PayloadType="ExpressPSF" />
      </Payload>
    </Package>
    <Package ID="Microsoft-Windows-StorageManagement-FoD-Package~31bf3856ad364e35~wow64~ko-kr~" InstalledSize="1084286" Version="10.0.20348.1">
      <SatelliteInfo>
        <ApplyToInfo>
          <ApplyTo Type="arch" Value="wow64" />
          <ApplyTo Type="language" Value="ko-KR" />
        </ApplyToInfo>
      </SatelliteInfo>
      <Payload>
        <PayloadItem PayloadHash="iD8GdYHL3OgYZsGcH/LUFmA/nHs0TlOB6ZWeppJdZZM=" PayloadSize="10673" Path="FeaturesOnDemand\ko-kr\baseless\Microsoft-Windows-StorageManagement-FoD-Package~31bf3856ad364e35~wow64~ko-kr~.cab" PayloadType="ExpressCab" />
        <PayloadItem PayloadHash="8v/PuN3a7+cpkllbrboEg8Ihc4BiJG8CDGJ9pl6Fkig=" PayloadSize="108782" Path="FeaturesOnDemand\ko-kr\baseless\Microsoft-Windows-StorageManagement-FoD-Package~31bf3856ad364e35~wow64~ko-kr~.psf" PayloadType="ExpressPSF" />
      </Payload>
    </Package>
    <Package ID="Microsoft-Windows-StorageMigrationService-Management-Tools-FOD-Package~31bf3856ad364e35~amd64~ko-kr~" InstalledSize="83071" Version="10.0.20348.1">
      <SatelliteInfo>
        <ApplyToInfo>
          <ApplyTo Type="language" Value="ko-KR" />
        </ApplyToInfo>
      </SatelliteInfo>
      <Payload>
        <PayloadItem PayloadHash="xjxZar62JNCbxL9KrQ0u6inx3s7GI/pSbN+YHPGRKno=" PayloadSize="10281" Path="FeaturesOnDemand\ko-kr\baseless\Microsoft-Windows-StorageMigrationService-Management-Tools-FOD-Package~31bf3856ad364e35~amd64~ko-kr~.cab" PayloadType="ExpressCab" />
        <PayloadItem PayloadHash="ewllkL0HbSj/FD0sGUHJikkDP+gKHjlp8c7TnSZ9NVQ=" PayloadSize="69120" Path="FeaturesOnDemand\ko-kr\baseless\Microsoft-Windows-StorageMigrationService-Management-Tools-FOD-Package~31bf3856ad364e35~amd64~ko-kr~.psf" PayloadType="ExpressPSF" />
      </Payload>
    </Package>
    <Package ID="Microsoft-Windows-StorageReplica-Tools-FoD-Package~31bf3856ad364e35~amd64~ko-kr~" InstalledSize="268664" Version="10.0.20348.1">
      <SatelliteInfo>
        <ApplyToInfo>
          <ApplyTo Type="language" Value="ko-KR" />
        </ApplyToInfo>
      </SatelliteInfo>
      <Payload>
        <PayloadItem PayloadHash="/Fj2yqTMrjb21HlQnbrcMFHXxXfBqJhySnTvoNIqlP8=" PayloadSize="10603" Path="FeaturesOnDemand\ko-kr\baseless\Microsoft-Windows-StorageReplica-Tools-FoD-Package~31bf3856ad364e35~amd64~ko-kr~.cab" PayloadType="ExpressCab" />
        <PayloadItem PayloadHash="qRPAWcTc+UFOCJ1xk5mcEW+grNCgF+fl7LCZNATRYvM=" PayloadSize="103219" Path="FeaturesOnDemand\ko-kr\baseless\Microsoft-Windows-StorageReplica-Tools-FoD-Package~31bf3856ad364e35~amd64~ko-kr~.psf" PayloadType="ExpressPSF" />
      </Payload>
    </Package>
    <Package ID="Microsoft-Windows-SystemInsights-Management-Tools-FOD-Package~31bf3856ad364e35~amd64~ko-kr~" InstalledSize="41506" Version="10.0.20348.1">
      <SatelliteInfo>
        <ApplyToInfo>
          <ApplyTo Type="language" Value="ko-KR" />
        </ApplyToInfo>
      </SatelliteInfo>
      <Payload>
        <PayloadItem PayloadHash="u5TnIvvJdu8hi87086IePQ/S8XDTYcnzHzWm93L6p/4=" PayloadSize="10257" Path="FeaturesOnDemand\ko-kr\baseless\Microsoft-Windows-SystemInsights-Management-Tools-FOD-Package~31bf3856ad364e35~amd64~ko-kr~.cab" PayloadType="ExpressCab" />
        <PayloadItem PayloadHash="uv8P0ZQRN+t5t+tzfF++lW1ZQgrlbKIi3LqmXkE3W0w=" PayloadSize="61316" Path="FeaturesOnDemand\ko-kr\baseless\Microsoft-Windows-SystemInsights-Management-Tools-FOD-Package~31bf3856ad364e35~amd64~ko-kr~.psf" PayloadType="ExpressPSF" />
      </Payload>
    </Package>
    <Package ID="Microsoft-Windows-VolumeActivation-Tools-FoD-Package~31bf3856ad364e35~amd64~ko-kr~" InstalledSize="225000" Version="10.0.20348.1">
      <SatelliteInfo>
        <ApplyToInfo>
          <ApplyTo Type="language" Value="ko-KR" />
        </ApplyToInfo>
      </SatelliteInfo>
      <Payload>
        <PayloadItem PayloadHash="rWhsLcPWKBEqJtHZoNEcfJoDaam2BEOicE+qs2mkR8I=" PayloadSize="10129" Path="FeaturesOnDemand\ko-kr\baseless\Microsoft-Windows-VolumeActivation-Tools-FoD-Package~31bf3856ad364e35~amd64~ko-kr~.cab" PayloadType="ExpressCab" />
        <PayloadItem PayloadHash="uHEONsk0PV3CpxRldoDibHMTKgVRvztKzn7N/16kTOk=" PayloadSize="172058" Path="FeaturesOnDemand\ko-kr\baseless\Microsoft-Windows-VolumeActivation-Tools-FoD-Package~31bf3856ad364e35~amd64~ko-kr~.psf" PayloadType="ExpressPSF" />
      </Payload>
    </Package>
    <Package ID="Microsoft-Windows-WirelessDisplay-FOD-Package~31bf3856ad364e35~amd64~ko-kr~" InstalledSize="33843" Version="10.0.20348.1">
      <SatelliteInfo>
        <ApplyToInfo>
          <ApplyTo Type="language" Value="ko-KR" />
        </ApplyToInfo>
      </SatelliteInfo>
      <Payload>
        <PayloadItem PayloadHash="cSTKzQOxoS5f9+7Bmh+R6oO/dGPf/+bh+uMW11stYv8=" PayloadSize="10245" Path="FeaturesOnDemand\ko-kr\baseless\Microsoft-Windows-WirelessDisplay-FOD-Package~31bf3856ad364e35~amd64~ko-kr~.cab" PayloadType="ExpressCab" />
        <PayloadItem PayloadHash="BK+FdX9QVZ2HiRvIt6znJ8B9c1KExyHRALJbU56QcX8=" PayloadSize="61319" Path="FeaturesOnDemand\ko-kr\baseless\Microsoft-Windows-WirelessDisplay-FOD-Package~31bf3856ad364e35~amd64~ko-kr~.psf" PayloadType="ExpressPSF" />
      </Payload>
    </Package>
    <Package ID="Microsoft-Windows-WMI-SNMP-Provider-Client-Package~31bf3856ad364e35~amd64~ko-kr~" InstalledSize="53228" Version="10.0.20348.1">
      <SatelliteInfo>
        <ApplyToInfo>
          <ApplyTo Type="language" Value="ko-KR" />
        </ApplyToInfo>
      </SatelliteInfo>
      <Payload>
        <PayloadItem PayloadHash="wPVZ24bV3dXrCZUJAwLvuR1/dTXCu9WretmvXu0NYFc=" PayloadSize="10589" Path="FeaturesOnDemand\ko-kr\baseless\Microsoft-Windows-WMI-SNMP-Provider-Client-Package~31bf3856ad364e35~amd64~ko-kr~.cab" PayloadType="ExpressCab" />
        <PayloadItem PayloadHash="u2+x3tIsYbj8amwqWzX5CY7SeFYrykd5i65grPfwEr4=" PayloadSize="64665" Path="FeaturesOnDemand\ko-kr\baseless\Microsoft-Windows-WMI-SNMP-Provider-Client-Package~31bf3856ad364e35~amd64~ko-kr~.psf" PayloadType="ExpressPSF" />
      </Payload>
    </Package>
    <Package ID="Microsoft-Windows-WMI-SNMP-Provider-Client-Package~31bf3856ad364e35~wow64~ko-kr~" InstalledSize="53305" Version="10.0.20348.1">
      <SatelliteInfo>
        <ApplyToInfo>
          <ApplyTo Type="arch" Value="wow64" />
          <ApplyTo Type="language" Value="ko-KR" />
        </ApplyToInfo>
      </SatelliteInfo>
      <Payload>
        <PayloadItem PayloadHash="8JwDE8Is22BvtWR4zQd7UG12jO0NwP+OH+tNiXZhPTc=" PayloadSize="10615" Path="FeaturesOnDemand\ko-kr\baseless\Microsoft-Windows-WMI-SNMP-Provider-Client-Package~31bf3856ad364e35~wow64~ko-kr~.cab" PayloadType="ExpressCab" />
        <PayloadItem PayloadHash="QQZ1qVur8Zj20zAKoh++VrH0K7hUZSo23XdefqBTlYE=" PayloadSize="64695" Path="FeaturesOnDemand\ko-kr\baseless\Microsoft-Windows-WMI-SNMP-Provider-Client-Package~31bf3856ad364e35~wow64~ko-kr~.psf" PayloadType="ExpressPSF" />
      </Payload>
    </Package>
    <Package ID="Microsoft-Windows-WordPad-FoD-Package~31bf3856ad364e35~amd64~ko-kr~" InstalledSize="165198" Version="10.0.20348.1">
      <SatelliteInfo>
        <ApplyToInfo>
          <ApplyTo Type="language" Value="ko-KR" />
        </ApplyToInfo>
      </SatelliteInfo>
      <Payload>
        <PayloadItem PayloadHash="Fp9dYOe8VLT06t3WeQF7BJsycT8iH5pxLArVosIL2M8=" PayloadSize="10009" Path="FeaturesOnDemand\ko-kr\baseless\Microsoft-Windows-WordPad-FoD-Package~31bf3856ad364e35~amd64~ko-kr~.cab" PayloadType="ExpressCab" />
        <PayloadItem PayloadHash="nHbE21BC3sI+AAL1BZ3FZrjD/o3UJZ7mryMAWmWxclo=" PayloadSize="61582" Path="FeaturesOnDemand\ko-kr\baseless\Microsoft-Windows-WordPad-FoD-Package~31bf3856ad364e35~amd64~ko-kr~.psf" PayloadType="ExpressPSF" />
      </Payload>
    </Package>
    <Package ID="Microsoft-Windows-WordPad-FoD-Package~31bf3856ad364e35~wow64~ko-kr~" InstalledSize="165247" Version="10.0.20348.1">
      <SatelliteInfo>
        <ApplyToInfo>
          <ApplyTo Type="arch" Value="wow64" />
          <ApplyTo Type="language" Value="ko-KR" />
        </ApplyToInfo>
      </SatelliteInfo>
      <Payload>
        <PayloadItem PayloadHash="FJUySAGyVBdBQ5evnLURl0bedr+MNMLtoE4PmOW4LrU=" PayloadSize="9991" Path="FeaturesOnDemand\ko-kr\baseless\Microsoft-Windows-WordPad-FoD-Package~31bf3856ad364e35~wow64~ko-kr~.cab" PayloadType="ExpressCab" />
        <PayloadItem PayloadHash="XFvUwjyTyJrAqCUx58MYAX4o0tj4NlcdBDV7D9yP4v0=" PayloadSize="61601" Path="FeaturesOnDemand\ko-kr\baseless\Microsoft-Windows-WordPad-FoD-Package~31bf3856ad364e35~wow64~ko-kr~.psf" PayloadType="ExpressPSF" />
      </Payload>
    </Package>
    <Package ID="Microsoft-Windows-WSUS-Tools-FoD-Package~31bf3856ad364e35~amd64~ko-kr~" InstalledSize="2909429" Version="10.0.20348.1">
      <SatelliteInfo>
        <ApplyToInfo>
          <ApplyTo Type="language" Value="ko-KR" />
        </ApplyToInfo>
      </SatelliteInfo>
      <Payload>
        <PayloadItem PayloadHash="e6jdV55DgSKaoGxi4vbMe+pCH3AnoXoS23WvTbQc9/w=" PayloadSize="11145" Path="FeaturesOnDemand\ko-kr\baseless\Microsoft-Windows-WSUS-Tools-FoD-Package~31bf3856ad364e35~amd64~ko-kr~.cab" PayloadType="ExpressCab" />
        <PayloadItem PayloadHash="tUPf2nlR+mUOEkezvb3tDJBOnGBJe85I/4SkKyUBXq8=" PayloadSize="370161" Path="FeaturesOnDemand\ko-kr\baseless\Microsoft-Windows-WSUS-Tools-FoD-Package~31bf3856ad364e35~amd64~ko-kr~.psf" PayloadType="ExpressPSF" />
      </Payload>
    </Package>
  </Packages>
  <ValuePair />
</CompDB>