<?xml version="1.0" encoding="utf-8"?>
<CompDB xmlns:xsi="http://www.w3.org/2001/XMLSchema-instance" xmlns:xsd="http://www.w3.org/2001/XMLSchema" CreatedDate="2021-05-08T14:04:15.2994237Z" Revision="1" SchemaVersion="1.2" Product="Server" BuildID="cba57a24-14e8-e0d9-3b38-ce9d5f1c983e" BuildInfo="fe_release.20348.1.210507-1500" OSVersion="10.0.20348.1" BuildArch="amd64" ReleaseType="Production" Type="Baseless" Name="Baseless~amd64~Server~~sv-se" xmlns="http://schemas.microsoft.com/embedded/2004/10/ImageUpdate">
  <Tags Type="Language">
    <Tag Name="Language" Value="sv-se" />
    <Tag Name="UpdateType" Value="Baseless" />
  </Tags>
  <Features>
    <Feature Type="LanguagePack" FeatureID="Language.UI.Server~sv-se" FMID="MSDL" Group="Microsoft">
      <Packages>
        <Package ID="Microsoft-Windows-Server-LanguagePack-Package_sv-se~31bf3856ad364e35~amd64~sv-se~" PackageType="FeaturePackage" />
      </Packages>
    </Feature>
    <Feature Type="OnDemandFeature" FeatureID="Rsat.AzureStack.HCI.Management.Tools~~1.0" FMID="MSDN" Group="Microsoft">
      <Packages>
        <Package ID="Microsoft-AzureStack-HCI-Management-Tools-FOD-Package~31bf3856ad364e35~amd64~sv-se~" PackageType="SatellitePackage" />
      </Packages>
    </Feature>
    <Feature Type="OnDemandFeature" FeatureID="Microsoft.Onecore.StorageManagement~~1.0" FMID="MSDN" Group="Microsoft">
      <Packages>
        <Package ID="Microsoft-OneCore-StorageManagement-FoD-Package~31bf3856ad364e35~amd64~sv-se~" PackageType="SatellitePackage" />
        <Package ID="Microsoft-OneCore-StorageManagement-FoD-Package~31bf3856ad364e35~wow64~sv-se~" PackageType="SatellitePackage" />
      </Packages>
    </Feature>
    <Feature Type="OnDemandFeature" FeatureID="Rsat.ActiveDirectory.DS-LDS.Tools~~1.0" FMID="MSDN" Group="Microsoft">
      <Dependencies>
        <Feature FeatureID="Rsat.ServerManager.Tools~~1.0" />
      </Dependencies>
      <Packages>
        <Package ID="Microsoft-Windows-ActiveDirectory-DS-LDS-Tools-FoD-Package~31bf3856ad364e35~amd64~sv-se~" PackageType="SatellitePackage" />
        <Package ID="Microsoft-Windows-ActiveDirectory-DS-LDS-Tools-FoD-Package~31bf3856ad364e35~wow64~sv-se~" PackageType="SatellitePackage" />
      </Packages>
    </Feature>
    <Feature Type="OnDemandFeature" FeatureID="Rsat.BitLocker.Recovery.Tools~~1.0" FMID="MSDN" Group="Microsoft">
      <Dependencies>
        <Feature FeatureID="Rsat.ActiveDirectory.DS-LDS.Tools~~1.0" />
      </Dependencies>
      <Packages>
        <Package ID="Microsoft-Windows-BitLocker-Recovery-Tools-FoD-Package~31bf3856ad364e35~amd64~sv-se~" PackageType="SatellitePackage" />
      </Packages>
    </Feature>
    <Feature Type="OnDemandFeature" FeatureID="Rsat.CertificateServices.Tools~~1.0" FMID="MSDN" Group="Microsoft">
      <Packages>
        <Package ID="Microsoft-Windows-CertificateServices-Tools-FoD-Package~31bf3856ad364e35~amd64~sv-se~" PackageType="SatellitePackage" />
      </Packages>
    </Feature>
    <Feature Type="OnDemandFeature" FeatureID="Microsoft.Composition.Test~~1.0" FMID="MSDN" Group="Microsoft">
      <Packages>
        <Package ID="Microsoft-Windows-Composition-Test-FOD-Package~31bf3856ad364e35~amd64~sv-se~" PackageType="SatellitePackage" />
        <Package ID="Microsoft-Windows-Composition-Test-FOD-Package~31bf3856ad364e35~wow64~sv-se~" PackageType="SatellitePackage" />
      </Packages>
    </Feature>
    <Feature Type="OnDemandFeature" FeatureID="Rsat.DHCP.Tools~~1.0" FMID="MSDN" Group="Microsoft">
      <Packages>
        <Package ID="Microsoft-Windows-DHCP-Tools-FoD-Package~31bf3856ad364e35~amd64~sv-se~" PackageType="SatellitePackage" />
        <Package ID="Microsoft-Windows-DHCP-Tools-FoD-Package~31bf3856ad364e35~wow64~sv-se~" PackageType="SatellitePackage" />
      </Packages>
    </Feature>
    <Feature Type="OnDemandFeature" FeatureID="Rsat.Dns.Tools~~1.0" FMID="MSDN" Group="Microsoft">
      <Packages>
        <Package ID="Microsoft-Windows-DNS-Tools-FoD-Package~31bf3856ad364e35~amd64~sv-se~" PackageType="SatellitePackage" />
        <Package ID="Microsoft-Windows-DNS-Tools-FoD-Package~31bf3856ad364e35~wow64~sv-se~" PackageType="SatellitePackage" />
      </Packages>
    </Feature>
    <Feature Type="OnDemandFeature" FeatureID="Windows.Desktop.EMS-SAC.Tools~~1.0" FMID="MSDN" Group="Microsoft">
      <Packages>
        <Package ID="Microsoft-Windows-EMS-SAC-Desktop-Tools-FoD-Package~31bf3856ad364e35~amd64~sv-se~" PackageType="SatellitePackage" />
      </Packages>
    </Feature>
    <Feature Type="OnDemandFeature" FeatureID="Rsat.FailoverCluster.Management.Tools~~1.0" FMID="MSDN" Group="Microsoft">
      <Dependencies>
        <Feature FeatureID="Rsat.FileServices.Tools~~1.0" />
      </Dependencies>
      <Packages>
        <Package ID="Microsoft-Windows-FailoverCluster-Management-Tools-FOD-Package~31bf3856ad364e35~amd64~sv-se~" PackageType="SatellitePackage" />
        <Package ID="Microsoft-Windows-FailoverCluster-Management-Tools-FOD-Package~31bf3856ad364e35~wow64~sv-se~" PackageType="SatellitePackage" />
      </Packages>
    </Feature>
    <Feature Type="OnDemandFeature" FeatureID="Rsat.FileServices.Tools~~1.0" FMID="MSDN" Group="Microsoft">
      <Dependencies>
        <Feature FeatureID="Rsat.ServerManager.Tools~~1.0" />
      </Dependencies>
      <Packages>
        <Package ID="Microsoft-Windows-FileServices-Tools-FoD-Package~31bf3856ad364e35~amd64~sv-se~" PackageType="SatellitePackage" />
        <Package ID="Microsoft-Windows-FileServices-Tools-FoD-Package~31bf3856ad364e35~wow64~sv-se~" PackageType="SatellitePackage" />
      </Packages>
    </Feature>
    <Feature Type="OnDemandFeature" FeatureID="Rsat.GroupPolicy.Management.Tools~~1.0" FMID="MSDN" Group="Microsoft">
      <Packages>
        <Package ID="Microsoft-Windows-GroupPolicy-Management-Tools-FoD-Package~31bf3856ad364e35~amd64~sv-se~" PackageType="SatellitePackage" />
        <Package ID="Microsoft-Windows-GroupPolicy-Management-Tools-FoD-Package~31bf3856ad364e35~wow64~sv-se~" PackageType="SatellitePackage" />
      </Packages>
    </Feature>
    <Feature Type="OnDemandFeature" FeatureID="Rsat.IPAM.Client.Tools~~1.0" FMID="MSDN" Group="Microsoft">
      <Dependencies>
        <Feature FeatureID="Rsat.ServerManager.Tools~~1.0" />
      </Dependencies>
      <Packages>
        <Package ID="Microsoft-Windows-IPAM-Client-FoD-Package~31bf3856ad364e35~amd64~sv-se~" PackageType="SatellitePackage" />
        <Package ID="Microsoft-Windows-IPAM-Client-FoD-Package~31bf3856ad364e35~wow64~sv-se~" PackageType="SatellitePackage" />
      </Packages>
    </Feature>
    <Feature Type="OnDemandFeature" FeatureID="Network.Irda~~1.0" FMID="MSDN" Group="Microsoft">
      <Packages>
        <Package ID="Microsoft-Windows-IRDA-Package~31bf3856ad364e35~amd64~sv-se~" PackageType="SatellitePackage" />
        <Package ID="Microsoft-Windows-IRDA-Package~31bf3856ad364e35~wow64~sv-se~" PackageType="SatellitePackage" />
      </Packages>
    </Feature>
    <Feature Type="OnDemandFeature" FeatureID="Media.MediaFeaturePack~~1.0" FMID="MSDN" Group="Microsoft">
      <Packages>
        <Package ID="Microsoft-Windows-Media-Features-Package~31bf3856ad364e35~amd64~sv-se~" PackageType="SatellitePackage" />
        <Package ID="Microsoft-Windows-Media-Features-Package~31bf3856ad364e35~wow64~sv-se~" PackageType="SatellitePackage" />
      </Packages>
    </Feature>
    <Feature Type="OnDemandFeature" FeatureID="Microsoft.Windows.MSPaint~~1.0" FMID="MSDN" Group="Microsoft">
      <Packages>
        <Package ID="Microsoft-Windows-MSPaint-FoD-Package~31bf3856ad364e35~amd64~sv-se~" PackageType="SatellitePackage" />
        <Package ID="Microsoft-Windows-MSPaint-FoD-Package~31bf3856ad364e35~wow64~sv-se~" PackageType="SatellitePackage" />
      </Packages>
    </Feature>
    <Feature Type="OnDemandFeature" FeatureID="Rsat.NetworkController.Tools~~1.0" FMID="MSDN" Group="Microsoft">
      <Packages>
        <Package ID="Microsoft-Windows-NetworkController-Tools-FoD-Package~31bf3856ad364e35~amd64~sv-se~" PackageType="SatellitePackage" />
      </Packages>
    </Feature>
    <Feature Type="OnDemandFeature" FeatureID="Rsat.NetworkLoadBalancing.Tools~~1.0" FMID="MSDN" Group="Microsoft">
      <Packages>
        <Package ID="Microsoft-Windows-NetworkLoadBalancing-Tools-FoD-Package~31bf3856ad364e35~amd64~sv-se~" PackageType="SatellitePackage" />
      </Packages>
    </Feature>
    <Feature Type="OnDemandFeature" FeatureID="Microsoft.Windows.Notepad~~1.0" FMID="MSDN" Group="Microsoft">
      <Packages>
        <Package ID="Microsoft-Windows-Notepad-FoD-Package~31bf3856ad364e35~amd64~sv-se~" PackageType="SatellitePackage" />
        <Package ID="Microsoft-Windows-Notepad-FoD-Package~31bf3856ad364e35~wow64~sv-se~" PackageType="SatellitePackage" />
      </Packages>
    </Feature>
    <Feature Type="OnDemandFeature" FeatureID="Microsoft.Windows.PowerShell.ISE~~1.0" FMID="MSDN" Group="Microsoft">
      <Packages>
        <Package ID="Microsoft-Windows-PowerShell-ISE-FOD-Package~31bf3856ad364e35~amd64~sv-se~" PackageType="SatellitePackage" />
        <Package ID="Microsoft-Windows-PowerShell-ISE-FOD-Package~31bf3856ad364e35~wow64~sv-se~" PackageType="SatellitePackage" />
      </Packages>
    </Feature>
    <Feature Type="OnDemandFeature" FeatureID="Print.Management.Console~~1.0" FMID="MSDN" Group="Microsoft">
      <Packages>
        <Package ID="Microsoft-Windows-Printing-PMCPPC-FoD-Package~31bf3856ad364e35~amd64~sv-se~" PackageType="SatellitePackage" />
      </Packages>
    </Feature>
    <Feature Type="OnDemandFeature" FeatureID="Print.Fax.Scan~~1.0" FMID="MSDN" Group="Microsoft">
      <Packages>
        <Package ID="Microsoft-Windows-Printing-WFS-FoD-Package~31bf3856ad364e35~amd64~sv-se~" PackageType="SatellitePackage" />
      </Packages>
    </Feature>
    <Feature Type="OnDemandFeature" FeatureID="RasCMAK.Client~~1.0" FMID="MSDN" Group="Microsoft">
      <Packages>
        <Package ID="Microsoft-Windows-RasCMAK-Client-Package~31bf3856ad364e35~amd64~sv-se~" PackageType="SatellitePackage" />
        <Package ID="Microsoft-Windows-RasCMAK-Client-Package~31bf3856ad364e35~wow64~sv-se~" PackageType="SatellitePackage" />
      </Packages>
    </Feature>
    <Feature Type="OnDemandFeature" FeatureID="RIP.Listener~~1.0" FMID="MSDN" Group="Microsoft">
      <Packages>
        <Package ID="Microsoft-Windows-RasRip-Package~31bf3856ad364e35~amd64~sv-se~" PackageType="SatellitePackage" />
      </Packages>
    </Feature>
    <Feature Type="OnDemandFeature" FeatureID="Rsat.RemoteAccess.Management.Tools~~1.0" FMID="MSDN" Group="Microsoft">
      <Dependencies>
        <Feature FeatureID="Rsat.GroupPolicy.Management.Tools~~1.0" />
        <Feature FeatureID="Rsat.ServerManager.Tools~~1.0" />
      </Dependencies>
      <Packages>
        <Package ID="Microsoft-Windows-RemoteAccess-Management-Tools-FoD-Package~31bf3856ad364e35~amd64~sv-se~" PackageType="SatellitePackage" />
        <Package ID="Microsoft-Windows-RemoteAccess-Management-Tools-FoD-Package~31bf3856ad364e35~wow64~sv-se~" PackageType="SatellitePackage" />
      </Packages>
    </Feature>
    <Feature Type="OnDemandFeature" FeatureID="Rsat.RemoteDesktop.Services.Tools~~1.0" FMID="MSDN" Group="Microsoft">
      <Packages>
        <Package ID="Microsoft-Windows-RemoteDesktop-Services-Tools-FoD-Package~31bf3856ad364e35~amd64~sv-se~" PackageType="SatellitePackage" />
      </Packages>
    </Feature>
    <Feature Type="OnDemandFeature" FeatureID="ServerCore.AppCompatibility~~1.0" FMID="MSDN" Group="Microsoft">
      <Packages>
        <Package ID="Microsoft-Windows-Server-AppCompat-FoD-Package~31bf3856ad364e35~amd64~sv-se~" PackageType="SatellitePackage" />
      </Packages>
    </Feature>
    <Feature Type="OnDemandFeature" FeatureID="Rsat.ServerManager.Tools~~1.0" FMID="MSDN" Group="Microsoft">
      <Packages>
        <Package ID="Microsoft-Windows-ServerManager-Tools-FoD-Package~31bf3856ad364e35~amd64~sv-se~" PackageType="SatellitePackage" />
        <Package ID="Microsoft-Windows-ServerManager-Tools-FoD-Package~31bf3856ad364e35~wow64~sv-se~" PackageType="SatellitePackage" />
      </Packages>
    </Feature>
    <Feature Type="OnDemandFeature" FeatureID="Rsat.Shielded.VM.Tools~~1.0" FMID="MSDN" Group="Microsoft">
      <Dependencies>
        <Feature FeatureID="Rsat.ServerManager.Tools~~1.0" />
      </Dependencies>
      <Packages>
        <Package ID="Microsoft-Windows-Shielded-VM-Tools-FoD-Package~31bf3856ad364e35~amd64~sv-se~" PackageType="SatellitePackage" />
      </Packages>
    </Feature>
    <Feature Type="OnDemandFeature" FeatureID="SNMP.Client~~1.0" FMID="MSDN" Group="Microsoft">
      <Packages>
        <Package ID="Microsoft-Windows-SNMP-Client-Package~31bf3856ad364e35~amd64~sv-se~" PackageType="SatellitePackage" />
        <Package ID="Microsoft-Windows-SNMP-Client-Package~31bf3856ad364e35~wow64~sv-se~" PackageType="SatellitePackage" />
      </Packages>
    </Feature>
    <Feature Type="OnDemandFeature" FeatureID="App.StepsRecorder~~1.0" FMID="MSDN" Group="Microsoft">
      <Packages>
        <Package ID="Microsoft-Windows-StepsRecorder-Package~31bf3856ad364e35~amd64~sv-se~" PackageType="SatellitePackage" />
        <Package ID="Microsoft-Windows-StepsRecorder-Package~31bf3856ad364e35~wow64~sv-se~" PackageType="SatellitePackage" />
      </Packages>
    </Feature>
    <Feature Type="OnDemandFeature" FeatureID="Microsoft.Windows.StorageManagement~~1.0" FMID="MSDN" Group="Microsoft">
      <Packages>
        <Package ID="Microsoft-Windows-StorageManagement-FoD-Package~31bf3856ad364e35~amd64~sv-se~" PackageType="SatellitePackage" />
        <Package ID="Microsoft-Windows-StorageManagement-FoD-Package~31bf3856ad364e35~wow64~sv-se~" PackageType="SatellitePackage" />
      </Packages>
    </Feature>
    <Feature Type="OnDemandFeature" FeatureID="Rsat.StorageMigrationService.Management.Tools~~1.0" FMID="MSDN" Group="Microsoft">
      <Packages>
        <Package ID="Microsoft-Windows-StorageMigrationService-Management-Tools-FOD-Package~31bf3856ad364e35~amd64~sv-se~" PackageType="SatellitePackage" />
      </Packages>
    </Feature>
    <Feature Type="OnDemandFeature" FeatureID="Rsat.StorageReplica.Tools~~1.0" FMID="MSDN" Group="Microsoft">
      <Packages>
        <Package ID="Microsoft-Windows-StorageReplica-Tools-FoD-Package~31bf3856ad364e35~amd64~sv-se~" PackageType="SatellitePackage" />
      </Packages>
    </Feature>
    <Feature Type="OnDemandFeature" FeatureID="Rsat.SystemInsights.Management.Tools~~1.0" FMID="MSDN" Group="Microsoft">
      <Packages>
        <Package ID="Microsoft-Windows-SystemInsights-Management-Tools-FOD-Package~31bf3856ad364e35~amd64~sv-se~" PackageType="SatellitePackage" />
      </Packages>
    </Feature>
    <Feature Type="OnDemandFeature" FeatureID="Rsat.VolumeActivation.Tools~~1.0" FMID="MSDN" Group="Microsoft">
      <Packages>
        <Package ID="Microsoft-Windows-VolumeActivation-Tools-FoD-Package~31bf3856ad364e35~amd64~sv-se~" PackageType="SatellitePackage" />
      </Packages>
    </Feature>
    <Feature Type="OnDemandFeature" FeatureID="App.WirelessDisplay.Connect~~1.0" FMID="MSDN" Group="Microsoft">
      <Packages>
        <Package ID="Microsoft-Windows-WirelessDisplay-FOD-Package~31bf3856ad364e35~amd64~sv-se~" PackageType="SatellitePackage" />
      </Packages>
    </Feature>
    <Feature Type="OnDemandFeature" FeatureID="WMI-SNMP-Provider.Client~~1.0" FMID="MSDN" Group="Microsoft">
      <Dependencies>
        <Feature FeatureID="SNMP.Client~~1.0" />
      </Dependencies>
      <Packages>
        <Package ID="Microsoft-Windows-WMI-SNMP-Provider-Client-Package~31bf3856ad364e35~amd64~sv-se~" PackageType="SatellitePackage" />
        <Package ID="Microsoft-Windows-WMI-SNMP-Provider-Client-Package~31bf3856ad364e35~wow64~sv-se~" PackageType="SatellitePackage" />
      </Packages>
    </Feature>
    <Feature Type="OnDemandFeature" FeatureID="Microsoft.Windows.WordPad~~1.0" FMID="MSDN" Group="Microsoft">
      <Packages>
        <Package ID="Microsoft-Windows-WordPad-FoD-Package~31bf3856ad364e35~amd64~sv-se~" PackageType="SatellitePackage" />
        <Package ID="Microsoft-Windows-WordPad-FoD-Package~31bf3856ad364e35~wow64~sv-se~" PackageType="SatellitePackage" />
      </Packages>
    </Feature>
    <Feature Type="OnDemandFeature" FeatureID="Rsat.WSUS.Tools~~1.0" FMID="MSDN" Group="Microsoft">
      <Packages>
        <Package ID="Microsoft-Windows-WSUS-Tools-FoD-Package~31bf3856ad364e35~amd64~sv-se~" PackageType="SatellitePackage" />
      </Packages>
    </Feature>
  </Features>
  <Packages>
    <Package ID="Microsoft-Windows-Server-LanguagePack-Package_sv-se~31bf3856ad364e35~amd64~sv-se~" InstalledSize="311412481" Version="10.0.20348.1">
      <SatelliteInfo>
        <DeclareInfo>
          <Declare Type="language" Value="sv-SE" />
        </DeclareInfo>
      </SatelliteInfo>
      <Payload>
        <PayloadItem PayloadHash="v79OdDVvx49JlNfLVt1A5+cZloh0Y/Ns//FjfJdKHZQ=" PayloadSize="1166247" Path="UUP\Desktop\editionpackages\sv-se\Server\baseless\Microsoft-Windows-Server-LanguagePack-Package_sv-se~31bf3856ad364e35~amd64~sv-se~.cab" PayloadType="ExpressCab" />
        <PayloadItem PayloadHash="PAZL1dijN6cNKkfQZUGKUQEVX7PMUzXE9dT5lyk3+iY=" PayloadSize="62979569" Path="UUP\Desktop\editionpackages\sv-se\Server\baseless\Microsoft-Windows-Server-LanguagePack-Package_sv-se~31bf3856ad364e35~amd64~sv-se~.psf" PayloadType="ExpressPSF" />
      </Payload>
    </Package>
    <Package ID="Microsoft-AzureStack-HCI-Management-Tools-FOD-Package~31bf3856ad364e35~amd64~sv-se~" InstalledSize="33268" Version="10.0.20348.1">
      <SatelliteInfo>
        <ApplyToInfo>
          <ApplyTo Type="language" Value="sv-SE" />
        </ApplyToInfo>
      </SatelliteInfo>
      <Payload>
        <PayloadItem PayloadHash="RSegHZRk2R2kXduUWJGEGgDzmKrarzoMTNKNEWSRfr4=" PayloadSize="10275" Path="FeaturesOnDemand\sv-se\baseless\Microsoft-AzureStack-HCI-Management-Tools-FOD-Package~31bf3856ad364e35~amd64~sv-se~.cab" PayloadType="ExpressCab" />
        <PayloadItem PayloadHash="eFMxTsX1b8vA7u8GBjTX6+JLVKyFgWn3QK6BUwmLEQk=" PayloadSize="60198" Path="FeaturesOnDemand\sv-se\baseless\Microsoft-AzureStack-HCI-Management-Tools-FOD-Package~31bf3856ad364e35~amd64~sv-se~.psf" PayloadType="ExpressPSF" />
      </Payload>
    </Package>
    <Package ID="Microsoft-OneCore-StorageManagement-FoD-Package~31bf3856ad364e35~amd64~sv-se~" InstalledSize="1988476" Version="10.0.20348.1">
      <SatelliteInfo>
        <ApplyToInfo>
          <ApplyTo Type="language" Value="sv-SE" />
        </ApplyToInfo>
      </SatelliteInfo>
      <Payload>
        <PayloadItem PayloadHash="dt8jmwJJpZy2TrvLDjOT4tieJ6t25kxSj74+w6K7qRs=" PayloadSize="11393" Path="FeaturesOnDemand\sv-se\baseless\Microsoft-OneCore-StorageManagement-FoD-Package~31bf3856ad364e35~amd64~sv-se~.cab" PayloadType="ExpressCab" />
        <PayloadItem PayloadHash="hCIrLG99EdF/z7FkuUv9d/j/XxgnJK5YaiyC/lMQhC0=" PayloadSize="184956" Path="FeaturesOnDemand\sv-se\baseless\Microsoft-OneCore-StorageManagement-FoD-Package~31bf3856ad364e35~amd64~sv-se~.psf" PayloadType="ExpressPSF" />
      </Payload>
    </Package>
    <Package ID="Microsoft-OneCore-StorageManagement-FoD-Package~31bf3856ad364e35~wow64~sv-se~" InstalledSize="1081696" Version="10.0.20348.1">
      <SatelliteInfo>
        <ApplyToInfo>
          <ApplyTo Type="arch" Value="wow64" />
          <ApplyTo Type="language" Value="sv-SE" />
        </ApplyToInfo>
      </SatelliteInfo>
      <Payload>
        <PayloadItem PayloadHash="aXlUjBNadE3dDcL4ycgxTKcXFqVh0X1p4fJ2auSvtc4=" PayloadSize="10427" Path="FeaturesOnDemand\sv-se\baseless\Microsoft-OneCore-StorageManagement-FoD-Package~31bf3856ad364e35~wow64~sv-se~.cab" PayloadType="ExpressCab" />
        <PayloadItem PayloadHash="0whAk5JNNKM6KuS2++XHbeRIVxB+1cbNwR+e22j4SVQ=" PayloadSize="107737" Path="FeaturesOnDemand\sv-se\baseless\Microsoft-OneCore-StorageManagement-FoD-Package~31bf3856ad364e35~wow64~sv-se~.psf" PayloadType="ExpressPSF" />
      </Payload>
    </Package>
    <Package ID="Microsoft-Windows-ActiveDirectory-DS-LDS-Tools-FoD-Package~31bf3856ad364e35~amd64~sv-se~" InstalledSize="5652898" Version="10.0.20348.1">
      <SatelliteInfo>
        <ApplyToInfo>
          <ApplyTo Type="language" Value="sv-SE" />
        </ApplyToInfo>
      </SatelliteInfo>
      <Payload>
        <PayloadItem PayloadHash="fQUCa2RFox0WJIiFSgCZd527du4ElpA6NWBAxaCwnsk=" PayloadSize="17481" Path="FeaturesOnDemand\sv-se\baseless\Microsoft-Windows-ActiveDirectory-DS-LDS-Tools-FoD-Package~31bf3856ad364e35~amd64~sv-se~.cab" PayloadType="ExpressCab" />
        <PayloadItem PayloadHash="V2ZLR4YzAv9Uh9XJvqBfcENgN8n65u65Tkh5BVKcvoY=" PayloadSize="913267" Path="FeaturesOnDemand\sv-se\baseless\Microsoft-Windows-ActiveDirectory-DS-LDS-Tools-FoD-Package~31bf3856ad364e35~amd64~sv-se~.psf" PayloadType="ExpressPSF" />
      </Payload>
    </Package>
    <Package ID="Microsoft-Windows-ActiveDirectory-DS-LDS-Tools-FoD-Package~31bf3856ad364e35~wow64~sv-se~" InstalledSize="794444" Version="10.0.20348.1">
      <SatelliteInfo>
        <ApplyToInfo>
          <ApplyTo Type="arch" Value="wow64" />
          <ApplyTo Type="language" Value="sv-SE" />
        </ApplyToInfo>
      </SatelliteInfo>
      <Payload>
        <PayloadItem PayloadHash="JXIeBK3TD7cYQo9PT7Z5YE+juIG8egMU7ttKxArs/yc=" PayloadSize="11231" Path="FeaturesOnDemand\sv-se\baseless\Microsoft-Windows-ActiveDirectory-DS-LDS-Tools-FoD-Package~31bf3856ad364e35~wow64~sv-se~.cab" PayloadType="ExpressCab" />
        <PayloadItem PayloadHash="zLVoQ/wj/Y0/iIbaku4ynoUZi/zHi1Y9jFrwOWTUvmQ=" PayloadSize="151645" Path="FeaturesOnDemand\sv-se\baseless\Microsoft-Windows-ActiveDirectory-DS-LDS-Tools-FoD-Package~31bf3856ad364e35~wow64~sv-se~.psf" PayloadType="ExpressPSF" />
      </Payload>
    </Package>
    <Package ID="Microsoft-Windows-BitLocker-Recovery-Tools-FoD-Package~31bf3856ad364e35~amd64~sv-se~" InstalledSize="32664" Version="10.0.20348.1">
      <SatelliteInfo>
        <ApplyToInfo>
          <ApplyTo Type="language" Value="sv-SE" />
        </ApplyToInfo>
      </SatelliteInfo>
      <Payload>
        <PayloadItem PayloadHash="tw6rfPZM4g8t4E3iyYVuJ7KBLyuD0Xdz2ixGr8KAsug=" PayloadSize="10285" Path="FeaturesOnDemand\sv-se\baseless\Microsoft-Windows-BitLocker-Recovery-Tools-FoD-Package~31bf3856ad364e35~amd64~sv-se~.cab" PayloadType="ExpressCab" />
        <PayloadItem PayloadHash="K83MXY389OclCOvyaK+C3o96XvkpnPLpQlkUugsIMq4=" PayloadSize="58709" Path="FeaturesOnDemand\sv-se\baseless\Microsoft-Windows-BitLocker-Recovery-Tools-FoD-Package~31bf3856ad364e35~amd64~sv-se~.psf" PayloadType="ExpressPSF" />
      </Payload>
    </Package>
    <Package ID="Microsoft-Windows-CertificateServices-Tools-FoD-Package~31bf3856ad364e35~amd64~sv-se~" InstalledSize="1017593" Version="10.0.20348.1">
      <SatelliteInfo>
        <ApplyToInfo>
          <ApplyTo Type="language" Value="sv-SE" />
        </ApplyToInfo>
      </SatelliteInfo>
      <Payload>
        <PayloadItem PayloadHash="PKIp3M7u8eMIsUEO2/tyXj86CLnrFu3CDJp+q2bPqPs=" PayloadSize="12173" Path="FeaturesOnDemand\sv-se\baseless\Microsoft-Windows-CertificateServices-Tools-FoD-Package~31bf3856ad364e35~amd64~sv-se~.cab" PayloadType="ExpressCab" />
        <PayloadItem PayloadHash="EvyyJVcP639dNx3gS/vdohWM1qNomXKzoBsQJqzzFZo=" PayloadSize="193346" Path="FeaturesOnDemand\sv-se\baseless\Microsoft-Windows-CertificateServices-Tools-FoD-Package~31bf3856ad364e35~amd64~sv-se~.psf" PayloadType="ExpressPSF" />
      </Payload>
    </Package>
    <Package ID="Microsoft-Windows-Composition-Test-FOD-Package~31bf3856ad364e35~amd64~sv-se~" InstalledSize="21122" Version="10.0.20348.1">
      <SatelliteInfo>
        <ApplyToInfo>
          <ApplyTo Type="language" Value="sv-SE" />
        </ApplyToInfo>
      </SatelliteInfo>
      <Payload>
        <PayloadItem PayloadHash="4ME4+3sBg46aOCue6yPmDv8MajA1mQZyIiJFgixOGu8=" PayloadSize="10015" Path="FeaturesOnDemand\sv-se\baseless\Microsoft-Windows-Composition-Test-FOD-Package~31bf3856ad364e35~amd64~sv-se~.cab" PayloadType="ExpressCab" />
        <PayloadItem PayloadHash="k1WStjkS6Xy2pye5/WegCv2lt+HhB7HmZtXWpQAhASM=" PayloadSize="55281" Path="FeaturesOnDemand\sv-se\baseless\Microsoft-Windows-Composition-Test-FOD-Package~31bf3856ad364e35~amd64~sv-se~.psf" PayloadType="ExpressPSF" />
      </Payload>
    </Package>
    <Package ID="Microsoft-Windows-Composition-Test-FOD-Package~31bf3856ad364e35~wow64~sv-se~" InstalledSize="21244" Version="10.0.20348.1">
      <SatelliteInfo>
        <ApplyToInfo>
          <ApplyTo Type="arch" Value="wow64" />
          <ApplyTo Type="language" Value="sv-SE" />
        </ApplyToInfo>
      </SatelliteInfo>
      <Payload>
        <PayloadItem PayloadHash="JAyTpT8Dq388NE9H5o0bbYV+b1t8eKWerDf+Ba0pDxc=" PayloadSize="10021" Path="FeaturesOnDemand\sv-se\baseless\Microsoft-Windows-Composition-Test-FOD-Package~31bf3856ad364e35~wow64~sv-se~.cab" PayloadType="ExpressCab" />
        <PayloadItem PayloadHash="kAl4Vj/3g10b0kaOWIw+Jp7X689joCpdDWOqUDAazSs=" PayloadSize="55287" Path="FeaturesOnDemand\sv-se\baseless\Microsoft-Windows-Composition-Test-FOD-Package~31bf3856ad364e35~wow64~sv-se~.psf" PayloadType="ExpressPSF" />
      </Payload>
    </Package>
    <Package ID="Microsoft-Windows-DHCP-Tools-FoD-Package~31bf3856ad364e35~amd64~sv-se~" InstalledSize="1785226" Version="10.0.20348.1">
      <SatelliteInfo>
        <ApplyToInfo>
          <ApplyTo Type="language" Value="sv-SE" />
        </ApplyToInfo>
      </SatelliteInfo>
      <Payload>
        <PayloadItem PayloadHash="o5hzi0THAZchv59ac5roFdrtxhjUgHns+WYWdD9w69Q=" PayloadSize="11143" Path="FeaturesOnDemand\sv-se\baseless\Microsoft-Windows-DHCP-Tools-FoD-Package~31bf3856ad364e35~amd64~sv-se~.cab" PayloadType="ExpressCab" />
        <PayloadItem PayloadHash="w2k+8Cr4Sd+M5fNQpVZf6XU0tMoUgcVr/CVm4WjNJXM=" PayloadSize="197647" Path="FeaturesOnDemand\sv-se\baseless\Microsoft-Windows-DHCP-Tools-FoD-Package~31bf3856ad364e35~amd64~sv-se~.psf" PayloadType="ExpressPSF" />
      </Payload>
    </Package>
    <Package ID="Microsoft-Windows-DHCP-Tools-FoD-Package~31bf3856ad364e35~wow64~sv-se~" InstalledSize="459936" Version="10.0.20348.1">
      <SatelliteInfo>
        <ApplyToInfo>
          <ApplyTo Type="arch" Value="wow64" />
          <ApplyTo Type="language" Value="sv-SE" />
        </ApplyToInfo>
      </SatelliteInfo>
      <Payload>
        <PayloadItem PayloadHash="JEOyW9cjoNpwfUv5sik5Iyy07TNO2AfV/I9UNKtYXik=" PayloadSize="10233" Path="FeaturesOnDemand\sv-se\baseless\Microsoft-Windows-DHCP-Tools-FoD-Package~31bf3856ad364e35~wow64~sv-se~.cab" PayloadType="ExpressCab" />
        <PayloadItem PayloadHash="nn4Hp/3aUeaa898J8mip1cBx4/t2PrV/bfEDaSDZkWQ=" PayloadSize="86257" Path="FeaturesOnDemand\sv-se\baseless\Microsoft-Windows-DHCP-Tools-FoD-Package~31bf3856ad364e35~wow64~sv-se~.psf" PayloadType="ExpressPSF" />
      </Payload>
    </Package>
    <Package ID="Microsoft-Windows-DNS-Tools-FoD-Package~31bf3856ad364e35~amd64~sv-se~" InstalledSize="1871725" Version="10.0.20348.1">
      <SatelliteInfo>
        <ApplyToInfo>
          <ApplyTo Type="language" Value="sv-SE" />
        </ApplyToInfo>
      </SatelliteInfo>
      <Payload>
        <PayloadItem PayloadHash="TBtJOmuYqErBj6ix279143C4HaoQDkyDKEw0O1wz/Dw=" PayloadSize="10959" Path="FeaturesOnDemand\sv-se\baseless\Microsoft-Windows-DNS-Tools-FoD-Package~31bf3856ad364e35~amd64~sv-se~.cab" PayloadType="ExpressCab" />
        <PayloadItem PayloadHash="xSc4G1PWwQYeN4HZ4ZBE/2kQpWrP22wnWf6SdyQJkg4=" PayloadSize="220619" Path="FeaturesOnDemand\sv-se\baseless\Microsoft-Windows-DNS-Tools-FoD-Package~31bf3856ad364e35~amd64~sv-se~.psf" PayloadType="ExpressPSF" />
      </Payload>
    </Package>
    <Package ID="Microsoft-Windows-DNS-Tools-FoD-Package~31bf3856ad364e35~wow64~sv-se~" InstalledSize="12279" Version="10.0.20348.1">
      <SatelliteInfo>
        <ApplyToInfo>
          <ApplyTo Type="arch" Value="wow64" />
          <ApplyTo Type="language" Value="sv-SE" />
        </ApplyToInfo>
      </SatelliteInfo>
      <Payload>
        <PayloadItem PayloadHash="fq2+hNC3PRNks4eRysJW2vqk2kJktFP4r3a1MuYhamE=" PayloadSize="9879" Path="FeaturesOnDemand\sv-se\baseless\Microsoft-Windows-DNS-Tools-FoD-Package~31bf3856ad364e35~wow64~sv-se~.cab" PayloadType="ExpressCab" />
        <PayloadItem PayloadHash="J06mjGqDuHx3+5CrzJa4R6pCgoZz3eFVnwSCJjUIUxg=" PayloadSize="49673" Path="FeaturesOnDemand\sv-se\baseless\Microsoft-Windows-DNS-Tools-FoD-Package~31bf3856ad364e35~wow64~sv-se~.psf" PayloadType="ExpressPSF" />
      </Payload>
    </Package>
    <Package ID="Microsoft-Windows-EMS-SAC-Desktop-Tools-FoD-Package~31bf3856ad364e35~amd64~sv-se~" InstalledSize="50157" Version="10.0.20348.1">
      <SatelliteInfo>
        <ApplyToInfo>
          <ApplyTo Type="language" Value="sv-SE" />
        </ApplyToInfo>
      </SatelliteInfo>
      <Payload>
        <PayloadItem PayloadHash="z0RL9LN5cdUXyJV1OBMwbk3oN1C8CgCIPJQmZR5U9bM=" PayloadSize="10511" Path="FeaturesOnDemand\sv-se\baseless\Microsoft-Windows-EMS-SAC-Desktop-Tools-FoD-Package~31bf3856ad364e35~amd64~sv-se~.cab" PayloadType="ExpressCab" />
        <PayloadItem PayloadHash="vb/IjxNX+aeAoBrRY2CRxQaEYbhj1hv6lbYmTtw1jlM=" PayloadSize="63825" Path="FeaturesOnDemand\sv-se\baseless\Microsoft-Windows-EMS-SAC-Desktop-Tools-FoD-Package~31bf3856ad364e35~amd64~sv-se~.psf" PayloadType="ExpressPSF" />
      </Payload>
    </Package>
    <Package ID="Microsoft-Windows-FailoverCluster-Management-Tools-FOD-Package~31bf3856ad364e35~amd64~sv-se~" InstalledSize="8922983" Version="10.0.20348.1">
      <SatelliteInfo>
        <ApplyToInfo>
          <ApplyTo Type="language" Value="sv-SE" />
        </ApplyToInfo>
      </SatelliteInfo>
      <Payload>
        <PayloadItem PayloadHash="tKb6DDH/ftbG2uWhKFyN+qaZVJAjO6EGh/5C2FecqX4=" PayloadSize="16563" Path="FeaturesOnDemand\sv-se\baseless\Microsoft-Windows-FailoverCluster-Management-Tools-FOD-Package~31bf3856ad364e35~amd64~sv-se~.cab" PayloadType="ExpressCab" />
        <PayloadItem PayloadHash="Shm8zRImO+58WiGuiMmtySevaf3MewxE94yjKhqG2P4=" PayloadSize="2440621" Path="FeaturesOnDemand\sv-se\baseless\Microsoft-Windows-FailoverCluster-Management-Tools-FOD-Package~31bf3856ad364e35~amd64~sv-se~.psf" PayloadType="ExpressPSF" />
      </Payload>
    </Package>
    <Package ID="Microsoft-Windows-FailoverCluster-Management-Tools-FOD-Package~31bf3856ad364e35~wow64~sv-se~" InstalledSize="62462" Version="10.0.20348.1">
      <SatelliteInfo>
        <ApplyToInfo>
          <ApplyTo Type="arch" Value="wow64" />
          <ApplyTo Type="language" Value="sv-SE" />
        </ApplyToInfo>
      </SatelliteInfo>
      <Payload>
        <PayloadItem PayloadHash="1WlE+if7Z73o9S7r4bl243eSE3ae4rb874IUWjggvGQ=" PayloadSize="10951" Path="FeaturesOnDemand\sv-se\baseless\Microsoft-Windows-FailoverCluster-Management-Tools-FOD-Package~31bf3856ad364e35~wow64~sv-se~.cab" PayloadType="ExpressCab" />
        <PayloadItem PayloadHash="cG222iH73mp/51zwVKUEuqM5i9Urj/qMQQlVea2O2pw=" PayloadSize="70542" Path="FeaturesOnDemand\sv-se\baseless\Microsoft-Windows-FailoverCluster-Management-Tools-FOD-Package~31bf3856ad364e35~wow64~sv-se~.psf" PayloadType="ExpressPSF" />
      </Payload>
    </Package>
    <Package ID="Microsoft-Windows-FileServices-Tools-FoD-Package~31bf3856ad364e35~amd64~sv-se~" InstalledSize="4121924" Version="10.0.20348.1">
      <SatelliteInfo>
        <ApplyToInfo>
          <ApplyTo Type="language" Value="sv-SE" />
        </ApplyToInfo>
      </SatelliteInfo>
      <Payload>
        <PayloadItem PayloadHash="lPejSdTlIERVll3cbPqdYvkQ5xdYNww0Tp5KtMLY+8I=" PayloadSize="14791" Path="FeaturesOnDemand\sv-se\baseless\Microsoft-Windows-FileServices-Tools-FoD-Package~31bf3856ad364e35~amd64~sv-se~.cab" PayloadType="ExpressCab" />
        <PayloadItem PayloadHash="Hw2zGx8QlmQ0COfS5VVD+4ZESKZByKuN3BYOVI2uDJw=" PayloadSize="604657" Path="FeaturesOnDemand\sv-se\baseless\Microsoft-Windows-FileServices-Tools-FoD-Package~31bf3856ad364e35~amd64~sv-se~.psf" PayloadType="ExpressPSF" />
      </Payload>
    </Package>
    <Package ID="Microsoft-Windows-FileServices-Tools-FoD-Package~31bf3856ad364e35~wow64~sv-se~" InstalledSize="174091" Version="10.0.20348.1">
      <SatelliteInfo>
        <ApplyToInfo>
          <ApplyTo Type="arch" Value="wow64" />
          <ApplyTo Type="language" Value="sv-SE" />
        </ApplyToInfo>
      </SatelliteInfo>
      <Payload>
        <PayloadItem PayloadHash="L5q+3I02QXMfxdIYh3cAUlos/OnRM6DwrTVSjH4KoVA=" PayloadSize="10589" Path="FeaturesOnDemand\sv-se\baseless\Microsoft-Windows-FileServices-Tools-FoD-Package~31bf3856ad364e35~wow64~sv-se~.cab" PayloadType="ExpressCab" />
        <PayloadItem PayloadHash="vrc5Nm7KbLUIsJLLUXh+qiPs/cyW5LY3td2LuNaM64s=" PayloadSize="77136" Path="FeaturesOnDemand\sv-se\baseless\Microsoft-Windows-FileServices-Tools-FoD-Package~31bf3856ad364e35~wow64~sv-se~.psf" PayloadType="ExpressPSF" />
      </Payload>
    </Package>
    <Package ID="Microsoft-Windows-GroupPolicy-Management-Tools-FoD-Package~31bf3856ad364e35~amd64~sv-se~" InstalledSize="2293306" Version="10.0.20348.1">
      <SatelliteInfo>
        <ApplyToInfo>
          <ApplyTo Type="language" Value="sv-SE" />
        </ApplyToInfo>
      </SatelliteInfo>
      <Payload>
        <PayloadItem PayloadHash="XRw+P0CemCCPzrcFegCIxTqxSacZf4NTWJZY0tt1sW4=" PayloadSize="13531" Path="FeaturesOnDemand\sv-se\baseless\Microsoft-Windows-GroupPolicy-Management-Tools-FoD-Package~31bf3856ad364e35~amd64~sv-se~.cab" PayloadType="ExpressCab" />
        <PayloadItem PayloadHash="OkIrbppVTm40eGeM9le3aKHXBJ8oBMGOBKkanDdSYrw=" PayloadSize="339120" Path="FeaturesOnDemand\sv-se\baseless\Microsoft-Windows-GroupPolicy-Management-Tools-FoD-Package~31bf3856ad364e35~amd64~sv-se~.psf" PayloadType="ExpressPSF" />
      </Payload>
    </Package>
    <Package ID="Microsoft-Windows-GroupPolicy-Management-Tools-FoD-Package~31bf3856ad364e35~wow64~sv-se~" InstalledSize="317185" Version="10.0.20348.1">
      <SatelliteInfo>
        <ApplyToInfo>
          <ApplyTo Type="arch" Value="wow64" />
          <ApplyTo Type="language" Value="sv-SE" />
        </ApplyToInfo>
      </SatelliteInfo>
      <Payload>
        <PayloadItem PayloadHash="cjU1XYXp2RnJ6aHHmYODoxKIly0sYytrhYQjVkF/nG4=" PayloadSize="10415" Path="FeaturesOnDemand\sv-se\baseless\Microsoft-Windows-GroupPolicy-Management-Tools-FoD-Package~31bf3856ad364e35~wow64~sv-se~.cab" PayloadType="ExpressCab" />
        <PayloadItem PayloadHash="sGjy+Xk2vIJnty5Rcff6YhRmaiWv3kpkmi7a86/Sbts=" PayloadSize="91314" Path="FeaturesOnDemand\sv-se\baseless\Microsoft-Windows-GroupPolicy-Management-Tools-FoD-Package~31bf3856ad364e35~wow64~sv-se~.psf" PayloadType="ExpressPSF" />
      </Payload>
    </Package>
    <Package ID="Microsoft-Windows-IPAM-Client-FoD-Package~31bf3856ad364e35~amd64~sv-se~" InstalledSize="100154" Version="10.0.20348.1">
      <SatelliteInfo>
        <ApplyToInfo>
          <ApplyTo Type="language" Value="sv-SE" />
        </ApplyToInfo>
      </SatelliteInfo>
      <Payload>
        <PayloadItem PayloadHash="HponTpKW6/OTs/IzKPAW3ILdy1VNc8ITpbZv4A4Qf8Y=" PayloadSize="10229" Path="FeaturesOnDemand\sv-se\baseless\Microsoft-Windows-IPAM-Client-FoD-Package~31bf3856ad364e35~amd64~sv-se~.cab" PayloadType="ExpressCab" />
        <PayloadItem PayloadHash="UoruFLPsh0QhFuMMAxB5nNvN5tBnUO4YaCvnxU1MMvE=" PayloadSize="61485" Path="FeaturesOnDemand\sv-se\baseless\Microsoft-Windows-IPAM-Client-FoD-Package~31bf3856ad364e35~amd64~sv-se~.psf" PayloadType="ExpressPSF" />
      </Payload>
    </Package>
    <Package ID="Microsoft-Windows-IPAM-Client-FoD-Package~31bf3856ad364e35~wow64~sv-se~" InstalledSize="24497" Version="10.0.20348.1">
      <SatelliteInfo>
        <ApplyToInfo>
          <ApplyTo Type="arch" Value="wow64" />
          <ApplyTo Type="language" Value="sv-SE" />
        </ApplyToInfo>
      </SatelliteInfo>
      <Payload>
        <PayloadItem PayloadHash="wJZ3UE0PBPVcYoVVtIbhOHjOx4Uqj9XspPmyWxum52A=" PayloadSize="10021" Path="FeaturesOnDemand\sv-se\baseless\Microsoft-Windows-IPAM-Client-FoD-Package~31bf3856ad364e35~wow64~sv-se~.cab" PayloadType="ExpressCab" />
        <PayloadItem PayloadHash="6TxPrg1JRRD2YOBGs2PhjQ9B5VuopplKY2gKoPa2hfc=" PayloadSize="52062" Path="FeaturesOnDemand\sv-se\baseless\Microsoft-Windows-IPAM-Client-FoD-Package~31bf3856ad364e35~wow64~sv-se~.psf" PayloadType="ExpressPSF" />
      </Payload>
    </Package>
    <Package ID="Microsoft-Windows-IRDA-Package~31bf3856ad364e35~amd64~sv-se~" InstalledSize="56903" Version="10.0.20348.1">
      <SatelliteInfo>
        <ApplyToInfo>
          <ApplyTo Type="language" Value="sv-SE" />
        </ApplyToInfo>
      </SatelliteInfo>
      <Payload>
        <PayloadItem PayloadHash="EMrwUZtJ1y0RKFc94rj7wGL88L4N5pg8Yy63rUsQHCI=" PayloadSize="10869" Path="FeaturesOnDemand\sv-se\baseless\Microsoft-Windows-IRDA-Package~31bf3856ad364e35~amd64~sv-se~.cab" PayloadType="ExpressCab" />
        <PayloadItem PayloadHash="am9oRLsVW/xo0iBlC/eCyf2LC6Nw4I/aJXdkGOD+4k8=" PayloadSize="63383" Path="FeaturesOnDemand\sv-se\baseless\Microsoft-Windows-IRDA-Package~31bf3856ad364e35~amd64~sv-se~.psf" PayloadType="ExpressPSF" />
      </Payload>
    </Package>
    <Package ID="Microsoft-Windows-IRDA-Package~31bf3856ad364e35~wow64~sv-se~" InstalledSize="11357" Version="10.0.20348.1">
      <SatelliteInfo>
        <ApplyToInfo>
          <ApplyTo Type="arch" Value="wow64" />
          <ApplyTo Type="language" Value="sv-SE" />
        </ApplyToInfo>
      </SatelliteInfo>
      <Payload>
        <PayloadItem PayloadHash="6hVE5eiiY1UEnzWBfqtsrV8MLMqoSHSEBG4RFppbr2A=" PayloadSize="9797" Path="FeaturesOnDemand\sv-se\baseless\Microsoft-Windows-IRDA-Package~31bf3856ad364e35~wow64~sv-se~.cab" PayloadType="ExpressCab" />
        <PayloadItem PayloadHash="9B3gF+HCQ0x+FxyQf6XHUoXM4sTQfaDFrfoElfsscOI=" PayloadSize="49066" Path="FeaturesOnDemand\sv-se\baseless\Microsoft-Windows-IRDA-Package~31bf3856ad364e35~wow64~sv-se~.psf" PayloadType="ExpressPSF" />
      </Payload>
    </Package>
    <Package ID="Microsoft-Windows-Media-Features-Package~31bf3856ad364e35~amd64~sv-se~" InstalledSize="1695170" Version="10.0.20348.1">
      <SatelliteInfo>
        <ApplyToInfo>
          <ApplyTo Type="language" Value="sv-SE" />
        </ApplyToInfo>
      </SatelliteInfo>
      <Payload>
        <PayloadItem PayloadHash="BFgg41CPvlFiifHBem7yU8KjleuTw7r57Kj25xwb+d8=" PayloadSize="29739" Path="FeaturesOnDemand\sv-se\baseless\Microsoft-Windows-Media-Features-Package~31bf3856ad364e35~amd64~sv-se~.cab" PayloadType="ExpressCab" />
        <PayloadItem PayloadHash="RP0AxqAdlZGbsoN4EU29NtSCiDM2xCo0LvXD0H52qMo=" PayloadSize="523378" Path="FeaturesOnDemand\sv-se\baseless\Microsoft-Windows-Media-Features-Package~31bf3856ad364e35~amd64~sv-se~.psf" PayloadType="ExpressPSF" />
      </Payload>
    </Package>
    <Package ID="Microsoft-Windows-Media-Features-Package~31bf3856ad364e35~wow64~sv-se~" InstalledSize="361364" Version="10.0.20348.1">
      <SatelliteInfo>
        <ApplyToInfo>
          <ApplyTo Type="arch" Value="wow64" />
          <ApplyTo Type="language" Value="sv-SE" />
        </ApplyToInfo>
      </SatelliteInfo>
      <Payload>
        <PayloadItem PayloadHash="NPWPoQhVdL8cZa0LYY4VmizleLpFOG/o685TkIrBZKk=" PayloadSize="18885" Path="FeaturesOnDemand\sv-se\baseless\Microsoft-Windows-Media-Features-Package~31bf3856ad364e35~wow64~sv-se~.cab" PayloadType="ExpressCab" />
        <PayloadItem PayloadHash="p6+ytkryYn+74rmqfGwqIVFnIxXCY8D53hV1OQKbijw=" PayloadSize="251861" Path="FeaturesOnDemand\sv-se\baseless\Microsoft-Windows-Media-Features-Package~31bf3856ad364e35~wow64~sv-se~.psf" PayloadType="ExpressPSF" />
      </Payload>
    </Package>
    <Package ID="Microsoft-Windows-MSPaint-FoD-Package~31bf3856ad364e35~amd64~sv-se~" InstalledSize="68922" Version="10.0.20348.1">
      <SatelliteInfo>
        <ApplyToInfo>
          <ApplyTo Type="language" Value="sv-SE" />
        </ApplyToInfo>
      </SatelliteInfo>
      <Payload>
        <PayloadItem PayloadHash="1hghwOFu0tm+71losaa/FW304IeNsOpIU4ct/DZqDCY=" PayloadSize="10005" Path="FeaturesOnDemand\sv-se\baseless\Microsoft-Windows-MSPaint-FoD-Package~31bf3856ad364e35~amd64~sv-se~.cab" PayloadType="ExpressCab" />
        <PayloadItem PayloadHash="2tLGLTSxIxuII7bYd8VJCs9bxdNLaFdDY9n9+BZX8kE=" PayloadSize="61087" Path="FeaturesOnDemand\sv-se\baseless\Microsoft-Windows-MSPaint-FoD-Package~31bf3856ad364e35~amd64~sv-se~.psf" PayloadType="ExpressPSF" />
      </Payload>
    </Package>
    <Package ID="Microsoft-Windows-MSPaint-FoD-Package~31bf3856ad364e35~wow64~sv-se~" InstalledSize="68970" Version="10.0.20348.1">
      <SatelliteInfo>
        <ApplyToInfo>
          <ApplyTo Type="arch" Value="wow64" />
          <ApplyTo Type="language" Value="sv-SE" />
        </ApplyToInfo>
      </SatelliteInfo>
      <Payload>
        <PayloadItem PayloadHash="+4zDNEicZxF5nhT+MOBsT0xRPScdqjO3fblR9ZgRyW8=" PayloadSize="9981" Path="FeaturesOnDemand\sv-se\baseless\Microsoft-Windows-MSPaint-FoD-Package~31bf3856ad364e35~wow64~sv-se~.cab" PayloadType="ExpressCab" />
        <PayloadItem PayloadHash="Xgovrhkxc0AbQ1PLSu9T9UrWv3CkgH+4Y26waEQiifc=" PayloadSize="61127" Path="FeaturesOnDemand\sv-se\baseless\Microsoft-Windows-MSPaint-FoD-Package~31bf3856ad364e35~wow64~sv-se~.psf" PayloadType="ExpressPSF" />
      </Payload>
    </Package>
    <Package ID="Microsoft-Windows-NetworkController-Tools-FoD-Package~31bf3856ad364e35~amd64~sv-se~" InstalledSize="67796" Version="10.0.20348.1">
      <SatelliteInfo>
        <ApplyToInfo>
          <ApplyTo Type="language" Value="sv-SE" />
        </ApplyToInfo>
      </SatelliteInfo>
      <Payload>
        <PayloadItem PayloadHash="2W76ZJ+hRJOn/uB2GJhp+92wrVqbYd9ntl9tPAorBbI=" PayloadSize="10499" Path="FeaturesOnDemand\sv-se\baseless\Microsoft-Windows-NetworkController-Tools-FoD-Package~31bf3856ad364e35~amd64~sv-se~.cab" PayloadType="ExpressCab" />
        <PayloadItem PayloadHash="x0tczyqagkGGQGFIcot8H6KOBwOShyiqrWcC4jddOUg=" PayloadSize="70632" Path="FeaturesOnDemand\sv-se\baseless\Microsoft-Windows-NetworkController-Tools-FoD-Package~31bf3856ad364e35~amd64~sv-se~.psf" PayloadType="ExpressPSF" />
      </Payload>
    </Package>
    <Package ID="Microsoft-Windows-NetworkLoadBalancing-Tools-FoD-Package~31bf3856ad364e35~amd64~sv-se~" InstalledSize="220413" Version="10.0.20348.1">
      <SatelliteInfo>
        <ApplyToInfo>
          <ApplyTo Type="language" Value="sv-SE" />
        </ApplyToInfo>
      </SatelliteInfo>
      <Payload>
        <PayloadItem PayloadHash="LRglu5IrXFw7H4eGGWPrr/VtSNMH4SkpMj+7oLYoh0I=" PayloadSize="10549" Path="FeaturesOnDemand\sv-se\baseless\Microsoft-Windows-NetworkLoadBalancing-Tools-FoD-Package~31bf3856ad364e35~amd64~sv-se~.cab" PayloadType="ExpressCab" />
        <PayloadItem PayloadHash="sjRTRIXQ0jVeRwWrCuxp+doHa1y16tmMYezHjSPAUhI=" PayloadSize="87347" Path="FeaturesOnDemand\sv-se\baseless\Microsoft-Windows-NetworkLoadBalancing-Tools-FoD-Package~31bf3856ad364e35~amd64~sv-se~.psf" PayloadType="ExpressPSF" />
      </Payload>
    </Package>
    <Package ID="Microsoft-Windows-Notepad-FoD-Package~31bf3856ad364e35~amd64~sv-se~" InstalledSize="24904" Version="10.0.20348.1">
      <SatelliteInfo>
        <ApplyToInfo>
          <ApplyTo Type="language" Value="sv-SE" />
        </ApplyToInfo>
      </SatelliteInfo>
      <Payload>
        <PayloadItem PayloadHash="xacP1AuRQHrueNv+Q93AhIa36eKOGJWNIxAe6QfTjMs=" PayloadSize="9987" Path="FeaturesOnDemand\sv-se\baseless\Microsoft-Windows-Notepad-FoD-Package~31bf3856ad364e35~amd64~sv-se~.cab" PayloadType="ExpressCab" />
        <PayloadItem PayloadHash="nuj+Ua4LHqvs2Q5+ChgiT81UhNi1RNflgwQZjgUukL8=" PayloadSize="53594" Path="FeaturesOnDemand\sv-se\baseless\Microsoft-Windows-Notepad-FoD-Package~31bf3856ad364e35~amd64~sv-se~.psf" PayloadType="ExpressPSF" />
      </Payload>
    </Package>
    <Package ID="Microsoft-Windows-Notepad-FoD-Package~31bf3856ad364e35~wow64~sv-se~" InstalledSize="11139" Version="10.0.20348.1">
      <SatelliteInfo>
        <ApplyToInfo>
          <ApplyTo Type="arch" Value="wow64" />
          <ApplyTo Type="language" Value="sv-SE" />
        </ApplyToInfo>
      </SatelliteInfo>
      <Payload>
        <PayloadItem PayloadHash="CjRdAKwoyp4VXmXJmiwwp6wTjFrXuY7/6UM8vKmf47Q=" PayloadSize="9797" Path="FeaturesOnDemand\sv-se\baseless\Microsoft-Windows-Notepad-FoD-Package~31bf3856ad364e35~wow64~sv-se~.cab" PayloadType="ExpressCab" />
        <PayloadItem PayloadHash="NcO7IyILEEmV6+x33Fe/FN3tqKKTeEj7dKDvw58OWp8=" PayloadSize="49007" Path="FeaturesOnDemand\sv-se\baseless\Microsoft-Windows-Notepad-FoD-Package~31bf3856ad364e35~wow64~sv-se~.psf" PayloadType="ExpressPSF" />
      </Payload>
    </Package>
    <Package ID="Microsoft-Windows-PowerShell-ISE-FOD-Package~31bf3856ad364e35~amd64~sv-se~" InstalledSize="870631" Version="10.0.20348.1">
      <SatelliteInfo>
        <ApplyToInfo>
          <ApplyTo Type="language" Value="sv-SE" />
        </ApplyToInfo>
      </SatelliteInfo>
      <Payload>
        <PayloadItem PayloadHash="+1VVE7MpUQKRlhP6xp9KDMub86EhQ/TIJ+aNkOS1TuM=" PayloadSize="10875" Path="FeaturesOnDemand\sv-se\baseless\Microsoft-Windows-PowerShell-ISE-FOD-Package~31bf3856ad364e35~amd64~sv-se~.cab" PayloadType="ExpressCab" />
        <PayloadItem PayloadHash="9tZZ7VkSkRwcdb44vf1nU42tvJryL1+hXrFsR0EOqIA=" PayloadSize="341974" Path="FeaturesOnDemand\sv-se\baseless\Microsoft-Windows-PowerShell-ISE-FOD-Package~31bf3856ad364e35~amd64~sv-se~.psf" PayloadType="ExpressPSF" />
      </Payload>
    </Package>
    <Package ID="Microsoft-Windows-PowerShell-ISE-FOD-Package~31bf3856ad364e35~wow64~sv-se~" InstalledSize="71291" Version="10.0.20348.1">
      <SatelliteInfo>
        <ApplyToInfo>
          <ApplyTo Type="arch" Value="wow64" />
          <ApplyTo Type="language" Value="sv-SE" />
        </ApplyToInfo>
      </SatelliteInfo>
      <Payload>
        <PayloadItem PayloadHash="qOGPbjsVwyzDjpWNo3iWQjzwoVmxiOngaO2v+Fyakbw=" PayloadSize="10009" Path="FeaturesOnDemand\sv-se\baseless\Microsoft-Windows-PowerShell-ISE-FOD-Package~31bf3856ad364e35~wow64~sv-se~.cab" PayloadType="ExpressCab" />
        <PayloadItem PayloadHash="p8/7G2dXEvVzMwc8sY8vszDQ71qmXE4b0wC2wRrqTgA=" PayloadSize="68686" Path="FeaturesOnDemand\sv-se\baseless\Microsoft-Windows-PowerShell-ISE-FOD-Package~31bf3856ad364e35~wow64~sv-se~.psf" PayloadType="ExpressPSF" />
      </Payload>
    </Package>
    <Package ID="Microsoft-Windows-Printing-PMCPPC-FoD-Package~31bf3856ad364e35~amd64~sv-se~" InstalledSize="225206" Version="10.0.20348.1">
      <SatelliteInfo>
        <ApplyToInfo>
          <ApplyTo Type="language" Value="sv-SE" />
        </ApplyToInfo>
      </SatelliteInfo>
      <Payload>
        <PayloadItem PayloadHash="cXaN/FhA9jMOv9wVWBsddTwh0JgzGGyLTtixxPmE+4s=" PayloadSize="10259" Path="FeaturesOnDemand\sv-se\baseless\Microsoft-Windows-Printing-PMCPPC-FoD-Package~31bf3856ad364e35~amd64~sv-se~.cab" PayloadType="ExpressCab" />
        <PayloadItem PayloadHash="hzzeaxoc3ZY4lf0gWcYnlIOUBeSglf3ESIeeuMeN5kI=" PayloadSize="80059" Path="FeaturesOnDemand\sv-se\baseless\Microsoft-Windows-Printing-PMCPPC-FoD-Package~31bf3856ad364e35~amd64~sv-se~.psf" PayloadType="ExpressPSF" />
      </Payload>
    </Package>
    <Package ID="Microsoft-Windows-Printing-WFS-FoD-Package~31bf3856ad364e35~amd64~sv-se~" InstalledSize="526291" Version="10.0.20348.1">
      <SatelliteInfo>
        <ApplyToInfo>
          <ApplyTo Type="language" Value="sv-SE" />
        </ApplyToInfo>
      </SatelliteInfo>
      <Payload>
        <PayloadItem PayloadHash="bWW+sRl/PUFvSWKpx5nCtwKlMMD/yLsS+uhMaKm+jGg=" PayloadSize="11359" Path="FeaturesOnDemand\sv-se\baseless\Microsoft-Windows-Printing-WFS-FoD-Package~31bf3856ad364e35~amd64~sv-se~.cab" PayloadType="ExpressCab" />
        <PayloadItem PayloadHash="SRvrT6Ko6sYYEX13g4m8fZLAz+WhCsAP5p3zsReZXNc=" PayloadSize="188481" Path="FeaturesOnDemand\sv-se\baseless\Microsoft-Windows-Printing-WFS-FoD-Package~31bf3856ad364e35~amd64~sv-se~.psf" PayloadType="ExpressPSF" />
      </Payload>
    </Package>
    <Package ID="Microsoft-Windows-RasCMAK-Client-Package~31bf3856ad364e35~amd64~sv-se~" InstalledSize="249128" Version="10.0.20348.1">
      <SatelliteInfo>
        <ApplyToInfo>
          <ApplyTo Type="language" Value="sv-SE" />
        </ApplyToInfo>
      </SatelliteInfo>
      <Payload>
        <PayloadItem PayloadHash="NRqaaXqWj/Sk2kGcR3vBRoNwQj5rezwJgXXesfJCSXI=" PayloadSize="10499" Path="FeaturesOnDemand\sv-se\baseless\Microsoft-Windows-RasCMAK-Client-Package~31bf3856ad364e35~amd64~sv-se~.cab" PayloadType="ExpressCab" />
        <PayloadItem PayloadHash="EOOUtJ0A687377GOJFjJraw1ObQv8+QEk6ofJvTYAVk=" PayloadSize="119264" Path="FeaturesOnDemand\sv-se\baseless\Microsoft-Windows-RasCMAK-Client-Package~31bf3856ad364e35~amd64~sv-se~.psf" PayloadType="ExpressPSF" />
      </Payload>
    </Package>
    <Package ID="Microsoft-Windows-RasCMAK-Client-Package~31bf3856ad364e35~wow64~sv-se~" InstalledSize="401733" Version="10.0.20348.1">
      <SatelliteInfo>
        <ApplyToInfo>
          <ApplyTo Type="arch" Value="wow64" />
          <ApplyTo Type="language" Value="sv-SE" />
        </ApplyToInfo>
      </SatelliteInfo>
      <Payload>
        <PayloadItem PayloadHash="LdYtsgCX89rUQHR6+5vqd6WgNJEfK/ZK/kJMvK2CoL8=" PayloadSize="10605" Path="FeaturesOnDemand\sv-se\baseless\Microsoft-Windows-RasCMAK-Client-Package~31bf3856ad364e35~wow64~sv-se~.cab" PayloadType="ExpressCab" />
        <PayloadItem PayloadHash="X9FuSViEgGUy6Twa+c+DoUHA731TkHW6PViuuMip15E=" PayloadSize="321731" Path="FeaturesOnDemand\sv-se\baseless\Microsoft-Windows-RasCMAK-Client-Package~31bf3856ad364e35~wow64~sv-se~.psf" PayloadType="ExpressPSF" />
      </Payload>
    </Package>
    <Package ID="Microsoft-Windows-RasRip-Package~31bf3856ad364e35~amd64~sv-se~" InstalledSize="25239" Version="10.0.20348.1">
      <SatelliteInfo>
        <ApplyToInfo>
          <ApplyTo Type="language" Value="sv-SE" />
        </ApplyToInfo>
      </SatelliteInfo>
      <Payload>
        <PayloadItem PayloadHash="k934WbaTcwr1X7H2xq1aj4HImCytLn9BJrcHZgCRdT8=" PayloadSize="10001" Path="FeaturesOnDemand\sv-se\baseless\Microsoft-Windows-RasRip-Package~31bf3856ad364e35~amd64~sv-se~.cab" PayloadType="ExpressCab" />
        <PayloadItem PayloadHash="6en7qkqTjc524xPzDkjMjSDMEw67OaUlTLgunEVv81k=" PayloadSize="52576" Path="FeaturesOnDemand\sv-se\baseless\Microsoft-Windows-RasRip-Package~31bf3856ad364e35~amd64~sv-se~.psf" PayloadType="ExpressPSF" />
      </Payload>
    </Package>
    <Package ID="Microsoft-Windows-RemoteAccess-Management-Tools-FoD-Package~31bf3856ad364e35~amd64~sv-se~" InstalledSize="18577282" Version="10.0.20348.1">
      <SatelliteInfo>
        <ApplyToInfo>
          <ApplyTo Type="language" Value="sv-SE" />
        </ApplyToInfo>
      </SatelliteInfo>
      <Payload>
        <PayloadItem PayloadHash="7l0fwozc5i/QvoPbe4elxlovftMf4mJWcPK66PHwy00=" PayloadSize="12777" Path="FeaturesOnDemand\sv-se\baseless\Microsoft-Windows-RemoteAccess-Management-Tools-FoD-Package~31bf3856ad364e35~amd64~sv-se~.cab" PayloadType="ExpressCab" />
        <PayloadItem PayloadHash="xd/CHMuucn/+Vgc4ZvWwj5tagIyck8eO/wpcKlIREgo=" PayloadSize="3390368" Path="FeaturesOnDemand\sv-se\baseless\Microsoft-Windows-RemoteAccess-Management-Tools-FoD-Package~31bf3856ad364e35~amd64~sv-se~.psf" PayloadType="ExpressPSF" />
      </Payload>
    </Package>
    <Package ID="Microsoft-Windows-RemoteAccess-Management-Tools-FoD-Package~31bf3856ad364e35~wow64~sv-se~" InstalledSize="12626" Version="10.0.20348.1">
      <SatelliteInfo>
        <ApplyToInfo>
          <ApplyTo Type="arch" Value="wow64" />
          <ApplyTo Type="language" Value="sv-SE" />
        </ApplyToInfo>
      </SatelliteInfo>
      <Payload>
        <PayloadItem PayloadHash="WQMB17hytmystWrN9gyv7yw0wGn8oehU0i2tVS8ZhKI=" PayloadSize="9913" Path="FeaturesOnDemand\sv-se\baseless\Microsoft-Windows-RemoteAccess-Management-Tools-FoD-Package~31bf3856ad364e35~wow64~sv-se~.cab" PayloadType="ExpressCab" />
        <PayloadItem PayloadHash="9DigR1997KEs3bccUYyZIOOAdodd/Dg4GIptpgCYh98=" PayloadSize="49728" Path="FeaturesOnDemand\sv-se\baseless\Microsoft-Windows-RemoteAccess-Management-Tools-FoD-Package~31bf3856ad364e35~wow64~sv-se~.psf" PayloadType="ExpressPSF" />
      </Payload>
    </Package>
    <Package ID="Microsoft-Windows-RemoteDesktop-Services-Tools-FoD-Package~31bf3856ad364e35~amd64~sv-se~" InstalledSize="1509930" Version="10.0.20348.1">
      <SatelliteInfo>
        <ApplyToInfo>
          <ApplyTo Type="language" Value="sv-SE" />
        </ApplyToInfo>
      </SatelliteInfo>
      <Payload>
        <PayloadItem PayloadHash="NxaPXo6JgltAz/8UU7mnyrXPqxDLK9RWvn6a+RTgpg8=" PayloadSize="11673" Path="FeaturesOnDemand\sv-se\baseless\Microsoft-Windows-RemoteDesktop-Services-Tools-FoD-Package~31bf3856ad364e35~amd64~sv-se~.cab" PayloadType="ExpressCab" />
        <PayloadItem PayloadHash="/sCFUavqno4gXCcWuHxnKcsHPmZEmkIj8A7fKZfZrlU=" PayloadSize="291660" Path="FeaturesOnDemand\sv-se\baseless\Microsoft-Windows-RemoteDesktop-Services-Tools-FoD-Package~31bf3856ad364e35~amd64~sv-se~.psf" PayloadType="ExpressPSF" />
      </Payload>
    </Package>
    <Package ID="Microsoft-Windows-Server-AppCompat-FoD-Package~31bf3856ad364e35~amd64~sv-se~" InstalledSize="28675204" Version="10.0.20348.1">
      <SatelliteInfo>
        <ApplyToInfo>
          <ApplyTo Type="language" Value="sv-SE" />
        </ApplyToInfo>
      </SatelliteInfo>
      <Payload>
        <PayloadItem PayloadHash="wbFeSCBWN/YqPj3qFin3j9+b2hrK0xGNPe3u4DVbkMA=" PayloadSize="73931" Path="FeaturesOnDemand\sv-se\baseless\Microsoft-Windows-Server-AppCompat-FoD-Package~31bf3856ad364e35~amd64~sv-se~.cab" PayloadType="ExpressCab" />
        <PayloadItem PayloadHash="b5o3gssrl25hEtbtz3uhQHqvrqg48hF/xTDi8I5Wtus=" PayloadSize="7449928" Path="FeaturesOnDemand\sv-se\baseless\Microsoft-Windows-Server-AppCompat-FoD-Package~31bf3856ad364e35~amd64~sv-se~.psf" PayloadType="ExpressPSF" />
      </Payload>
    </Package>
    <Package ID="Microsoft-Windows-ServerManager-Tools-FoD-Package~31bf3856ad364e35~amd64~sv-se~" InstalledSize="10948662" Version="10.0.20348.1">
      <SatelliteInfo>
        <ApplyToInfo>
          <ApplyTo Type="language" Value="sv-SE" />
        </ApplyToInfo>
      </SatelliteInfo>
      <Payload>
        <PayloadItem PayloadHash="aur40Av7Crb3NSKUedb4E4pl3r8j/07DUAuM12uaiWQ=" PayloadSize="23211" Path="FeaturesOnDemand\sv-se\baseless\Microsoft-Windows-ServerManager-Tools-FoD-Package~31bf3856ad364e35~amd64~sv-se~.cab" PayloadType="ExpressCab" />
        <PayloadItem PayloadHash="F8qGLI/hySgF3gO+rcRRggbMHzl0xqDcCYMxKbAbKyU=" PayloadSize="2179361" Path="FeaturesOnDemand\sv-se\baseless\Microsoft-Windows-ServerManager-Tools-FoD-Package~31bf3856ad364e35~amd64~sv-se~.psf" PayloadType="ExpressPSF" />
      </Payload>
    </Package>
    <Package ID="Microsoft-Windows-ServerManager-Tools-FoD-Package~31bf3856ad364e35~wow64~sv-se~" InstalledSize="1147347" Version="10.0.20348.1">
      <SatelliteInfo>
        <ApplyToInfo>
          <ApplyTo Type="arch" Value="wow64" />
          <ApplyTo Type="language" Value="sv-SE" />
        </ApplyToInfo>
      </SatelliteInfo>
      <Payload>
        <PayloadItem PayloadHash="Torry+/yRSFs+ygefQV9Gv88nm9ihlZgnOXrGdw36SY=" PayloadSize="10785" Path="FeaturesOnDemand\sv-se\baseless\Microsoft-Windows-ServerManager-Tools-FoD-Package~31bf3856ad364e35~wow64~sv-se~.cab" PayloadType="ExpressCab" />
        <PayloadItem PayloadHash="wO2JaPdWcJ0I9f3yQ6o+S1NO5TgQX6Xbrd8RfMwp8AQ=" PayloadSize="336673" Path="FeaturesOnDemand\sv-se\baseless\Microsoft-Windows-ServerManager-Tools-FoD-Package~31bf3856ad364e35~wow64~sv-se~.psf" PayloadType="ExpressPSF" />
      </Payload>
    </Package>
    <Package ID="Microsoft-Windows-Shielded-VM-Tools-FoD-Package~31bf3856ad364e35~amd64~sv-se~" InstalledSize="357371" Version="10.0.20348.1">
      <SatelliteInfo>
        <ApplyToInfo>
          <ApplyTo Type="language" Value="sv-SE" />
        </ApplyToInfo>
      </SatelliteInfo>
      <Payload>
        <PayloadItem PayloadHash="rgwZtDd078YvEDXVlLbPNfGTmaQhnyzv6zrxK9CGHRg=" PayloadSize="14163" Path="FeaturesOnDemand\sv-se\baseless\Microsoft-Windows-Shielded-VM-Tools-FoD-Package~31bf3856ad364e35~amd64~sv-se~.cab" PayloadType="ExpressCab" />
        <PayloadItem PayloadHash="X6t5CQ/IKuDh2moDPkIKh/JU9CiEtMZlkobxMhajrWo=" PayloadSize="157179" Path="FeaturesOnDemand\sv-se\baseless\Microsoft-Windows-Shielded-VM-Tools-FoD-Package~31bf3856ad364e35~amd64~sv-se~.psf" PayloadType="ExpressPSF" />
      </Payload>
    </Package>
    <Package ID="Microsoft-Windows-SNMP-Client-Package~31bf3856ad364e35~amd64~sv-se~" InstalledSize="127911" Version="10.0.20348.1">
      <SatelliteInfo>
        <ApplyToInfo>
          <ApplyTo Type="language" Value="sv-SE" />
        </ApplyToInfo>
      </SatelliteInfo>
      <Payload>
        <PayloadItem PayloadHash="F7XN5YUKOpPF2O8Cv0qIdQEcCY3x7RcDfzKXIa+Xng8=" PayloadSize="11615" Path="FeaturesOnDemand\sv-se\baseless\Microsoft-Windows-SNMP-Client-Package~31bf3856ad364e35~amd64~sv-se~.cab" PayloadType="ExpressCab" />
        <PayloadItem PayloadHash="1dVgODTFkraT1oi9L4lQz+iwAP7ANwmix9SatFq2fkU=" PayloadSize="89576" Path="FeaturesOnDemand\sv-se\baseless\Microsoft-Windows-SNMP-Client-Package~31bf3856ad364e35~amd64~sv-se~.psf" PayloadType="ExpressPSF" />
      </Payload>
    </Package>
    <Package ID="Microsoft-Windows-SNMP-Client-Package~31bf3856ad364e35~wow64~sv-se~" InstalledSize="128151" Version="10.0.20348.1">
      <SatelliteInfo>
        <ApplyToInfo>
          <ApplyTo Type="arch" Value="wow64" />
          <ApplyTo Type="language" Value="sv-SE" />
        </ApplyToInfo>
      </SatelliteInfo>
      <Payload>
        <PayloadItem PayloadHash="gX3Oq7lu//5dOxBJeKd6VUPyOaW8xeLO9JlA+i3Ns4E=" PayloadSize="11633" Path="FeaturesOnDemand\sv-se\baseless\Microsoft-Windows-SNMP-Client-Package~31bf3856ad364e35~wow64~sv-se~.cab" PayloadType="ExpressCab" />
        <PayloadItem PayloadHash="GvSNFLLBuVBxyNZX28trPL+OgY2TpkAvU1g5sAZLddE=" PayloadSize="89652" Path="FeaturesOnDemand\sv-se\baseless\Microsoft-Windows-SNMP-Client-Package~31bf3856ad364e35~wow64~sv-se~.psf" PayloadType="ExpressPSF" />
      </Payload>
    </Package>
    <Package ID="Microsoft-Windows-StepsRecorder-Package~31bf3856ad364e35~amd64~sv-se~" InstalledSize="25165" Version="10.0.20348.1">
      <SatelliteInfo>
        <ApplyToInfo>
          <ApplyTo Type="language" Value="sv-SE" />
        </ApplyToInfo>
      </SatelliteInfo>
      <Payload>
        <PayloadItem PayloadHash="wxPSyGXo9oE05Jh8rFQo4zGjlQpP/sjPKe6WpnroBj4=" PayloadSize="10011" Path="FeaturesOnDemand\sv-se\baseless\Microsoft-Windows-StepsRecorder-Package~31bf3856ad364e35~amd64~sv-se~.cab" PayloadType="ExpressCab" />
        <PayloadItem PayloadHash="1dcNULcKdsLaRf9sA3o9IwSXm/6ZHpIRjkM+m9wzhX0=" PayloadSize="53121" Path="FeaturesOnDemand\sv-se\baseless\Microsoft-Windows-StepsRecorder-Package~31bf3856ad364e35~amd64~sv-se~.psf" PayloadType="ExpressPSF" />
      </Payload>
    </Package>
    <Package ID="Microsoft-Windows-StepsRecorder-Package~31bf3856ad364e35~wow64~sv-se~" InstalledSize="11382" Version="10.0.20348.1">
      <SatelliteInfo>
        <ApplyToInfo>
          <ApplyTo Type="arch" Value="wow64" />
          <ApplyTo Type="language" Value="sv-SE" />
        </ApplyToInfo>
      </SatelliteInfo>
      <Payload>
        <PayloadItem PayloadHash="1wxasEeamC3JN6AaIdZVtWYfeADxlyw9j3ilGPBV6Fw=" PayloadSize="9805" Path="FeaturesOnDemand\sv-se\baseless\Microsoft-Windows-StepsRecorder-Package~31bf3856ad364e35~wow64~sv-se~.cab" PayloadType="ExpressCab" />
        <PayloadItem PayloadHash="rSEDMGxNcAqX/LeUIo+aJck5Iwls40u4xAOiiK51V+A=" PayloadSize="49090" Path="FeaturesOnDemand\sv-se\baseless\Microsoft-Windows-StepsRecorder-Package~31bf3856ad364e35~wow64~sv-se~.psf" PayloadType="ExpressPSF" />
      </Payload>
    </Package>
    <Package ID="Microsoft-Windows-StorageManagement-FoD-Package~31bf3856ad364e35~amd64~sv-se~" InstalledSize="1640482" Version="10.0.20348.1">
      <SatelliteInfo>
        <ApplyToInfo>
          <ApplyTo Type="language" Value="sv-SE" />
        </ApplyToInfo>
      </SatelliteInfo>
      <Payload>
        <PayloadItem PayloadHash="r8dZB98QseTLG+6fg2cp7UIl1zgd815heP8U7MYNhk4=" PayloadSize="11853" Path="FeaturesOnDemand\sv-se\baseless\Microsoft-Windows-StorageManagement-FoD-Package~31bf3856ad364e35~amd64~sv-se~.cab" PayloadType="ExpressCab" />
        <PayloadItem PayloadHash="R/oO4Ho3jmPz4EqofHUv14WDGC8sDG8JHR8pYc7Q6z0=" PayloadSize="185664" Path="FeaturesOnDemand\sv-se\baseless\Microsoft-Windows-StorageManagement-FoD-Package~31bf3856ad364e35~amd64~sv-se~.psf" PayloadType="ExpressPSF" />
      </Payload>
    </Package>
    <Package ID="Microsoft-Windows-StorageManagement-FoD-Package~31bf3856ad364e35~wow64~sv-se~" InstalledSize="1084309" Version="10.0.20348.1">
      <SatelliteInfo>
        <ApplyToInfo>
          <ApplyTo Type="arch" Value="wow64" />
          <ApplyTo Type="language" Value="sv-SE" />
        </ApplyToInfo>
      </SatelliteInfo>
      <Payload>
        <PayloadItem PayloadHash="SCWbojJWNmWktY7qnlGr6a+rXWWLsJl6BcBa16d5YZ4=" PayloadSize="10635" Path="FeaturesOnDemand\sv-se\baseless\Microsoft-Windows-StorageManagement-FoD-Package~31bf3856ad364e35~wow64~sv-se~.cab" PayloadType="ExpressCab" />
        <PayloadItem PayloadHash="+ZLluOJmI/53YUlbPqLi3rzss32UDIvYX3r6mWbRO4c=" PayloadSize="108797" Path="FeaturesOnDemand\sv-se\baseless\Microsoft-Windows-StorageManagement-FoD-Package~31bf3856ad364e35~wow64~sv-se~.psf" PayloadType="ExpressPSF" />
      </Payload>
    </Package>
    <Package ID="Microsoft-Windows-StorageMigrationService-Management-Tools-FOD-Package~31bf3856ad364e35~amd64~sv-se~" InstalledSize="76432" Version="10.0.20348.1">
      <SatelliteInfo>
        <ApplyToInfo>
          <ApplyTo Type="language" Value="sv-SE" />
        </ApplyToInfo>
      </SatelliteInfo>
      <Payload>
        <PayloadItem PayloadHash="TN1YPYuNbSE9O00HJYoZsBy8EH7tf2P/bcnSTE9fGZY=" PayloadSize="10295" Path="FeaturesOnDemand\sv-se\baseless\Microsoft-Windows-StorageMigrationService-Management-Tools-FOD-Package~31bf3856ad364e35~amd64~sv-se~.cab" PayloadType="ExpressCab" />
        <PayloadItem PayloadHash="sG5CYcd+p8bL9jOtkljTuz5B3ubrCWhuDaNcwBZ4yac=" PayloadSize="68587" Path="FeaturesOnDemand\sv-se\baseless\Microsoft-Windows-StorageMigrationService-Management-Tools-FOD-Package~31bf3856ad364e35~amd64~sv-se~.psf" PayloadType="ExpressPSF" />
      </Payload>
    </Package>
    <Package ID="Microsoft-Windows-StorageReplica-Tools-FoD-Package~31bf3856ad364e35~amd64~sv-se~" InstalledSize="396571" Version="10.0.20348.1">
      <SatelliteInfo>
        <ApplyToInfo>
          <ApplyTo Type="language" Value="sv-SE" />
        </ApplyToInfo>
      </SatelliteInfo>
      <Payload>
        <PayloadItem PayloadHash="0fcNA2oOzpz2Sp82yE2tqv1PwKgigIWf9hejQnJp3fk=" PayloadSize="10621" Path="FeaturesOnDemand\sv-se\baseless\Microsoft-Windows-StorageReplica-Tools-FoD-Package~31bf3856ad364e35~amd64~sv-se~.cab" PayloadType="ExpressCab" />
        <PayloadItem PayloadHash="McgGXXxTT/HXqYiHARxL5U31dvWzUPQEawNnuS7Vdl4=" PayloadSize="107112" Path="FeaturesOnDemand\sv-se\baseless\Microsoft-Windows-StorageReplica-Tools-FoD-Package~31bf3856ad364e35~amd64~sv-se~.psf" PayloadType="ExpressPSF" />
      </Payload>
    </Package>
    <Package ID="Microsoft-Windows-SystemInsights-Management-Tools-FOD-Package~31bf3856ad364e35~amd64~sv-se~" InstalledSize="39474" Version="10.0.20348.1">
      <SatelliteInfo>
        <ApplyToInfo>
          <ApplyTo Type="language" Value="sv-SE" />
        </ApplyToInfo>
      </SatelliteInfo>
      <Payload>
        <PayloadItem PayloadHash="uZzxjNcmjieHes01fTQRlraV1NAO/kajwSt19sqk4vY=" PayloadSize="10283" Path="FeaturesOnDemand\sv-se\baseless\Microsoft-Windows-SystemInsights-Management-Tools-FOD-Package~31bf3856ad364e35~amd64~sv-se~.cab" PayloadType="ExpressCab" />
        <PayloadItem PayloadHash="xugjXiGVNmno288/HdgyE+1J9/JVzu0a7WlJEY2VMdU=" PayloadSize="61019" Path="FeaturesOnDemand\sv-se\baseless\Microsoft-Windows-SystemInsights-Management-Tools-FOD-Package~31bf3856ad364e35~amd64~sv-se~.psf" PayloadType="ExpressPSF" />
      </Payload>
    </Package>
    <Package ID="Microsoft-Windows-VolumeActivation-Tools-FoD-Package~31bf3856ad364e35~amd64~sv-se~" InstalledSize="224503" Version="10.0.20348.1">
      <SatelliteInfo>
        <ApplyToInfo>
          <ApplyTo Type="language" Value="sv-SE" />
        </ApplyToInfo>
      </SatelliteInfo>
      <Payload>
        <PayloadItem PayloadHash="XqV2Mx3wm4Oh/uHHs9dF+xAdoD9w5rjyme8UZJbyaHw=" PayloadSize="10155" Path="FeaturesOnDemand\sv-se\baseless\Microsoft-Windows-VolumeActivation-Tools-FoD-Package~31bf3856ad364e35~amd64~sv-se~.cab" PayloadType="ExpressCab" />
        <PayloadItem PayloadHash="M0AvqvWliDJixZiJsPrlwR+a9TMNDSefZsjFcEy8xtQ=" PayloadSize="172013" Path="FeaturesOnDemand\sv-se\baseless\Microsoft-Windows-VolumeActivation-Tools-FoD-Package~31bf3856ad364e35~amd64~sv-se~.psf" PayloadType="ExpressPSF" />
      </Payload>
    </Package>
    <Package ID="Microsoft-Windows-WirelessDisplay-FOD-Package~31bf3856ad364e35~amd64~sv-se~" InstalledSize="33680" Version="10.0.20348.1">
      <SatelliteInfo>
        <ApplyToInfo>
          <ApplyTo Type="language" Value="sv-SE" />
        </ApplyToInfo>
      </SatelliteInfo>
      <Payload>
        <PayloadItem PayloadHash="8Z5Sw4RAHAWOPa9mZ5QES3RJNbnRGz0H+ztCTFj1+u4=" PayloadSize="10243" Path="FeaturesOnDemand\sv-se\baseless\Microsoft-Windows-WirelessDisplay-FOD-Package~31bf3856ad364e35~amd64~sv-se~.cab" PayloadType="ExpressCab" />
        <PayloadItem PayloadHash="1de1oq/r0pseY/2D3eZdrnexQTG4HTgKEk2NmmMBXoM=" PayloadSize="61170" Path="FeaturesOnDemand\sv-se\baseless\Microsoft-Windows-WirelessDisplay-FOD-Package~31bf3856ad364e35~amd64~sv-se~.psf" PayloadType="ExpressPSF" />
      </Payload>
    </Package>
    <Package ID="Microsoft-Windows-WMI-SNMP-Provider-Client-Package~31bf3856ad364e35~amd64~sv-se~" InstalledSize="53226" Version="10.0.20348.1">
      <SatelliteInfo>
        <ApplyToInfo>
          <ApplyTo Type="language" Value="sv-SE" />
        </ApplyToInfo>
      </SatelliteInfo>
      <Payload>
        <PayloadItem PayloadHash="noSt+bnt21RoTakuipC8pgH9OpHp7yMvu0aUGZ6bHOg=" PayloadSize="10619" Path="FeaturesOnDemand\sv-se\baseless\Microsoft-Windows-WMI-SNMP-Provider-Client-Package~31bf3856ad364e35~amd64~sv-se~.cab" PayloadType="ExpressCab" />
        <PayloadItem PayloadHash="LkVnORyIYFn8h2VTSd+kERP8pOyZynbRmu70Vw7Iuu0=" PayloadSize="64624" Path="FeaturesOnDemand\sv-se\baseless\Microsoft-Windows-WMI-SNMP-Provider-Client-Package~31bf3856ad364e35~amd64~sv-se~.psf" PayloadType="ExpressPSF" />
      </Payload>
    </Package>
    <Package ID="Microsoft-Windows-WMI-SNMP-Provider-Client-Package~31bf3856ad364e35~wow64~sv-se~" InstalledSize="53319" Version="10.0.20348.1">
      <SatelliteInfo>
        <ApplyToInfo>
          <ApplyTo Type="arch" Value="wow64" />
          <ApplyTo Type="language" Value="sv-SE" />
        </ApplyToInfo>
      </SatelliteInfo>
      <Payload>
        <PayloadItem PayloadHash="YC9ke17Agr+hrqpnLSKfYmCCcY+SbxUeXmevVhUXBJY=" PayloadSize="10593" Path="FeaturesOnDemand\sv-se\baseless\Microsoft-Windows-WMI-SNMP-Provider-Client-Package~31bf3856ad364e35~wow64~sv-se~.cab" PayloadType="ExpressCab" />
        <PayloadItem PayloadHash="9/3AE8Xt0mxfZMbJ6ogHPutexFeQuE4hgA7G1aoad/E=" PayloadSize="64693" Path="FeaturesOnDemand\sv-se\baseless\Microsoft-Windows-WMI-SNMP-Provider-Client-Package~31bf3856ad364e35~wow64~sv-se~.psf" PayloadType="ExpressPSF" />
      </Payload>
    </Package>
    <Package ID="Microsoft-Windows-WordPad-FoD-Package~31bf3856ad364e35~amd64~sv-se~" InstalledSize="175945" Version="10.0.20348.1">
      <SatelliteInfo>
        <ApplyToInfo>
          <ApplyTo Type="language" Value="sv-SE" />
        </ApplyToInfo>
      </SatelliteInfo>
      <Payload>
        <PayloadItem PayloadHash="qRbXwQq7r67Fyd1UeS2QSrnlPN/Hmk/9A+eVeyBNcFs=" PayloadSize="10005" Path="FeaturesOnDemand\sv-se\baseless\Microsoft-Windows-WordPad-FoD-Package~31bf3856ad364e35~amd64~sv-se~.cab" PayloadType="ExpressCab" />
        <PayloadItem PayloadHash="6sGkWKVKOam1CNkcAw5OHIiDfkAA5U8OxRJyiqzVPZM=" PayloadSize="63649" Path="FeaturesOnDemand\sv-se\baseless\Microsoft-Windows-WordPad-FoD-Package~31bf3856ad364e35~amd64~sv-se~.psf" PayloadType="ExpressPSF" />
      </Payload>
    </Package>
    <Package ID="Microsoft-Windows-WordPad-FoD-Package~31bf3856ad364e35~wow64~sv-se~" InstalledSize="176021" Version="10.0.20348.1">
      <SatelliteInfo>
        <ApplyToInfo>
          <ApplyTo Type="arch" Value="wow64" />
          <ApplyTo Type="language" Value="sv-SE" />
        </ApplyToInfo>
      </SatelliteInfo>
      <Payload>
        <PayloadItem PayloadHash="eSkgExHWcFE72bw1QzRJNzvqKC6X2jl4UnLEY3tvkFQ=" PayloadSize="9981" Path="FeaturesOnDemand\sv-se\baseless\Microsoft-Windows-WordPad-FoD-Package~31bf3856ad364e35~wow64~sv-se~.cab" PayloadType="ExpressCab" />
        <PayloadItem PayloadHash="b1AyNwGfqKljGOr0eSHqA+mQjM2IFtQ8HPSYLyQfhgk=" PayloadSize="63687" Path="FeaturesOnDemand\sv-se\baseless\Microsoft-Windows-WordPad-FoD-Package~31bf3856ad364e35~wow64~sv-se~.psf" PayloadType="ExpressPSF" />
      </Payload>
    </Package>
    <Package ID="Microsoft-Windows-WSUS-Tools-FoD-Package~31bf3856ad364e35~amd64~sv-se~" InstalledSize="2931314" Version="10.0.20348.1">
      <SatelliteInfo>
        <ApplyToInfo>
          <ApplyTo Type="language" Value="sv-SE" />
        </ApplyToInfo>
      </SatelliteInfo>
      <Payload>
        <PayloadItem PayloadHash="j6BUSbuEHllKMPwR5Ppy5TDsmnn987LTNP9ymUM33jM=" PayloadSize="11141" Path="FeaturesOnDemand\sv-se\baseless\Microsoft-Windows-WSUS-Tools-FoD-Package~31bf3856ad364e35~amd64~sv-se~.cab" PayloadType="ExpressCab" />
        <PayloadItem PayloadHash="nVZDvJAd4wRREADuNyKp8VM1lz4Fs+D2W4fquHFv0co=" PayloadSize="387054" Path="FeaturesOnDemand\sv-se\baseless\Microsoft-Windows-WSUS-Tools-FoD-Package~31bf3856ad364e35~amd64~sv-se~.psf" PayloadType="ExpressPSF" />
      </Payload>
    </Package>
  </Packages>
  <ValuePair />
</CompDB>