<?xml version="1.0" encoding="utf-8"?>
<CompDB xmlns:xsi="http://www.w3.org/2001/XMLSchema-instance" xmlns:xsd="http://www.w3.org/2001/XMLSchema" CreatedDate="2021-05-08T14:02:51.8313977Z" Revision="1" SchemaVersion="1.2" Product="Server" BuildID="cba57a24-14e8-e0d9-3b38-ce9d5f1c983e" BuildInfo="fe_release.20348.1.210507-1500" OSVersion="10.0.20348.1" BuildArch="amd64" ReleaseType="Production" Type="Baseless" Name="Baseless~amd64~Server~~lv-lv" xmlns="http://schemas.microsoft.com/embedded/2004/10/ImageUpdate">
  <Tags Type="Language">
    <Tag Name="Language" Value="lv-lv" />
    <Tag Name="UpdateType" Value="Baseless" />
  </Tags>
  <Features>
    <Feature Type="LanguagePack" FeatureID="Language.UI.Server~lv-lv" FMID="MSDL" Group="Microsoft">
      <Packages>
        <Package ID="Microsoft-Windows-Server-LanguagePack-Package_lv-lv~31bf3856ad364e35~amd64~lv-lv~" PackageType="FeaturePackage" />
      </Packages>
    </Feature>
    <Feature Type="OnDemandFeature" FeatureID="Rsat.AzureStack.HCI.Management.Tools~~1.0" FMID="MSDN" Group="Microsoft">
      <Packages>
        <Package ID="Microsoft-AzureStack-HCI-Management-Tools-FOD-Package~31bf3856ad364e35~amd64~lv-lv~" PackageType="SatellitePackage" />
      </Packages>
    </Feature>
    <Feature Type="OnDemandFeature" FeatureID="Microsoft.Onecore.StorageManagement~~1.0" FMID="MSDN" Group="Microsoft">
      <Packages>
        <Package ID="Microsoft-OneCore-StorageManagement-FoD-Package~31bf3856ad364e35~amd64~lv-lv~" PackageType="SatellitePackage" />
        <Package ID="Microsoft-OneCore-StorageManagement-FoD-Package~31bf3856ad364e35~wow64~lv-lv~" PackageType="SatellitePackage" />
      </Packages>
    </Feature>
    <Feature Type="OnDemandFeature" FeatureID="Rsat.ActiveDirectory.DS-LDS.Tools~~1.0" FMID="MSDN" Group="Microsoft">
      <Dependencies>
        <Feature FeatureID="Rsat.ServerManager.Tools~~1.0" />
      </Dependencies>
      <Packages>
        <Package ID="Microsoft-Windows-ActiveDirectory-DS-LDS-Tools-FoD-Package~31bf3856ad364e35~amd64~lv-lv~" PackageType="SatellitePackage" />
        <Package ID="Microsoft-Windows-ActiveDirectory-DS-LDS-Tools-FoD-Package~31bf3856ad364e35~wow64~lv-lv~" PackageType="SatellitePackage" />
      </Packages>
    </Feature>
    <Feature Type="OnDemandFeature" FeatureID="Rsat.BitLocker.Recovery.Tools~~1.0" FMID="MSDN" Group="Microsoft">
      <Dependencies>
        <Feature FeatureID="Rsat.ActiveDirectory.DS-LDS.Tools~~1.0" />
      </Dependencies>
      <Packages>
        <Package ID="Microsoft-Windows-BitLocker-Recovery-Tools-FoD-Package~31bf3856ad364e35~amd64~lv-lv~" PackageType="SatellitePackage" />
      </Packages>
    </Feature>
    <Feature Type="OnDemandFeature" FeatureID="Rsat.CertificateServices.Tools~~1.0" FMID="MSDN" Group="Microsoft">
      <Packages>
        <Package ID="Microsoft-Windows-CertificateServices-Tools-FoD-Package~31bf3856ad364e35~amd64~lv-lv~" PackageType="SatellitePackage" />
      </Packages>
    </Feature>
    <Feature Type="OnDemandFeature" FeatureID="Microsoft.Composition.Test~~1.0" FMID="MSDN" Group="Microsoft">
      <Packages>
        <Package ID="Microsoft-Windows-Composition-Test-FOD-Package~31bf3856ad364e35~amd64~lv-lv~" PackageType="SatellitePackage" />
        <Package ID="Microsoft-Windows-Composition-Test-FOD-Package~31bf3856ad364e35~wow64~lv-lv~" PackageType="SatellitePackage" />
      </Packages>
    </Feature>
    <Feature Type="OnDemandFeature" FeatureID="Rsat.DHCP.Tools~~1.0" FMID="MSDN" Group="Microsoft">
      <Packages>
        <Package ID="Microsoft-Windows-DHCP-Tools-FoD-Package~31bf3856ad364e35~amd64~lv-lv~" PackageType="SatellitePackage" />
        <Package ID="Microsoft-Windows-DHCP-Tools-FoD-Package~31bf3856ad364e35~wow64~lv-lv~" PackageType="SatellitePackage" />
      </Packages>
    </Feature>
    <Feature Type="OnDemandFeature" FeatureID="Rsat.Dns.Tools~~1.0" FMID="MSDN" Group="Microsoft">
      <Packages>
        <Package ID="Microsoft-Windows-DNS-Tools-FoD-Package~31bf3856ad364e35~amd64~lv-lv~" PackageType="SatellitePackage" />
        <Package ID="Microsoft-Windows-DNS-Tools-FoD-Package~31bf3856ad364e35~wow64~lv-lv~" PackageType="SatellitePackage" />
      </Packages>
    </Feature>
    <Feature Type="OnDemandFeature" FeatureID="Windows.Desktop.EMS-SAC.Tools~~1.0" FMID="MSDN" Group="Microsoft">
      <Packages>
        <Package ID="Microsoft-Windows-EMS-SAC-Desktop-Tools-FoD-Package~31bf3856ad364e35~amd64~lv-lv~" PackageType="SatellitePackage" />
      </Packages>
    </Feature>
    <Feature Type="OnDemandFeature" FeatureID="Rsat.FailoverCluster.Management.Tools~~1.0" FMID="MSDN" Group="Microsoft">
      <Dependencies>
        <Feature FeatureID="Rsat.FileServices.Tools~~1.0" />
      </Dependencies>
      <Packages>
        <Package ID="Microsoft-Windows-FailoverCluster-Management-Tools-FOD-Package~31bf3856ad364e35~amd64~lv-lv~" PackageType="SatellitePackage" />
        <Package ID="Microsoft-Windows-FailoverCluster-Management-Tools-FOD-Package~31bf3856ad364e35~wow64~lv-lv~" PackageType="SatellitePackage" />
      </Packages>
    </Feature>
    <Feature Type="OnDemandFeature" FeatureID="Rsat.FileServices.Tools~~1.0" FMID="MSDN" Group="Microsoft">
      <Dependencies>
        <Feature FeatureID="Rsat.ServerManager.Tools~~1.0" />
      </Dependencies>
      <Packages>
        <Package ID="Microsoft-Windows-FileServices-Tools-FoD-Package~31bf3856ad364e35~amd64~lv-lv~" PackageType="SatellitePackage" />
        <Package ID="Microsoft-Windows-FileServices-Tools-FoD-Package~31bf3856ad364e35~wow64~lv-lv~" PackageType="SatellitePackage" />
      </Packages>
    </Feature>
    <Feature Type="OnDemandFeature" FeatureID="Rsat.GroupPolicy.Management.Tools~~1.0" FMID="MSDN" Group="Microsoft">
      <Packages>
        <Package ID="Microsoft-Windows-GroupPolicy-Management-Tools-FoD-Package~31bf3856ad364e35~amd64~lv-lv~" PackageType="SatellitePackage" />
        <Package ID="Microsoft-Windows-GroupPolicy-Management-Tools-FoD-Package~31bf3856ad364e35~wow64~lv-lv~" PackageType="SatellitePackage" />
      </Packages>
    </Feature>
    <Feature Type="OnDemandFeature" FeatureID="Rsat.IPAM.Client.Tools~~1.0" FMID="MSDN" Group="Microsoft">
      <Dependencies>
        <Feature FeatureID="Rsat.ServerManager.Tools~~1.0" />
      </Dependencies>
      <Packages>
        <Package ID="Microsoft-Windows-IPAM-Client-FoD-Package~31bf3856ad364e35~amd64~lv-lv~" PackageType="SatellitePackage" />
        <Package ID="Microsoft-Windows-IPAM-Client-FoD-Package~31bf3856ad364e35~wow64~lv-lv~" PackageType="SatellitePackage" />
      </Packages>
    </Feature>
    <Feature Type="OnDemandFeature" FeatureID="Network.Irda~~1.0" FMID="MSDN" Group="Microsoft">
      <Packages>
        <Package ID="Microsoft-Windows-IRDA-Package~31bf3856ad364e35~amd64~lv-lv~" PackageType="SatellitePackage" />
        <Package ID="Microsoft-Windows-IRDA-Package~31bf3856ad364e35~wow64~lv-lv~" PackageType="SatellitePackage" />
      </Packages>
    </Feature>
    <Feature Type="OnDemandFeature" FeatureID="Media.MediaFeaturePack~~1.0" FMID="MSDN" Group="Microsoft">
      <Packages>
        <Package ID="Microsoft-Windows-Media-Features-Package~31bf3856ad364e35~amd64~lv-lv~" PackageType="SatellitePackage" />
        <Package ID="Microsoft-Windows-Media-Features-Package~31bf3856ad364e35~wow64~lv-lv~" PackageType="SatellitePackage" />
      </Packages>
    </Feature>
    <Feature Type="OnDemandFeature" FeatureID="Microsoft.Windows.MSPaint~~1.0" FMID="MSDN" Group="Microsoft">
      <Packages>
        <Package ID="Microsoft-Windows-MSPaint-FoD-Package~31bf3856ad364e35~amd64~lv-lv~" PackageType="SatellitePackage" />
        <Package ID="Microsoft-Windows-MSPaint-FoD-Package~31bf3856ad364e35~wow64~lv-lv~" PackageType="SatellitePackage" />
      </Packages>
    </Feature>
    <Feature Type="OnDemandFeature" FeatureID="Rsat.NetworkController.Tools~~1.0" FMID="MSDN" Group="Microsoft">
      <Packages>
        <Package ID="Microsoft-Windows-NetworkController-Tools-FoD-Package~31bf3856ad364e35~amd64~lv-lv~" PackageType="SatellitePackage" />
      </Packages>
    </Feature>
    <Feature Type="OnDemandFeature" FeatureID="Rsat.NetworkLoadBalancing.Tools~~1.0" FMID="MSDN" Group="Microsoft">
      <Packages>
        <Package ID="Microsoft-Windows-NetworkLoadBalancing-Tools-FoD-Package~31bf3856ad364e35~amd64~lv-lv~" PackageType="SatellitePackage" />
      </Packages>
    </Feature>
    <Feature Type="OnDemandFeature" FeatureID="Microsoft.Windows.Notepad~~1.0" FMID="MSDN" Group="Microsoft">
      <Packages>
        <Package ID="Microsoft-Windows-Notepad-FoD-Package~31bf3856ad364e35~amd64~lv-lv~" PackageType="SatellitePackage" />
        <Package ID="Microsoft-Windows-Notepad-FoD-Package~31bf3856ad364e35~wow64~lv-lv~" PackageType="SatellitePackage" />
      </Packages>
    </Feature>
    <Feature Type="OnDemandFeature" FeatureID="Microsoft.Windows.PowerShell.ISE~~1.0" FMID="MSDN" Group="Microsoft">
      <Packages>
        <Package ID="Microsoft-Windows-PowerShell-ISE-FOD-Package~31bf3856ad364e35~amd64~lv-lv~" PackageType="SatellitePackage" />
        <Package ID="Microsoft-Windows-PowerShell-ISE-FOD-Package~31bf3856ad364e35~wow64~lv-lv~" PackageType="SatellitePackage" />
      </Packages>
    </Feature>
    <Feature Type="OnDemandFeature" FeatureID="Print.Management.Console~~1.0" FMID="MSDN" Group="Microsoft">
      <Packages>
        <Package ID="Microsoft-Windows-Printing-PMCPPC-FoD-Package~31bf3856ad364e35~amd64~lv-lv~" PackageType="SatellitePackage" />
      </Packages>
    </Feature>
    <Feature Type="OnDemandFeature" FeatureID="Print.Fax.Scan~~1.0" FMID="MSDN" Group="Microsoft">
      <Packages>
        <Package ID="Microsoft-Windows-Printing-WFS-FoD-Package~31bf3856ad364e35~amd64~lv-lv~" PackageType="SatellitePackage" />
      </Packages>
    </Feature>
    <Feature Type="OnDemandFeature" FeatureID="RasCMAK.Client~~1.0" FMID="MSDN" Group="Microsoft">
      <Packages>
        <Package ID="Microsoft-Windows-RasCMAK-Client-Package~31bf3856ad364e35~amd64~lv-lv~" PackageType="SatellitePackage" />
        <Package ID="Microsoft-Windows-RasCMAK-Client-Package~31bf3856ad364e35~wow64~lv-lv~" PackageType="SatellitePackage" />
      </Packages>
    </Feature>
    <Feature Type="OnDemandFeature" FeatureID="RIP.Listener~~1.0" FMID="MSDN" Group="Microsoft">
      <Packages>
        <Package ID="Microsoft-Windows-RasRip-Package~31bf3856ad364e35~amd64~lv-lv~" PackageType="SatellitePackage" />
      </Packages>
    </Feature>
    <Feature Type="OnDemandFeature" FeatureID="Rsat.RemoteAccess.Management.Tools~~1.0" FMID="MSDN" Group="Microsoft">
      <Dependencies>
        <Feature FeatureID="Rsat.GroupPolicy.Management.Tools~~1.0" />
        <Feature FeatureID="Rsat.ServerManager.Tools~~1.0" />
      </Dependencies>
      <Packages>
        <Package ID="Microsoft-Windows-RemoteAccess-Management-Tools-FoD-Package~31bf3856ad364e35~amd64~lv-lv~" PackageType="SatellitePackage" />
        <Package ID="Microsoft-Windows-RemoteAccess-Management-Tools-FoD-Package~31bf3856ad364e35~wow64~lv-lv~" PackageType="SatellitePackage" />
      </Packages>
    </Feature>
    <Feature Type="OnDemandFeature" FeatureID="Rsat.RemoteDesktop.Services.Tools~~1.0" FMID="MSDN" Group="Microsoft">
      <Packages>
        <Package ID="Microsoft-Windows-RemoteDesktop-Services-Tools-FoD-Package~31bf3856ad364e35~amd64~lv-lv~" PackageType="SatellitePackage" />
      </Packages>
    </Feature>
    <Feature Type="OnDemandFeature" FeatureID="ServerCore.AppCompatibility~~1.0" FMID="MSDN" Group="Microsoft">
      <Packages>
        <Package ID="Microsoft-Windows-Server-AppCompat-FoD-Package~31bf3856ad364e35~amd64~lv-lv~" PackageType="SatellitePackage" />
      </Packages>
    </Feature>
    <Feature Type="OnDemandFeature" FeatureID="Rsat.ServerManager.Tools~~1.0" FMID="MSDN" Group="Microsoft">
      <Packages>
        <Package ID="Microsoft-Windows-ServerManager-Tools-FoD-Package~31bf3856ad364e35~amd64~lv-lv~" PackageType="SatellitePackage" />
        <Package ID="Microsoft-Windows-ServerManager-Tools-FoD-Package~31bf3856ad364e35~wow64~lv-lv~" PackageType="SatellitePackage" />
      </Packages>
    </Feature>
    <Feature Type="OnDemandFeature" FeatureID="Rsat.Shielded.VM.Tools~~1.0" FMID="MSDN" Group="Microsoft">
      <Dependencies>
        <Feature FeatureID="Rsat.ServerManager.Tools~~1.0" />
      </Dependencies>
      <Packages>
        <Package ID="Microsoft-Windows-Shielded-VM-Tools-FoD-Package~31bf3856ad364e35~amd64~lv-lv~" PackageType="SatellitePackage" />
      </Packages>
    </Feature>
    <Feature Type="OnDemandFeature" FeatureID="SNMP.Client~~1.0" FMID="MSDN" Group="Microsoft">
      <Packages>
        <Package ID="Microsoft-Windows-SNMP-Client-Package~31bf3856ad364e35~amd64~lv-lv~" PackageType="SatellitePackage" />
        <Package ID="Microsoft-Windows-SNMP-Client-Package~31bf3856ad364e35~wow64~lv-lv~" PackageType="SatellitePackage" />
      </Packages>
    </Feature>
    <Feature Type="OnDemandFeature" FeatureID="App.StepsRecorder~~1.0" FMID="MSDN" Group="Microsoft">
      <Packages>
        <Package ID="Microsoft-Windows-StepsRecorder-Package~31bf3856ad364e35~amd64~lv-lv~" PackageType="SatellitePackage" />
        <Package ID="Microsoft-Windows-StepsRecorder-Package~31bf3856ad364e35~wow64~lv-lv~" PackageType="SatellitePackage" />
      </Packages>
    </Feature>
    <Feature Type="OnDemandFeature" FeatureID="Microsoft.Windows.StorageManagement~~1.0" FMID="MSDN" Group="Microsoft">
      <Packages>
        <Package ID="Microsoft-Windows-StorageManagement-FoD-Package~31bf3856ad364e35~amd64~lv-lv~" PackageType="SatellitePackage" />
        <Package ID="Microsoft-Windows-StorageManagement-FoD-Package~31bf3856ad364e35~wow64~lv-lv~" PackageType="SatellitePackage" />
      </Packages>
    </Feature>
    <Feature Type="OnDemandFeature" FeatureID="Rsat.StorageMigrationService.Management.Tools~~1.0" FMID="MSDN" Group="Microsoft">
      <Packages>
        <Package ID="Microsoft-Windows-StorageMigrationService-Management-Tools-FOD-Package~31bf3856ad364e35~amd64~lv-lv~" PackageType="SatellitePackage" />
      </Packages>
    </Feature>
    <Feature Type="OnDemandFeature" FeatureID="Rsat.StorageReplica.Tools~~1.0" FMID="MSDN" Group="Microsoft">
      <Packages>
        <Package ID="Microsoft-Windows-StorageReplica-Tools-FoD-Package~31bf3856ad364e35~amd64~lv-lv~" PackageType="SatellitePackage" />
      </Packages>
    </Feature>
    <Feature Type="OnDemandFeature" FeatureID="Rsat.SystemInsights.Management.Tools~~1.0" FMID="MSDN" Group="Microsoft">
      <Packages>
        <Package ID="Microsoft-Windows-SystemInsights-Management-Tools-FOD-Package~31bf3856ad364e35~amd64~lv-lv~" PackageType="SatellitePackage" />
      </Packages>
    </Feature>
    <Feature Type="OnDemandFeature" FeatureID="Rsat.VolumeActivation.Tools~~1.0" FMID="MSDN" Group="Microsoft">
      <Packages>
        <Package ID="Microsoft-Windows-VolumeActivation-Tools-FoD-Package~31bf3856ad364e35~amd64~lv-lv~" PackageType="SatellitePackage" />
      </Packages>
    </Feature>
    <Feature Type="OnDemandFeature" FeatureID="App.WirelessDisplay.Connect~~1.0" FMID="MSDN" Group="Microsoft">
      <Packages>
        <Package ID="Microsoft-Windows-WirelessDisplay-FOD-Package~31bf3856ad364e35~amd64~lv-lv~" PackageType="SatellitePackage" />
      </Packages>
    </Feature>
    <Feature Type="OnDemandFeature" FeatureID="WMI-SNMP-Provider.Client~~1.0" FMID="MSDN" Group="Microsoft">
      <Dependencies>
        <Feature FeatureID="SNMP.Client~~1.0" />
      </Dependencies>
      <Packages>
        <Package ID="Microsoft-Windows-WMI-SNMP-Provider-Client-Package~31bf3856ad364e35~amd64~lv-lv~" PackageType="SatellitePackage" />
        <Package ID="Microsoft-Windows-WMI-SNMP-Provider-Client-Package~31bf3856ad364e35~wow64~lv-lv~" PackageType="SatellitePackage" />
      </Packages>
    </Feature>
    <Feature Type="OnDemandFeature" FeatureID="Microsoft.Windows.WordPad~~1.0" FMID="MSDN" Group="Microsoft">
      <Packages>
        <Package ID="Microsoft-Windows-WordPad-FoD-Package~31bf3856ad364e35~amd64~lv-lv~" PackageType="SatellitePackage" />
        <Package ID="Microsoft-Windows-WordPad-FoD-Package~31bf3856ad364e35~wow64~lv-lv~" PackageType="SatellitePackage" />
      </Packages>
    </Feature>
    <Feature Type="OnDemandFeature" FeatureID="Rsat.WSUS.Tools~~1.0" FMID="MSDN" Group="Microsoft">
      <Packages>
        <Package ID="Microsoft-Windows-WSUS-Tools-FoD-Package~31bf3856ad364e35~amd64~lv-lv~" PackageType="SatellitePackage" />
      </Packages>
    </Feature>
  </Features>
  <Packages>
    <Package ID="Microsoft-Windows-Server-LanguagePack-Package_lv-lv~31bf3856ad364e35~amd64~lv-lv~" InstalledSize="262801078" Version="10.0.20348.1">
      <SatelliteInfo>
        <DeclareInfo>
          <Declare Type="language" Value="lv-LV" />
        </DeclareInfo>
      </SatelliteInfo>
      <Payload>
        <PayloadItem PayloadHash="Eo+LMPUWE1LzsnHWF0QdAh38tJCDBx5wPJUOt4BWCMc=" PayloadSize="1121263" Path="UUP\Desktop\editionpackages\lv-lv\Server\baseless\Microsoft-Windows-Server-LanguagePack-Package_lv-lv~31bf3856ad364e35~amd64~lv-lv~.cab" PayloadType="ExpressCab" />
        <PayloadItem PayloadHash="MC9nsrDVRzRmMmFUmbeQMilB4q7y0cU/abWJRfiiXZU=" PayloadSize="54589397" Path="UUP\Desktop\editionpackages\lv-lv\Server\baseless\Microsoft-Windows-Server-LanguagePack-Package_lv-lv~31bf3856ad364e35~amd64~lv-lv~.psf" PayloadType="ExpressPSF" />
      </Payload>
    </Package>
    <Package ID="Microsoft-AzureStack-HCI-Management-Tools-FOD-Package~31bf3856ad364e35~amd64~lv-lv~" InstalledSize="33246" Version="10.0.20348.1">
      <SatelliteInfo>
        <ApplyToInfo>
          <ApplyTo Type="language" Value="lv-LV" />
        </ApplyToInfo>
      </SatelliteInfo>
      <Payload>
        <PayloadItem PayloadHash="5PLg6hOzasKgJJ122LqPqXEPf4vXb4zmg1I2hzKIUVQ=" PayloadSize="10285" Path="FeaturesOnDemand\lv-lv\baseless\Microsoft-AzureStack-HCI-Management-Tools-FOD-Package~31bf3856ad364e35~amd64~lv-lv~.cab" PayloadType="ExpressCab" />
        <PayloadItem PayloadHash="DdnA2eaR/FLzsXnx7Gx4bnZM3MMkpOUvLcwflXc7m2M=" PayloadSize="59893" Path="FeaturesOnDemand\lv-lv\baseless\Microsoft-AzureStack-HCI-Management-Tools-FOD-Package~31bf3856ad364e35~amd64~lv-lv~.psf" PayloadType="ExpressPSF" />
      </Payload>
    </Package>
    <Package ID="Microsoft-OneCore-StorageManagement-FoD-Package~31bf3856ad364e35~amd64~lv-lv~" InstalledSize="1986410" Version="10.0.20348.1">
      <SatelliteInfo>
        <ApplyToInfo>
          <ApplyTo Type="language" Value="lv-LV" />
        </ApplyToInfo>
      </SatelliteInfo>
      <Payload>
        <PayloadItem PayloadHash="c1jmZZj/R16Ng7mXMu9m5KcnkZjl3ja7pOolpXzWazY=" PayloadSize="11371" Path="FeaturesOnDemand\lv-lv\baseless\Microsoft-OneCore-StorageManagement-FoD-Package~31bf3856ad364e35~amd64~lv-lv~.cab" PayloadType="ExpressCab" />
        <PayloadItem PayloadHash="ksNo+8VLWopromgT0dLrlAZpgV5qAItdGs8ge5gigxo=" PayloadSize="184418" Path="FeaturesOnDemand\lv-lv\baseless\Microsoft-OneCore-StorageManagement-FoD-Package~31bf3856ad364e35~amd64~lv-lv~.psf" PayloadType="ExpressPSF" />
      </Payload>
    </Package>
    <Package ID="Microsoft-OneCore-StorageManagement-FoD-Package~31bf3856ad364e35~wow64~lv-lv~" InstalledSize="1081673" Version="10.0.20348.1">
      <SatelliteInfo>
        <ApplyToInfo>
          <ApplyTo Type="arch" Value="wow64" />
          <ApplyTo Type="language" Value="lv-LV" />
        </ApplyToInfo>
      </SatelliteInfo>
      <Payload>
        <PayloadItem PayloadHash="74hoQGP40dWqgWBvQy00CFFZEc2ZdYzQUTQMKR1IeWo=" PayloadSize="10447" Path="FeaturesOnDemand\lv-lv\baseless\Microsoft-OneCore-StorageManagement-FoD-Package~31bf3856ad364e35~wow64~lv-lv~.cab" PayloadType="ExpressCab" />
        <PayloadItem PayloadHash="GuShgJ3IGaHzO7lx8Jn65ATJlvf04n91fqNB7qq7WC4=" PayloadSize="107718" Path="FeaturesOnDemand\lv-lv\baseless\Microsoft-OneCore-StorageManagement-FoD-Package~31bf3856ad364e35~wow64~lv-lv~.psf" PayloadType="ExpressPSF" />
      </Payload>
    </Package>
    <Package ID="Microsoft-Windows-ActiveDirectory-DS-LDS-Tools-FoD-Package~31bf3856ad364e35~amd64~lv-lv~" InstalledSize="5625071" Version="10.0.20348.1">
      <SatelliteInfo>
        <ApplyToInfo>
          <ApplyTo Type="language" Value="lv-LV" />
        </ApplyToInfo>
      </SatelliteInfo>
      <Payload>
        <PayloadItem PayloadHash="0w0pAlIBl3vfp3B1/pQ+byUb76TF+i4cJ6uCf4bTC0w=" PayloadSize="17387" Path="FeaturesOnDemand\lv-lv\baseless\Microsoft-Windows-ActiveDirectory-DS-LDS-Tools-FoD-Package~31bf3856ad364e35~amd64~lv-lv~.cab" PayloadType="ExpressCab" />
        <PayloadItem PayloadHash="zZGUw0/WKJi6jm6Huz1lxlvJoZsprWN82bk6BuPNsEM=" PayloadSize="904869" Path="FeaturesOnDemand\lv-lv\baseless\Microsoft-Windows-ActiveDirectory-DS-LDS-Tools-FoD-Package~31bf3856ad364e35~amd64~lv-lv~.psf" PayloadType="ExpressPSF" />
      </Payload>
    </Package>
    <Package ID="Microsoft-Windows-ActiveDirectory-DS-LDS-Tools-FoD-Package~31bf3856ad364e35~wow64~lv-lv~" InstalledSize="787210" Version="10.0.20348.1">
      <SatelliteInfo>
        <ApplyToInfo>
          <ApplyTo Type="arch" Value="wow64" />
          <ApplyTo Type="language" Value="lv-LV" />
        </ApplyToInfo>
      </SatelliteInfo>
      <Payload>
        <PayloadItem PayloadHash="bpYcdCrJLMYkPzsH/AvBeGhpm3e8mxcBb4t4VztYRtc=" PayloadSize="11249" Path="FeaturesOnDemand\lv-lv\baseless\Microsoft-Windows-ActiveDirectory-DS-LDS-Tools-FoD-Package~31bf3856ad364e35~wow64~lv-lv~.cab" PayloadType="ExpressCab" />
        <PayloadItem PayloadHash="xof/1MyBKIIzAhv/QK/RG6TYFFL2bigHMO82JZnyHsI=" PayloadSize="150831" Path="FeaturesOnDemand\lv-lv\baseless\Microsoft-Windows-ActiveDirectory-DS-LDS-Tools-FoD-Package~31bf3856ad364e35~wow64~lv-lv~.psf" PayloadType="ExpressPSF" />
      </Payload>
    </Package>
    <Package ID="Microsoft-Windows-BitLocker-Recovery-Tools-FoD-Package~31bf3856ad364e35~amd64~lv-lv~" InstalledSize="31663" Version="10.0.20348.1">
      <SatelliteInfo>
        <ApplyToInfo>
          <ApplyTo Type="language" Value="lv-LV" />
        </ApplyToInfo>
      </SatelliteInfo>
      <Payload>
        <PayloadItem PayloadHash="wfqPpfhkCYremg1N1qiPBDfxpWf74VXDdoRV0lDdCac=" PayloadSize="10277" Path="FeaturesOnDemand\lv-lv\baseless\Microsoft-Windows-BitLocker-Recovery-Tools-FoD-Package~31bf3856ad364e35~amd64~lv-lv~.cab" PayloadType="ExpressCab" />
        <PayloadItem PayloadHash="sgxDlCnejZUcjABkbKGtAnybxg5C0jGazzEg/60qgwg=" PayloadSize="58607" Path="FeaturesOnDemand\lv-lv\baseless\Microsoft-Windows-BitLocker-Recovery-Tools-FoD-Package~31bf3856ad364e35~amd64~lv-lv~.psf" PayloadType="ExpressPSF" />
      </Payload>
    </Package>
    <Package ID="Microsoft-Windows-CertificateServices-Tools-FoD-Package~31bf3856ad364e35~amd64~lv-lv~" InstalledSize="996065" Version="10.0.20348.1">
      <SatelliteInfo>
        <ApplyToInfo>
          <ApplyTo Type="language" Value="lv-LV" />
        </ApplyToInfo>
      </SatelliteInfo>
      <Payload>
        <PayloadItem PayloadHash="snkSXZXmz0wIus6wmYA7dmUSaH+v7V+AzIgsxS3wYYQ=" PayloadSize="12149" Path="FeaturesOnDemand\lv-lv\baseless\Microsoft-Windows-CertificateServices-Tools-FoD-Package~31bf3856ad364e35~amd64~lv-lv~.cab" PayloadType="ExpressCab" />
        <PayloadItem PayloadHash="60DAKouyTOoBJ9/KUks3BFgqkUU4/ZJ/MJ107Bu0xYY=" PayloadSize="190938" Path="FeaturesOnDemand\lv-lv\baseless\Microsoft-Windows-CertificateServices-Tools-FoD-Package~31bf3856ad364e35~amd64~lv-lv~.psf" PayloadType="ExpressPSF" />
      </Payload>
    </Package>
    <Package ID="Microsoft-Windows-Composition-Test-FOD-Package~31bf3856ad364e35~amd64~lv-lv~" InstalledSize="21148" Version="10.0.20348.1">
      <SatelliteInfo>
        <ApplyToInfo>
          <ApplyTo Type="language" Value="lv-LV" />
        </ApplyToInfo>
      </SatelliteInfo>
      <Payload>
        <PayloadItem PayloadHash="c2O7XKt9sMHKxhzPEoIxT7rYDh7WU8jLeFeBqSKIq14=" PayloadSize="10007" Path="FeaturesOnDemand\lv-lv\baseless\Microsoft-Windows-Composition-Test-FOD-Package~31bf3856ad364e35~amd64~lv-lv~.cab" PayloadType="ExpressCab" />
        <PayloadItem PayloadHash="+xUU7VcqHLna6zBcqYlOZ0tAUesGHYlC7sfZ/3289jc=" PayloadSize="55265" Path="FeaturesOnDemand\lv-lv\baseless\Microsoft-Windows-Composition-Test-FOD-Package~31bf3856ad364e35~amd64~lv-lv~.psf" PayloadType="ExpressPSF" />
      </Payload>
    </Package>
    <Package ID="Microsoft-Windows-Composition-Test-FOD-Package~31bf3856ad364e35~wow64~lv-lv~" InstalledSize="21220" Version="10.0.20348.1">
      <SatelliteInfo>
        <ApplyToInfo>
          <ApplyTo Type="arch" Value="wow64" />
          <ApplyTo Type="language" Value="lv-LV" />
        </ApplyToInfo>
      </SatelliteInfo>
      <Payload>
        <PayloadItem PayloadHash="U1PPzj7F/XN7rtfWT7QkoJ5g9qYpYtLjmj1TLogBodc=" PayloadSize="10013" Path="FeaturesOnDemand\lv-lv\baseless\Microsoft-Windows-Composition-Test-FOD-Package~31bf3856ad364e35~wow64~lv-lv~.cab" PayloadType="ExpressCab" />
        <PayloadItem PayloadHash="8qF1AN2I6uf6PRcsWEq71T5ZFRbqvJufHc8U5+Czzbw=" PayloadSize="55293" Path="FeaturesOnDemand\lv-lv\baseless\Microsoft-Windows-Composition-Test-FOD-Package~31bf3856ad364e35~wow64~lv-lv~.psf" PayloadType="ExpressPSF" />
      </Payload>
    </Package>
    <Package ID="Microsoft-Windows-DHCP-Tools-FoD-Package~31bf3856ad364e35~amd64~lv-lv~" InstalledSize="1777767" Version="10.0.20348.1">
      <SatelliteInfo>
        <ApplyToInfo>
          <ApplyTo Type="language" Value="lv-LV" />
        </ApplyToInfo>
      </SatelliteInfo>
      <Payload>
        <PayloadItem PayloadHash="GF5oQjSrPLTGnUaSmirGMmgQxv2cT+2NDx7YJBo+/KQ=" PayloadSize="11111" Path="FeaturesOnDemand\lv-lv\baseless\Microsoft-Windows-DHCP-Tools-FoD-Package~31bf3856ad364e35~amd64~lv-lv~.cab" PayloadType="ExpressCab" />
        <PayloadItem PayloadHash="mkSp8Vo4p0O7IfOVyqmZ1MyXvSomKPgbbWPDl0uz44Y=" PayloadSize="196318" Path="FeaturesOnDemand\lv-lv\baseless\Microsoft-Windows-DHCP-Tools-FoD-Package~31bf3856ad364e35~amd64~lv-lv~.psf" PayloadType="ExpressPSF" />
      </Payload>
    </Package>
    <Package ID="Microsoft-Windows-DHCP-Tools-FoD-Package~31bf3856ad364e35~wow64~lv-lv~" InstalledSize="459687" Version="10.0.20348.1">
      <SatelliteInfo>
        <ApplyToInfo>
          <ApplyTo Type="arch" Value="wow64" />
          <ApplyTo Type="language" Value="lv-LV" />
        </ApplyToInfo>
      </SatelliteInfo>
      <Payload>
        <PayloadItem PayloadHash="lcQQYoS8kGZ/eor+YV9Ao0LU7BgY16+UYMMgx1HlQtI=" PayloadSize="10255" Path="FeaturesOnDemand\lv-lv\baseless\Microsoft-Windows-DHCP-Tools-FoD-Package~31bf3856ad364e35~wow64~lv-lv~.cab" PayloadType="ExpressCab" />
        <PayloadItem PayloadHash="nVUFoLvXyq9qPYB/9IFxZr8DOOScIvUKtJXT06TYV48=" PayloadSize="86188" Path="FeaturesOnDemand\lv-lv\baseless\Microsoft-Windows-DHCP-Tools-FoD-Package~31bf3856ad364e35~wow64~lv-lv~.psf" PayloadType="ExpressPSF" />
      </Payload>
    </Package>
    <Package ID="Microsoft-Windows-DNS-Tools-FoD-Package~31bf3856ad364e35~amd64~lv-lv~" InstalledSize="1860358" Version="10.0.20348.1">
      <SatelliteInfo>
        <ApplyToInfo>
          <ApplyTo Type="language" Value="lv-LV" />
        </ApplyToInfo>
      </SatelliteInfo>
      <Payload>
        <PayloadItem PayloadHash="X1dBZDA8cC3X6QM49gDufzIavi8SztwZOHGKAcccyy8=" PayloadSize="10957" Path="FeaturesOnDemand\lv-lv\baseless\Microsoft-Windows-DNS-Tools-FoD-Package~31bf3856ad364e35~amd64~lv-lv~.cab" PayloadType="ExpressCab" />
        <PayloadItem PayloadHash="N4y1r9SOi0/5yX2ue2B4A+gQQVJ1t0O/grxc1z5Cn18=" PayloadSize="218839" Path="FeaturesOnDemand\lv-lv\baseless\Microsoft-Windows-DNS-Tools-FoD-Package~31bf3856ad364e35~amd64~lv-lv~.psf" PayloadType="ExpressPSF" />
      </Payload>
    </Package>
    <Package ID="Microsoft-Windows-DNS-Tools-FoD-Package~31bf3856ad364e35~wow64~lv-lv~" InstalledSize="12304" Version="10.0.20348.1">
      <SatelliteInfo>
        <ApplyToInfo>
          <ApplyTo Type="arch" Value="wow64" />
          <ApplyTo Type="language" Value="lv-LV" />
        </ApplyToInfo>
      </SatelliteInfo>
      <Payload>
        <PayloadItem PayloadHash="1aOj2SXGyN8boL5kIY2XBbsjomJq87h269exNo5aOZE=" PayloadSize="9867" Path="FeaturesOnDemand\lv-lv\baseless\Microsoft-Windows-DNS-Tools-FoD-Package~31bf3856ad364e35~wow64~lv-lv~.cab" PayloadType="ExpressCab" />
        <PayloadItem PayloadHash="jM7j/IMQzEigVfeFIuH577pIRaFmBx29dQJ9NcpoKh4=" PayloadSize="49660" Path="FeaturesOnDemand\lv-lv\baseless\Microsoft-Windows-DNS-Tools-FoD-Package~31bf3856ad364e35~wow64~lv-lv~.psf" PayloadType="ExpressPSF" />
      </Payload>
    </Package>
    <Package ID="Microsoft-Windows-EMS-SAC-Desktop-Tools-FoD-Package~31bf3856ad364e35~amd64~lv-lv~" InstalledSize="50124" Version="10.0.20348.1">
      <SatelliteInfo>
        <ApplyToInfo>
          <ApplyTo Type="language" Value="lv-LV" />
        </ApplyToInfo>
      </SatelliteInfo>
      <Payload>
        <PayloadItem PayloadHash="7ygJErI4de/Gn866tB8zvTVWIphdp4oGRg88jIudskQ=" PayloadSize="10529" Path="FeaturesOnDemand\lv-lv\baseless\Microsoft-Windows-EMS-SAC-Desktop-Tools-FoD-Package~31bf3856ad364e35~amd64~lv-lv~.cab" PayloadType="ExpressCab" />
        <PayloadItem PayloadHash="YP0+LUcTpjS+AZVVjYjR82Rep4V+aFAuu5gKmWbCOco=" PayloadSize="63721" Path="FeaturesOnDemand\lv-lv\baseless\Microsoft-Windows-EMS-SAC-Desktop-Tools-FoD-Package~31bf3856ad364e35~amd64~lv-lv~.psf" PayloadType="ExpressPSF" />
      </Payload>
    </Package>
    <Package ID="Microsoft-Windows-FailoverCluster-Management-Tools-FOD-Package~31bf3856ad364e35~amd64~lv-lv~" InstalledSize="8883691" Version="10.0.20348.1">
      <SatelliteInfo>
        <ApplyToInfo>
          <ApplyTo Type="language" Value="lv-LV" />
        </ApplyToInfo>
      </SatelliteInfo>
      <Payload>
        <PayloadItem PayloadHash="hqI/jtSk7hwt0YSYCiSYD5ZovhgIs/xVfcVwLRaq+QA=" PayloadSize="16627" Path="FeaturesOnDemand\lv-lv\baseless\Microsoft-Windows-FailoverCluster-Management-Tools-FOD-Package~31bf3856ad364e35~amd64~lv-lv~.cab" PayloadType="ExpressCab" />
        <PayloadItem PayloadHash="q+jKa2s0zp1m564NmrHKw37EB/NQU8+8zW0m5LwJCKs=" PayloadSize="2429561" Path="FeaturesOnDemand\lv-lv\baseless\Microsoft-Windows-FailoverCluster-Management-Tools-FOD-Package~31bf3856ad364e35~amd64~lv-lv~.psf" PayloadType="ExpressPSF" />
      </Payload>
    </Package>
    <Package ID="Microsoft-Windows-FailoverCluster-Management-Tools-FOD-Package~31bf3856ad364e35~wow64~lv-lv~" InstalledSize="60481" Version="10.0.20348.1">
      <SatelliteInfo>
        <ApplyToInfo>
          <ApplyTo Type="arch" Value="wow64" />
          <ApplyTo Type="language" Value="lv-LV" />
        </ApplyToInfo>
      </SatelliteInfo>
      <Payload>
        <PayloadItem PayloadHash="lW5JapICSCORPduT4xsW0dju4W5yrAPOjjElfRUy7ug=" PayloadSize="10953" Path="FeaturesOnDemand\lv-lv\baseless\Microsoft-Windows-FailoverCluster-Management-Tools-FOD-Package~31bf3856ad364e35~wow64~lv-lv~.cab" PayloadType="ExpressCab" />
        <PayloadItem PayloadHash="S6emZ7x1Y0iS96N6xudGTF1tuJ2NAuijf6pG/ouxHlc=" PayloadSize="70349" Path="FeaturesOnDemand\lv-lv\baseless\Microsoft-Windows-FailoverCluster-Management-Tools-FOD-Package~31bf3856ad364e35~wow64~lv-lv~.psf" PayloadType="ExpressPSF" />
      </Payload>
    </Package>
    <Package ID="Microsoft-Windows-FileServices-Tools-FoD-Package~31bf3856ad364e35~amd64~lv-lv~" InstalledSize="4108934" Version="10.0.20348.1">
      <SatelliteInfo>
        <ApplyToInfo>
          <ApplyTo Type="language" Value="lv-LV" />
        </ApplyToInfo>
      </SatelliteInfo>
      <Payload>
        <PayloadItem PayloadHash="DMnbbgxvV2/GdnII1JMfNHoAGdh11vaUmyIdyDYpTuw=" PayloadSize="14767" Path="FeaturesOnDemand\lv-lv\baseless\Microsoft-Windows-FileServices-Tools-FoD-Package~31bf3856ad364e35~amd64~lv-lv~.cab" PayloadType="ExpressCab" />
        <PayloadItem PayloadHash="koeCTbOb7KLFpNk27E6RPZ6K+u20sRIPs6DduVkXfGc=" PayloadSize="598100" Path="FeaturesOnDemand\lv-lv\baseless\Microsoft-Windows-FileServices-Tools-FoD-Package~31bf3856ad364e35~amd64~lv-lv~.psf" PayloadType="ExpressPSF" />
      </Payload>
    </Package>
    <Package ID="Microsoft-Windows-FileServices-Tools-FoD-Package~31bf3856ad364e35~wow64~lv-lv~" InstalledSize="171384" Version="10.0.20348.1">
      <SatelliteInfo>
        <ApplyToInfo>
          <ApplyTo Type="arch" Value="wow64" />
          <ApplyTo Type="language" Value="lv-LV" />
        </ApplyToInfo>
      </SatelliteInfo>
      <Payload>
        <PayloadItem PayloadHash="CWTNBcdByEpzM7r2lvqftewoH4C/8hzhx+tm1Hc2CFY=" PayloadSize="10613" Path="FeaturesOnDemand\lv-lv\baseless\Microsoft-Windows-FileServices-Tools-FoD-Package~31bf3856ad364e35~wow64~lv-lv~.cab" PayloadType="ExpressCab" />
        <PayloadItem PayloadHash="ScQoO1cs7FlJkRlu1Ondx8UwhDmIe8oJf/8JbMU/Uik=" PayloadSize="76402" Path="FeaturesOnDemand\lv-lv\baseless\Microsoft-Windows-FileServices-Tools-FoD-Package~31bf3856ad364e35~wow64~lv-lv~.psf" PayloadType="ExpressPSF" />
      </Payload>
    </Package>
    <Package ID="Microsoft-Windows-GroupPolicy-Management-Tools-FoD-Package~31bf3856ad364e35~amd64~lv-lv~" InstalledSize="2251612" Version="10.0.20348.1">
      <SatelliteInfo>
        <ApplyToInfo>
          <ApplyTo Type="language" Value="lv-LV" />
        </ApplyToInfo>
      </SatelliteInfo>
      <Payload>
        <PayloadItem PayloadHash="Dko/7kiD28hq/Lu8PkxvlhOhFsfoAFGK/QtBvwgw2ZE=" PayloadSize="13591" Path="FeaturesOnDemand\lv-lv\baseless\Microsoft-Windows-GroupPolicy-Management-Tools-FoD-Package~31bf3856ad364e35~amd64~lv-lv~.cab" PayloadType="ExpressCab" />
        <PayloadItem PayloadHash="PeaNKYI9CpbQJz33ArhGGxTD/v1laGgz3eIP6KdwZ/o=" PayloadSize="333715" Path="FeaturesOnDemand\lv-lv\baseless\Microsoft-Windows-GroupPolicy-Management-Tools-FoD-Package~31bf3856ad364e35~amd64~lv-lv~.psf" PayloadType="ExpressPSF" />
      </Payload>
    </Package>
    <Package ID="Microsoft-Windows-GroupPolicy-Management-Tools-FoD-Package~31bf3856ad364e35~wow64~lv-lv~" InstalledSize="305919" Version="10.0.20348.1">
      <SatelliteInfo>
        <ApplyToInfo>
          <ApplyTo Type="arch" Value="wow64" />
          <ApplyTo Type="language" Value="lv-LV" />
        </ApplyToInfo>
      </SatelliteInfo>
      <Payload>
        <PayloadItem PayloadHash="yyIxhSHZNCqRTWJIlBben6/T4W8VIOUWLIKNHlD9emM=" PayloadSize="10409" Path="FeaturesOnDemand\lv-lv\baseless\Microsoft-Windows-GroupPolicy-Management-Tools-FoD-Package~31bf3856ad364e35~wow64~lv-lv~.cab" PayloadType="ExpressCab" />
        <PayloadItem PayloadHash="KiHg1+HDsKQKKX/2xb2/MQFdcuBoOEnASxqMlhkwrWU=" PayloadSize="90649" Path="FeaturesOnDemand\lv-lv\baseless\Microsoft-Windows-GroupPolicy-Management-Tools-FoD-Package~31bf3856ad364e35~wow64~lv-lv~.psf" PayloadType="ExpressPSF" />
      </Payload>
    </Package>
    <Package ID="Microsoft-Windows-IPAM-Client-FoD-Package~31bf3856ad364e35~amd64~lv-lv~" InstalledSize="98721" Version="10.0.20348.1">
      <SatelliteInfo>
        <ApplyToInfo>
          <ApplyTo Type="language" Value="lv-LV" />
        </ApplyToInfo>
      </SatelliteInfo>
      <Payload>
        <PayloadItem PayloadHash="0QyhSVJllVHtj9rng5ktp1WAaY71zAObc/pw1J2BslY=" PayloadSize="10239" Path="FeaturesOnDemand\lv-lv\baseless\Microsoft-Windows-IPAM-Client-FoD-Package~31bf3856ad364e35~amd64~lv-lv~.cab" PayloadType="ExpressCab" />
        <PayloadItem PayloadHash="ocqJ6kJlkXMWZyCLa49hEh+2G6VVLRR6X77qmfKIkb0=" PayloadSize="61092" Path="FeaturesOnDemand\lv-lv\baseless\Microsoft-Windows-IPAM-Client-FoD-Package~31bf3856ad364e35~amd64~lv-lv~.psf" PayloadType="ExpressPSF" />
      </Payload>
    </Package>
    <Package ID="Microsoft-Windows-IPAM-Client-FoD-Package~31bf3856ad364e35~wow64~lv-lv~" InstalledSize="23600" Version="10.0.20348.1">
      <SatelliteInfo>
        <ApplyToInfo>
          <ApplyTo Type="arch" Value="wow64" />
          <ApplyTo Type="language" Value="lv-LV" />
        </ApplyToInfo>
      </SatelliteInfo>
      <Payload>
        <PayloadItem PayloadHash="3v7L2fNBecUhrOaeRj3Oxxirg0Yzm6uX7c+C0MQ1aW0=" PayloadSize="10019" Path="FeaturesOnDemand\lv-lv\baseless\Microsoft-Windows-IPAM-Client-FoD-Package~31bf3856ad364e35~wow64~lv-lv~.cab" PayloadType="ExpressCab" />
        <PayloadItem PayloadHash="1Kki4YQ2vJ7DxL7+QYvxNQry9U7R4s0nK/EzayMo0to=" PayloadSize="51953" Path="FeaturesOnDemand\lv-lv\baseless\Microsoft-Windows-IPAM-Client-FoD-Package~31bf3856ad364e35~wow64~lv-lv~.psf" PayloadType="ExpressPSF" />
      </Payload>
    </Package>
    <Package ID="Microsoft-Windows-IRDA-Package~31bf3856ad364e35~amd64~lv-lv~" InstalledSize="57909" Version="10.0.20348.1">
      <SatelliteInfo>
        <ApplyToInfo>
          <ApplyTo Type="language" Value="lv-LV" />
        </ApplyToInfo>
      </SatelliteInfo>
      <Payload>
        <PayloadItem PayloadHash="6LqyltL8aZFMe0NE8wPC9cqXojSY3ED/0ikCGo4xVgk=" PayloadSize="10883" Path="FeaturesOnDemand\lv-lv\baseless\Microsoft-Windows-IRDA-Package~31bf3856ad364e35~amd64~lv-lv~.cab" PayloadType="ExpressCab" />
        <PayloadItem PayloadHash="0i+meVtzkfz5AnNdimqLv2wObxZdBsXYFWVPh6G+ptI=" PayloadSize="63503" Path="FeaturesOnDemand\lv-lv\baseless\Microsoft-Windows-IRDA-Package~31bf3856ad364e35~amd64~lv-lv~.psf" PayloadType="ExpressPSF" />
      </Payload>
    </Package>
    <Package ID="Microsoft-Windows-IRDA-Package~31bf3856ad364e35~wow64~lv-lv~" InstalledSize="11357" Version="10.0.20348.1">
      <SatelliteInfo>
        <ApplyToInfo>
          <ApplyTo Type="arch" Value="wow64" />
          <ApplyTo Type="language" Value="lv-LV" />
        </ApplyToInfo>
      </SatelliteInfo>
      <Payload>
        <PayloadItem PayloadHash="ZcTBUAzjy87saOnKrVPJxQN2DEUeIEz9pgJeuh7aLoQ=" PayloadSize="9765" Path="FeaturesOnDemand\lv-lv\baseless\Microsoft-Windows-IRDA-Package~31bf3856ad364e35~wow64~lv-lv~.cab" PayloadType="ExpressCab" />
        <PayloadItem PayloadHash="iB2WZ9VpIfDOvl17b25UxMh6tlggp1YUOiewSnvr3Kw=" PayloadSize="49089" Path="FeaturesOnDemand\lv-lv\baseless\Microsoft-Windows-IRDA-Package~31bf3856ad364e35~wow64~lv-lv~.psf" PayloadType="ExpressPSF" />
      </Payload>
    </Package>
    <Package ID="Microsoft-Windows-Media-Features-Package~31bf3856ad364e35~amd64~lv-lv~" InstalledSize="1720025" Version="10.0.20348.1">
      <SatelliteInfo>
        <ApplyToInfo>
          <ApplyTo Type="language" Value="lv-LV" />
        </ApplyToInfo>
      </SatelliteInfo>
      <Payload>
        <PayloadItem PayloadHash="5pJOpvv3orZSSMSzW8+kjvs9jMXIos28E97+rVzZrec=" PayloadSize="29739" Path="FeaturesOnDemand\lv-lv\baseless\Microsoft-Windows-Media-Features-Package~31bf3856ad364e35~amd64~lv-lv~.cab" PayloadType="ExpressCab" />
        <PayloadItem PayloadHash="+i3KzkuFVfnDQXVNzHb5PnNNaAk6tbtDZRW678lgeuk=" PayloadSize="526806" Path="FeaturesOnDemand\lv-lv\baseless\Microsoft-Windows-Media-Features-Package~31bf3856ad364e35~amd64~lv-lv~.psf" PayloadType="ExpressPSF" />
      </Payload>
    </Package>
    <Package ID="Microsoft-Windows-Media-Features-Package~31bf3856ad364e35~wow64~lv-lv~" InstalledSize="361872" Version="10.0.20348.1">
      <SatelliteInfo>
        <ApplyToInfo>
          <ApplyTo Type="arch" Value="wow64" />
          <ApplyTo Type="language" Value="lv-LV" />
        </ApplyToInfo>
      </SatelliteInfo>
      <Payload>
        <PayloadItem PayloadHash="VHLIt+gMZEM4XmA0F4FsPvEvwKwhhvfjIoxoyaLSTCg=" PayloadSize="18883" Path="FeaturesOnDemand\lv-lv\baseless\Microsoft-Windows-Media-Features-Package~31bf3856ad364e35~wow64~lv-lv~.cab" PayloadType="ExpressCab" />
        <PayloadItem PayloadHash="l/EiPRtrAMTUhdiAQQbCatDuXRA2XD3pVM91QpPnu3A=" PayloadSize="252271" Path="FeaturesOnDemand\lv-lv\baseless\Microsoft-Windows-Media-Features-Package~31bf3856ad364e35~wow64~lv-lv~.psf" PayloadType="ExpressPSF" />
      </Payload>
    </Package>
    <Package ID="Microsoft-Windows-MSPaint-FoD-Package~31bf3856ad364e35~amd64~lv-lv~" InstalledSize="70968" Version="10.0.20348.1">
      <SatelliteInfo>
        <ApplyToInfo>
          <ApplyTo Type="language" Value="lv-LV" />
        </ApplyToInfo>
      </SatelliteInfo>
      <Payload>
        <PayloadItem PayloadHash="tI4YNxJ49xbJW0wMLCdg389J/HtmWOvleBdwiIaNmOQ=" PayloadSize="9995" Path="FeaturesOnDemand\lv-lv\baseless\Microsoft-Windows-MSPaint-FoD-Package~31bf3856ad364e35~amd64~lv-lv~.cab" PayloadType="ExpressCab" />
        <PayloadItem PayloadHash="g5zOSOc0PmHpDP8rPy9DIxP1MkPNI6xTphmnen9DZfY=" PayloadSize="61648" Path="FeaturesOnDemand\lv-lv\baseless\Microsoft-Windows-MSPaint-FoD-Package~31bf3856ad364e35~amd64~lv-lv~.psf" PayloadType="ExpressPSF" />
      </Payload>
    </Package>
    <Package ID="Microsoft-Windows-MSPaint-FoD-Package~31bf3856ad364e35~wow64~lv-lv~" InstalledSize="71028" Version="10.0.20348.1">
      <SatelliteInfo>
        <ApplyToInfo>
          <ApplyTo Type="arch" Value="wow64" />
          <ApplyTo Type="language" Value="lv-LV" />
        </ApplyToInfo>
      </SatelliteInfo>
      <Payload>
        <PayloadItem PayloadHash="IAOgkugnVQbJEcPhJR5juHQ0Ehbcytgjb3MO3zUzBE4=" PayloadSize="9995" Path="FeaturesOnDemand\lv-lv\baseless\Microsoft-Windows-MSPaint-FoD-Package~31bf3856ad364e35~wow64~lv-lv~.cab" PayloadType="ExpressCab" />
        <PayloadItem PayloadHash="Dvdhs3eZKkmGrVVZ01XLspzF0Tk8LjbfFFdVirHNbc0=" PayloadSize="61671" Path="FeaturesOnDemand\lv-lv\baseless\Microsoft-Windows-MSPaint-FoD-Package~31bf3856ad364e35~wow64~lv-lv~.psf" PayloadType="ExpressPSF" />
      </Payload>
    </Package>
    <Package ID="Microsoft-Windows-NetworkController-Tools-FoD-Package~31bf3856ad364e35~amd64~lv-lv~" InstalledSize="67768" Version="10.0.20348.1">
      <SatelliteInfo>
        <ApplyToInfo>
          <ApplyTo Type="language" Value="lv-LV" />
        </ApplyToInfo>
      </SatelliteInfo>
      <Payload>
        <PayloadItem PayloadHash="CF0wdl2uKoDlhtK8oKWddb6S7T9DlKfhJdyVAW8AnC4=" PayloadSize="10513" Path="FeaturesOnDemand\lv-lv\baseless\Microsoft-Windows-NetworkController-Tools-FoD-Package~31bf3856ad364e35~amd64~lv-lv~.cab" PayloadType="ExpressCab" />
        <PayloadItem PayloadHash="p0WrCoqQhva8ebfoZ7v5BVgiaTWPKOJUFcc3TQmveeg=" PayloadSize="70439" Path="FeaturesOnDemand\lv-lv\baseless\Microsoft-Windows-NetworkController-Tools-FoD-Package~31bf3856ad364e35~amd64~lv-lv~.psf" PayloadType="ExpressPSF" />
      </Payload>
    </Package>
    <Package ID="Microsoft-Windows-NetworkLoadBalancing-Tools-FoD-Package~31bf3856ad364e35~amd64~lv-lv~" InstalledSize="215274" Version="10.0.20348.1">
      <SatelliteInfo>
        <ApplyToInfo>
          <ApplyTo Type="language" Value="lv-LV" />
        </ApplyToInfo>
      </SatelliteInfo>
      <Payload>
        <PayloadItem PayloadHash="oFR4RmOAGi2mpR/fp63cPHoSDJsWKT2FTwlm+jHHrv4=" PayloadSize="10571" Path="FeaturesOnDemand\lv-lv\baseless\Microsoft-Windows-NetworkLoadBalancing-Tools-FoD-Package~31bf3856ad364e35~amd64~lv-lv~.cab" PayloadType="ExpressCab" />
        <PayloadItem PayloadHash="4GaWn6JWJPiRCh6i/p9ANgBwQG93ZecaKMlejvv1VWc=" PayloadSize="86901" Path="FeaturesOnDemand\lv-lv\baseless\Microsoft-Windows-NetworkLoadBalancing-Tools-FoD-Package~31bf3856ad364e35~amd64~lv-lv~.psf" PayloadType="ExpressPSF" />
      </Payload>
    </Package>
    <Package ID="Microsoft-Windows-Notepad-FoD-Package~31bf3856ad364e35~amd64~lv-lv~" InstalledSize="25429" Version="10.0.20348.1">
      <SatelliteInfo>
        <ApplyToInfo>
          <ApplyTo Type="language" Value="lv-LV" />
        </ApplyToInfo>
      </SatelliteInfo>
      <Payload>
        <PayloadItem PayloadHash="ZRTIZwVTGd+0T7su2XP1BmvQySXPBsTytFDHQ/BLUg0=" PayloadSize="9985" Path="FeaturesOnDemand\lv-lv\baseless\Microsoft-Windows-Notepad-FoD-Package~31bf3856ad364e35~amd64~lv-lv~.cab" PayloadType="ExpressCab" />
        <PayloadItem PayloadHash="zvoQBxpgwBx6HwlPHhkkwhyqL8MrWQj53mYW101/oPE=" PayloadSize="53757" Path="FeaturesOnDemand\lv-lv\baseless\Microsoft-Windows-Notepad-FoD-Package~31bf3856ad364e35~amd64~lv-lv~.psf" PayloadType="ExpressPSF" />
      </Payload>
    </Package>
    <Package ID="Microsoft-Windows-Notepad-FoD-Package~31bf3856ad364e35~wow64~lv-lv~" InstalledSize="11141" Version="10.0.20348.1">
      <SatelliteInfo>
        <ApplyToInfo>
          <ApplyTo Type="arch" Value="wow64" />
          <ApplyTo Type="language" Value="lv-LV" />
        </ApplyToInfo>
      </SatelliteInfo>
      <Payload>
        <PayloadItem PayloadHash="iBJAHSjRvsrKD/0vy2IlrMAQCkcljAFSxAaKIV7UqMc=" PayloadSize="9803" Path="FeaturesOnDemand\lv-lv\baseless\Microsoft-Windows-Notepad-FoD-Package~31bf3856ad364e35~wow64~lv-lv~.cab" PayloadType="ExpressCab" />
        <PayloadItem PayloadHash="bwF1kcNbik1QYs/1JsYO7JkILMhT4ZOYssIitazJu18=" PayloadSize="49019" Path="FeaturesOnDemand\lv-lv\baseless\Microsoft-Windows-Notepad-FoD-Package~31bf3856ad364e35~wow64~lv-lv~.psf" PayloadType="ExpressPSF" />
      </Payload>
    </Package>
    <Package ID="Microsoft-Windows-PowerShell-ISE-FOD-Package~31bf3856ad364e35~amd64~lv-lv~" InstalledSize="870603" Version="10.0.20348.1">
      <SatelliteInfo>
        <ApplyToInfo>
          <ApplyTo Type="language" Value="lv-LV" />
        </ApplyToInfo>
      </SatelliteInfo>
      <Payload>
        <PayloadItem PayloadHash="82MSPu8AlocAlixS7wC3rV7fzLMhNHVihQgXMtUvVsg=" PayloadSize="10833" Path="FeaturesOnDemand\lv-lv\baseless\Microsoft-Windows-PowerShell-ISE-FOD-Package~31bf3856ad364e35~amd64~lv-lv~.cab" PayloadType="ExpressCab" />
        <PayloadItem PayloadHash="eUpTHZHLBEsQa5n5rjrpx39Y4OW0QG0uaQj6z1drKD0=" PayloadSize="341998" Path="FeaturesOnDemand\lv-lv\baseless\Microsoft-Windows-PowerShell-ISE-FOD-Package~31bf3856ad364e35~amd64~lv-lv~.psf" PayloadType="ExpressPSF" />
      </Payload>
    </Package>
    <Package ID="Microsoft-Windows-PowerShell-ISE-FOD-Package~31bf3856ad364e35~wow64~lv-lv~" InstalledSize="71291" Version="10.0.20348.1">
      <SatelliteInfo>
        <ApplyToInfo>
          <ApplyTo Type="arch" Value="wow64" />
          <ApplyTo Type="language" Value="lv-LV" />
        </ApplyToInfo>
      </SatelliteInfo>
      <Payload>
        <PayloadItem PayloadHash="c7OZTiu3T/tQR8BXlBBW2+QpSCcCD/ZaEH2dLvRDNq4=" PayloadSize="10027" Path="FeaturesOnDemand\lv-lv\baseless\Microsoft-Windows-PowerShell-ISE-FOD-Package~31bf3856ad364e35~wow64~lv-lv~.cab" PayloadType="ExpressCab" />
        <PayloadItem PayloadHash="0FiG8KGs6RnBGpD/hX0dYpjAcHLKIFAevIWhituC7uk=" PayloadSize="68706" Path="FeaturesOnDemand\lv-lv\baseless\Microsoft-Windows-PowerShell-ISE-FOD-Package~31bf3856ad364e35~wow64~lv-lv~.psf" PayloadType="ExpressPSF" />
      </Payload>
    </Package>
    <Package ID="Microsoft-Windows-Printing-PMCPPC-FoD-Package~31bf3856ad364e35~amd64~lv-lv~" InstalledSize="222129" Version="10.0.20348.1">
      <SatelliteInfo>
        <ApplyToInfo>
          <ApplyTo Type="language" Value="lv-LV" />
        </ApplyToInfo>
      </SatelliteInfo>
      <Payload>
        <PayloadItem PayloadHash="FpWL7HH6kOGnfP2FVyHc/R1lGjc7wfj285JcjhVgI1w=" PayloadSize="10255" Path="FeaturesOnDemand\lv-lv\baseless\Microsoft-Windows-Printing-PMCPPC-FoD-Package~31bf3856ad364e35~amd64~lv-lv~.cab" PayloadType="ExpressCab" />
        <PayloadItem PayloadHash="euMOMRVr8ei1v4iQ/v8QI7GXXwD07SEedeRZkdCrqxE=" PayloadSize="79612" Path="FeaturesOnDemand\lv-lv\baseless\Microsoft-Windows-Printing-PMCPPC-FoD-Package~31bf3856ad364e35~amd64~lv-lv~.psf" PayloadType="ExpressPSF" />
      </Payload>
    </Package>
    <Package ID="Microsoft-Windows-Printing-WFS-FoD-Package~31bf3856ad364e35~amd64~lv-lv~" InstalledSize="534168" Version="10.0.20348.1">
      <SatelliteInfo>
        <ApplyToInfo>
          <ApplyTo Type="language" Value="lv-LV" />
        </ApplyToInfo>
      </SatelliteInfo>
      <Payload>
        <PayloadItem PayloadHash="UOyW8GeVVzdXKInOpcxAKrVNXnoic+zZMdFYI3lvw0U=" PayloadSize="11363" Path="FeaturesOnDemand\lv-lv\baseless\Microsoft-Windows-Printing-WFS-FoD-Package~31bf3856ad364e35~amd64~lv-lv~.cab" PayloadType="ExpressCab" />
        <PayloadItem PayloadHash="I4Gn3xOwFVxh9M6D9kN6DnXKaw/17a0BQxdKfNdZDJo=" PayloadSize="193798" Path="FeaturesOnDemand\lv-lv\baseless\Microsoft-Windows-Printing-WFS-FoD-Package~31bf3856ad364e35~amd64~lv-lv~.psf" PayloadType="ExpressPSF" />
      </Payload>
    </Package>
    <Package ID="Microsoft-Windows-RasCMAK-Client-Package~31bf3856ad364e35~amd64~lv-lv~" InstalledSize="246536" Version="10.0.20348.1">
      <SatelliteInfo>
        <ApplyToInfo>
          <ApplyTo Type="language" Value="lv-LV" />
        </ApplyToInfo>
      </SatelliteInfo>
      <Payload>
        <PayloadItem PayloadHash="zmWfEbhwXqOcMHbGF9QNpIA7lQnYJ2q9qMAGzVAC0iE=" PayloadSize="10497" Path="FeaturesOnDemand\lv-lv\baseless\Microsoft-Windows-RasCMAK-Client-Package~31bf3856ad364e35~amd64~lv-lv~.cab" PayloadType="ExpressCab" />
        <PayloadItem PayloadHash="aiHWxXAAGMkTqtg7LSVqsj9EGRBpVVq6Fu0n/HfOYMU=" PayloadSize="118763" Path="FeaturesOnDemand\lv-lv\baseless\Microsoft-Windows-RasCMAK-Client-Package~31bf3856ad364e35~amd64~lv-lv~.psf" PayloadType="ExpressPSF" />
      </Payload>
    </Package>
    <Package ID="Microsoft-Windows-RasCMAK-Client-Package~31bf3856ad364e35~wow64~lv-lv~" InstalledSize="398143" Version="10.0.20348.1">
      <SatelliteInfo>
        <ApplyToInfo>
          <ApplyTo Type="arch" Value="wow64" />
          <ApplyTo Type="language" Value="lv-LV" />
        </ApplyToInfo>
      </SatelliteInfo>
      <Payload>
        <PayloadItem PayloadHash="1UAVHXcf1ZA1AJgbTywtWl2PAySYydTSRGc/DxxU7EM=" PayloadSize="10637" Path="FeaturesOnDemand\lv-lv\baseless\Microsoft-Windows-RasCMAK-Client-Package~31bf3856ad364e35~wow64~lv-lv~.cab" PayloadType="ExpressCab" />
        <PayloadItem PayloadHash="xY2lroPRdkcoI29VEbBf7Dz4HVHxolfXr/alfuYLW5k=" PayloadSize="320120" Path="FeaturesOnDemand\lv-lv\baseless\Microsoft-Windows-RasCMAK-Client-Package~31bf3856ad364e35~wow64~lv-lv~.psf" PayloadType="ExpressPSF" />
      </Payload>
    </Package>
    <Package ID="Microsoft-Windows-RasRip-Package~31bf3856ad364e35~amd64~lv-lv~" InstalledSize="25210" Version="10.0.20348.1">
      <SatelliteInfo>
        <ApplyToInfo>
          <ApplyTo Type="language" Value="lv-LV" />
        </ApplyToInfo>
      </SatelliteInfo>
      <Payload>
        <PayloadItem PayloadHash="2+0cHip6x0jpZnsBH0yq9XEhOir/QHysrxWrXo2a8EM=" PayloadSize="10019" Path="FeaturesOnDemand\lv-lv\baseless\Microsoft-Windows-RasRip-Package~31bf3856ad364e35~amd64~lv-lv~.cab" PayloadType="ExpressCab" />
        <PayloadItem PayloadHash="pIeFmV4Yl7SN4+tjaB97MYDfkEzTDJ4SmGdPNpMkUtM=" PayloadSize="52491" Path="FeaturesOnDemand\lv-lv\baseless\Microsoft-Windows-RasRip-Package~31bf3856ad364e35~amd64~lv-lv~.psf" PayloadType="ExpressPSF" />
      </Payload>
    </Package>
    <Package ID="Microsoft-Windows-RemoteAccess-Management-Tools-FoD-Package~31bf3856ad364e35~amd64~lv-lv~" InstalledSize="18511488" Version="10.0.20348.1">
      <SatelliteInfo>
        <ApplyToInfo>
          <ApplyTo Type="language" Value="lv-LV" />
        </ApplyToInfo>
      </SatelliteInfo>
      <Payload>
        <PayloadItem PayloadHash="0UWGLfH/6XXtKIDX/wQdvGsJId0RnfoSp9fibIhY9J8=" PayloadSize="12835" Path="FeaturesOnDemand\lv-lv\baseless\Microsoft-Windows-RemoteAccess-Management-Tools-FoD-Package~31bf3856ad364e35~amd64~lv-lv~.cab" PayloadType="ExpressCab" />
        <PayloadItem PayloadHash="nXrj63RropX7TiKTLsPq66x7bPMjHvh0M1OfW1Z1o/g=" PayloadSize="3385185" Path="FeaturesOnDemand\lv-lv\baseless\Microsoft-Windows-RemoteAccess-Management-Tools-FoD-Package~31bf3856ad364e35~amd64~lv-lv~.psf" PayloadType="ExpressPSF" />
      </Payload>
    </Package>
    <Package ID="Microsoft-Windows-RemoteAccess-Management-Tools-FoD-Package~31bf3856ad364e35~wow64~lv-lv~" InstalledSize="12626" Version="10.0.20348.1">
      <SatelliteInfo>
        <ApplyToInfo>
          <ApplyTo Type="arch" Value="wow64" />
          <ApplyTo Type="language" Value="lv-LV" />
        </ApplyToInfo>
      </SatelliteInfo>
      <Payload>
        <PayloadItem PayloadHash="DaccwaPgdHcIvC4ES60iGYk4/CgbD9kk5tWP4sdCbgY=" PayloadSize="9883" Path="FeaturesOnDemand\lv-lv\baseless\Microsoft-Windows-RemoteAccess-Management-Tools-FoD-Package~31bf3856ad364e35~wow64~lv-lv~.cab" PayloadType="ExpressCab" />
        <PayloadItem PayloadHash="kyEI7aZvL5uOR6rn2E7bYsD9KAZuWKxKYyZI2X8+nYU=" PayloadSize="49729" Path="FeaturesOnDemand\lv-lv\baseless\Microsoft-Windows-RemoteAccess-Management-Tools-FoD-Package~31bf3856ad364e35~wow64~lv-lv~.psf" PayloadType="ExpressPSF" />
      </Payload>
    </Package>
    <Package ID="Microsoft-Windows-RemoteDesktop-Services-Tools-FoD-Package~31bf3856ad364e35~amd64~lv-lv~" InstalledSize="1500102" Version="10.0.20348.1">
      <SatelliteInfo>
        <ApplyToInfo>
          <ApplyTo Type="language" Value="lv-LV" />
        </ApplyToInfo>
      </SatelliteInfo>
      <Payload>
        <PayloadItem PayloadHash="aJ9cj8V+3cRy9LHONkCZvh7lc+Pg2yDZWdei29h8GRc=" PayloadSize="11707" Path="FeaturesOnDemand\lv-lv\baseless\Microsoft-Windows-RemoteDesktop-Services-Tools-FoD-Package~31bf3856ad364e35~amd64~lv-lv~.cab" PayloadType="ExpressCab" />
        <PayloadItem PayloadHash="npmvrHl4v/i3pt8jbngAdT3L2Dbd1MxPQnvd4oDZlfo=" PayloadSize="288578" Path="FeaturesOnDemand\lv-lv\baseless\Microsoft-Windows-RemoteDesktop-Services-Tools-FoD-Package~31bf3856ad364e35~amd64~lv-lv~.psf" PayloadType="ExpressPSF" />
      </Payload>
    </Package>
    <Package ID="Microsoft-Windows-Server-AppCompat-FoD-Package~31bf3856ad364e35~amd64~lv-lv~" InstalledSize="28507033" Version="10.0.20348.1">
      <SatelliteInfo>
        <ApplyToInfo>
          <ApplyTo Type="language" Value="lv-LV" />
        </ApplyToInfo>
      </SatelliteInfo>
      <Payload>
        <PayloadItem PayloadHash="rd1yL6SoWqDjVsZs4MFhItwgT2haIW4badr4HWV2vOY=" PayloadSize="73785" Path="FeaturesOnDemand\lv-lv\baseless\Microsoft-Windows-Server-AppCompat-FoD-Package~31bf3856ad364e35~amd64~lv-lv~.cab" PayloadType="ExpressCab" />
        <PayloadItem PayloadHash="OBU9UNnQbuP+voU8CYt5MPhp27/vqsCEpmd+nFFOGL8=" PayloadSize="7428905" Path="FeaturesOnDemand\lv-lv\baseless\Microsoft-Windows-Server-AppCompat-FoD-Package~31bf3856ad364e35~amd64~lv-lv~.psf" PayloadType="ExpressPSF" />
      </Payload>
    </Package>
    <Package ID="Microsoft-Windows-ServerManager-Tools-FoD-Package~31bf3856ad364e35~amd64~lv-lv~" InstalledSize="10870665" Version="10.0.20348.1">
      <SatelliteInfo>
        <ApplyToInfo>
          <ApplyTo Type="language" Value="lv-LV" />
        </ApplyToInfo>
      </SatelliteInfo>
      <Payload>
        <PayloadItem PayloadHash="4eQNNojllNX8vGFCfT9kELmEYyFz2S0gX+kyZQndU0o=" PayloadSize="23171" Path="FeaturesOnDemand\lv-lv\baseless\Microsoft-Windows-ServerManager-Tools-FoD-Package~31bf3856ad364e35~amd64~lv-lv~.cab" PayloadType="ExpressCab" />
        <PayloadItem PayloadHash="+q3XIj9M0jTvEVeeZsaNqhrm6qCqDWcCUo/LlJQjFAk=" PayloadSize="2159802" Path="FeaturesOnDemand\lv-lv\baseless\Microsoft-Windows-ServerManager-Tools-FoD-Package~31bf3856ad364e35~amd64~lv-lv~.psf" PayloadType="ExpressPSF" />
      </Payload>
    </Package>
    <Package ID="Microsoft-Windows-ServerManager-Tools-FoD-Package~31bf3856ad364e35~wow64~lv-lv~" InstalledSize="1133093" Version="10.0.20348.1">
      <SatelliteInfo>
        <ApplyToInfo>
          <ApplyTo Type="arch" Value="wow64" />
          <ApplyTo Type="language" Value="lv-LV" />
        </ApplyToInfo>
      </SatelliteInfo>
      <Payload>
        <PayloadItem PayloadHash="ezJJKG1XBmzW56JoLa3wdJ+V2rDP12Uv1J/RLRiVvzU=" PayloadSize="10751" Path="FeaturesOnDemand\lv-lv\baseless\Microsoft-Windows-ServerManager-Tools-FoD-Package~31bf3856ad364e35~wow64~lv-lv~.cab" PayloadType="ExpressCab" />
        <PayloadItem PayloadHash="8Yr86aqwXJBOgph6uGeigD06BLf7K27gWiyYtBILfQk=" PayloadSize="334945" Path="FeaturesOnDemand\lv-lv\baseless\Microsoft-Windows-ServerManager-Tools-FoD-Package~31bf3856ad364e35~wow64~lv-lv~.psf" PayloadType="ExpressPSF" />
      </Payload>
    </Package>
    <Package ID="Microsoft-Windows-Shielded-VM-Tools-FoD-Package~31bf3856ad364e35~amd64~lv-lv~" InstalledSize="354703" Version="10.0.20348.1">
      <SatelliteInfo>
        <ApplyToInfo>
          <ApplyTo Type="language" Value="lv-LV" />
        </ApplyToInfo>
      </SatelliteInfo>
      <Payload>
        <PayloadItem PayloadHash="pMOMIXeGBwcd8ikhnm/A1SCTrBfPhRbcyc9RDvux+uw=" PayloadSize="14121" Path="FeaturesOnDemand\lv-lv\baseless\Microsoft-Windows-Shielded-VM-Tools-FoD-Package~31bf3856ad364e35~amd64~lv-lv~.cab" PayloadType="ExpressCab" />
        <PayloadItem PayloadHash="JyyC6jBBODdOD4waR+q8fgqvRbYtDWMKFVLOoZkJmHU=" PayloadSize="155683" Path="FeaturesOnDemand\lv-lv\baseless\Microsoft-Windows-Shielded-VM-Tools-FoD-Package~31bf3856ad364e35~amd64~lv-lv~.psf" PayloadType="ExpressPSF" />
      </Payload>
    </Package>
    <Package ID="Microsoft-Windows-SNMP-Client-Package~31bf3856ad364e35~amd64~lv-lv~" InstalledSize="121235" Version="10.0.20348.1">
      <SatelliteInfo>
        <ApplyToInfo>
          <ApplyTo Type="language" Value="lv-LV" />
        </ApplyToInfo>
      </SatelliteInfo>
      <Payload>
        <PayloadItem PayloadHash="37FfCzN1cGkjFnqCcQQ0+qOLBf8X9GGBcYZBgqxlCs0=" PayloadSize="11577" Path="FeaturesOnDemand\lv-lv\baseless\Microsoft-Windows-SNMP-Client-Package~31bf3856ad364e35~amd64~lv-lv~.cab" PayloadType="ExpressCab" />
        <PayloadItem PayloadHash="Nq2y+ZMI8ST11WpgpX+qCfodm4EDghdy1xdsZpFHgZQ=" PayloadSize="88870" Path="FeaturesOnDemand\lv-lv\baseless\Microsoft-Windows-SNMP-Client-Package~31bf3856ad364e35~amd64~lv-lv~.psf" PayloadType="ExpressPSF" />
      </Payload>
    </Package>
    <Package ID="Microsoft-Windows-SNMP-Client-Package~31bf3856ad364e35~wow64~lv-lv~" InstalledSize="121427" Version="10.0.20348.1">
      <SatelliteInfo>
        <ApplyToInfo>
          <ApplyTo Type="arch" Value="wow64" />
          <ApplyTo Type="language" Value="lv-LV" />
        </ApplyToInfo>
      </SatelliteInfo>
      <Payload>
        <PayloadItem PayloadHash="mHF+at4ZwGgfl9KGe4qlkth1Ci8Ia5TOWmGHEB2Q5yM=" PayloadSize="11631" Path="FeaturesOnDemand\lv-lv\baseless\Microsoft-Windows-SNMP-Client-Package~31bf3856ad364e35~wow64~lv-lv~.cab" PayloadType="ExpressCab" />
        <PayloadItem PayloadHash="4DtpJjimS9Ctv+j637X3RJ3GEl/jtPRgx4xWQu/mrCY=" PayloadSize="88942" Path="FeaturesOnDemand\lv-lv\baseless\Microsoft-Windows-SNMP-Client-Package~31bf3856ad364e35~wow64~lv-lv~.psf" PayloadType="ExpressPSF" />
      </Payload>
    </Package>
    <Package ID="Microsoft-Windows-StepsRecorder-Package~31bf3856ad364e35~amd64~lv-lv~" InstalledSize="24652" Version="10.0.20348.1">
      <SatelliteInfo>
        <ApplyToInfo>
          <ApplyTo Type="language" Value="lv-LV" />
        </ApplyToInfo>
      </SatelliteInfo>
      <Payload>
        <PayloadItem PayloadHash="Xx9Zp1RVOubYpP2R9ltzdBrgYy/nTic6Efc3pe+3f9Y=" PayloadSize="9997" Path="FeaturesOnDemand\lv-lv\baseless\Microsoft-Windows-StepsRecorder-Package~31bf3856ad364e35~amd64~lv-lv~.cab" PayloadType="ExpressCab" />
        <PayloadItem PayloadHash="ACZnS3Fy+yjDzOrUzPbz+EyNsO/7d7uj5wQeEMt/5CQ=" PayloadSize="53107" Path="FeaturesOnDemand\lv-lv\baseless\Microsoft-Windows-StepsRecorder-Package~31bf3856ad364e35~amd64~lv-lv~.psf" PayloadType="ExpressPSF" />
      </Payload>
    </Package>
    <Package ID="Microsoft-Windows-StepsRecorder-Package~31bf3856ad364e35~wow64~lv-lv~" InstalledSize="11409" Version="10.0.20348.1">
      <SatelliteInfo>
        <ApplyToInfo>
          <ApplyTo Type="arch" Value="wow64" />
          <ApplyTo Type="language" Value="lv-LV" />
        </ApplyToInfo>
      </SatelliteInfo>
      <Payload>
        <PayloadItem PayloadHash="el3x6jfvDfkbqd/42ORFhjvSFLHLJbR4Yvzx61qS6io=" PayloadSize="9779" Path="FeaturesOnDemand\lv-lv\baseless\Microsoft-Windows-StepsRecorder-Package~31bf3856ad364e35~wow64~lv-lv~.cab" PayloadType="ExpressCab" />
        <PayloadItem PayloadHash="x0ORuBpRn0z2IdmstqbwMFbqzw0wqgyVzhZX06+Itto=" PayloadSize="49086" Path="FeaturesOnDemand\lv-lv\baseless\Microsoft-Windows-StepsRecorder-Package~31bf3856ad364e35~wow64~lv-lv~.psf" PayloadType="ExpressPSF" />
      </Payload>
    </Package>
    <Package ID="Microsoft-Windows-StorageManagement-FoD-Package~31bf3856ad364e35~amd64~lv-lv~" InstalledSize="1638442" Version="10.0.20348.1">
      <SatelliteInfo>
        <ApplyToInfo>
          <ApplyTo Type="language" Value="lv-LV" />
        </ApplyToInfo>
      </SatelliteInfo>
      <Payload>
        <PayloadItem PayloadHash="BDMcJAzqw/SQdiNqIl2LiKyrK52VpyFd+wLSQFm58TI=" PayloadSize="11817" Path="FeaturesOnDemand\lv-lv\baseless\Microsoft-Windows-StorageManagement-FoD-Package~31bf3856ad364e35~amd64~lv-lv~.cab" PayloadType="ExpressCab" />
        <PayloadItem PayloadHash="X7UI6X4ce+v6zKo9IR/zhWUvlb6wy0fqJ9ML0/W5ng0=" PayloadSize="185115" Path="FeaturesOnDemand\lv-lv\baseless\Microsoft-Windows-StorageManagement-FoD-Package~31bf3856ad364e35~amd64~lv-lv~.psf" PayloadType="ExpressPSF" />
      </Payload>
    </Package>
    <Package ID="Microsoft-Windows-StorageManagement-FoD-Package~31bf3856ad364e35~wow64~lv-lv~" InstalledSize="1084296" Version="10.0.20348.1">
      <SatelliteInfo>
        <ApplyToInfo>
          <ApplyTo Type="arch" Value="wow64" />
          <ApplyTo Type="language" Value="lv-LV" />
        </ApplyToInfo>
      </SatelliteInfo>
      <Payload>
        <PayloadItem PayloadHash="FqDHwsiIHanfj71RoLZqLDpba6EBz2EH6aVq65ZObro=" PayloadSize="10639" Path="FeaturesOnDemand\lv-lv\baseless\Microsoft-Windows-StorageManagement-FoD-Package~31bf3856ad364e35~wow64~lv-lv~.cab" PayloadType="ExpressCab" />
        <PayloadItem PayloadHash="RBTQ/20CqYc5qWWfGm+Xhxeo4aA9q01FPKiPLpozJkE=" PayloadSize="108819" Path="FeaturesOnDemand\lv-lv\baseless\Microsoft-Windows-StorageManagement-FoD-Package~31bf3856ad364e35~wow64~lv-lv~.psf" PayloadType="ExpressPSF" />
      </Payload>
    </Package>
    <Package ID="Microsoft-Windows-StorageMigrationService-Management-Tools-FOD-Package~31bf3856ad364e35~amd64~lv-lv~" InstalledSize="76381" Version="10.0.20348.1">
      <SatelliteInfo>
        <ApplyToInfo>
          <ApplyTo Type="language" Value="lv-LV" />
        </ApplyToInfo>
      </SatelliteInfo>
      <Payload>
        <PayloadItem PayloadHash="f0hhzUUqKkInm5rH1b4LgFQOXl1Ql7PjEuZZ9Zy5Xa8=" PayloadSize="10277" Path="FeaturesOnDemand\lv-lv\baseless\Microsoft-Windows-StorageMigrationService-Management-Tools-FOD-Package~31bf3856ad364e35~amd64~lv-lv~.cab" PayloadType="ExpressCab" />
        <PayloadItem PayloadHash="fl/tdH5SMbFClhHs3rQE9ePraiGWaqP8AlCY9w+A6ZI=" PayloadSize="68565" Path="FeaturesOnDemand\lv-lv\baseless\Microsoft-Windows-StorageMigrationService-Management-Tools-FOD-Package~31bf3856ad364e35~amd64~lv-lv~.psf" PayloadType="ExpressPSF" />
      </Payload>
    </Package>
    <Package ID="Microsoft-Windows-StorageReplica-Tools-FoD-Package~31bf3856ad364e35~amd64~lv-lv~" InstalledSize="396556" Version="10.0.20348.1">
      <SatelliteInfo>
        <ApplyToInfo>
          <ApplyTo Type="language" Value="lv-LV" />
        </ApplyToInfo>
      </SatelliteInfo>
      <Payload>
        <PayloadItem PayloadHash="y0UUmSw/jgDUVhY0R0Gnj7ygRGdqodFxcylypb7Zn8E=" PayloadSize="10601" Path="FeaturesOnDemand\lv-lv\baseless\Microsoft-Windows-StorageReplica-Tools-FoD-Package~31bf3856ad364e35~amd64~lv-lv~.cab" PayloadType="ExpressCab" />
        <PayloadItem PayloadHash="QmcklExCZw/2KOKSo2HmfVbrWL3TqX5taFEAX+c94Es=" PayloadSize="107081" Path="FeaturesOnDemand\lv-lv\baseless\Microsoft-Windows-StorageReplica-Tools-FoD-Package~31bf3856ad364e35~amd64~lv-lv~.psf" PayloadType="ExpressPSF" />
      </Payload>
    </Package>
    <Package ID="Microsoft-Windows-SystemInsights-Management-Tools-FOD-Package~31bf3856ad364e35~amd64~lv-lv~" InstalledSize="39500" Version="10.0.20348.1">
      <SatelliteInfo>
        <ApplyToInfo>
          <ApplyTo Type="language" Value="lv-LV" />
        </ApplyToInfo>
      </SatelliteInfo>
      <Payload>
        <PayloadItem PayloadHash="oW4C/Kp6AXdw9t4FnIOFK4Ib8hY6NefR3488H4WY8WM=" PayloadSize="10265" Path="FeaturesOnDemand\lv-lv\baseless\Microsoft-Windows-SystemInsights-Management-Tools-FOD-Package~31bf3856ad364e35~amd64~lv-lv~.cab" PayloadType="ExpressCab" />
        <PayloadItem PayloadHash="eqKJGBakD2s1GpVDCZdWQbfajsXKxnfkGptzgPmeNW0=" PayloadSize="60987" Path="FeaturesOnDemand\lv-lv\baseless\Microsoft-Windows-SystemInsights-Management-Tools-FOD-Package~31bf3856ad364e35~amd64~lv-lv~.psf" PayloadType="ExpressPSF" />
      </Payload>
    </Package>
    <Package ID="Microsoft-Windows-VolumeActivation-Tools-FoD-Package~31bf3856ad364e35~amd64~lv-lv~" InstalledSize="222975" Version="10.0.20348.1">
      <SatelliteInfo>
        <ApplyToInfo>
          <ApplyTo Type="language" Value="lv-LV" />
        </ApplyToInfo>
      </SatelliteInfo>
      <Payload>
        <PayloadItem PayloadHash="Oyde7kqNFiw02ulaAE1PVwoNGTkL54b7W75wOrpK0u0=" PayloadSize="10149" Path="FeaturesOnDemand\lv-lv\baseless\Microsoft-Windows-VolumeActivation-Tools-FoD-Package~31bf3856ad364e35~amd64~lv-lv~.cab" PayloadType="ExpressCab" />
        <PayloadItem PayloadHash="T8Z3sc5ydl/iNl4ydEQJOG35SDaYygdJhTryo1r1Nyc=" PayloadSize="171470" Path="FeaturesOnDemand\lv-lv\baseless\Microsoft-Windows-VolumeActivation-Tools-FoD-Package~31bf3856ad364e35~amd64~lv-lv~.psf" PayloadType="ExpressPSF" />
      </Payload>
    </Package>
    <Package ID="Microsoft-Windows-WirelessDisplay-FOD-Package~31bf3856ad364e35~amd64~lv-lv~" InstalledSize="34167" Version="10.0.20348.1">
      <SatelliteInfo>
        <ApplyToInfo>
          <ApplyTo Type="language" Value="lv-LV" />
        </ApplyToInfo>
      </SatelliteInfo>
      <Payload>
        <PayloadItem PayloadHash="vcN3K0luomvVhHKMp/Vsaf+7pYIH3gCCJBRScrFUMKg=" PayloadSize="10249" Path="FeaturesOnDemand\lv-lv\baseless\Microsoft-Windows-WirelessDisplay-FOD-Package~31bf3856ad364e35~amd64~lv-lv~.cab" PayloadType="ExpressCab" />
        <PayloadItem PayloadHash="jzKDWp+nNN05t9yRli6eDZKinuJ9wW2SKiCmVXjN1zA=" PayloadSize="61333" Path="FeaturesOnDemand\lv-lv\baseless\Microsoft-Windows-WirelessDisplay-FOD-Package~31bf3856ad364e35~amd64~lv-lv~.psf" PayloadType="ExpressPSF" />
      </Payload>
    </Package>
    <Package ID="Microsoft-Windows-WMI-SNMP-Provider-Client-Package~31bf3856ad364e35~amd64~lv-lv~" InstalledSize="53228" Version="10.0.20348.1">
      <SatelliteInfo>
        <ApplyToInfo>
          <ApplyTo Type="language" Value="lv-LV" />
        </ApplyToInfo>
      </SatelliteInfo>
      <Payload>
        <PayloadItem PayloadHash="hMSBSIdR/1B5vtc+VVzhTfKg0Xnxc2wRFqKTQ6K5SwE=" PayloadSize="10613" Path="FeaturesOnDemand\lv-lv\baseless\Microsoft-Windows-WMI-SNMP-Provider-Client-Package~31bf3856ad364e35~amd64~lv-lv~.cab" PayloadType="ExpressCab" />
        <PayloadItem PayloadHash="qtIrM2z2Oh+UN3yxv6UVQPHlERnNIoiitvEYCRmNJYg=" PayloadSize="64662" Path="FeaturesOnDemand\lv-lv\baseless\Microsoft-Windows-WMI-SNMP-Provider-Client-Package~31bf3856ad364e35~amd64~lv-lv~.psf" PayloadType="ExpressPSF" />
      </Payload>
    </Package>
    <Package ID="Microsoft-Windows-WMI-SNMP-Provider-Client-Package~31bf3856ad364e35~wow64~lv-lv~" InstalledSize="53305" Version="10.0.20348.1">
      <SatelliteInfo>
        <ApplyToInfo>
          <ApplyTo Type="arch" Value="wow64" />
          <ApplyTo Type="language" Value="lv-LV" />
        </ApplyToInfo>
      </SatelliteInfo>
      <Payload>
        <PayloadItem PayloadHash="J1Va9yQ5ohdCOqQ+3oyjBIPBdl+jQIyMUi1eQ982RHc=" PayloadSize="10589" Path="FeaturesOnDemand\lv-lv\baseless\Microsoft-Windows-WMI-SNMP-Provider-Client-Package~31bf3856ad364e35~wow64~lv-lv~.cab" PayloadType="ExpressCab" />
        <PayloadItem PayloadHash="a9xVoH4DAb2QrG3CkVlVKldfCKVJFxxKL5cGHmF5d48=" PayloadSize="64707" Path="FeaturesOnDemand\lv-lv\baseless\Microsoft-Windows-WMI-SNMP-Provider-Client-Package~31bf3856ad364e35~wow64~lv-lv~.psf" PayloadType="ExpressPSF" />
      </Payload>
    </Package>
    <Package ID="Microsoft-Windows-WordPad-FoD-Package~31bf3856ad364e35~amd64~lv-lv~" InstalledSize="65856" Version="10.0.20348.1">
      <SatelliteInfo>
        <ApplyToInfo>
          <ApplyTo Type="language" Value="lv-LV" />
        </ApplyToInfo>
      </SatelliteInfo>
      <Payload>
        <PayloadItem PayloadHash="CWoJHVACbqDg8z+ll34OtVhijx2fSoyqDaCUg2f2Eb4=" PayloadSize="10011" Path="FeaturesOnDemand\lv-lv\baseless\Microsoft-Windows-WordPad-FoD-Package~31bf3856ad364e35~amd64~lv-lv~.cab" PayloadType="ExpressCab" />
        <PayloadItem PayloadHash="Cew7BcCgYQSPL0CY7lZfPgrR5UGCgGh9QirtN5VSYnQ=" PayloadSize="60678" Path="FeaturesOnDemand\lv-lv\baseless\Microsoft-Windows-WordPad-FoD-Package~31bf3856ad364e35~amd64~lv-lv~.psf" PayloadType="ExpressPSF" />
      </Payload>
    </Package>
    <Package ID="Microsoft-Windows-WordPad-FoD-Package~31bf3856ad364e35~wow64~lv-lv~" InstalledSize="65943" Version="10.0.20348.1">
      <SatelliteInfo>
        <ApplyToInfo>
          <ApplyTo Type="arch" Value="wow64" />
          <ApplyTo Type="language" Value="lv-LV" />
        </ApplyToInfo>
      </SatelliteInfo>
      <Payload>
        <PayloadItem PayloadHash="wZ0Eh4yulzmA8pc/jKpxgAzTUXgik/ZEhOnUQUQ0rvI=" PayloadSize="10009" Path="FeaturesOnDemand\lv-lv\baseless\Microsoft-Windows-WordPad-FoD-Package~31bf3856ad364e35~wow64~lv-lv~.cab" PayloadType="ExpressCab" />
        <PayloadItem PayloadHash="XtgQ8wWFXhOfJakfe1t500raQmYHFawcKDPfr4/n8Dk=" PayloadSize="60719" Path="FeaturesOnDemand\lv-lv\baseless\Microsoft-Windows-WordPad-FoD-Package~31bf3856ad364e35~wow64~lv-lv~.psf" PayloadType="ExpressPSF" />
      </Payload>
    </Package>
    <Package ID="Microsoft-Windows-WSUS-Tools-FoD-Package~31bf3856ad364e35~amd64~lv-lv~" InstalledSize="2921273" Version="10.0.20348.1">
      <SatelliteInfo>
        <ApplyToInfo>
          <ApplyTo Type="language" Value="lv-LV" />
        </ApplyToInfo>
      </SatelliteInfo>
      <Payload>
        <PayloadItem PayloadHash="UVFNnGWp+GAlkcrqtukiVo2nYNDAeOXCtdgH2ZP35Rw=" PayloadSize="11143" Path="FeaturesOnDemand\lv-lv\baseless\Microsoft-Windows-WSUS-Tools-FoD-Package~31bf3856ad364e35~amd64~lv-lv~.cab" PayloadType="ExpressCab" />
        <PayloadItem PayloadHash="VBw3T/QVu3ycSGFm6IHLlr2VOACGPV8kUpCISzqUVUQ=" PayloadSize="384719" Path="FeaturesOnDemand\lv-lv\baseless\Microsoft-Windows-WSUS-Tools-FoD-Package~31bf3856ad364e35~amd64~lv-lv~.psf" PayloadType="ExpressPSF" />
      </Payload>
    </Package>
  </Packages>
  <ValuePair />
</CompDB>