<?xml version="1.0" encoding="utf-8"?>
<CompDB xmlns:xsi="http://www.w3.org/2001/XMLSchema-instance" xmlns:xsd="http://www.w3.org/2001/XMLSchema" CreatedDate="2021-05-08T14:01:03.3818464Z" Revision="1" SchemaVersion="1.2" Product="Server" BuildID="cba57a24-14e8-e0d9-3b38-ce9d5f1c983e" BuildInfo="fe_release.20348.1.210507-1500" OSVersion="10.0.20348.1" BuildArch="amd64" ReleaseType="Production" Type="Baseless" Name="Baseless~amd64~Server~~fi-fi" xmlns="http://schemas.microsoft.com/embedded/2004/10/ImageUpdate">
  <Tags Type="Language">
    <Tag Name="Language" Value="fi-fi" />
    <Tag Name="UpdateType" Value="Baseless" />
  </Tags>
  <Features>
    <Feature Type="LanguagePack" FeatureID="Language.UI.Server~fi-fi" FMID="MSDL" Group="Microsoft">
      <Packages>
        <Package ID="Microsoft-Windows-Server-LanguagePack-Package_fi-fi~31bf3856ad364e35~amd64~fi-fi~" PackageType="FeaturePackage" />
      </Packages>
    </Feature>
    <Feature Type="OnDemandFeature" FeatureID="Rsat.AzureStack.HCI.Management.Tools~~1.0" FMID="MSDN" Group="Microsoft">
      <Packages>
        <Package ID="Microsoft-AzureStack-HCI-Management-Tools-FOD-Package~31bf3856ad364e35~amd64~fi-fi~" PackageType="SatellitePackage" />
      </Packages>
    </Feature>
    <Feature Type="OnDemandFeature" FeatureID="Microsoft.Onecore.StorageManagement~~1.0" FMID="MSDN" Group="Microsoft">
      <Packages>
        <Package ID="Microsoft-OneCore-StorageManagement-FoD-Package~31bf3856ad364e35~amd64~fi-fi~" PackageType="SatellitePackage" />
        <Package ID="Microsoft-OneCore-StorageManagement-FoD-Package~31bf3856ad364e35~wow64~fi-fi~" PackageType="SatellitePackage" />
      </Packages>
    </Feature>
    <Feature Type="OnDemandFeature" FeatureID="Rsat.ActiveDirectory.DS-LDS.Tools~~1.0" FMID="MSDN" Group="Microsoft">
      <Dependencies>
        <Feature FeatureID="Rsat.ServerManager.Tools~~1.0" />
      </Dependencies>
      <Packages>
        <Package ID="Microsoft-Windows-ActiveDirectory-DS-LDS-Tools-FoD-Package~31bf3856ad364e35~amd64~fi-fi~" PackageType="SatellitePackage" />
        <Package ID="Microsoft-Windows-ActiveDirectory-DS-LDS-Tools-FoD-Package~31bf3856ad364e35~wow64~fi-fi~" PackageType="SatellitePackage" />
      </Packages>
    </Feature>
    <Feature Type="OnDemandFeature" FeatureID="Rsat.BitLocker.Recovery.Tools~~1.0" FMID="MSDN" Group="Microsoft">
      <Dependencies>
        <Feature FeatureID="Rsat.ActiveDirectory.DS-LDS.Tools~~1.0" />
      </Dependencies>
      <Packages>
        <Package ID="Microsoft-Windows-BitLocker-Recovery-Tools-FoD-Package~31bf3856ad364e35~amd64~fi-fi~" PackageType="SatellitePackage" />
      </Packages>
    </Feature>
    <Feature Type="OnDemandFeature" FeatureID="Rsat.CertificateServices.Tools~~1.0" FMID="MSDN" Group="Microsoft">
      <Packages>
        <Package ID="Microsoft-Windows-CertificateServices-Tools-FoD-Package~31bf3856ad364e35~amd64~fi-fi~" PackageType="SatellitePackage" />
      </Packages>
    </Feature>
    <Feature Type="OnDemandFeature" FeatureID="Microsoft.Composition.Test~~1.0" FMID="MSDN" Group="Microsoft">
      <Packages>
        <Package ID="Microsoft-Windows-Composition-Test-FOD-Package~31bf3856ad364e35~amd64~fi-fi~" PackageType="SatellitePackage" />
        <Package ID="Microsoft-Windows-Composition-Test-FOD-Package~31bf3856ad364e35~wow64~fi-fi~" PackageType="SatellitePackage" />
      </Packages>
    </Feature>
    <Feature Type="OnDemandFeature" FeatureID="Rsat.DHCP.Tools~~1.0" FMID="MSDN" Group="Microsoft">
      <Packages>
        <Package ID="Microsoft-Windows-DHCP-Tools-FoD-Package~31bf3856ad364e35~amd64~fi-fi~" PackageType="SatellitePackage" />
        <Package ID="Microsoft-Windows-DHCP-Tools-FoD-Package~31bf3856ad364e35~wow64~fi-fi~" PackageType="SatellitePackage" />
      </Packages>
    </Feature>
    <Feature Type="OnDemandFeature" FeatureID="Rsat.Dns.Tools~~1.0" FMID="MSDN" Group="Microsoft">
      <Packages>
        <Package ID="Microsoft-Windows-DNS-Tools-FoD-Package~31bf3856ad364e35~amd64~fi-fi~" PackageType="SatellitePackage" />
        <Package ID="Microsoft-Windows-DNS-Tools-FoD-Package~31bf3856ad364e35~wow64~fi-fi~" PackageType="SatellitePackage" />
      </Packages>
    </Feature>
    <Feature Type="OnDemandFeature" FeatureID="Windows.Desktop.EMS-SAC.Tools~~1.0" FMID="MSDN" Group="Microsoft">
      <Packages>
        <Package ID="Microsoft-Windows-EMS-SAC-Desktop-Tools-FoD-Package~31bf3856ad364e35~amd64~fi-fi~" PackageType="SatellitePackage" />
      </Packages>
    </Feature>
    <Feature Type="OnDemandFeature" FeatureID="Rsat.FailoverCluster.Management.Tools~~1.0" FMID="MSDN" Group="Microsoft">
      <Dependencies>
        <Feature FeatureID="Rsat.FileServices.Tools~~1.0" />
      </Dependencies>
      <Packages>
        <Package ID="Microsoft-Windows-FailoverCluster-Management-Tools-FOD-Package~31bf3856ad364e35~amd64~fi-fi~" PackageType="SatellitePackage" />
        <Package ID="Microsoft-Windows-FailoverCluster-Management-Tools-FOD-Package~31bf3856ad364e35~wow64~fi-fi~" PackageType="SatellitePackage" />
      </Packages>
    </Feature>
    <Feature Type="OnDemandFeature" FeatureID="Rsat.FileServices.Tools~~1.0" FMID="MSDN" Group="Microsoft">
      <Dependencies>
        <Feature FeatureID="Rsat.ServerManager.Tools~~1.0" />
      </Dependencies>
      <Packages>
        <Package ID="Microsoft-Windows-FileServices-Tools-FoD-Package~31bf3856ad364e35~amd64~fi-fi~" PackageType="SatellitePackage" />
        <Package ID="Microsoft-Windows-FileServices-Tools-FoD-Package~31bf3856ad364e35~wow64~fi-fi~" PackageType="SatellitePackage" />
      </Packages>
    </Feature>
    <Feature Type="OnDemandFeature" FeatureID="Rsat.GroupPolicy.Management.Tools~~1.0" FMID="MSDN" Group="Microsoft">
      <Packages>
        <Package ID="Microsoft-Windows-GroupPolicy-Management-Tools-FoD-Package~31bf3856ad364e35~amd64~fi-fi~" PackageType="SatellitePackage" />
        <Package ID="Microsoft-Windows-GroupPolicy-Management-Tools-FoD-Package~31bf3856ad364e35~wow64~fi-fi~" PackageType="SatellitePackage" />
      </Packages>
    </Feature>
    <Feature Type="OnDemandFeature" FeatureID="Rsat.IPAM.Client.Tools~~1.0" FMID="MSDN" Group="Microsoft">
      <Dependencies>
        <Feature FeatureID="Rsat.ServerManager.Tools~~1.0" />
      </Dependencies>
      <Packages>
        <Package ID="Microsoft-Windows-IPAM-Client-FoD-Package~31bf3856ad364e35~amd64~fi-fi~" PackageType="SatellitePackage" />
        <Package ID="Microsoft-Windows-IPAM-Client-FoD-Package~31bf3856ad364e35~wow64~fi-fi~" PackageType="SatellitePackage" />
      </Packages>
    </Feature>
    <Feature Type="OnDemandFeature" FeatureID="Network.Irda~~1.0" FMID="MSDN" Group="Microsoft">
      <Packages>
        <Package ID="Microsoft-Windows-IRDA-Package~31bf3856ad364e35~amd64~fi-fi~" PackageType="SatellitePackage" />
        <Package ID="Microsoft-Windows-IRDA-Package~31bf3856ad364e35~wow64~fi-fi~" PackageType="SatellitePackage" />
      </Packages>
    </Feature>
    <Feature Type="OnDemandFeature" FeatureID="Media.MediaFeaturePack~~1.0" FMID="MSDN" Group="Microsoft">
      <Packages>
        <Package ID="Microsoft-Windows-Media-Features-Package~31bf3856ad364e35~amd64~fi-fi~" PackageType="SatellitePackage" />
        <Package ID="Microsoft-Windows-Media-Features-Package~31bf3856ad364e35~wow64~fi-fi~" PackageType="SatellitePackage" />
      </Packages>
    </Feature>
    <Feature Type="OnDemandFeature" FeatureID="Microsoft.Windows.MSPaint~~1.0" FMID="MSDN" Group="Microsoft">
      <Packages>
        <Package ID="Microsoft-Windows-MSPaint-FoD-Package~31bf3856ad364e35~amd64~fi-fi~" PackageType="SatellitePackage" />
        <Package ID="Microsoft-Windows-MSPaint-FoD-Package~31bf3856ad364e35~wow64~fi-fi~" PackageType="SatellitePackage" />
      </Packages>
    </Feature>
    <Feature Type="OnDemandFeature" FeatureID="Rsat.NetworkController.Tools~~1.0" FMID="MSDN" Group="Microsoft">
      <Packages>
        <Package ID="Microsoft-Windows-NetworkController-Tools-FoD-Package~31bf3856ad364e35~amd64~fi-fi~" PackageType="SatellitePackage" />
      </Packages>
    </Feature>
    <Feature Type="OnDemandFeature" FeatureID="Rsat.NetworkLoadBalancing.Tools~~1.0" FMID="MSDN" Group="Microsoft">
      <Packages>
        <Package ID="Microsoft-Windows-NetworkLoadBalancing-Tools-FoD-Package~31bf3856ad364e35~amd64~fi-fi~" PackageType="SatellitePackage" />
      </Packages>
    </Feature>
    <Feature Type="OnDemandFeature" FeatureID="Microsoft.Windows.Notepad~~1.0" FMID="MSDN" Group="Microsoft">
      <Packages>
        <Package ID="Microsoft-Windows-Notepad-FoD-Package~31bf3856ad364e35~amd64~fi-fi~" PackageType="SatellitePackage" />
        <Package ID="Microsoft-Windows-Notepad-FoD-Package~31bf3856ad364e35~wow64~fi-fi~" PackageType="SatellitePackage" />
      </Packages>
    </Feature>
    <Feature Type="OnDemandFeature" FeatureID="Microsoft.Windows.PowerShell.ISE~~1.0" FMID="MSDN" Group="Microsoft">
      <Packages>
        <Package ID="Microsoft-Windows-PowerShell-ISE-FOD-Package~31bf3856ad364e35~amd64~fi-fi~" PackageType="SatellitePackage" />
        <Package ID="Microsoft-Windows-PowerShell-ISE-FOD-Package~31bf3856ad364e35~wow64~fi-fi~" PackageType="SatellitePackage" />
      </Packages>
    </Feature>
    <Feature Type="OnDemandFeature" FeatureID="Print.Management.Console~~1.0" FMID="MSDN" Group="Microsoft">
      <Packages>
        <Package ID="Microsoft-Windows-Printing-PMCPPC-FoD-Package~31bf3856ad364e35~amd64~fi-fi~" PackageType="SatellitePackage" />
      </Packages>
    </Feature>
    <Feature Type="OnDemandFeature" FeatureID="Print.Fax.Scan~~1.0" FMID="MSDN" Group="Microsoft">
      <Packages>
        <Package ID="Microsoft-Windows-Printing-WFS-FoD-Package~31bf3856ad364e35~amd64~fi-fi~" PackageType="SatellitePackage" />
      </Packages>
    </Feature>
    <Feature Type="OnDemandFeature" FeatureID="RasCMAK.Client~~1.0" FMID="MSDN" Group="Microsoft">
      <Packages>
        <Package ID="Microsoft-Windows-RasCMAK-Client-Package~31bf3856ad364e35~amd64~fi-fi~" PackageType="SatellitePackage" />
        <Package ID="Microsoft-Windows-RasCMAK-Client-Package~31bf3856ad364e35~wow64~fi-fi~" PackageType="SatellitePackage" />
      </Packages>
    </Feature>
    <Feature Type="OnDemandFeature" FeatureID="RIP.Listener~~1.0" FMID="MSDN" Group="Microsoft">
      <Packages>
        <Package ID="Microsoft-Windows-RasRip-Package~31bf3856ad364e35~amd64~fi-fi~" PackageType="SatellitePackage" />
      </Packages>
    </Feature>
    <Feature Type="OnDemandFeature" FeatureID="Rsat.RemoteAccess.Management.Tools~~1.0" FMID="MSDN" Group="Microsoft">
      <Dependencies>
        <Feature FeatureID="Rsat.GroupPolicy.Management.Tools~~1.0" />
        <Feature FeatureID="Rsat.ServerManager.Tools~~1.0" />
      </Dependencies>
      <Packages>
        <Package ID="Microsoft-Windows-RemoteAccess-Management-Tools-FoD-Package~31bf3856ad364e35~amd64~fi-fi~" PackageType="SatellitePackage" />
        <Package ID="Microsoft-Windows-RemoteAccess-Management-Tools-FoD-Package~31bf3856ad364e35~wow64~fi-fi~" PackageType="SatellitePackage" />
      </Packages>
    </Feature>
    <Feature Type="OnDemandFeature" FeatureID="Rsat.RemoteDesktop.Services.Tools~~1.0" FMID="MSDN" Group="Microsoft">
      <Packages>
        <Package ID="Microsoft-Windows-RemoteDesktop-Services-Tools-FoD-Package~31bf3856ad364e35~amd64~fi-fi~" PackageType="SatellitePackage" />
      </Packages>
    </Feature>
    <Feature Type="OnDemandFeature" FeatureID="ServerCore.AppCompatibility~~1.0" FMID="MSDN" Group="Microsoft">
      <Packages>
        <Package ID="Microsoft-Windows-Server-AppCompat-FoD-Package~31bf3856ad364e35~amd64~fi-fi~" PackageType="SatellitePackage" />
      </Packages>
    </Feature>
    <Feature Type="OnDemandFeature" FeatureID="Rsat.ServerManager.Tools~~1.0" FMID="MSDN" Group="Microsoft">
      <Packages>
        <Package ID="Microsoft-Windows-ServerManager-Tools-FoD-Package~31bf3856ad364e35~amd64~fi-fi~" PackageType="SatellitePackage" />
        <Package ID="Microsoft-Windows-ServerManager-Tools-FoD-Package~31bf3856ad364e35~wow64~fi-fi~" PackageType="SatellitePackage" />
      </Packages>
    </Feature>
    <Feature Type="OnDemandFeature" FeatureID="Rsat.Shielded.VM.Tools~~1.0" FMID="MSDN" Group="Microsoft">
      <Dependencies>
        <Feature FeatureID="Rsat.ServerManager.Tools~~1.0" />
      </Dependencies>
      <Packages>
        <Package ID="Microsoft-Windows-Shielded-VM-Tools-FoD-Package~31bf3856ad364e35~amd64~fi-fi~" PackageType="SatellitePackage" />
      </Packages>
    </Feature>
    <Feature Type="OnDemandFeature" FeatureID="SNMP.Client~~1.0" FMID="MSDN" Group="Microsoft">
      <Packages>
        <Package ID="Microsoft-Windows-SNMP-Client-Package~31bf3856ad364e35~amd64~fi-fi~" PackageType="SatellitePackage" />
        <Package ID="Microsoft-Windows-SNMP-Client-Package~31bf3856ad364e35~wow64~fi-fi~" PackageType="SatellitePackage" />
      </Packages>
    </Feature>
    <Feature Type="OnDemandFeature" FeatureID="App.StepsRecorder~~1.0" FMID="MSDN" Group="Microsoft">
      <Packages>
        <Package ID="Microsoft-Windows-StepsRecorder-Package~31bf3856ad364e35~amd64~fi-fi~" PackageType="SatellitePackage" />
        <Package ID="Microsoft-Windows-StepsRecorder-Package~31bf3856ad364e35~wow64~fi-fi~" PackageType="SatellitePackage" />
      </Packages>
    </Feature>
    <Feature Type="OnDemandFeature" FeatureID="Microsoft.Windows.StorageManagement~~1.0" FMID="MSDN" Group="Microsoft">
      <Packages>
        <Package ID="Microsoft-Windows-StorageManagement-FoD-Package~31bf3856ad364e35~amd64~fi-fi~" PackageType="SatellitePackage" />
        <Package ID="Microsoft-Windows-StorageManagement-FoD-Package~31bf3856ad364e35~wow64~fi-fi~" PackageType="SatellitePackage" />
      </Packages>
    </Feature>
    <Feature Type="OnDemandFeature" FeatureID="Rsat.StorageMigrationService.Management.Tools~~1.0" FMID="MSDN" Group="Microsoft">
      <Packages>
        <Package ID="Microsoft-Windows-StorageMigrationService-Management-Tools-FOD-Package~31bf3856ad364e35~amd64~fi-fi~" PackageType="SatellitePackage" />
      </Packages>
    </Feature>
    <Feature Type="OnDemandFeature" FeatureID="Rsat.StorageReplica.Tools~~1.0" FMID="MSDN" Group="Microsoft">
      <Packages>
        <Package ID="Microsoft-Windows-StorageReplica-Tools-FoD-Package~31bf3856ad364e35~amd64~fi-fi~" PackageType="SatellitePackage" />
      </Packages>
    </Feature>
    <Feature Type="OnDemandFeature" FeatureID="Rsat.SystemInsights.Management.Tools~~1.0" FMID="MSDN" Group="Microsoft">
      <Packages>
        <Package ID="Microsoft-Windows-SystemInsights-Management-Tools-FOD-Package~31bf3856ad364e35~amd64~fi-fi~" PackageType="SatellitePackage" />
      </Packages>
    </Feature>
    <Feature Type="OnDemandFeature" FeatureID="Rsat.VolumeActivation.Tools~~1.0" FMID="MSDN" Group="Microsoft">
      <Packages>
        <Package ID="Microsoft-Windows-VolumeActivation-Tools-FoD-Package~31bf3856ad364e35~amd64~fi-fi~" PackageType="SatellitePackage" />
      </Packages>
    </Feature>
    <Feature Type="OnDemandFeature" FeatureID="App.WirelessDisplay.Connect~~1.0" FMID="MSDN" Group="Microsoft">
      <Packages>
        <Package ID="Microsoft-Windows-WirelessDisplay-FOD-Package~31bf3856ad364e35~amd64~fi-fi~" PackageType="SatellitePackage" />
      </Packages>
    </Feature>
    <Feature Type="OnDemandFeature" FeatureID="WMI-SNMP-Provider.Client~~1.0" FMID="MSDN" Group="Microsoft">
      <Dependencies>
        <Feature FeatureID="SNMP.Client~~1.0" />
      </Dependencies>
      <Packages>
        <Package ID="Microsoft-Windows-WMI-SNMP-Provider-Client-Package~31bf3856ad364e35~amd64~fi-fi~" PackageType="SatellitePackage" />
        <Package ID="Microsoft-Windows-WMI-SNMP-Provider-Client-Package~31bf3856ad364e35~wow64~fi-fi~" PackageType="SatellitePackage" />
      </Packages>
    </Feature>
    <Feature Type="OnDemandFeature" FeatureID="Microsoft.Windows.WordPad~~1.0" FMID="MSDN" Group="Microsoft">
      <Packages>
        <Package ID="Microsoft-Windows-WordPad-FoD-Package~31bf3856ad364e35~amd64~fi-fi~" PackageType="SatellitePackage" />
        <Package ID="Microsoft-Windows-WordPad-FoD-Package~31bf3856ad364e35~wow64~fi-fi~" PackageType="SatellitePackage" />
      </Packages>
    </Feature>
    <Feature Type="OnDemandFeature" FeatureID="Rsat.WSUS.Tools~~1.0" FMID="MSDN" Group="Microsoft">
      <Packages>
        <Package ID="Microsoft-Windows-WSUS-Tools-FoD-Package~31bf3856ad364e35~amd64~fi-fi~" PackageType="SatellitePackage" />
      </Packages>
    </Feature>
  </Features>
  <Packages>
    <Package ID="Microsoft-Windows-Server-LanguagePack-Package_fi-fi~31bf3856ad364e35~amd64~fi-fi~" InstalledSize="310786459" Version="10.0.20348.1">
      <SatelliteInfo>
        <DeclareInfo>
          <Declare Type="language" Value="fi-FI" />
        </DeclareInfo>
      </SatelliteInfo>
      <Payload>
        <PayloadItem PayloadHash="5wxbhc17mnk1ybHb5vA0LqICvyV4fQ0xVrtTm17R9/M=" PayloadSize="1171133" Path="UUP\Desktop\editionpackages\fi-fi\Server\baseless\Microsoft-Windows-Server-LanguagePack-Package_fi-fi~31bf3856ad364e35~amd64~fi-fi~.cab" PayloadType="ExpressCab" />
        <PayloadItem PayloadHash="1zovzMAyrovguhZsldMZsD55DCp0zZlwlJ9rKK4DRxg=" PayloadSize="63011609" Path="UUP\Desktop\editionpackages\fi-fi\Server\baseless\Microsoft-Windows-Server-LanguagePack-Package_fi-fi~31bf3856ad364e35~amd64~fi-fi~.psf" PayloadType="ExpressPSF" />
      </Payload>
    </Package>
    <Package ID="Microsoft-AzureStack-HCI-Management-Tools-FOD-Package~31bf3856ad364e35~amd64~fi-fi~" InstalledSize="33218" Version="10.0.20348.1">
      <SatelliteInfo>
        <ApplyToInfo>
          <ApplyTo Type="language" Value="fi-FI" />
        </ApplyToInfo>
      </SatelliteInfo>
      <Payload>
        <PayloadItem PayloadHash="4MHb0lvOAwKV+dufIxbAvF8Fpt2Zkla922YIueSRgtI=" PayloadSize="10265" Path="FeaturesOnDemand\fi-fi\baseless\Microsoft-AzureStack-HCI-Management-Tools-FOD-Package~31bf3856ad364e35~amd64~fi-fi~.cab" PayloadType="ExpressCab" />
        <PayloadItem PayloadHash="HmZQewAvOzmOQa5mI99NZN8UelC5Z04Y7WpZOYIKwCM=" PayloadSize="59892" Path="FeaturesOnDemand\fi-fi\baseless\Microsoft-AzureStack-HCI-Management-Tools-FOD-Package~31bf3856ad364e35~amd64~fi-fi~.psf" PayloadType="ExpressPSF" />
      </Payload>
    </Package>
    <Package ID="Microsoft-OneCore-StorageManagement-FoD-Package~31bf3856ad364e35~amd64~fi-fi~" InstalledSize="1991046" Version="10.0.20348.1">
      <SatelliteInfo>
        <ApplyToInfo>
          <ApplyTo Type="language" Value="fi-FI" />
        </ApplyToInfo>
      </SatelliteInfo>
      <Payload>
        <PayloadItem PayloadHash="5fCUptAzHP9VmikE7Dj3+7sMh1gl+FqTv2CZakNN99o=" PayloadSize="11371" Path="FeaturesOnDemand\fi-fi\baseless\Microsoft-OneCore-StorageManagement-FoD-Package~31bf3856ad364e35~amd64~fi-fi~.cab" PayloadType="ExpressCab" />
        <PayloadItem PayloadHash="FBzQJ4e9RUT0o7XXbqjnojNLSCWEbwTSk+TCAyo/hYI=" PayloadSize="185020" Path="FeaturesOnDemand\fi-fi\baseless\Microsoft-OneCore-StorageManagement-FoD-Package~31bf3856ad364e35~amd64~fi-fi~.psf" PayloadType="ExpressPSF" />
      </Payload>
    </Package>
    <Package ID="Microsoft-OneCore-StorageManagement-FoD-Package~31bf3856ad364e35~wow64~fi-fi~" InstalledSize="1081693" Version="10.0.20348.1">
      <SatelliteInfo>
        <ApplyToInfo>
          <ApplyTo Type="arch" Value="wow64" />
          <ApplyTo Type="language" Value="fi-FI" />
        </ApplyToInfo>
      </SatelliteInfo>
      <Payload>
        <PayloadItem PayloadHash="M/vIwjFJNT2/pUm3jEbpHGVp3GzRuB2BTqUcwv10sWs=" PayloadSize="10431" Path="FeaturesOnDemand\fi-fi\baseless\Microsoft-OneCore-StorageManagement-FoD-Package~31bf3856ad364e35~wow64~fi-fi~.cab" PayloadType="ExpressCab" />
        <PayloadItem PayloadHash="onsDXVKoLK9XHzBbxU2AKeQXFG/d8cCVtw1HPknt9M8=" PayloadSize="107748" Path="FeaturesOnDemand\fi-fi\baseless\Microsoft-OneCore-StorageManagement-FoD-Package~31bf3856ad364e35~wow64~fi-fi~.psf" PayloadType="ExpressPSF" />
      </Payload>
    </Package>
    <Package ID="Microsoft-Windows-ActiveDirectory-DS-LDS-Tools-FoD-Package~31bf3856ad364e35~amd64~fi-fi~" InstalledSize="5657353" Version="10.0.20348.1">
      <SatelliteInfo>
        <ApplyToInfo>
          <ApplyTo Type="language" Value="fi-FI" />
        </ApplyToInfo>
      </SatelliteInfo>
      <Payload>
        <PayloadItem PayloadHash="13VQG9Mxcwep72bvNP3bjB/fmsjfhRFepVV25h5gONU=" PayloadSize="17399" Path="FeaturesOnDemand\fi-fi\baseless\Microsoft-Windows-ActiveDirectory-DS-LDS-Tools-FoD-Package~31bf3856ad364e35~amd64~fi-fi~.cab" PayloadType="ExpressCab" />
        <PayloadItem PayloadHash="RU5uv1DM1+atoH/GpCY3zxm93a+q9Ya0+Ww2JKVJGNc=" PayloadSize="908935" Path="FeaturesOnDemand\fi-fi\baseless\Microsoft-Windows-ActiveDirectory-DS-LDS-Tools-FoD-Package~31bf3856ad364e35~amd64~fi-fi~.psf" PayloadType="ExpressPSF" />
      </Payload>
    </Package>
    <Package ID="Microsoft-Windows-ActiveDirectory-DS-LDS-Tools-FoD-Package~31bf3856ad364e35~wow64~fi-fi~" InstalledSize="799022" Version="10.0.20348.1">
      <SatelliteInfo>
        <ApplyToInfo>
          <ApplyTo Type="arch" Value="wow64" />
          <ApplyTo Type="language" Value="fi-FI" />
        </ApplyToInfo>
      </SatelliteInfo>
      <Payload>
        <PayloadItem PayloadHash="hh0dtSjIlAJxj4pXLz25bqzJfmukVmKqZ0LNad+1qFk=" PayloadSize="11247" Path="FeaturesOnDemand\fi-fi\baseless\Microsoft-Windows-ActiveDirectory-DS-LDS-Tools-FoD-Package~31bf3856ad364e35~wow64~fi-fi~.cab" PayloadType="ExpressCab" />
        <PayloadItem PayloadHash="PesLQMxFoyUkYz1sRB72e2dAhyjq5iEtrpwThIuu1TA=" PayloadSize="152363" Path="FeaturesOnDemand\fi-fi\baseless\Microsoft-Windows-ActiveDirectory-DS-LDS-Tools-FoD-Package~31bf3856ad364e35~wow64~fi-fi~.psf" PayloadType="ExpressPSF" />
      </Payload>
    </Package>
    <Package ID="Microsoft-Windows-BitLocker-Recovery-Tools-FoD-Package~31bf3856ad364e35~amd64~fi-fi~" InstalledSize="31662" Version="10.0.20348.1">
      <SatelliteInfo>
        <ApplyToInfo>
          <ApplyTo Type="language" Value="fi-FI" />
        </ApplyToInfo>
      </SatelliteInfo>
      <Payload>
        <PayloadItem PayloadHash="nxU2aGG1IvjXcFRxcBPj+RCa+TzVoKkRr8JTumUEZRg=" PayloadSize="10285" Path="FeaturesOnDemand\fi-fi\baseless\Microsoft-Windows-BitLocker-Recovery-Tools-FoD-Package~31bf3856ad364e35~amd64~fi-fi~.cab" PayloadType="ExpressCab" />
        <PayloadItem PayloadHash="ZmIogkK6h6itt0DCoOQeXn5xiJUlNm5ABcfOFfisbug=" PayloadSize="58662" Path="FeaturesOnDemand\fi-fi\baseless\Microsoft-Windows-BitLocker-Recovery-Tools-FoD-Package~31bf3856ad364e35~amd64~fi-fi~.psf" PayloadType="ExpressPSF" />
      </Payload>
    </Package>
    <Package ID="Microsoft-Windows-CertificateServices-Tools-FoD-Package~31bf3856ad364e35~amd64~fi-fi~" InstalledSize="996053" Version="10.0.20348.1">
      <SatelliteInfo>
        <ApplyToInfo>
          <ApplyTo Type="language" Value="fi-FI" />
        </ApplyToInfo>
      </SatelliteInfo>
      <Payload>
        <PayloadItem PayloadHash="LMZrLCgNoNcZwh0dFJYglpk4gR/XqFItU5SUDPxW6OU=" PayloadSize="12155" Path="FeaturesOnDemand\fi-fi\baseless\Microsoft-Windows-CertificateServices-Tools-FoD-Package~31bf3856ad364e35~amd64~fi-fi~.cab" PayloadType="ExpressCab" />
        <PayloadItem PayloadHash="ZBdae9SdWJ4kPU1Ckq7a/qBsmI4dm86SOaYDcSUMI9I=" PayloadSize="190934" Path="FeaturesOnDemand\fi-fi\baseless\Microsoft-Windows-CertificateServices-Tools-FoD-Package~31bf3856ad364e35~amd64~fi-fi~.psf" PayloadType="ExpressPSF" />
      </Payload>
    </Package>
    <Package ID="Microsoft-Windows-Composition-Test-FOD-Package~31bf3856ad364e35~amd64~fi-fi~" InstalledSize="21107" Version="10.0.20348.1">
      <SatelliteInfo>
        <ApplyToInfo>
          <ApplyTo Type="language" Value="fi-FI" />
        </ApplyToInfo>
      </SatelliteInfo>
      <Payload>
        <PayloadItem PayloadHash="CtM1Mn/8iPbwEWPXEBqtIW6XHeOIaHwGCHVlWn7KbtM=" PayloadSize="10041" Path="FeaturesOnDemand\fi-fi\baseless\Microsoft-Windows-Composition-Test-FOD-Package~31bf3856ad364e35~amd64~fi-fi~.cab" PayloadType="ExpressCab" />
        <PayloadItem PayloadHash="yl3u4/MU6T5mkze326PCW5VazZBXRjq26EwnvEgTfdg=" PayloadSize="55253" Path="FeaturesOnDemand\fi-fi\baseless\Microsoft-Windows-Composition-Test-FOD-Package~31bf3856ad364e35~amd64~fi-fi~.psf" PayloadType="ExpressPSF" />
      </Payload>
    </Package>
    <Package ID="Microsoft-Windows-Composition-Test-FOD-Package~31bf3856ad364e35~wow64~fi-fi~" InstalledSize="21207" Version="10.0.20348.1">
      <SatelliteInfo>
        <ApplyToInfo>
          <ApplyTo Type="arch" Value="wow64" />
          <ApplyTo Type="language" Value="fi-FI" />
        </ApplyToInfo>
      </SatelliteInfo>
      <Payload>
        <PayloadItem PayloadHash="2hYMXhP7VyK9Dou/CaJ+nFgw8kjMP1vW5zDCgoRJyJI=" PayloadSize="10021" Path="FeaturesOnDemand\fi-fi\baseless\Microsoft-Windows-Composition-Test-FOD-Package~31bf3856ad364e35~wow64~fi-fi~.cab" PayloadType="ExpressCab" />
        <PayloadItem PayloadHash="S9O2TRIa40osbjkAahHsFQ2DwAD6pibg/zmXSfg3j2A=" PayloadSize="55326" Path="FeaturesOnDemand\fi-fi\baseless\Microsoft-Windows-Composition-Test-FOD-Package~31bf3856ad364e35~wow64~fi-fi~.psf" PayloadType="ExpressPSF" />
      </Payload>
    </Package>
    <Package ID="Microsoft-Windows-DHCP-Tools-FoD-Package~31bf3856ad364e35~amd64~fi-fi~" InstalledSize="1777745" Version="10.0.20348.1">
      <SatelliteInfo>
        <ApplyToInfo>
          <ApplyTo Type="language" Value="fi-FI" />
        </ApplyToInfo>
      </SatelliteInfo>
      <Payload>
        <PayloadItem PayloadHash="1fYDhz/8qEEiIKjrdBRPLjszYmPjzBJz/NgZGAlF174=" PayloadSize="11117" Path="FeaturesOnDemand\fi-fi\baseless\Microsoft-Windows-DHCP-Tools-FoD-Package~31bf3856ad364e35~amd64~fi-fi~.cab" PayloadType="ExpressCab" />
        <PayloadItem PayloadHash="7QQJStnKDkgl7zk/Zm2b0/cx7Zmbb3+95JzXbYRTlsQ=" PayloadSize="196313" Path="FeaturesOnDemand\fi-fi\baseless\Microsoft-Windows-DHCP-Tools-FoD-Package~31bf3856ad364e35~amd64~fi-fi~.psf" PayloadType="ExpressPSF" />
      </Payload>
    </Package>
    <Package ID="Microsoft-Windows-DHCP-Tools-FoD-Package~31bf3856ad364e35~wow64~fi-fi~" InstalledSize="459675" Version="10.0.20348.1">
      <SatelliteInfo>
        <ApplyToInfo>
          <ApplyTo Type="arch" Value="wow64" />
          <ApplyTo Type="language" Value="fi-FI" />
        </ApplyToInfo>
      </SatelliteInfo>
      <Payload>
        <PayloadItem PayloadHash="WrIcK8LDF7m7ikmOI6uSLSq6XVP17aV1I9Wq63HV/aA=" PayloadSize="10251" Path="FeaturesOnDemand\fi-fi\baseless\Microsoft-Windows-DHCP-Tools-FoD-Package~31bf3856ad364e35~wow64~fi-fi~.cab" PayloadType="ExpressCab" />
        <PayloadItem PayloadHash="Njxagmzv5wbYEQVauznE7GWmXRL1Dj4zeZJhh/ehmVQ=" PayloadSize="86159" Path="FeaturesOnDemand\fi-fi\baseless\Microsoft-Windows-DHCP-Tools-FoD-Package~31bf3856ad364e35~wow64~fi-fi~.psf" PayloadType="ExpressPSF" />
      </Payload>
    </Package>
    <Package ID="Microsoft-Windows-DNS-Tools-FoD-Package~31bf3856ad364e35~amd64~fi-fi~" InstalledSize="1860360" Version="10.0.20348.1">
      <SatelliteInfo>
        <ApplyToInfo>
          <ApplyTo Type="language" Value="fi-FI" />
        </ApplyToInfo>
      </SatelliteInfo>
      <Payload>
        <PayloadItem PayloadHash="ylzSUTWTJCK0FP/7/XJ4LC/gTTIr/SzBS4N2GPSft6I=" PayloadSize="11001" Path="FeaturesOnDemand\fi-fi\baseless\Microsoft-Windows-DNS-Tools-FoD-Package~31bf3856ad364e35~amd64~fi-fi~.cab" PayloadType="ExpressCab" />
        <PayloadItem PayloadHash="jsEF7sGdKvTBBvdRljTYsz74uN8qyWsSTu1TiaNBWzw=" PayloadSize="218847" Path="FeaturesOnDemand\fi-fi\baseless\Microsoft-Windows-DNS-Tools-FoD-Package~31bf3856ad364e35~amd64~fi-fi~.psf" PayloadType="ExpressPSF" />
      </Payload>
    </Package>
    <Package ID="Microsoft-Windows-DNS-Tools-FoD-Package~31bf3856ad364e35~wow64~fi-fi~" InstalledSize="12304" Version="10.0.20348.1">
      <SatelliteInfo>
        <ApplyToInfo>
          <ApplyTo Type="arch" Value="wow64" />
          <ApplyTo Type="language" Value="fi-FI" />
        </ApplyToInfo>
      </SatelliteInfo>
      <Payload>
        <PayloadItem PayloadHash="yLqfIshEcqw9qo8G6zIeHLTmFZQPMNL1wGMcrtta5rg=" PayloadSize="9873" Path="FeaturesOnDemand\fi-fi\baseless\Microsoft-Windows-DNS-Tools-FoD-Package~31bf3856ad364e35~wow64~fi-fi~.cab" PayloadType="ExpressCab" />
        <PayloadItem PayloadHash="2KyBuj01e/s8XggI9YDLrb3wBVo8UZABWPDvREjSwL8=" PayloadSize="49678" Path="FeaturesOnDemand\fi-fi\baseless\Microsoft-Windows-DNS-Tools-FoD-Package~31bf3856ad364e35~wow64~fi-fi~.psf" PayloadType="ExpressPSF" />
      </Payload>
    </Package>
    <Package ID="Microsoft-Windows-EMS-SAC-Desktop-Tools-FoD-Package~31bf3856ad364e35~amd64~fi-fi~" InstalledSize="50120" Version="10.0.20348.1">
      <SatelliteInfo>
        <ApplyToInfo>
          <ApplyTo Type="language" Value="fi-FI" />
        </ApplyToInfo>
      </SatelliteInfo>
      <Payload>
        <PayloadItem PayloadHash="EIMxVfgJuJWJMwPREUvTZMPSlYScsq/6vXVzwmu+chM=" PayloadSize="10497" Path="FeaturesOnDemand\fi-fi\baseless\Microsoft-Windows-EMS-SAC-Desktop-Tools-FoD-Package~31bf3856ad364e35~amd64~fi-fi~.cab" PayloadType="ExpressCab" />
        <PayloadItem PayloadHash="r0C0D+K3Zgq/M5o7rbvqyLucSuQVE1JW20IDCRzwF6c=" PayloadSize="63710" Path="FeaturesOnDemand\fi-fi\baseless\Microsoft-Windows-EMS-SAC-Desktop-Tools-FoD-Package~31bf3856ad364e35~amd64~fi-fi~.psf" PayloadType="ExpressPSF" />
      </Payload>
    </Package>
    <Package ID="Microsoft-Windows-FailoverCluster-Management-Tools-FOD-Package~31bf3856ad364e35~amd64~fi-fi~" InstalledSize="8884162" Version="10.0.20348.1">
      <SatelliteInfo>
        <ApplyToInfo>
          <ApplyTo Type="language" Value="fi-FI" />
        </ApplyToInfo>
      </SatelliteInfo>
      <Payload>
        <PayloadItem PayloadHash="v1h7AdQ5dFqRrZ6zoVN/p1mvxlUVKFqxvSV2FoyTRoM=" PayloadSize="16567" Path="FeaturesOnDemand\fi-fi\baseless\Microsoft-Windows-FailoverCluster-Management-Tools-FOD-Package~31bf3856ad364e35~amd64~fi-fi~.cab" PayloadType="ExpressCab" />
        <PayloadItem PayloadHash="K2fx9gv3lbRhAxZW3AZ7FUafTjf4ymbHjpfmBCfxDb8=" PayloadSize="2429809" Path="FeaturesOnDemand\fi-fi\baseless\Microsoft-Windows-FailoverCluster-Management-Tools-FOD-Package~31bf3856ad364e35~amd64~fi-fi~.psf" PayloadType="ExpressPSF" />
      </Payload>
    </Package>
    <Package ID="Microsoft-Windows-FailoverCluster-Management-Tools-FOD-Package~31bf3856ad364e35~wow64~fi-fi~" InstalledSize="60378" Version="10.0.20348.1">
      <SatelliteInfo>
        <ApplyToInfo>
          <ApplyTo Type="arch" Value="wow64" />
          <ApplyTo Type="language" Value="fi-FI" />
        </ApplyToInfo>
      </SatelliteInfo>
      <Payload>
        <PayloadItem PayloadHash="e8YyVQPj5fYSno+G48X2Knk+hGl1F1NMMg0sitffZFg=" PayloadSize="10931" Path="FeaturesOnDemand\fi-fi\baseless\Microsoft-Windows-FailoverCluster-Management-Tools-FOD-Package~31bf3856ad364e35~wow64~fi-fi~.cab" PayloadType="ExpressCab" />
        <PayloadItem PayloadHash="OwyuXWpYzizgFP0f5jkt09Yu2UpTSnvWzDtechw3MJY=" PayloadSize="70354" Path="FeaturesOnDemand\fi-fi\baseless\Microsoft-Windows-FailoverCluster-Management-Tools-FOD-Package~31bf3856ad364e35~wow64~fi-fi~.psf" PayloadType="ExpressPSF" />
      </Payload>
    </Package>
    <Package ID="Microsoft-Windows-FileServices-Tools-FoD-Package~31bf3856ad364e35~amd64~fi-fi~" InstalledSize="4109474" Version="10.0.20348.1">
      <SatelliteInfo>
        <ApplyToInfo>
          <ApplyTo Type="language" Value="fi-FI" />
        </ApplyToInfo>
      </SatelliteInfo>
      <Payload>
        <PayloadItem PayloadHash="yOv6bmusFonO041zZ7zfBXoAGZlLbfzwDObgVvc730g=" PayloadSize="14787" Path="FeaturesOnDemand\fi-fi\baseless\Microsoft-Windows-FileServices-Tools-FoD-Package~31bf3856ad364e35~amd64~fi-fi~.cab" PayloadType="ExpressCab" />
        <PayloadItem PayloadHash="8tcU8Cs9wqTrRoDQErgPofvmRy0tlqWk/0GbhCS1cq0=" PayloadSize="598208" Path="FeaturesOnDemand\fi-fi\baseless\Microsoft-Windows-FileServices-Tools-FoD-Package~31bf3856ad364e35~amd64~fi-fi~.psf" PayloadType="ExpressPSF" />
      </Payload>
    </Package>
    <Package ID="Microsoft-Windows-FileServices-Tools-FoD-Package~31bf3856ad364e35~wow64~fi-fi~" InstalledSize="171396" Version="10.0.20348.1">
      <SatelliteInfo>
        <ApplyToInfo>
          <ApplyTo Type="arch" Value="wow64" />
          <ApplyTo Type="language" Value="fi-FI" />
        </ApplyToInfo>
      </SatelliteInfo>
      <Payload>
        <PayloadItem PayloadHash="g7CwbhMJtNO7jvScxnA2NOYJEOnJ3r0hU1vgAn1JRlA=" PayloadSize="10621" Path="FeaturesOnDemand\fi-fi\baseless\Microsoft-Windows-FileServices-Tools-FoD-Package~31bf3856ad364e35~wow64~fi-fi~.cab" PayloadType="ExpressCab" />
        <PayloadItem PayloadHash="B0rzr0mbZ0W5vm3AL5/T7hy6lKTnTlWlXqFY/DzF+BE=" PayloadSize="76396" Path="FeaturesOnDemand\fi-fi\baseless\Microsoft-Windows-FileServices-Tools-FoD-Package~31bf3856ad364e35~wow64~fi-fi~.psf" PayloadType="ExpressPSF" />
      </Payload>
    </Package>
    <Package ID="Microsoft-Windows-GroupPolicy-Management-Tools-FoD-Package~31bf3856ad364e35~amd64~fi-fi~" InstalledSize="2251600" Version="10.0.20348.1">
      <SatelliteInfo>
        <ApplyToInfo>
          <ApplyTo Type="language" Value="fi-FI" />
        </ApplyToInfo>
      </SatelliteInfo>
      <Payload>
        <PayloadItem PayloadHash="9UWu9dkm+UCceZBflAwhE8ACAMm9Zjt7CxW++yiLnGc=" PayloadSize="13597" Path="FeaturesOnDemand\fi-fi\baseless\Microsoft-Windows-GroupPolicy-Management-Tools-FoD-Package~31bf3856ad364e35~amd64~fi-fi~.cab" PayloadType="ExpressCab" />
        <PayloadItem PayloadHash="jYivawcTS9P+oY+QLPsGvs1+PPDqmsafqDitMx7VNyw=" PayloadSize="333743" Path="FeaturesOnDemand\fi-fi\baseless\Microsoft-Windows-GroupPolicy-Management-Tools-FoD-Package~31bf3856ad364e35~amd64~fi-fi~.psf" PayloadType="ExpressPSF" />
      </Payload>
    </Package>
    <Package ID="Microsoft-Windows-GroupPolicy-Management-Tools-FoD-Package~31bf3856ad364e35~wow64~fi-fi~" InstalledSize="305907" Version="10.0.20348.1">
      <SatelliteInfo>
        <ApplyToInfo>
          <ApplyTo Type="arch" Value="wow64" />
          <ApplyTo Type="language" Value="fi-FI" />
        </ApplyToInfo>
      </SatelliteInfo>
      <Payload>
        <PayloadItem PayloadHash="vkvTogGbNj0qmDnlvD7a3MfgRY469udfwDAuCe48M/c=" PayloadSize="10381" Path="FeaturesOnDemand\fi-fi\baseless\Microsoft-Windows-GroupPolicy-Management-Tools-FoD-Package~31bf3856ad364e35~wow64~fi-fi~.cab" PayloadType="ExpressCab" />
        <PayloadItem PayloadHash="6bvF4ahMJjAPHncX4lDTsDrHXGKl01h5WsW+Cp02zKE=" PayloadSize="90635" Path="FeaturesOnDemand\fi-fi\baseless\Microsoft-Windows-GroupPolicy-Management-Tools-FoD-Package~31bf3856ad364e35~wow64~fi-fi~.psf" PayloadType="ExpressPSF" />
      </Payload>
    </Package>
    <Package ID="Microsoft-Windows-IPAM-Client-FoD-Package~31bf3856ad364e35~amd64~fi-fi~" InstalledSize="98736" Version="10.0.20348.1">
      <SatelliteInfo>
        <ApplyToInfo>
          <ApplyTo Type="language" Value="fi-FI" />
        </ApplyToInfo>
      </SatelliteInfo>
      <Payload>
        <PayloadItem PayloadHash="ehfuk5nYBIzSATyYpctdHNUVkZRHLc1bhvSP4PmmGRU=" PayloadSize="10251" Path="FeaturesOnDemand\fi-fi\baseless\Microsoft-Windows-IPAM-Client-FoD-Package~31bf3856ad364e35~amd64~fi-fi~.cab" PayloadType="ExpressCab" />
        <PayloadItem PayloadHash="PWUPfmkMtySVEGWJcRzX/hloQwDj4s1/0LqtsA3zTdY=" PayloadSize="61106" Path="FeaturesOnDemand\fi-fi\baseless\Microsoft-Windows-IPAM-Client-FoD-Package~31bf3856ad364e35~amd64~fi-fi~.psf" PayloadType="ExpressPSF" />
      </Payload>
    </Package>
    <Package ID="Microsoft-Windows-IPAM-Client-FoD-Package~31bf3856ad364e35~wow64~fi-fi~" InstalledSize="23573" Version="10.0.20348.1">
      <SatelliteInfo>
        <ApplyToInfo>
          <ApplyTo Type="arch" Value="wow64" />
          <ApplyTo Type="language" Value="fi-FI" />
        </ApplyToInfo>
      </SatelliteInfo>
      <Payload>
        <PayloadItem PayloadHash="V3LYG2Cwu2VWIc0dK8z8nF1BCOw34ZJEbamtzhuiV8A=" PayloadSize="10023" Path="FeaturesOnDemand\fi-fi\baseless\Microsoft-Windows-IPAM-Client-FoD-Package~31bf3856ad364e35~wow64~fi-fi~.cab" PayloadType="ExpressCab" />
        <PayloadItem PayloadHash="FzHt5lmUhZhgmJH0ZIhGb/KjxfkAxoVlGa93xvch5hQ=" PayloadSize="51958" Path="FeaturesOnDemand\fi-fi\baseless\Microsoft-Windows-IPAM-Client-FoD-Package~31bf3856ad364e35~wow64~fi-fi~.psf" PayloadType="ExpressPSF" />
      </Payload>
    </Package>
    <Package ID="Microsoft-Windows-IRDA-Package~31bf3856ad364e35~amd64~fi-fi~" InstalledSize="56398" Version="10.0.20348.1">
      <SatelliteInfo>
        <ApplyToInfo>
          <ApplyTo Type="language" Value="fi-FI" />
        </ApplyToInfo>
      </SatelliteInfo>
      <Payload>
        <PayloadItem PayloadHash="9tWe1mKmn617yQs7FlGzvt9wYdp0ff3PVyfx46PkxXM=" PayloadSize="10865" Path="FeaturesOnDemand\fi-fi\baseless\Microsoft-Windows-IRDA-Package~31bf3856ad364e35~amd64~fi-fi~.cab" PayloadType="ExpressCab" />
        <PayloadItem PayloadHash="SxAZaIbHcWnCnE2dBfuUiughkN7WskWLx50u7CSJs0w=" PayloadSize="63295" Path="FeaturesOnDemand\fi-fi\baseless\Microsoft-Windows-IRDA-Package~31bf3856ad364e35~amd64~fi-fi~.psf" PayloadType="ExpressPSF" />
      </Payload>
    </Package>
    <Package ID="Microsoft-Windows-IRDA-Package~31bf3856ad364e35~wow64~fi-fi~" InstalledSize="11357" Version="10.0.20348.1">
      <SatelliteInfo>
        <ApplyToInfo>
          <ApplyTo Type="arch" Value="wow64" />
          <ApplyTo Type="language" Value="fi-FI" />
        </ApplyToInfo>
      </SatelliteInfo>
      <Payload>
        <PayloadItem PayloadHash="ibM7SkyhjQ63TeNMWdOxNlb24FrmHKA1vy9uYzp2VHw=" PayloadSize="9763" Path="FeaturesOnDemand\fi-fi\baseless\Microsoft-Windows-IRDA-Package~31bf3856ad364e35~wow64~fi-fi~.cab" PayloadType="ExpressCab" />
        <PayloadItem PayloadHash="lP4lEq9Hf6msB9FK94/Cfz9hAQIWqGBBhCcFh6btuuY=" PayloadSize="49072" Path="FeaturesOnDemand\fi-fi\baseless\Microsoft-Windows-IRDA-Package~31bf3856ad364e35~wow64~fi-fi~.psf" PayloadType="ExpressPSF" />
      </Payload>
    </Package>
    <Package ID="Microsoft-Windows-Media-Features-Package~31bf3856ad364e35~amd64~fi-fi~" InstalledSize="1701981" Version="10.0.20348.1">
      <SatelliteInfo>
        <ApplyToInfo>
          <ApplyTo Type="language" Value="fi-FI" />
        </ApplyToInfo>
      </SatelliteInfo>
      <Payload>
        <PayloadItem PayloadHash="pcGblpzBblqvoIDmSGZMmwCXRgy47K9lgS9BMziAMqE=" PayloadSize="29845" Path="FeaturesOnDemand\fi-fi\baseless\Microsoft-Windows-Media-Features-Package~31bf3856ad364e35~amd64~fi-fi~.cab" PayloadType="ExpressCab" />
        <PayloadItem PayloadHash="knVp2hK0XT2/6RzbtF/9cgJtAr4kuO6euJxMGPf4qLw=" PayloadSize="524950" Path="FeaturesOnDemand\fi-fi\baseless\Microsoft-Windows-Media-Features-Package~31bf3856ad364e35~amd64~fi-fi~.psf" PayloadType="ExpressPSF" />
      </Payload>
    </Package>
    <Package ID="Microsoft-Windows-Media-Features-Package~31bf3856ad364e35~wow64~fi-fi~" InstalledSize="362665" Version="10.0.20348.1">
      <SatelliteInfo>
        <ApplyToInfo>
          <ApplyTo Type="arch" Value="wow64" />
          <ApplyTo Type="language" Value="fi-FI" />
        </ApplyToInfo>
      </SatelliteInfo>
      <Payload>
        <PayloadItem PayloadHash="T9VNFobl4777xWVlmICBC2XOooBTkcbuczJKb6lNB3c=" PayloadSize="18837" Path="FeaturesOnDemand\fi-fi\baseless\Microsoft-Windows-Media-Features-Package~31bf3856ad364e35~wow64~fi-fi~.cab" PayloadType="ExpressCab" />
        <PayloadItem PayloadHash="W2ZvebPogzB+z+u6h3FPwZtpmMIa+SR7adiaa3WmT2s=" PayloadSize="251939" Path="FeaturesOnDemand\fi-fi\baseless\Microsoft-Windows-Media-Features-Package~31bf3856ad364e35~wow64~fi-fi~.psf" PayloadType="ExpressPSF" />
      </Payload>
    </Package>
    <Package ID="Microsoft-Windows-MSPaint-FoD-Package~31bf3856ad364e35~amd64~fi-fi~" InstalledSize="69940" Version="10.0.20348.1">
      <SatelliteInfo>
        <ApplyToInfo>
          <ApplyTo Type="language" Value="fi-FI" />
        </ApplyToInfo>
      </SatelliteInfo>
      <Payload>
        <PayloadItem PayloadHash="j27gXO+VKUX1jecZIe6BxL+9wCN9toKpowGJtQowTmc=" PayloadSize="9995" Path="FeaturesOnDemand\fi-fi\baseless\Microsoft-Windows-MSPaint-FoD-Package~31bf3856ad364e35~amd64~fi-fi~.cab" PayloadType="ExpressCab" />
        <PayloadItem PayloadHash="2wftH/ZT6qvF/980ySEI+pqzbKAo7PtdgnrKt/yJdsA=" PayloadSize="61227" Path="FeaturesOnDemand\fi-fi\baseless\Microsoft-Windows-MSPaint-FoD-Package~31bf3856ad364e35~amd64~fi-fi~.psf" PayloadType="ExpressPSF" />
      </Payload>
    </Package>
    <Package ID="Microsoft-Windows-MSPaint-FoD-Package~31bf3856ad364e35~wow64~fi-fi~" InstalledSize="70018" Version="10.0.20348.1">
      <SatelliteInfo>
        <ApplyToInfo>
          <ApplyTo Type="arch" Value="wow64" />
          <ApplyTo Type="language" Value="fi-FI" />
        </ApplyToInfo>
      </SatelliteInfo>
      <Payload>
        <PayloadItem PayloadHash="JJRBU1a4Kn1rLxpz+rDuTugEV9kGqGlt0rRITV9i7l8=" PayloadSize="9991" Path="FeaturesOnDemand\fi-fi\baseless\Microsoft-Windows-MSPaint-FoD-Package~31bf3856ad364e35~wow64~fi-fi~.cab" PayloadType="ExpressCab" />
        <PayloadItem PayloadHash="NeXOFzx/USO05fT1O2ki5rxpbpxIOpnEwaGVhXfqcQU=" PayloadSize="61261" Path="FeaturesOnDemand\fi-fi\baseless\Microsoft-Windows-MSPaint-FoD-Package~31bf3856ad364e35~wow64~fi-fi~.psf" PayloadType="ExpressPSF" />
      </Payload>
    </Package>
    <Package ID="Microsoft-Windows-NetworkController-Tools-FoD-Package~31bf3856ad364e35~amd64~fi-fi~" InstalledSize="67791" Version="10.0.20348.1">
      <SatelliteInfo>
        <ApplyToInfo>
          <ApplyTo Type="language" Value="fi-FI" />
        </ApplyToInfo>
      </SatelliteInfo>
      <Payload>
        <PayloadItem PayloadHash="Nm1WixtQ6jkhVVDZHGuR+Qx35ey6ramzR90idoyesyQ=" PayloadSize="10487" Path="FeaturesOnDemand\fi-fi\baseless\Microsoft-Windows-NetworkController-Tools-FoD-Package~31bf3856ad364e35~amd64~fi-fi~.cab" PayloadType="ExpressCab" />
        <PayloadItem PayloadHash="IoKcPbzCdOT7HjJ+EMYBLOb3xRaLH83C59JriY97FGc=" PayloadSize="70437" Path="FeaturesOnDemand\fi-fi\baseless\Microsoft-Windows-NetworkController-Tools-FoD-Package~31bf3856ad364e35~amd64~fi-fi~.psf" PayloadType="ExpressPSF" />
      </Payload>
    </Package>
    <Package ID="Microsoft-Windows-NetworkLoadBalancing-Tools-FoD-Package~31bf3856ad364e35~amd64~fi-fi~" InstalledSize="215274" Version="10.0.20348.1">
      <SatelliteInfo>
        <ApplyToInfo>
          <ApplyTo Type="language" Value="fi-FI" />
        </ApplyToInfo>
      </SatelliteInfo>
      <Payload>
        <PayloadItem PayloadHash="ikc4pJsz6dluBvfw4h1aEYmPY+Iq9qdyU8UJEysEzQE=" PayloadSize="10537" Path="FeaturesOnDemand\fi-fi\baseless\Microsoft-Windows-NetworkLoadBalancing-Tools-FoD-Package~31bf3856ad364e35~amd64~fi-fi~.cab" PayloadType="ExpressCab" />
        <PayloadItem PayloadHash="f3A88VPkbMBC2NZHu73glxwzIX1vWiKxzEjCzO+t8oc=" PayloadSize="86921" Path="FeaturesOnDemand\fi-fi\baseless\Microsoft-Windows-NetworkLoadBalancing-Tools-FoD-Package~31bf3856ad364e35~amd64~fi-fi~.psf" PayloadType="ExpressPSF" />
      </Payload>
    </Package>
    <Package ID="Microsoft-Windows-Notepad-FoD-Package~31bf3856ad364e35~amd64~fi-fi~" InstalledSize="24391" Version="10.0.20348.1">
      <SatelliteInfo>
        <ApplyToInfo>
          <ApplyTo Type="language" Value="fi-FI" />
        </ApplyToInfo>
      </SatelliteInfo>
      <Payload>
        <PayloadItem PayloadHash="gbcMBhoYsqKLm05wGwUngwYCfW+APUQfdgTb2HWWxsc=" PayloadSize="10015" Path="FeaturesOnDemand\fi-fi\baseless\Microsoft-Windows-Notepad-FoD-Package~31bf3856ad364e35~amd64~fi-fi~.cab" PayloadType="ExpressCab" />
        <PayloadItem PayloadHash="XiXfv+tt4NijpGV+seWQiZ+7h8mJS4+6V1zMl3iivTI=" PayloadSize="53546" Path="FeaturesOnDemand\fi-fi\baseless\Microsoft-Windows-Notepad-FoD-Package~31bf3856ad364e35~amd64~fi-fi~.psf" PayloadType="ExpressPSF" />
      </Payload>
    </Package>
    <Package ID="Microsoft-Windows-Notepad-FoD-Package~31bf3856ad364e35~wow64~fi-fi~" InstalledSize="11153" Version="10.0.20348.1">
      <SatelliteInfo>
        <ApplyToInfo>
          <ApplyTo Type="arch" Value="wow64" />
          <ApplyTo Type="language" Value="fi-FI" />
        </ApplyToInfo>
      </SatelliteInfo>
      <Payload>
        <PayloadItem PayloadHash="3hbBiFDt9l4QntlAQgK6jIFn9Y8BRPdx75IDhN8zvt8=" PayloadSize="9815" Path="FeaturesOnDemand\fi-fi\baseless\Microsoft-Windows-Notepad-FoD-Package~31bf3856ad364e35~wow64~fi-fi~.cab" PayloadType="ExpressCab" />
        <PayloadItem PayloadHash="Nn7UeMWu8k66xJTOzrlK7AiLbylk4XSHJ74gInFr3rE=" PayloadSize="49016" Path="FeaturesOnDemand\fi-fi\baseless\Microsoft-Windows-Notepad-FoD-Package~31bf3856ad364e35~wow64~fi-fi~.psf" PayloadType="ExpressPSF" />
      </Payload>
    </Package>
    <Package ID="Microsoft-Windows-PowerShell-ISE-FOD-Package~31bf3856ad364e35~amd64~fi-fi~" InstalledSize="870618" Version="10.0.20348.1">
      <SatelliteInfo>
        <ApplyToInfo>
          <ApplyTo Type="language" Value="fi-FI" />
        </ApplyToInfo>
      </SatelliteInfo>
      <Payload>
        <PayloadItem PayloadHash="Yozkqp3ln6/v7HNoaqo+ZaleNymKY01mbTRGZL8Ht0Y=" PayloadSize="10843" Path="FeaturesOnDemand\fi-fi\baseless\Microsoft-Windows-PowerShell-ISE-FOD-Package~31bf3856ad364e35~amd64~fi-fi~.cab" PayloadType="ExpressCab" />
        <PayloadItem PayloadHash="CwlBDmzbwC+AcuJOhJ1LnrCn9qINgX+SYlqXp6ZHBe0=" PayloadSize="341986" Path="FeaturesOnDemand\fi-fi\baseless\Microsoft-Windows-PowerShell-ISE-FOD-Package~31bf3856ad364e35~amd64~fi-fi~.psf" PayloadType="ExpressPSF" />
      </Payload>
    </Package>
    <Package ID="Microsoft-Windows-PowerShell-ISE-FOD-Package~31bf3856ad364e35~wow64~fi-fi~" InstalledSize="71316" Version="10.0.20348.1">
      <SatelliteInfo>
        <ApplyToInfo>
          <ApplyTo Type="arch" Value="wow64" />
          <ApplyTo Type="language" Value="fi-FI" />
        </ApplyToInfo>
      </SatelliteInfo>
      <Payload>
        <PayloadItem PayloadHash="BvcC3cHvxP0xTGa4XYnTPbUe4hJj9egYI1YymVfx49w=" PayloadSize="10015" Path="FeaturesOnDemand\fi-fi\baseless\Microsoft-Windows-PowerShell-ISE-FOD-Package~31bf3856ad364e35~wow64~fi-fi~.cab" PayloadType="ExpressCab" />
        <PayloadItem PayloadHash="p5oCGcCkI4xUYUmXyqVEqM2s4v+ap5SVGHWXYGEsyZc=" PayloadSize="68713" Path="FeaturesOnDemand\fi-fi\baseless\Microsoft-Windows-PowerShell-ISE-FOD-Package~31bf3856ad364e35~wow64~fi-fi~.psf" PayloadType="ExpressPSF" />
      </Payload>
    </Package>
    <Package ID="Microsoft-Windows-Printing-PMCPPC-FoD-Package~31bf3856ad364e35~amd64~fi-fi~" InstalledSize="225217" Version="10.0.20348.1">
      <SatelliteInfo>
        <ApplyToInfo>
          <ApplyTo Type="language" Value="fi-FI" />
        </ApplyToInfo>
      </SatelliteInfo>
      <Payload>
        <PayloadItem PayloadHash="I5pPJrKfOgASUCn7P4tI3yQBe5oT+VoNQuEcBTANUug=" PayloadSize="10269" Path="FeaturesOnDemand\fi-fi\baseless\Microsoft-Windows-Printing-PMCPPC-FoD-Package~31bf3856ad364e35~amd64~fi-fi~.cab" PayloadType="ExpressCab" />
        <PayloadItem PayloadHash="9UwgaacnapBn6jrn+oNp7Ui/d5t+5nK2gH1RRWMAVnE=" PayloadSize="80239" Path="FeaturesOnDemand\fi-fi\baseless\Microsoft-Windows-Printing-PMCPPC-FoD-Package~31bf3856ad364e35~amd64~fi-fi~.psf" PayloadType="ExpressPSF" />
      </Payload>
    </Package>
    <Package ID="Microsoft-Windows-Printing-WFS-FoD-Package~31bf3856ad364e35~amd64~fi-fi~" InstalledSize="530435" Version="10.0.20348.1">
      <SatelliteInfo>
        <ApplyToInfo>
          <ApplyTo Type="language" Value="fi-FI" />
        </ApplyToInfo>
      </SatelliteInfo>
      <Payload>
        <PayloadItem PayloadHash="Kj4v9cKKEXvk3YF0O8G/NZgpcl25pl+bRvgeVX+Y/Ck=" PayloadSize="11369" Path="FeaturesOnDemand\fi-fi\baseless\Microsoft-Windows-Printing-WFS-FoD-Package~31bf3856ad364e35~amd64~fi-fi~.cab" PayloadType="ExpressCab" />
        <PayloadItem PayloadHash="9n7KeFP5spz5V6Je1CuLBykc1WQXo/F1VUY0QkDA4gk=" PayloadSize="185956" Path="FeaturesOnDemand\fi-fi\baseless\Microsoft-Windows-Printing-WFS-FoD-Package~31bf3856ad364e35~amd64~fi-fi~.psf" PayloadType="ExpressPSF" />
      </Payload>
    </Package>
    <Package ID="Microsoft-Windows-RasCMAK-Client-Package~31bf3856ad364e35~amd64~fi-fi~" InstalledSize="246549" Version="10.0.20348.1">
      <SatelliteInfo>
        <ApplyToInfo>
          <ApplyTo Type="language" Value="fi-FI" />
        </ApplyToInfo>
      </SatelliteInfo>
      <Payload>
        <PayloadItem PayloadHash="DXu63d4lrmAwU7GIiv5KODihxKnPUPimr82pmm3T81M=" PayloadSize="10495" Path="FeaturesOnDemand\fi-fi\baseless\Microsoft-Windows-RasCMAK-Client-Package~31bf3856ad364e35~amd64~fi-fi~.cab" PayloadType="ExpressCab" />
        <PayloadItem PayloadHash="+m8lrt3IjkxsVYlN1dclLgFJ+4jJGi7/DNsBfXT8ios=" PayloadSize="118745" Path="FeaturesOnDemand\fi-fi\baseless\Microsoft-Windows-RasCMAK-Client-Package~31bf3856ad364e35~amd64~fi-fi~.psf" PayloadType="ExpressPSF" />
      </Payload>
    </Package>
    <Package ID="Microsoft-Windows-RasCMAK-Client-Package~31bf3856ad364e35~wow64~fi-fi~" InstalledSize="398143" Version="10.0.20348.1">
      <SatelliteInfo>
        <ApplyToInfo>
          <ApplyTo Type="arch" Value="wow64" />
          <ApplyTo Type="language" Value="fi-FI" />
        </ApplyToInfo>
      </SatelliteInfo>
      <Payload>
        <PayloadItem PayloadHash="CY2vY+xIAeeC+ydeJHMoPh7o09NuidWYTTZPL+KfLPA=" PayloadSize="10579" Path="FeaturesOnDemand\fi-fi\baseless\Microsoft-Windows-RasCMAK-Client-Package~31bf3856ad364e35~wow64~fi-fi~.cab" PayloadType="ExpressCab" />
        <PayloadItem PayloadHash="TksJTwsVzfSJo8z25JmkF1enTYnRD0PjZLyyXelCzDE=" PayloadSize="320099" Path="FeaturesOnDemand\fi-fi\baseless\Microsoft-Windows-RasCMAK-Client-Package~31bf3856ad364e35~wow64~fi-fi~.psf" PayloadType="ExpressPSF" />
      </Payload>
    </Package>
    <Package ID="Microsoft-Windows-RasRip-Package~31bf3856ad364e35~amd64~fi-fi~" InstalledSize="25216" Version="10.0.20348.1">
      <SatelliteInfo>
        <ApplyToInfo>
          <ApplyTo Type="language" Value="fi-FI" />
        </ApplyToInfo>
      </SatelliteInfo>
      <Payload>
        <PayloadItem PayloadHash="2hzVvC9dBlu9228LfworvFd0SOT2g8qol/BtexVrUGk=" PayloadSize="10001" Path="FeaturesOnDemand\fi-fi\baseless\Microsoft-Windows-RasRip-Package~31bf3856ad364e35~amd64~fi-fi~.cab" PayloadType="ExpressCab" />
        <PayloadItem PayloadHash="qIzYeh3C7UUAycgdK2OE0n6rVcgNqDDn5FVvM8y2VMw=" PayloadSize="52586" Path="FeaturesOnDemand\fi-fi\baseless\Microsoft-Windows-RasRip-Package~31bf3856ad364e35~amd64~fi-fi~.psf" PayloadType="ExpressPSF" />
      </Payload>
    </Package>
    <Package ID="Microsoft-Windows-RemoteAccess-Management-Tools-FoD-Package~31bf3856ad364e35~amd64~fi-fi~" InstalledSize="18511488" Version="10.0.20348.1">
      <SatelliteInfo>
        <ApplyToInfo>
          <ApplyTo Type="language" Value="fi-FI" />
        </ApplyToInfo>
      </SatelliteInfo>
      <Payload>
        <PayloadItem PayloadHash="BkqWlowM3maqouf1GL6AToQDpFWhZ0zVVuPylUqAyu0=" PayloadSize="12815" Path="FeaturesOnDemand\fi-fi\baseless\Microsoft-Windows-RemoteAccess-Management-Tools-FoD-Package~31bf3856ad364e35~amd64~fi-fi~.cab" PayloadType="ExpressCab" />
        <PayloadItem PayloadHash="TCtN6giWdJ+fZq1GLfIPguf3zJf4BBLbHUQsEYJFs24=" PayloadSize="3385188" Path="FeaturesOnDemand\fi-fi\baseless\Microsoft-Windows-RemoteAccess-Management-Tools-FoD-Package~31bf3856ad364e35~amd64~fi-fi~.psf" PayloadType="ExpressPSF" />
      </Payload>
    </Package>
    <Package ID="Microsoft-Windows-RemoteAccess-Management-Tools-FoD-Package~31bf3856ad364e35~wow64~fi-fi~" InstalledSize="12628" Version="10.0.20348.1">
      <SatelliteInfo>
        <ApplyToInfo>
          <ApplyTo Type="arch" Value="wow64" />
          <ApplyTo Type="language" Value="fi-FI" />
        </ApplyToInfo>
      </SatelliteInfo>
      <Payload>
        <PayloadItem PayloadHash="pHAply0zIde2MRqYW7gJz+8l2Yz97HnIWt9uQ/YeMTY=" PayloadSize="9879" Path="FeaturesOnDemand\fi-fi\baseless\Microsoft-Windows-RemoteAccess-Management-Tools-FoD-Package~31bf3856ad364e35~wow64~fi-fi~.cab" PayloadType="ExpressCab" />
        <PayloadItem PayloadHash="CqatCQmumhcOH6t0u5IzB4UFcpGLpfzq5Ro0XGahUvw=" PayloadSize="49686" Path="FeaturesOnDemand\fi-fi\baseless\Microsoft-Windows-RemoteAccess-Management-Tools-FoD-Package~31bf3856ad364e35~wow64~fi-fi~.psf" PayloadType="ExpressPSF" />
      </Payload>
    </Package>
    <Package ID="Microsoft-Windows-RemoteDesktop-Services-Tools-FoD-Package~31bf3856ad364e35~amd64~fi-fi~" InstalledSize="1500102" Version="10.0.20348.1">
      <SatelliteInfo>
        <ApplyToInfo>
          <ApplyTo Type="language" Value="fi-FI" />
        </ApplyToInfo>
      </SatelliteInfo>
      <Payload>
        <PayloadItem PayloadHash="0dVY6V2OjVq8TJl6+P3Gs/dfBHX8ZBqm8B7MbdHpuOk=" PayloadSize="11719" Path="FeaturesOnDemand\fi-fi\baseless\Microsoft-Windows-RemoteDesktop-Services-Tools-FoD-Package~31bf3856ad364e35~amd64~fi-fi~.cab" PayloadType="ExpressCab" />
        <PayloadItem PayloadHash="Lq6TRxiu2jizNpqF2VxC7gtuAm7a3sbIdTbSrJhy4IE=" PayloadSize="288550" Path="FeaturesOnDemand\fi-fi\baseless\Microsoft-Windows-RemoteDesktop-Services-Tools-FoD-Package~31bf3856ad364e35~amd64~fi-fi~.psf" PayloadType="ExpressPSF" />
      </Payload>
    </Package>
    <Package ID="Microsoft-Windows-Server-AppCompat-FoD-Package~31bf3856ad364e35~amd64~fi-fi~" InstalledSize="28666978" Version="10.0.20348.1">
      <SatelliteInfo>
        <ApplyToInfo>
          <ApplyTo Type="language" Value="fi-FI" />
        </ApplyToInfo>
      </SatelliteInfo>
      <Payload>
        <PayloadItem PayloadHash="VYgxzOL7zSTO7GcdWPr2VazuF5PnXsCmwmomIJS1CoU=" PayloadSize="73899" Path="FeaturesOnDemand\fi-fi\baseless\Microsoft-Windows-Server-AppCompat-FoD-Package~31bf3856ad364e35~amd64~fi-fi~.cab" PayloadType="ExpressCab" />
        <PayloadItem PayloadHash="nZizzVd7yiVFLyTmmMGLAAzTyCEXVRilTk3Hvh3kXrk=" PayloadSize="7458458" Path="FeaturesOnDemand\fi-fi\baseless\Microsoft-Windows-Server-AppCompat-FoD-Package~31bf3856ad364e35~amd64~fi-fi~.psf" PayloadType="ExpressPSF" />
      </Payload>
    </Package>
    <Package ID="Microsoft-Windows-ServerManager-Tools-FoD-Package~31bf3856ad364e35~amd64~fi-fi~" InstalledSize="10870563" Version="10.0.20348.1">
      <SatelliteInfo>
        <ApplyToInfo>
          <ApplyTo Type="language" Value="fi-FI" />
        </ApplyToInfo>
      </SatelliteInfo>
      <Payload>
        <PayloadItem PayloadHash="1EwKhT11qjQPKvnVwes6WeZPsyuACcdAswhZLByjd+s=" PayloadSize="23201" Path="FeaturesOnDemand\fi-fi\baseless\Microsoft-Windows-ServerManager-Tools-FoD-Package~31bf3856ad364e35~amd64~fi-fi~.cab" PayloadType="ExpressCab" />
        <PayloadItem PayloadHash="6hY9cISSVR/rNwE1dtVEaKLd5dKDIpbznLKKbnafSZ8=" PayloadSize="2159810" Path="FeaturesOnDemand\fi-fi\baseless\Microsoft-Windows-ServerManager-Tools-FoD-Package~31bf3856ad364e35~amd64~fi-fi~.psf" PayloadType="ExpressPSF" />
      </Payload>
    </Package>
    <Package ID="Microsoft-Windows-ServerManager-Tools-FoD-Package~31bf3856ad364e35~wow64~fi-fi~" InstalledSize="1133185" Version="10.0.20348.1">
      <SatelliteInfo>
        <ApplyToInfo>
          <ApplyTo Type="arch" Value="wow64" />
          <ApplyTo Type="language" Value="fi-FI" />
        </ApplyToInfo>
      </SatelliteInfo>
      <Payload>
        <PayloadItem PayloadHash="2FMvDByjQkbRfuaw+ekAd1SBMmZw4LgbY1C2o6H3D+w=" PayloadSize="10775" Path="FeaturesOnDemand\fi-fi\baseless\Microsoft-Windows-ServerManager-Tools-FoD-Package~31bf3856ad364e35~wow64~fi-fi~.cab" PayloadType="ExpressCab" />
        <PayloadItem PayloadHash="vrpgMcnxVqwOO7JeonEqER0FoMtWN7JR8AZ/ijAwZVw=" PayloadSize="334939" Path="FeaturesOnDemand\fi-fi\baseless\Microsoft-Windows-ServerManager-Tools-FoD-Package~31bf3856ad364e35~wow64~fi-fi~.psf" PayloadType="ExpressPSF" />
      </Payload>
    </Package>
    <Package ID="Microsoft-Windows-Shielded-VM-Tools-FoD-Package~31bf3856ad364e35~amd64~fi-fi~" InstalledSize="359290" Version="10.0.20348.1">
      <SatelliteInfo>
        <ApplyToInfo>
          <ApplyTo Type="language" Value="fi-FI" />
        </ApplyToInfo>
      </SatelliteInfo>
      <Payload>
        <PayloadItem PayloadHash="vBdh1oNzPoAWPW+NSjcqfYII52ducmefHfXjt1h3kTg=" PayloadSize="14153" Path="FeaturesOnDemand\fi-fi\baseless\Microsoft-Windows-Shielded-VM-Tools-FoD-Package~31bf3856ad364e35~amd64~fi-fi~.cab" PayloadType="ExpressCab" />
        <PayloadItem PayloadHash="WzNdUIgR+u667GUDIcTxOezi2UTYRa1bsTBgOXTvXH4=" PayloadSize="157149" Path="FeaturesOnDemand\fi-fi\baseless\Microsoft-Windows-Shielded-VM-Tools-FoD-Package~31bf3856ad364e35~amd64~fi-fi~.psf" PayloadType="ExpressPSF" />
      </Payload>
    </Package>
    <Package ID="Microsoft-Windows-SNMP-Client-Package~31bf3856ad364e35~amd64~fi-fi~" InstalledSize="123271" Version="10.0.20348.1">
      <SatelliteInfo>
        <ApplyToInfo>
          <ApplyTo Type="language" Value="fi-FI" />
        </ApplyToInfo>
      </SatelliteInfo>
      <Payload>
        <PayloadItem PayloadHash="3CgqsJ9t58uYGYUbAQH8ZImDvQpizbdFdsG5Zt8uZzg=" PayloadSize="11613" Path="FeaturesOnDemand\fi-fi\baseless\Microsoft-Windows-SNMP-Client-Package~31bf3856ad364e35~amd64~fi-fi~.cab" PayloadType="ExpressCab" />
        <PayloadItem PayloadHash="Ex1jmjw+t0KL2c3zVK53nZf7vuKuakK9xiF6X1EaSyQ=" PayloadSize="89348" Path="FeaturesOnDemand\fi-fi\baseless\Microsoft-Windows-SNMP-Client-Package~31bf3856ad364e35~amd64~fi-fi~.psf" PayloadType="ExpressPSF" />
      </Payload>
    </Package>
    <Package ID="Microsoft-Windows-SNMP-Client-Package~31bf3856ad364e35~wow64~fi-fi~" InstalledSize="123491" Version="10.0.20348.1">
      <SatelliteInfo>
        <ApplyToInfo>
          <ApplyTo Type="arch" Value="wow64" />
          <ApplyTo Type="language" Value="fi-FI" />
        </ApplyToInfo>
      </SatelliteInfo>
      <Payload>
        <PayloadItem PayloadHash="eD84Kf+PY0Tbeyz1cDED6B/fE7314G1GkgP3tclGwJI=" PayloadSize="11641" Path="FeaturesOnDemand\fi-fi\baseless\Microsoft-Windows-SNMP-Client-Package~31bf3856ad364e35~wow64~fi-fi~.cab" PayloadType="ExpressCab" />
        <PayloadItem PayloadHash="Sco4f1ZNiEeSBFQh+TpD99l5TuzwLSMaAWJyK+JIQ3s=" PayloadSize="89437" Path="FeaturesOnDemand\fi-fi\baseless\Microsoft-Windows-SNMP-Client-Package~31bf3856ad364e35~wow64~fi-fi~.psf" PayloadType="ExpressPSF" />
      </Payload>
    </Package>
    <Package ID="Microsoft-Windows-StepsRecorder-Package~31bf3856ad364e35~amd64~fi-fi~" InstalledSize="25700" Version="10.0.20348.1">
      <SatelliteInfo>
        <ApplyToInfo>
          <ApplyTo Type="language" Value="fi-FI" />
        </ApplyToInfo>
      </SatelliteInfo>
      <Payload>
        <PayloadItem PayloadHash="+3Z24TGFmfxMpqWifnrBfUJOB1K/XjZVfC9DAWDigHQ=" PayloadSize="10013" Path="FeaturesOnDemand\fi-fi\baseless\Microsoft-Windows-StepsRecorder-Package~31bf3856ad364e35~amd64~fi-fi~.cab" PayloadType="ExpressCab" />
        <PayloadItem PayloadHash="bJ0arxDLyklDz+Q3ojka6DYvfALwgwgDN1gzMkF0RtA=" PayloadSize="53169" Path="FeaturesOnDemand\fi-fi\baseless\Microsoft-Windows-StepsRecorder-Package~31bf3856ad364e35~amd64~fi-fi~.psf" PayloadType="ExpressPSF" />
      </Payload>
    </Package>
    <Package ID="Microsoft-Windows-StepsRecorder-Package~31bf3856ad364e35~wow64~fi-fi~" InstalledSize="11409" Version="10.0.20348.1">
      <SatelliteInfo>
        <ApplyToInfo>
          <ApplyTo Type="arch" Value="wow64" />
          <ApplyTo Type="language" Value="fi-FI" />
        </ApplyToInfo>
      </SatelliteInfo>
      <Payload>
        <PayloadItem PayloadHash="b4jcpk2hSpvQ12mtl6Wg7hI85oEzJmUXoruVyI9K3Vo=" PayloadSize="9779" Path="FeaturesOnDemand\fi-fi\baseless\Microsoft-Windows-StepsRecorder-Package~31bf3856ad364e35~wow64~fi-fi~.cab" PayloadType="ExpressCab" />
        <PayloadItem PayloadHash="5ih78o/xGqAxHOeoYtBo0O5TbLBOh3kqRv2o4o46SAY=" PayloadSize="49076" Path="FeaturesOnDemand\fi-fi\baseless\Microsoft-Windows-StepsRecorder-Package~31bf3856ad364e35~wow64~fi-fi~.psf" PayloadType="ExpressPSF" />
      </Payload>
    </Package>
    <Package ID="Microsoft-Windows-StorageManagement-FoD-Package~31bf3856ad364e35~amd64~fi-fi~" InstalledSize="1643039" Version="10.0.20348.1">
      <SatelliteInfo>
        <ApplyToInfo>
          <ApplyTo Type="language" Value="fi-FI" />
        </ApplyToInfo>
      </SatelliteInfo>
      <Payload>
        <PayloadItem PayloadHash="RA8R6jCZy82xIWEkzgc+CLl8qsaAMAfrCV9kOLEqoL8=" PayloadSize="11837" Path="FeaturesOnDemand\fi-fi\baseless\Microsoft-Windows-StorageManagement-FoD-Package~31bf3856ad364e35~amd64~fi-fi~.cab" PayloadType="ExpressCab" />
        <PayloadItem PayloadHash="LfjspQUohSYSKsGUqqoWtLU8GaHBosLjW2PWyo2HYHc=" PayloadSize="185772" Path="FeaturesOnDemand\fi-fi\baseless\Microsoft-Windows-StorageManagement-FoD-Package~31bf3856ad364e35~amd64~fi-fi~.psf" PayloadType="ExpressPSF" />
      </Payload>
    </Package>
    <Package ID="Microsoft-Windows-StorageManagement-FoD-Package~31bf3856ad364e35~wow64~fi-fi~" InstalledSize="1084293" Version="10.0.20348.1">
      <SatelliteInfo>
        <ApplyToInfo>
          <ApplyTo Type="arch" Value="wow64" />
          <ApplyTo Type="language" Value="fi-FI" />
        </ApplyToInfo>
      </SatelliteInfo>
      <Payload>
        <PayloadItem PayloadHash="MYf8B4C9vNv74t0D6sKZ8j8LTOJawmCUpd7I7gHBZ6w=" PayloadSize="10627" Path="FeaturesOnDemand\fi-fi\baseless\Microsoft-Windows-StorageManagement-FoD-Package~31bf3856ad364e35~wow64~fi-fi~.cab" PayloadType="ExpressCab" />
        <PayloadItem PayloadHash="ixlLrbQER4flq/b7YHIzF23Ao/eOKxRNeee9b2U31Pc=" PayloadSize="108791" Path="FeaturesOnDemand\fi-fi\baseless\Microsoft-Windows-StorageManagement-FoD-Package~31bf3856ad364e35~wow64~fi-fi~.psf" PayloadType="ExpressPSF" />
      </Payload>
    </Package>
    <Package ID="Microsoft-Windows-StorageMigrationService-Management-Tools-FOD-Package~31bf3856ad364e35~amd64~fi-fi~" InstalledSize="76434" Version="10.0.20348.1">
      <SatelliteInfo>
        <ApplyToInfo>
          <ApplyTo Type="language" Value="fi-FI" />
        </ApplyToInfo>
      </SatelliteInfo>
      <Payload>
        <PayloadItem PayloadHash="VsvNKI6VcHCXCVSWIfMEfQRUNRHXmcr4hudTdjP4bEc=" PayloadSize="10259" Path="FeaturesOnDemand\fi-fi\baseless\Microsoft-Windows-StorageMigrationService-Management-Tools-FOD-Package~31bf3856ad364e35~amd64~fi-fi~.cab" PayloadType="ExpressCab" />
        <PayloadItem PayloadHash="9s9qP+0eYzSdp7GO4MGcKrjcgQEeKqORQ7XKE/zOEW0=" PayloadSize="68585" Path="FeaturesOnDemand\fi-fi\baseless\Microsoft-Windows-StorageMigrationService-Management-Tools-FOD-Package~31bf3856ad364e35~amd64~fi-fi~.psf" PayloadType="ExpressPSF" />
      </Payload>
    </Package>
    <Package ID="Microsoft-Windows-StorageReplica-Tools-FoD-Package~31bf3856ad364e35~amd64~fi-fi~" InstalledSize="396585" Version="10.0.20348.1">
      <SatelliteInfo>
        <ApplyToInfo>
          <ApplyTo Type="language" Value="fi-FI" />
        </ApplyToInfo>
      </SatelliteInfo>
      <Payload>
        <PayloadItem PayloadHash="qayn1QhzVHD8/4QxTwteHKDwqA6FVY0eftLMSf3TbWk=" PayloadSize="10617" Path="FeaturesOnDemand\fi-fi\baseless\Microsoft-Windows-StorageReplica-Tools-FoD-Package~31bf3856ad364e35~amd64~fi-fi~.cab" PayloadType="ExpressCab" />
        <PayloadItem PayloadHash="QL7PEGb09Bj9402yEK2ZN6xq5vVCgKjtN6ZU56x8Mh4=" PayloadSize="107079" Path="FeaturesOnDemand\fi-fi\baseless\Microsoft-Windows-StorageReplica-Tools-FoD-Package~31bf3856ad364e35~amd64~fi-fi~.psf" PayloadType="ExpressPSF" />
      </Payload>
    </Package>
    <Package ID="Microsoft-Windows-SystemInsights-Management-Tools-FOD-Package~31bf3856ad364e35~amd64~fi-fi~" InstalledSize="39499" Version="10.0.20348.1">
      <SatelliteInfo>
        <ApplyToInfo>
          <ApplyTo Type="language" Value="fi-FI" />
        </ApplyToInfo>
      </SatelliteInfo>
      <Payload>
        <PayloadItem PayloadHash="r7mWtmyg4QEmpBSw96hKDQbgtrUFOfj4+OffnkWFa80=" PayloadSize="10283" Path="FeaturesOnDemand\fi-fi\baseless\Microsoft-Windows-SystemInsights-Management-Tools-FOD-Package~31bf3856ad364e35~amd64~fi-fi~.cab" PayloadType="ExpressCab" />
        <PayloadItem PayloadHash="qgmyb5rAOKqdnfA9sbMbnKcufDjznWFb1i47p5uAY+s=" PayloadSize="60984" Path="FeaturesOnDemand\fi-fi\baseless\Microsoft-Windows-SystemInsights-Management-Tools-FOD-Package~31bf3856ad364e35~amd64~fi-fi~.psf" PayloadType="ExpressPSF" />
      </Payload>
    </Package>
    <Package ID="Microsoft-Windows-VolumeActivation-Tools-FoD-Package~31bf3856ad364e35~amd64~fi-fi~" InstalledSize="222976" Version="10.0.20348.1">
      <SatelliteInfo>
        <ApplyToInfo>
          <ApplyTo Type="language" Value="fi-FI" />
        </ApplyToInfo>
      </SatelliteInfo>
      <Payload>
        <PayloadItem PayloadHash="YRiGF9LQeySU8syS6XFI7JonAPYWQ/lGRZhrDafE7y8=" PayloadSize="10173" Path="FeaturesOnDemand\fi-fi\baseless\Microsoft-Windows-VolumeActivation-Tools-FoD-Package~31bf3856ad364e35~amd64~fi-fi~.cab" PayloadType="ExpressCab" />
        <PayloadItem PayloadHash="uOWo3DBIAEx6RI7tdSlT2w8bYNe2NHb1pJvuvIQSD5c=" PayloadSize="171461" Path="FeaturesOnDemand\fi-fi\baseless\Microsoft-Windows-VolumeActivation-Tools-FoD-Package~31bf3856ad364e35~amd64~fi-fi~.psf" PayloadType="ExpressPSF" />
      </Payload>
    </Package>
    <Package ID="Microsoft-Windows-WirelessDisplay-FOD-Package~31bf3856ad364e35~amd64~fi-fi~" InstalledSize="34135" Version="10.0.20348.1">
      <SatelliteInfo>
        <ApplyToInfo>
          <ApplyTo Type="language" Value="fi-FI" />
        </ApplyToInfo>
      </SatelliteInfo>
      <Payload>
        <PayloadItem PayloadHash="pGBIw88FsUPZWG6+pZlwDJiSlDrm4TSH+BYg/yjMmVI=" PayloadSize="10271" Path="FeaturesOnDemand\fi-fi\baseless\Microsoft-Windows-WirelessDisplay-FOD-Package~31bf3856ad364e35~amd64~fi-fi~.cab" PayloadType="ExpressCab" />
        <PayloadItem PayloadHash="Tp9Ur3TmLZNbubG/YG8db93Q2ST9mIoZfvm8M+xFzos=" PayloadSize="61308" Path="FeaturesOnDemand\fi-fi\baseless\Microsoft-Windows-WirelessDisplay-FOD-Package~31bf3856ad364e35~amd64~fi-fi~.psf" PayloadType="ExpressPSF" />
      </Payload>
    </Package>
    <Package ID="Microsoft-Windows-WMI-SNMP-Provider-Client-Package~31bf3856ad364e35~amd64~fi-fi~" InstalledSize="53201" Version="10.0.20348.1">
      <SatelliteInfo>
        <ApplyToInfo>
          <ApplyTo Type="language" Value="fi-FI" />
        </ApplyToInfo>
      </SatelliteInfo>
      <Payload>
        <PayloadItem PayloadHash="7RyQWB5LD9yUQfwbBFhzPS6wsW2Fq3CVP45oeuQAUk4=" PayloadSize="10615" Path="FeaturesOnDemand\fi-fi\baseless\Microsoft-Windows-WMI-SNMP-Provider-Client-Package~31bf3856ad364e35~amd64~fi-fi~.cab" PayloadType="ExpressCab" />
        <PayloadItem PayloadHash="2Sauul3ojct768ClZg8SNBLp4SXH+m6ZRm82QccDC8k=" PayloadSize="64681" Path="FeaturesOnDemand\fi-fi\baseless\Microsoft-Windows-WMI-SNMP-Provider-Client-Package~31bf3856ad364e35~amd64~fi-fi~.psf" PayloadType="ExpressPSF" />
      </Payload>
    </Package>
    <Package ID="Microsoft-Windows-WMI-SNMP-Provider-Client-Package~31bf3856ad364e35~wow64~fi-fi~" InstalledSize="53357" Version="10.0.20348.1">
      <SatelliteInfo>
        <ApplyToInfo>
          <ApplyTo Type="arch" Value="wow64" />
          <ApplyTo Type="language" Value="fi-FI" />
        </ApplyToInfo>
      </SatelliteInfo>
      <Payload>
        <PayloadItem PayloadHash="pW/EIGu1RIZUQgIBXhOujJsIrnQ5kw3HtOCr6fHqYIc=" PayloadSize="10625" Path="FeaturesOnDemand\fi-fi\baseless\Microsoft-Windows-WMI-SNMP-Provider-Client-Package~31bf3856ad364e35~wow64~fi-fi~.cab" PayloadType="ExpressCab" />
        <PayloadItem PayloadHash="9NK5h1eeFd535ptTi7J8U5EbVeldtV2F58zm6w7Rukg=" PayloadSize="64689" Path="FeaturesOnDemand\fi-fi\baseless\Microsoft-Windows-WMI-SNMP-Provider-Client-Package~31bf3856ad364e35~wow64~fi-fi~.psf" PayloadType="ExpressPSF" />
      </Payload>
    </Package>
    <Package ID="Microsoft-Windows-WordPad-FoD-Package~31bf3856ad364e35~amd64~fi-fi~" InstalledSize="64307" Version="10.0.20348.1">
      <SatelliteInfo>
        <ApplyToInfo>
          <ApplyTo Type="language" Value="fi-FI" />
        </ApplyToInfo>
      </SatelliteInfo>
      <Payload>
        <PayloadItem PayloadHash="t9n9ZfuaOII3OuN69PEEKeGHgUapuI1wxFJMGxggdcM=" PayloadSize="9997" Path="FeaturesOnDemand\fi-fi\baseless\Microsoft-Windows-WordPad-FoD-Package~31bf3856ad364e35~amd64~fi-fi~.cab" PayloadType="ExpressCab" />
        <PayloadItem PayloadHash="SUZXWseq/RNkaRXcDLoT8rYroOiNUv/a+sTdVJnaclA=" PayloadSize="60490" Path="FeaturesOnDemand\fi-fi\baseless\Microsoft-Windows-WordPad-FoD-Package~31bf3856ad364e35~amd64~fi-fi~.psf" PayloadType="ExpressPSF" />
      </Payload>
    </Package>
    <Package ID="Microsoft-Windows-WordPad-FoD-Package~31bf3856ad364e35~wow64~fi-fi~" InstalledSize="64382" Version="10.0.20348.1">
      <SatelliteInfo>
        <ApplyToInfo>
          <ApplyTo Type="arch" Value="wow64" />
          <ApplyTo Type="language" Value="fi-FI" />
        </ApplyToInfo>
      </SatelliteInfo>
      <Payload>
        <PayloadItem PayloadHash="IAgGv7lni8dyENbwgc5vREZaVuNlnz/9m1FeS42qz0Q=" PayloadSize="9987" Path="FeaturesOnDemand\fi-fi\baseless\Microsoft-Windows-WordPad-FoD-Package~31bf3856ad364e35~wow64~fi-fi~.cab" PayloadType="ExpressCab" />
        <PayloadItem PayloadHash="jOI7iDvjvV9IgkHqDN1alpe2VbDlf1m0fXY64LY7yY0=" PayloadSize="60489" Path="FeaturesOnDemand\fi-fi\baseless\Microsoft-Windows-WordPad-FoD-Package~31bf3856ad364e35~wow64~fi-fi~.psf" PayloadType="ExpressPSF" />
      </Payload>
    </Package>
    <Package ID="Microsoft-Windows-WSUS-Tools-FoD-Package~31bf3856ad364e35~amd64~fi-fi~" InstalledSize="2921246" Version="10.0.20348.1">
      <SatelliteInfo>
        <ApplyToInfo>
          <ApplyTo Type="language" Value="fi-FI" />
        </ApplyToInfo>
      </SatelliteInfo>
      <Payload>
        <PayloadItem PayloadHash="gtP7gBOXPkVHWUlDf1Sn5uiNc9SJx7RgQMZxEvOpyPQ=" PayloadSize="11143" Path="FeaturesOnDemand\fi-fi\baseless\Microsoft-Windows-WSUS-Tools-FoD-Package~31bf3856ad364e35~amd64~fi-fi~.cab" PayloadType="ExpressCab" />
        <PayloadItem PayloadHash="Xh+cvjfuSlMiEukYjQZQQqZFHWf++AM4LUjYREenSko=" PayloadSize="384711" Path="FeaturesOnDemand\fi-fi\baseless\Microsoft-Windows-WSUS-Tools-FoD-Package~31bf3856ad364e35~amd64~fi-fi~.psf" PayloadType="ExpressPSF" />
      </Payload>
    </Package>
  </Packages>
  <ValuePair />
</CompDB>