<?xml version='1.0' encoding='utf-8'?>
<CompDB xmlns="http://schemas.microsoft.com/embedded/2004/10/ImageUpdate" CreatedDate="2025-01-16T01:02:02" Revision="1" SchemaVersion="1.0" BuildInfo="fe_release" OSVersion="10.0.20348.2966" Type="Device">
    <Features>
        <Feature Type="DesktopMedia" FeatureID="App.StepsRecorder~~1.0" Group="Microsoft">
        </Feature>
        <Feature Type="DesktopMedia" FeatureID="Browser.InternetExplorer~~11.0" Group="Microsoft">
        </Feature>
        <Feature Type="DesktopMedia" FeatureID="DirectX.Configuration.Database~~1.0" Group="Microsoft">
        </Feature>
        <Feature Type="DesktopMedia" FeatureID="Downlevel.NLS.Sorting.Versions.Server~~1.0" Group="Microsoft">
        </Feature>
        <Feature Type="DesktopMedia" FeatureID="Language.Basic~en-US~1.0" Group="Microsoft">
        </Feature>
        <Feature Type="DesktopMedia" FeatureID="Language.Basic~zh-CN~1.0" Group="Microsoft">
        </Feature>
        <Feature Type="DesktopMedia" FeatureID="Language.Fonts.Hans~und-HANS~1.0" Group="Microsoft">
        </Feature>
        <Feature Type="DesktopMedia" FeatureID="Language.Handwriting~en-US~1.0" Group="Microsoft">
        </Feature>
        <Feature Type="DesktopMedia" FeatureID="Language.OCR~en-US~1.0" Group="Microsoft">
        </Feature>
        <Feature Type="DesktopMedia" FeatureID="Language.OCR~zh-CN~1.0" Group="Microsoft">
        </Feature>
        <Feature Type="DesktopMedia" FeatureID="Language.Speech~en-US~1.0" Group="Microsoft">
        </Feature>
        <Feature Type="DesktopMedia" FeatureID="Language.TextToSpeech~en-US~1.0" Group="Microsoft">
        </Feature>
        <Feature Type="DesktopMedia" FeatureID="Language.UI.Server~en-US" Group="Microsoft">
        </Feature>
        <Feature Type="DesktopMedia" FeatureID="Language.UI.Server~zh-CN" Group="Microsoft">
        </Feature>
        <Feature Type="DesktopMedia" FeatureID="MathRecognizer~~1.0" Group="Microsoft">
        </Feature>
        <Feature Type="DesktopMedia" FeatureID="Media.WindowsMediaPlayer~~12.0" Group="Microsoft">
        </Feature>
        <Feature Type="DesktopMedia" FeatureID="Microsoft.Windows.MSPaint~~1.0" Group="Microsoft">
        </Feature>
        <Feature Type="DesktopMedia" FeatureID="Microsoft.Windows.Notepad~~1.0" Group="Microsoft">
        </Feature>
        <Feature Type="DesktopMedia" FeatureID="Microsoft.Windows.PowerShell.ISE~~1.0" Group="Microsoft">
        </Feature>
        <Feature Type="DesktopMedia" FeatureID="Microsoft.Windows.WordPad~~1.0" Group="Microsoft">
        </Feature>
        <Feature Type="DesktopMedia" FeatureID="NetFX3~" Group="Microsoft">
        </Feature>
        <Feature Type="DesktopMedia" FeatureID="OpenSSH.Client~~1.0" Group="Microsoft">
        </Feature>
        <Feature Type="DesktopMedia" FeatureID="Server.Wow64~" Group="Microsoft">
        </Feature>
        <Feature Type="DesktopMedia" FeatureID="ServerDatacenter_en-US" Group="Microsoft">
        </Feature>
        <Feature Type="DesktopMedia" FeatureID="Tools.Graphics.DirectX~~1.0" Group="Microsoft">
        </Feature>
        <Feature Type="DesktopMedia" FeatureID="Windows.Client.ShellComponents~~1.0" Group="Microsoft">
        </Feature>
        <Feature Type="DesktopMedia" FeatureID="XPS.Viewer~~1.0" Group="Microsoft">
        </Feature>
    </Features>
    <Packages/>
    <EnumeratedPackages>
        <Package ID="Downlevel-NLS-Sorting-Versions-Server-FoD-Package~31bf3856ad364e35~amd64~~" KeyForm="Downlevel-NLS-Sorting-Versions-Server-FoD-Package~31bf3856ad364e35~amd64~~10.0.20348.1"/>
        <Package ID="Downlevel-NLS-Sorting-Versions-Server-FoD-Package~31bf3856ad364e35~wow64~~" KeyForm="Downlevel-NLS-Sorting-Versions-Server-FoD-Package~31bf3856ad364e35~wow64~~10.0.20348.1"/>
        <Package ID="Microsoft-OneCore-DirectX-Database-FOD-Package~31bf3856ad364e35~amd64~~" KeyForm="Microsoft-OneCore-DirectX-Database-FOD-Package~31bf3856ad364e35~amd64~~10.0.20348.1"/>
        <Package ID="Microsoft-OneCore-Graphics-Tools-Package~31bf3856ad364e35~amd64~~" KeyForm="Microsoft-OneCore-Graphics-Tools-Package~31bf3856ad364e35~amd64~~10.0.20348.2849"/>
        <Package ID="Microsoft-Windows-FodMetadata-Package~31bf3856ad364e35~amd64~~" KeyForm="Microsoft-Windows-FodMetadata-Package~31bf3856ad364e35~amd64~~10.0.20348.1"/>
        <Package ID="Microsoft-Windows-Foundation-Package~31bf3856ad364e35~amd64~~" KeyForm="Microsoft-Windows-Foundation-Package~31bf3856ad364e35~amd64~~10.0.20348.1"/>
        <Package ID="Microsoft-Windows-InternetExplorer-Optional-Package~31bf3856ad364e35~amd64~~" KeyForm="Microsoft-Windows-InternetExplorer-Optional-Package~31bf3856ad364e35~amd64~~11.0.20348.2849"/>
        <Package ID="Microsoft-Windows-LanguageFeatures-Basic-en-us-Package~31bf3856ad364e35~amd64~~" KeyForm="Microsoft-Windows-LanguageFeatures-Basic-en-us-Package~31bf3856ad364e35~amd64~~10.0.20348.1"/>
        <Package ID="Microsoft-Windows-LanguageFeatures-Basic-zh-cn-Package~31bf3856ad364e35~amd64~~" KeyForm="Microsoft-Windows-LanguageFeatures-Basic-zh-cn-Package~31bf3856ad364e35~amd64~~10.0.20348.1"/>
        <Package ID="Microsoft-Windows-LanguageFeatures-Fonts-Hans-Package~31bf3856ad364e35~amd64~~" KeyForm="Microsoft-Windows-LanguageFeatures-Fonts-Hans-Package~31bf3856ad364e35~amd64~~10.0.20348.1"/>
        <Package ID="Microsoft-Windows-LanguageFeatures-Handwriting-en-us-Package~31bf3856ad364e35~amd64~~" KeyForm="Microsoft-Windows-LanguageFeatures-Handwriting-en-us-Package~31bf3856ad364e35~amd64~~10.0.20348.1"/>
        <Package ID="Microsoft-Windows-LanguageFeatures-OCR-en-us-Package~31bf3856ad364e35~amd64~~" KeyForm="Microsoft-Windows-LanguageFeatures-OCR-en-us-Package~31bf3856ad364e35~amd64~~10.0.20348.1"/>
        <Package ID="Microsoft-Windows-LanguageFeatures-OCR-zh-cn-Package~31bf3856ad364e35~amd64~~" KeyForm="Microsoft-Windows-LanguageFeatures-OCR-zh-cn-Package~31bf3856ad364e35~amd64~~10.0.20348.1"/>
        <Package ID="Microsoft-Windows-LanguageFeatures-Speech-en-us-Package~31bf3856ad364e35~amd64~~" KeyForm="Microsoft-Windows-LanguageFeatures-Speech-en-us-Package~31bf3856ad364e35~amd64~~10.0.20348.1"/>
        <Package ID="Microsoft-Windows-LanguageFeatures-TextToSpeech-en-us-Package~31bf3856ad364e35~amd64~~" KeyForm="Microsoft-Windows-LanguageFeatures-TextToSpeech-en-us-Package~31bf3856ad364e35~amd64~~10.0.20348.1"/>
        <Package ID="Microsoft-Windows-MediaPlayer-Package~31bf3856ad364e35~amd64~~" KeyForm="Microsoft-Windows-MediaPlayer-Package~31bf3856ad364e35~amd64~~10.0.20348.2965"/>
        <Package ID="Microsoft-Windows-MSPaint-FoD-Package~31bf3856ad364e35~amd64~en-US~" KeyForm="Microsoft-Windows-MSPaint-FoD-Package~31bf3856ad364e35~amd64~en-US~10.0.20348.1"/>
        <Package ID="Microsoft-Windows-MSPaint-FoD-Package~31bf3856ad364e35~amd64~zh-CN~" KeyForm="Microsoft-Windows-MSPaint-FoD-Package~31bf3856ad364e35~amd64~zh-CN~10.0.20348.1"/>
        <Package ID="Microsoft-Windows-MSPaint-FoD-Package~31bf3856ad364e35~amd64~~" KeyForm="Microsoft-Windows-MSPaint-FoD-Package~31bf3856ad364e35~amd64~~10.0.20348.2849"/>
        <Package ID="Microsoft-Windows-MSPaint-FoD-Package~31bf3856ad364e35~wow64~en-US~" KeyForm="Microsoft-Windows-MSPaint-FoD-Package~31bf3856ad364e35~wow64~en-US~10.0.20348.1"/>
        <Package ID="Microsoft-Windows-MSPaint-FoD-Package~31bf3856ad364e35~wow64~zh-CN~" KeyForm="Microsoft-Windows-MSPaint-FoD-Package~31bf3856ad364e35~wow64~zh-CN~10.0.20348.1"/>
        <Package ID="Microsoft-Windows-MSPaint-FoD-Package~31bf3856ad364e35~wow64~~" KeyForm="Microsoft-Windows-MSPaint-FoD-Package~31bf3856ad364e35~wow64~~10.0.20348.1"/>
        <Package ID="Microsoft-Windows-NetFx3-OnDemand-Package~31bf3856ad364e35~amd64~~" KeyForm="Microsoft-Windows-NetFx3-OnDemand-Package~31bf3856ad364e35~amd64~~10.0.20348.1"/>
        <Package ID="Microsoft-Windows-Notepad-FoD-Package~31bf3856ad364e35~amd64~en-US~" KeyForm="Microsoft-Windows-Notepad-FoD-Package~31bf3856ad364e35~amd64~en-US~10.0.20348.1"/>
        <Package ID="Microsoft-Windows-Notepad-FoD-Package~31bf3856ad364e35~amd64~zh-CN~" KeyForm="Microsoft-Windows-Notepad-FoD-Package~31bf3856ad364e35~amd64~zh-CN~10.0.20348.1"/>
        <Package ID="Microsoft-Windows-Notepad-FoD-Package~31bf3856ad364e35~amd64~~" KeyForm="Microsoft-Windows-Notepad-FoD-Package~31bf3856ad364e35~amd64~~10.0.20348.2849"/>
        <Package ID="Microsoft-Windows-Notepad-FoD-Package~31bf3856ad364e35~wow64~en-US~" KeyForm="Microsoft-Windows-Notepad-FoD-Package~31bf3856ad364e35~wow64~en-US~10.0.20348.1"/>
        <Package ID="Microsoft-Windows-Notepad-FoD-Package~31bf3856ad364e35~wow64~zh-CN~" KeyForm="Microsoft-Windows-Notepad-FoD-Package~31bf3856ad364e35~wow64~zh-CN~10.0.20348.1"/>
        <Package ID="Microsoft-Windows-Notepad-FoD-Package~31bf3856ad364e35~wow64~~" KeyForm="Microsoft-Windows-Notepad-FoD-Package~31bf3856ad364e35~wow64~~10.0.20348.1"/>
        <Package ID="Microsoft-Windows-PowerShell-ISE-FOD-Package~31bf3856ad364e35~amd64~en-US~" KeyForm="Microsoft-Windows-PowerShell-ISE-FOD-Package~31bf3856ad364e35~amd64~en-US~10.0.20348.1"/>
        <Package ID="Microsoft-Windows-PowerShell-ISE-FOD-Package~31bf3856ad364e35~amd64~zh-CN~" KeyForm="Microsoft-Windows-PowerShell-ISE-FOD-Package~31bf3856ad364e35~amd64~zh-CN~10.0.20348.1"/>
        <Package ID="Microsoft-Windows-PowerShell-ISE-FOD-Package~31bf3856ad364e35~amd64~~" KeyForm="Microsoft-Windows-PowerShell-ISE-FOD-Package~31bf3856ad364e35~amd64~~10.0.20348.1"/>
        <Package ID="Microsoft-Windows-PowerShell-ISE-FOD-Package~31bf3856ad364e35~wow64~en-US~" KeyForm="Microsoft-Windows-PowerShell-ISE-FOD-Package~31bf3856ad364e35~wow64~en-US~10.0.20348.1"/>
        <Package ID="Microsoft-Windows-PowerShell-ISE-FOD-Package~31bf3856ad364e35~wow64~zh-CN~" KeyForm="Microsoft-Windows-PowerShell-ISE-FOD-Package~31bf3856ad364e35~wow64~zh-CN~10.0.20348.1"/>
        <Package ID="Microsoft-Windows-PowerShell-ISE-FOD-Package~31bf3856ad364e35~wow64~~" KeyForm="Microsoft-Windows-PowerShell-ISE-FOD-Package~31bf3856ad364e35~wow64~~10.0.20348.1"/>
        <Package ID="Microsoft-Windows-Security-SPP-Component-SKU-ServerDatacenter-GVLK-Package~31bf3856ad364e35~amd64~~" KeyForm="Microsoft-Windows-Security-SPP-Component-SKU-ServerDatacenter-GVLK-Package~31bf3856ad364e35~amd64~~10.0.20348.1"/>
        <Package ID="Microsoft-Windows-Server-LanguagePack-Package~31bf3856ad364e35~amd64~en-US~" KeyForm="Microsoft-Windows-Server-LanguagePack-Package~31bf3856ad364e35~amd64~en-US~10.0.20348.2966"/>
        <Package ID="Microsoft-Windows-Server-LanguagePack-Package~31bf3856ad364e35~amd64~zh-CN~" KeyForm="Microsoft-Windows-Server-LanguagePack-Package~31bf3856ad364e35~amd64~zh-CN~10.0.20348.1"/>
        <Package ID="Microsoft-Windows-ServerCore-Package~31bf3856ad364e35~amd64~~" KeyForm="Microsoft-Windows-ServerCore-Package~31bf3856ad364e35~amd64~~10.0.20348.1"/>
        <Package ID="Microsoft-Windows-ServerDatacenterEdition~31bf3856ad364e35~amd64~~" KeyForm="Microsoft-Windows-ServerDatacenterEdition~31bf3856ad364e35~amd64~~10.0.20348.2966"/>
        <Package ID="Microsoft-Windows-StepsRecorder-Package~31bf3856ad364e35~amd64~en-US~" KeyForm="Microsoft-Windows-StepsRecorder-Package~31bf3856ad364e35~amd64~en-US~10.0.20348.1"/>
        <Package ID="Microsoft-Windows-StepsRecorder-Package~31bf3856ad364e35~amd64~zh-CN~" KeyForm="Microsoft-Windows-StepsRecorder-Package~31bf3856ad364e35~amd64~zh-CN~10.0.20348.1"/>
        <Package ID="Microsoft-Windows-StepsRecorder-Package~31bf3856ad364e35~amd64~~" KeyForm="Microsoft-Windows-StepsRecorder-Package~31bf3856ad364e35~amd64~~10.0.20348.1"/>
        <Package ID="Microsoft-Windows-StepsRecorder-Package~31bf3856ad364e35~wow64~en-US~" KeyForm="Microsoft-Windows-StepsRecorder-Package~31bf3856ad364e35~wow64~en-US~10.0.20348.1"/>
        <Package ID="Microsoft-Windows-StepsRecorder-Package~31bf3856ad364e35~wow64~zh-CN~" KeyForm="Microsoft-Windows-StepsRecorder-Package~31bf3856ad364e35~wow64~zh-CN~10.0.20348.1"/>
        <Package ID="Microsoft-Windows-StepsRecorder-Package~31bf3856ad364e35~wow64~~" KeyForm="Microsoft-Windows-StepsRecorder-Package~31bf3856ad364e35~wow64~~10.0.20348.1"/>
        <Package ID="Microsoft-Windows-TabletPCMath-Package~31bf3856ad364e35~amd64~~" KeyForm="Microsoft-Windows-TabletPCMath-Package~31bf3856ad364e35~amd64~~10.0.20348.2849"/>
        <Package ID="Microsoft-Windows-UserExperience-Desktop-Package~31bf3856ad364e35~amd64~~" KeyForm="Microsoft-Windows-UserExperience-Desktop-Package~31bf3856ad364e35~amd64~~10.0.20348.2849"/>
        <Package ID="Microsoft-Windows-WordPad-FoD-Package~31bf3856ad364e35~amd64~en-US~" KeyForm="Microsoft-Windows-WordPad-FoD-Package~31bf3856ad364e35~amd64~en-US~10.0.20348.1"/>
        <Package ID="Microsoft-Windows-WordPad-FoD-Package~31bf3856ad364e35~amd64~zh-CN~" KeyForm="Microsoft-Windows-WordPad-FoD-Package~31bf3856ad364e35~amd64~zh-CN~10.0.20348.1"/>
        <Package ID="Microsoft-Windows-WordPad-FoD-Package~31bf3856ad364e35~amd64~~" KeyForm="Microsoft-Windows-WordPad-FoD-Package~31bf3856ad364e35~amd64~~10.0.20348.2849"/>
        <Package ID="Microsoft-Windows-WordPad-FoD-Package~31bf3856ad364e35~wow64~en-US~" KeyForm="Microsoft-Windows-WordPad-FoD-Package~31bf3856ad364e35~wow64~en-US~10.0.20348.1"/>
        <Package ID="Microsoft-Windows-WordPad-FoD-Package~31bf3856ad364e35~wow64~zh-CN~" KeyForm="Microsoft-Windows-WordPad-FoD-Package~31bf3856ad364e35~wow64~zh-CN~10.0.20348.1"/>
        <Package ID="Microsoft-Windows-WordPad-FoD-Package~31bf3856ad364e35~wow64~~" KeyForm="Microsoft-Windows-WordPad-FoD-Package~31bf3856ad364e35~wow64~~10.0.20348.1"/>
        <Package ID="Microsoft-Windows-Xps-Xps-Viewer-Opt-Package~31bf3856ad364e35~amd64~~" KeyForm="Microsoft-Windows-Xps-Xps-Viewer-Opt-Package~31bf3856ad364e35~amd64~~10.0.20348.2849"/>
        <Package ID="OpenSSH-Client-Package~31bf3856ad364e35~amd64~~" KeyForm="OpenSSH-Client-Package~31bf3856ad364e35~amd64~~10.0.20348.2849"/>
        <Package ID="Package_for_DotNetRollup_481~31bf3856ad364e35~amd64~~" KeyForm="Package_for_DotNetRollup_481~31bf3856ad364e35~amd64~~10.0.9287.1"/>
        <Package ID="Package_for_DotNetRollup~31bf3856ad364e35~amd64~~" KeyForm="Package_for_DotNetRollup~31bf3856ad364e35~amd64~~10.0.4770.1"/>
        <Package ID="Package_for_KB5011048~31bf3856ad364e35~amd64~~" KeyForm="Package_for_KB5011048~31bf3856ad364e35~amd64~~10.0.1.8028"/>
        <Package ID="Package_for_RollupFix~31bf3856ad364e35~amd64~~" KeyForm="Package_for_RollupFix~31bf3856ad364e35~amd64~~20348.2966.1.6"/>
        <Package ID="Package_for_ServicingStack_2750~31bf3856ad364e35~amd64~~" KeyForm="Package_for_ServicingStack_2750~31bf3856ad364e35~amd64~~20348.2750.1.0"/>
    </EnumeratedPackages>
    <Languages>
        <Language Id="en-US"/>
        <Language Id="zh-CN"/>
    </Languages>
    <Architectures>
        <Architecture Id="wow64"/>
    </Architectures>
    <ValuePair>
        <Pair Name="Arch" Value="amd64"/>
        <Pair Name="BuildBranch" Value="fe_release"/>
        <Pair Name="BuildLayer.Branch.DesktopEditions" Value="fe_release"/>
        <Pair Name="BuildLayer.Branch.OnecoreUAP" Value="fe_release_svc_prod1"/>
        <Pair Name="BuildLayer.Branch.ShellCommon" Value="fe_release_svc_prod1"/>
        <Pair Name="BuildLayer.OrderNumber.DesktopEditions" Value="12288"/>
        <Pair Name="BuildLayer.OrderNumber.OnecoreUAP" Value="4096"/>
        <Pair Name="BuildLayer.OrderNumber.ShellCommon" Value="8192"/>
        <Pair Name="BuildLayer.TopLevel" Value="DesktopEditions"/>
        <Pair Name="BuildLayer.Version.DesktopEditions" Value="10.0.20348.1"/>
        <Pair Name="BuildLayer.Version.OnecoreUAP" Value="10.0.20348.2849"/>
        <Pair Name="BuildLayer.Version.ShellCommon" Value="10.0.20348.2965"/>
        <Pair Name="CBSEdition" Value="ServerDatacenter"/>
        <Pair Name="CompactOS"/>
        <Pair Name="EditionVersion" Value="10.0.20348.2966"/>
        <Pair Name="GeoLocationCountryCode" Value="US"/>
        <Pair Name="OSBaseVersion" Value="10.0.20348.2849"/>
        <Pair Name="OSVersion" Value="10.0.20348.2966"/>
        <Pair Name="SystemLanguage" Value="en-US"/>
    </ValuePair>
    <Registry>
        <RegistryKey Name="HKEY_LOCAL_MACHINE\System\CurrentControlset\Services\OneSyncSvc"/>
        <RegistryKey Name="HKEY_LOCAL_MACHINE\SOFTWARE\Classes\Windows.XPSReachViewer"/>
    </Registry>
</CompDB>
