<?xml version="1.0" encoding="utf-8"?>
<CompDB xmlns:xsi="http://www.w3.org/2001/XMLSchema-instance" xmlns:xsd="http://www.w3.org/2001/XMLSchema" CreatedDate="2024-12-04T21:27:56.573537Z" Revision="1" SchemaVersion="1.2" Product="Desktop" BuildID="00000000-0000-0000-0000-000000000000" BuildInfo="fe_release.20348.1.210507-1500" OSVersion="10.0.20348.1" BuildArch="amd64" Type="BuildUpdate" TargetBuildID="00000000-0000-0000-0000-000000000000" TargetBuildInfo="fe_release_svc_prod1.20348.2966.241204-0612" TargetOSVersion="10.0.20348.2966" xmlns="http://schemas.microsoft.com/embedded/2004/10/ImageUpdate">
  <Tags Type="CumulativeUpdate">
    <Tag Name="UpdateType" Value="Canonical" />
  </Tags>
  <Features>
    <Feature Type="CumulativeUpdate" FeatureID="CumulativeUpdate_KB5048654" FMID="MSDN" Group="Microsoft">
      <Packages>
        <Package ID="Package_for_RollupFix" PackageType="FeaturePackage" />
      </Packages>
    </Feature>
  </Features>
  <Packages>
    <Package ID="Package_for_RollupFix" InstalledSize="7721017977" Version="20348.2966.1.6">
      <Payload>
        <PayloadItem PayloadHash="s7W0Vy87kf+g4hllO6JavHdghvI7yHpUdM/R5X/YL9A=" PayloadSize="362995779" Path="Windows10.0-KB5048654-x64.cab" PayloadType="PSFX" />
        <PayloadItem PayloadHash="ZEUN+yOj77NqHwgqldT8tESHh17lbwDKdN6FyrHtvIo=" PayloadSize="111373698" Path="Windows10.0-KB5048654-x64-baseless.cab" PayloadType="ExpressCab" />
        <PayloadItem PayloadHash="ZByEZRMXePvPnAVMcvxGbisa00iMBXgCBQR8X2z9wjE=" PayloadSize="2353893380" Path="Windows10.0-KB5048654-x64-baseless.psf" PayloadType="ExpressPSF" />
      </Payload>
    </Package>
  </Packages>
</CompDB>