<?xml version="1.0" encoding="utf-8"?>
<CompDB xmlns:xsi="http://www.w3.org/2001/XMLSchema-instance" xmlns:xsd="http://www.w3.org/2001/XMLSchema" CreatedDate="2021-05-08T13:38:56.0088715Z" Revision="1" SchemaVersion="1.2" Product="Server" BuildID="cba57a24-14e8-e0d9-3b38-ce9d5f1c983e" BuildInfo="fe_release.20348.1.210507-1500" OSVersion="10.0.20348.1" BuildArch="amd64" ReleaseType="Production" Type="Build" Name="Build~amd64~Server~~tr-tr" xmlns="http://schemas.microsoft.com/embedded/2004/10/ImageUpdate">
  <Tags Type="Language">
    <Tag Name="Language" Value="tr-tr" />
    <Tag Name="UpdateType" Value="Canonical" />
  </Tags>
  <Features>
    <Feature Type="LanguagePack" FeatureID="Language.UI.Server~tr-tr" FMID="MSDL" Group="Microsoft">
      <Packages>
        <Package ID="Microsoft-Windows-Server-LanguagePack-Package_tr-tr~31bf3856ad364e35~amd64~tr-tr~" PackageType="FeaturePackage" />
      </Packages>
    </Feature>
    <Feature Type="OnDemandFeature" FeatureID="Rsat.AzureStack.HCI.Management.Tools~~1.0" FMID="MSDN" Group="Microsoft">
      <Packages>
        <Package ID="Microsoft-AzureStack-HCI-Management-Tools-FOD-Package~31bf3856ad364e35~amd64~tr-tr~" PackageType="SatellitePackage" />
      </Packages>
    </Feature>
    <Feature Type="OnDemandFeature" FeatureID="Microsoft.Onecore.StorageManagement~~1.0" FMID="MSDN" Group="Microsoft">
      <Packages>
        <Package ID="Microsoft-OneCore-StorageManagement-FoD-Package~31bf3856ad364e35~amd64~tr-tr~" PackageType="SatellitePackage" />
        <Package ID="Microsoft-OneCore-StorageManagement-FoD-Package~31bf3856ad364e35~wow64~tr-tr~" PackageType="SatellitePackage" />
      </Packages>
    </Feature>
    <Feature Type="OnDemandFeature" FeatureID="Rsat.ActiveDirectory.DS-LDS.Tools~~1.0" FMID="MSDN" Group="Microsoft">
      <Dependencies>
        <Feature FeatureID="Rsat.ServerManager.Tools~~1.0" />
      </Dependencies>
      <Packages>
        <Package ID="Microsoft-Windows-ActiveDirectory-DS-LDS-Tools-FoD-Package~31bf3856ad364e35~amd64~tr-tr~" PackageType="SatellitePackage" />
        <Package ID="Microsoft-Windows-ActiveDirectory-DS-LDS-Tools-FoD-Package~31bf3856ad364e35~wow64~tr-tr~" PackageType="SatellitePackage" />
      </Packages>
    </Feature>
    <Feature Type="OnDemandFeature" FeatureID="Rsat.BitLocker.Recovery.Tools~~1.0" FMID="MSDN" Group="Microsoft">
      <Dependencies>
        <Feature FeatureID="Rsat.ActiveDirectory.DS-LDS.Tools~~1.0" />
      </Dependencies>
      <Packages>
        <Package ID="Microsoft-Windows-BitLocker-Recovery-Tools-FoD-Package~31bf3856ad364e35~amd64~tr-tr~" PackageType="SatellitePackage" />
      </Packages>
    </Feature>
    <Feature Type="OnDemandFeature" FeatureID="Rsat.CertificateServices.Tools~~1.0" FMID="MSDN" Group="Microsoft">
      <Packages>
        <Package ID="Microsoft-Windows-CertificateServices-Tools-FoD-Package~31bf3856ad364e35~amd64~tr-tr~" PackageType="SatellitePackage" />
      </Packages>
    </Feature>
    <Feature Type="OnDemandFeature" FeatureID="Microsoft.Composition.Test~~1.0" FMID="MSDN" Group="Microsoft">
      <Packages>
        <Package ID="Microsoft-Windows-Composition-Test-FOD-Package~31bf3856ad364e35~amd64~tr-tr~" PackageType="SatellitePackage" />
        <Package ID="Microsoft-Windows-Composition-Test-FOD-Package~31bf3856ad364e35~wow64~tr-tr~" PackageType="SatellitePackage" />
      </Packages>
    </Feature>
    <Feature Type="OnDemandFeature" FeatureID="Rsat.DHCP.Tools~~1.0" FMID="MSDN" Group="Microsoft">
      <Packages>
        <Package ID="Microsoft-Windows-DHCP-Tools-FoD-Package~31bf3856ad364e35~amd64~tr-tr~" PackageType="SatellitePackage" />
        <Package ID="Microsoft-Windows-DHCP-Tools-FoD-Package~31bf3856ad364e35~wow64~tr-tr~" PackageType="SatellitePackage" />
      </Packages>
    </Feature>
    <Feature Type="OnDemandFeature" FeatureID="Rsat.Dns.Tools~~1.0" FMID="MSDN" Group="Microsoft">
      <Packages>
        <Package ID="Microsoft-Windows-DNS-Tools-FoD-Package~31bf3856ad364e35~amd64~tr-tr~" PackageType="SatellitePackage" />
        <Package ID="Microsoft-Windows-DNS-Tools-FoD-Package~31bf3856ad364e35~wow64~tr-tr~" PackageType="SatellitePackage" />
      </Packages>
    </Feature>
    <Feature Type="OnDemandFeature" FeatureID="Windows.Desktop.EMS-SAC.Tools~~1.0" FMID="MSDN" Group="Microsoft">
      <Packages>
        <Package ID="Microsoft-Windows-EMS-SAC-Desktop-Tools-FoD-Package~31bf3856ad364e35~amd64~tr-tr~" PackageType="SatellitePackage" />
      </Packages>
    </Feature>
    <Feature Type="OnDemandFeature" FeatureID="Rsat.FailoverCluster.Management.Tools~~1.0" FMID="MSDN" Group="Microsoft">
      <Dependencies>
        <Feature FeatureID="Rsat.FileServices.Tools~~1.0" />
      </Dependencies>
      <Packages>
        <Package ID="Microsoft-Windows-FailoverCluster-Management-Tools-FOD-Package~31bf3856ad364e35~amd64~tr-tr~" PackageType="SatellitePackage" />
        <Package ID="Microsoft-Windows-FailoverCluster-Management-Tools-FOD-Package~31bf3856ad364e35~wow64~tr-tr~" PackageType="SatellitePackage" />
      </Packages>
    </Feature>
    <Feature Type="OnDemandFeature" FeatureID="Rsat.FileServices.Tools~~1.0" FMID="MSDN" Group="Microsoft">
      <Dependencies>
        <Feature FeatureID="Rsat.ServerManager.Tools~~1.0" />
      </Dependencies>
      <Packages>
        <Package ID="Microsoft-Windows-FileServices-Tools-FoD-Package~31bf3856ad364e35~amd64~tr-tr~" PackageType="SatellitePackage" />
        <Package ID="Microsoft-Windows-FileServices-Tools-FoD-Package~31bf3856ad364e35~wow64~tr-tr~" PackageType="SatellitePackage" />
      </Packages>
    </Feature>
    <Feature Type="OnDemandFeature" FeatureID="Rsat.GroupPolicy.Management.Tools~~1.0" FMID="MSDN" Group="Microsoft">
      <Packages>
        <Package ID="Microsoft-Windows-GroupPolicy-Management-Tools-FoD-Package~31bf3856ad364e35~amd64~tr-tr~" PackageType="SatellitePackage" />
        <Package ID="Microsoft-Windows-GroupPolicy-Management-Tools-FoD-Package~31bf3856ad364e35~wow64~tr-tr~" PackageType="SatellitePackage" />
      </Packages>
    </Feature>
    <Feature Type="OnDemandFeature" FeatureID="Rsat.IPAM.Client.Tools~~1.0" FMID="MSDN" Group="Microsoft">
      <Dependencies>
        <Feature FeatureID="Rsat.ServerManager.Tools~~1.0" />
      </Dependencies>
      <Packages>
        <Package ID="Microsoft-Windows-IPAM-Client-FoD-Package~31bf3856ad364e35~amd64~tr-tr~" PackageType="SatellitePackage" />
        <Package ID="Microsoft-Windows-IPAM-Client-FoD-Package~31bf3856ad364e35~wow64~tr-tr~" PackageType="SatellitePackage" />
      </Packages>
    </Feature>
    <Feature Type="OnDemandFeature" FeatureID="Network.Irda~~1.0" FMID="MSDN" Group="Microsoft">
      <Packages>
        <Package ID="Microsoft-Windows-IRDA-Package~31bf3856ad364e35~amd64~tr-tr~" PackageType="SatellitePackage" />
        <Package ID="Microsoft-Windows-IRDA-Package~31bf3856ad364e35~wow64~tr-tr~" PackageType="SatellitePackage" />
      </Packages>
    </Feature>
    <Feature Type="OnDemandFeature" FeatureID="Media.MediaFeaturePack~~1.0" FMID="MSDN" Group="Microsoft">
      <Packages>
        <Package ID="Microsoft-Windows-Media-Features-Package~31bf3856ad364e35~amd64~tr-tr~" PackageType="SatellitePackage" />
        <Package ID="Microsoft-Windows-Media-Features-Package~31bf3856ad364e35~wow64~tr-tr~" PackageType="SatellitePackage" />
      </Packages>
    </Feature>
    <Feature Type="OnDemandFeature" FeatureID="Microsoft.Windows.MSPaint~~1.0" FMID="MSDN" Group="Microsoft">
      <Packages>
        <Package ID="Microsoft-Windows-MSPaint-FoD-Package~31bf3856ad364e35~amd64~tr-tr~" PackageType="SatellitePackage" />
        <Package ID="Microsoft-Windows-MSPaint-FoD-Package~31bf3856ad364e35~wow64~tr-tr~" PackageType="SatellitePackage" />
      </Packages>
    </Feature>
    <Feature Type="OnDemandFeature" FeatureID="Rsat.NetworkController.Tools~~1.0" FMID="MSDN" Group="Microsoft">
      <Packages>
        <Package ID="Microsoft-Windows-NetworkController-Tools-FoD-Package~31bf3856ad364e35~amd64~tr-tr~" PackageType="SatellitePackage" />
      </Packages>
    </Feature>
    <Feature Type="OnDemandFeature" FeatureID="Rsat.NetworkLoadBalancing.Tools~~1.0" FMID="MSDN" Group="Microsoft">
      <Packages>
        <Package ID="Microsoft-Windows-NetworkLoadBalancing-Tools-FoD-Package~31bf3856ad364e35~amd64~tr-tr~" PackageType="SatellitePackage" />
      </Packages>
    </Feature>
    <Feature Type="OnDemandFeature" FeatureID="Microsoft.Windows.Notepad~~1.0" FMID="MSDN" Group="Microsoft">
      <Packages>
        <Package ID="Microsoft-Windows-Notepad-FoD-Package~31bf3856ad364e35~amd64~tr-tr~" PackageType="SatellitePackage" />
        <Package ID="Microsoft-Windows-Notepad-FoD-Package~31bf3856ad364e35~wow64~tr-tr~" PackageType="SatellitePackage" />
      </Packages>
    </Feature>
    <Feature Type="OnDemandFeature" FeatureID="Microsoft.Windows.PowerShell.ISE~~1.0" FMID="MSDN" Group="Microsoft">
      <Packages>
        <Package ID="Microsoft-Windows-PowerShell-ISE-FOD-Package~31bf3856ad364e35~amd64~tr-tr~" PackageType="SatellitePackage" />
        <Package ID="Microsoft-Windows-PowerShell-ISE-FOD-Package~31bf3856ad364e35~wow64~tr-tr~" PackageType="SatellitePackage" />
      </Packages>
    </Feature>
    <Feature Type="OnDemandFeature" FeatureID="Print.Management.Console~~1.0" FMID="MSDN" Group="Microsoft">
      <Packages>
        <Package ID="Microsoft-Windows-Printing-PMCPPC-FoD-Package~31bf3856ad364e35~amd64~tr-tr~" PackageType="SatellitePackage" />
      </Packages>
    </Feature>
    <Feature Type="OnDemandFeature" FeatureID="Print.Fax.Scan~~1.0" FMID="MSDN" Group="Microsoft">
      <Packages>
        <Package ID="Microsoft-Windows-Printing-WFS-FoD-Package~31bf3856ad364e35~amd64~tr-tr~" PackageType="SatellitePackage" />
      </Packages>
    </Feature>
    <Feature Type="OnDemandFeature" FeatureID="RasCMAK.Client~~1.0" FMID="MSDN" Group="Microsoft">
      <Packages>
        <Package ID="Microsoft-Windows-RasCMAK-Client-Package~31bf3856ad364e35~amd64~tr-tr~" PackageType="SatellitePackage" />
        <Package ID="Microsoft-Windows-RasCMAK-Client-Package~31bf3856ad364e35~wow64~tr-tr~" PackageType="SatellitePackage" />
      </Packages>
    </Feature>
    <Feature Type="OnDemandFeature" FeatureID="RIP.Listener~~1.0" FMID="MSDN" Group="Microsoft">
      <Packages>
        <Package ID="Microsoft-Windows-RasRip-Package~31bf3856ad364e35~amd64~tr-tr~" PackageType="SatellitePackage" />
      </Packages>
    </Feature>
    <Feature Type="OnDemandFeature" FeatureID="Rsat.RemoteAccess.Management.Tools~~1.0" FMID="MSDN" Group="Microsoft">
      <Dependencies>
        <Feature FeatureID="Rsat.GroupPolicy.Management.Tools~~1.0" />
        <Feature FeatureID="Rsat.ServerManager.Tools~~1.0" />
      </Dependencies>
      <Packages>
        <Package ID="Microsoft-Windows-RemoteAccess-Management-Tools-FoD-Package~31bf3856ad364e35~amd64~tr-tr~" PackageType="SatellitePackage" />
        <Package ID="Microsoft-Windows-RemoteAccess-Management-Tools-FoD-Package~31bf3856ad364e35~wow64~tr-tr~" PackageType="SatellitePackage" />
      </Packages>
    </Feature>
    <Feature Type="OnDemandFeature" FeatureID="Rsat.RemoteDesktop.Services.Tools~~1.0" FMID="MSDN" Group="Microsoft">
      <Packages>
        <Package ID="Microsoft-Windows-RemoteDesktop-Services-Tools-FoD-Package~31bf3856ad364e35~amd64~tr-tr~" PackageType="SatellitePackage" />
      </Packages>
    </Feature>
    <Feature Type="OnDemandFeature" FeatureID="ServerCore.AppCompatibility~~1.0" FMID="MSDN" Group="Microsoft">
      <Packages>
        <Package ID="Microsoft-Windows-Server-AppCompat-FoD-Package~31bf3856ad364e35~amd64~tr-tr~" PackageType="SatellitePackage" />
      </Packages>
    </Feature>
    <Feature Type="OnDemandFeature" FeatureID="Rsat.ServerManager.Tools~~1.0" FMID="MSDN" Group="Microsoft">
      <Packages>
        <Package ID="Microsoft-Windows-ServerManager-Tools-FoD-Package~31bf3856ad364e35~amd64~tr-tr~" PackageType="SatellitePackage" />
        <Package ID="Microsoft-Windows-ServerManager-Tools-FoD-Package~31bf3856ad364e35~wow64~tr-tr~" PackageType="SatellitePackage" />
      </Packages>
    </Feature>
    <Feature Type="OnDemandFeature" FeatureID="Rsat.Shielded.VM.Tools~~1.0" FMID="MSDN" Group="Microsoft">
      <Dependencies>
        <Feature FeatureID="Rsat.ServerManager.Tools~~1.0" />
      </Dependencies>
      <Packages>
        <Package ID="Microsoft-Windows-Shielded-VM-Tools-FoD-Package~31bf3856ad364e35~amd64~tr-tr~" PackageType="SatellitePackage" />
      </Packages>
    </Feature>
    <Feature Type="OnDemandFeature" FeatureID="SNMP.Client~~1.0" FMID="MSDN" Group="Microsoft">
      <Packages>
        <Package ID="Microsoft-Windows-SNMP-Client-Package~31bf3856ad364e35~amd64~tr-tr~" PackageType="SatellitePackage" />
        <Package ID="Microsoft-Windows-SNMP-Client-Package~31bf3856ad364e35~wow64~tr-tr~" PackageType="SatellitePackage" />
      </Packages>
    </Feature>
    <Feature Type="OnDemandFeature" FeatureID="App.StepsRecorder~~1.0" FMID="MSDN" Group="Microsoft">
      <Packages>
        <Package ID="Microsoft-Windows-StepsRecorder-Package~31bf3856ad364e35~amd64~tr-tr~" PackageType="SatellitePackage" />
        <Package ID="Microsoft-Windows-StepsRecorder-Package~31bf3856ad364e35~wow64~tr-tr~" PackageType="SatellitePackage" />
      </Packages>
    </Feature>
    <Feature Type="OnDemandFeature" FeatureID="Microsoft.Windows.StorageManagement~~1.0" FMID="MSDN" Group="Microsoft">
      <Packages>
        <Package ID="Microsoft-Windows-StorageManagement-FoD-Package~31bf3856ad364e35~amd64~tr-tr~" PackageType="SatellitePackage" />
        <Package ID="Microsoft-Windows-StorageManagement-FoD-Package~31bf3856ad364e35~wow64~tr-tr~" PackageType="SatellitePackage" />
      </Packages>
    </Feature>
    <Feature Type="OnDemandFeature" FeatureID="Rsat.StorageMigrationService.Management.Tools~~1.0" FMID="MSDN" Group="Microsoft">
      <Packages>
        <Package ID="Microsoft-Windows-StorageMigrationService-Management-Tools-FOD-Package~31bf3856ad364e35~amd64~tr-tr~" PackageType="SatellitePackage" />
      </Packages>
    </Feature>
    <Feature Type="OnDemandFeature" FeatureID="Rsat.StorageReplica.Tools~~1.0" FMID="MSDN" Group="Microsoft">
      <Packages>
        <Package ID="Microsoft-Windows-StorageReplica-Tools-FoD-Package~31bf3856ad364e35~amd64~tr-tr~" PackageType="SatellitePackage" />
      </Packages>
    </Feature>
    <Feature Type="OnDemandFeature" FeatureID="Rsat.SystemInsights.Management.Tools~~1.0" FMID="MSDN" Group="Microsoft">
      <Packages>
        <Package ID="Microsoft-Windows-SystemInsights-Management-Tools-FOD-Package~31bf3856ad364e35~amd64~tr-tr~" PackageType="SatellitePackage" />
      </Packages>
    </Feature>
    <Feature Type="OnDemandFeature" FeatureID="Rsat.VolumeActivation.Tools~~1.0" FMID="MSDN" Group="Microsoft">
      <Packages>
        <Package ID="Microsoft-Windows-VolumeActivation-Tools-FoD-Package~31bf3856ad364e35~amd64~tr-tr~" PackageType="SatellitePackage" />
      </Packages>
    </Feature>
    <Feature Type="OnDemandFeature" FeatureID="App.WirelessDisplay.Connect~~1.0" FMID="MSDN" Group="Microsoft">
      <Packages>
        <Package ID="Microsoft-Windows-WirelessDisplay-FOD-Package~31bf3856ad364e35~amd64~tr-tr~" PackageType="SatellitePackage" />
      </Packages>
    </Feature>
    <Feature Type="OnDemandFeature" FeatureID="WMI-SNMP-Provider.Client~~1.0" FMID="MSDN" Group="Microsoft">
      <Dependencies>
        <Feature FeatureID="SNMP.Client~~1.0" />
      </Dependencies>
      <Packages>
        <Package ID="Microsoft-Windows-WMI-SNMP-Provider-Client-Package~31bf3856ad364e35~amd64~tr-tr~" PackageType="SatellitePackage" />
        <Package ID="Microsoft-Windows-WMI-SNMP-Provider-Client-Package~31bf3856ad364e35~wow64~tr-tr~" PackageType="SatellitePackage" />
      </Packages>
    </Feature>
    <Feature Type="OnDemandFeature" FeatureID="Microsoft.Windows.WordPad~~1.0" FMID="MSDN" Group="Microsoft">
      <Packages>
        <Package ID="Microsoft-Windows-WordPad-FoD-Package~31bf3856ad364e35~amd64~tr-tr~" PackageType="SatellitePackage" />
        <Package ID="Microsoft-Windows-WordPad-FoD-Package~31bf3856ad364e35~wow64~tr-tr~" PackageType="SatellitePackage" />
      </Packages>
    </Feature>
    <Feature Type="OnDemandFeature" FeatureID="Rsat.WSUS.Tools~~1.0" FMID="MSDN" Group="Microsoft">
      <Packages>
        <Package ID="Microsoft-Windows-WSUS-Tools-FoD-Package~31bf3856ad364e35~amd64~tr-tr~" PackageType="SatellitePackage" />
      </Packages>
    </Feature>
  </Features>
  <Packages>
    <Package ID="Microsoft-Windows-Server-LanguagePack-Package_tr-tr~31bf3856ad364e35~amd64~tr-tr~" InstalledSize="310473174" Version="10.0.20348.1">
      <SatelliteInfo>
        <DeclareInfo>
          <Declare Type="language" Value="tr-TR" />
        </DeclareInfo>
      </SatelliteInfo>
      <Payload>
        <PayloadItem PayloadHash="gxZXe1GC5bjmx+/iulhvndAZqUY1r1WgCj9fDFznJ3g=" PayloadSize="37570170" Path="UUP\Desktop\editionpackages\tr-tr\Server\Microsoft-Windows-Server-LanguagePack-Package_tr-tr~31bf3856ad364e35~amd64~tr-tr~.esd" PayloadType="Canonical" />
      </Payload>
    </Package>
    <Package ID="Microsoft-AzureStack-HCI-Management-Tools-FOD-Package~31bf3856ad364e35~amd64~tr-tr~" InstalledSize="33279" Version="10.0.20348.1">
      <SatelliteInfo>
        <ApplyToInfo>
          <ApplyTo Type="language" Value="tr-TR" />
        </ApplyToInfo>
      </SatelliteInfo>
      <Payload>
        <PayloadItem PayloadHash="GgMxrw5VAtZy4gUiDVve6dnzCNbP3ORKdYfe23SMcLw=" PayloadSize="23394" Path="FeaturesOnDemand\tr-tr\cabs\Microsoft-AzureStack-HCI-Management-Tools-FOD-Package~31bf3856ad364e35~amd64~tr-tr~.cab" PayloadType="Canonical" />
      </Payload>
    </Package>
    <Package ID="Microsoft-OneCore-StorageManagement-FoD-Package~31bf3856ad364e35~amd64~tr-tr~" InstalledSize="1987960" Version="10.0.20348.1">
      <SatelliteInfo>
        <ApplyToInfo>
          <ApplyTo Type="language" Value="tr-TR" />
        </ApplyToInfo>
      </SatelliteInfo>
      <Payload>
        <PayloadItem PayloadHash="FKsD45VM5YzpTrBgak8C89vlS26CqMBJ/dI5+Ef+33Q=" PayloadSize="124564" Path="FeaturesOnDemand\tr-tr\cabs\Microsoft-OneCore-StorageManagement-FoD-Package~31bf3856ad364e35~amd64~tr-tr~.cab" PayloadType="Canonical" />
      </Payload>
    </Package>
    <Package ID="Microsoft-OneCore-StorageManagement-FoD-Package~31bf3856ad364e35~wow64~tr-tr~" InstalledSize="1081672" Version="10.0.20348.1">
      <SatelliteInfo>
        <ApplyToInfo>
          <ApplyTo Type="arch" Value="wow64" />
          <ApplyTo Type="language" Value="tr-TR" />
        </ApplyToInfo>
      </SatelliteInfo>
      <Payload>
        <PayloadItem PayloadHash="srXViH5QC/UbeAl0oCNxZ1Iz38qQS4Fzr03FnfswOhM=" PayloadSize="80874" Path="FeaturesOnDemand\tr-tr\cabs\Microsoft-OneCore-StorageManagement-FoD-Package~31bf3856ad364e35~wow64~tr-tr~.cab" PayloadType="Canonical" />
      </Payload>
    </Package>
    <Package ID="Microsoft-Windows-ActiveDirectory-DS-LDS-Tools-FoD-Package~31bf3856ad364e35~amd64~tr-tr~" InstalledSize="5657476" Version="10.0.20348.1">
      <SatelliteInfo>
        <ApplyToInfo>
          <ApplyTo Type="language" Value="tr-TR" />
        </ApplyToInfo>
      </SatelliteInfo>
      <Payload>
        <PayloadItem PayloadHash="HYufP8Z3c+owSbX38G14xfZrjVM6kwIOJgwwSrzfbXA=" PayloadSize="784583" Path="FeaturesOnDemand\tr-tr\cabs\Microsoft-Windows-ActiveDirectory-DS-LDS-Tools-FoD-Package~31bf3856ad364e35~amd64~tr-tr~.cab" PayloadType="Canonical" />
      </Payload>
    </Package>
    <Package ID="Microsoft-Windows-ActiveDirectory-DS-LDS-Tools-FoD-Package~31bf3856ad364e35~wow64~tr-tr~" InstalledSize="792915" Version="10.0.20348.1">
      <SatelliteInfo>
        <ApplyToInfo>
          <ApplyTo Type="arch" Value="wow64" />
          <ApplyTo Type="language" Value="tr-TR" />
        </ApplyToInfo>
      </SatelliteInfo>
      <Payload>
        <PayloadItem PayloadHash="fEKsVvetPEivxCx4w8UKgvx4gRfIEv3RanHXFGzwKAQ=" PayloadSize="99479" Path="FeaturesOnDemand\tr-tr\cabs\Microsoft-Windows-ActiveDirectory-DS-LDS-Tools-FoD-Package~31bf3856ad364e35~wow64~tr-tr~.cab" PayloadType="Canonical" />
      </Payload>
    </Package>
    <Package ID="Microsoft-Windows-BitLocker-Recovery-Tools-FoD-Package~31bf3856ad364e35~amd64~tr-tr~" InstalledSize="32176" Version="10.0.20348.1">
      <SatelliteInfo>
        <ApplyToInfo>
          <ApplyTo Type="language" Value="tr-TR" />
        </ApplyToInfo>
      </SatelliteInfo>
      <Payload>
        <PayloadItem PayloadHash="cKXmEyixDo+7dcZmeQ7WjXl1PmPhMC+dLPOZ4vnG7Pg=" PayloadSize="22090" Path="FeaturesOnDemand\tr-tr\cabs\Microsoft-Windows-BitLocker-Recovery-Tools-FoD-Package~31bf3856ad364e35~amd64~tr-tr~.cab" PayloadType="Canonical" />
      </Payload>
    </Package>
    <Package ID="Microsoft-Windows-CertificateServices-Tools-FoD-Package~31bf3856ad364e35~amd64~tr-tr~" InstalledSize="1000235" Version="10.0.20348.1">
      <SatelliteInfo>
        <ApplyToInfo>
          <ApplyTo Type="language" Value="tr-TR" />
        </ApplyToInfo>
      </SatelliteInfo>
      <Payload>
        <PayloadItem PayloadHash="w1pq4iwcr5janVA9Gh7eRIWHO6gPhvgGlZWOjAyMIpg=" PayloadSize="145882" Path="FeaturesOnDemand\tr-tr\cabs\Microsoft-Windows-CertificateServices-Tools-FoD-Package~31bf3856ad364e35~amd64~tr-tr~.cab" PayloadType="Canonical" />
      </Payload>
    </Package>
    <Package ID="Microsoft-Windows-Composition-Test-FOD-Package~31bf3856ad364e35~amd64~tr-tr~" InstalledSize="21148" Version="10.0.20348.1">
      <SatelliteInfo>
        <ApplyToInfo>
          <ApplyTo Type="language" Value="tr-TR" />
        </ApplyToInfo>
      </SatelliteInfo>
      <Payload>
        <PayloadItem PayloadHash="SaEcIRXTmcSVZnPc4NyS+pUV+8D4gIzKimp3aqrHyq8=" PayloadSize="18444" Path="FeaturesOnDemand\tr-tr\cabs\Microsoft-Windows-Composition-Test-FOD-Package~31bf3856ad364e35~amd64~tr-tr~.cab" PayloadType="Canonical" />
      </Payload>
    </Package>
    <Package ID="Microsoft-Windows-Composition-Test-FOD-Package~31bf3856ad364e35~wow64~tr-tr~" InstalledSize="21219" Version="10.0.20348.1">
      <SatelliteInfo>
        <ApplyToInfo>
          <ApplyTo Type="arch" Value="wow64" />
          <ApplyTo Type="language" Value="tr-TR" />
        </ApplyToInfo>
      </SatelliteInfo>
      <Payload>
        <PayloadItem PayloadHash="Ilvfciz/hH8pSXtGqt680hsGf3+L1kSkNp+wbzfZcjA=" PayloadSize="17622" Path="FeaturesOnDemand\tr-tr\cabs\Microsoft-Windows-Composition-Test-FOD-Package~31bf3856ad364e35~wow64~tr-tr~.cab" PayloadType="Canonical" />
      </Payload>
    </Package>
    <Package ID="Microsoft-Windows-DHCP-Tools-FoD-Package~31bf3856ad364e35~amd64~tr-tr~" InstalledSize="1791549" Version="10.0.20348.1">
      <SatelliteInfo>
        <ApplyToInfo>
          <ApplyTo Type="language" Value="tr-TR" />
        </ApplyToInfo>
      </SatelliteInfo>
      <Payload>
        <PayloadItem PayloadHash="5piRT2dKgVwskldHF+b+OxmNyADvMFqzh3nmkjhGyV8=" PayloadSize="156618" Path="FeaturesOnDemand\tr-tr\cabs\Microsoft-Windows-DHCP-Tools-FoD-Package~31bf3856ad364e35~amd64~tr-tr~.cab" PayloadType="Canonical" />
      </Payload>
    </Package>
    <Package ID="Microsoft-Windows-DHCP-Tools-FoD-Package~31bf3856ad364e35~wow64~tr-tr~" InstalledSize="460489" Version="10.0.20348.1">
      <SatelliteInfo>
        <ApplyToInfo>
          <ApplyTo Type="arch" Value="wow64" />
          <ApplyTo Type="language" Value="tr-TR" />
        </ApplyToInfo>
      </SatelliteInfo>
      <Payload>
        <PayloadItem PayloadHash="rXTI8wp3eZd4z6wGwyyRcleqqjn5UG3dtRRvo2+dP2A=" PayloadSize="55431" Path="FeaturesOnDemand\tr-tr\cabs\Microsoft-Windows-DHCP-Tools-FoD-Package~31bf3856ad364e35~wow64~tr-tr~.cab" PayloadType="Canonical" />
      </Payload>
    </Package>
    <Package ID="Microsoft-Windows-DNS-Tools-FoD-Package~31bf3856ad364e35~amd64~tr-tr~" InstalledSize="1871346" Version="10.0.20348.1">
      <SatelliteInfo>
        <ApplyToInfo>
          <ApplyTo Type="language" Value="tr-TR" />
        </ApplyToInfo>
      </SatelliteInfo>
      <Payload>
        <PayloadItem PayloadHash="sqeLUyChbjkfO5PnHT05zBdzBtUfCzmwEe45TERuzKA=" PayloadSize="170489" Path="FeaturesOnDemand\tr-tr\cabs\Microsoft-Windows-DNS-Tools-FoD-Package~31bf3856ad364e35~amd64~tr-tr~.cab" PayloadType="Canonical" />
      </Payload>
    </Package>
    <Package ID="Microsoft-Windows-DNS-Tools-FoD-Package~31bf3856ad364e35~wow64~tr-tr~" InstalledSize="12279" Version="10.0.20348.1">
      <SatelliteInfo>
        <ApplyToInfo>
          <ApplyTo Type="arch" Value="wow64" />
          <ApplyTo Type="language" Value="tr-TR" />
        </ApplyToInfo>
      </SatelliteInfo>
      <Payload>
        <PayloadItem PayloadHash="EOXQT48LKO+x3aFL7iO32WBI9ex6nMEwzwK0j7RRP6U=" PayloadSize="16955" Path="FeaturesOnDemand\tr-tr\cabs\Microsoft-Windows-DNS-Tools-FoD-Package~31bf3856ad364e35~wow64~tr-tr~.cab" PayloadType="Canonical" />
      </Payload>
    </Package>
    <Package ID="Microsoft-Windows-EMS-SAC-Desktop-Tools-FoD-Package~31bf3856ad364e35~amd64~tr-tr~" InstalledSize="50666" Version="10.0.20348.1">
      <SatelliteInfo>
        <ApplyToInfo>
          <ApplyTo Type="language" Value="tr-TR" />
        </ApplyToInfo>
      </SatelliteInfo>
      <Payload>
        <PayloadItem PayloadHash="H4dy++ClCGny4sYn4CmyNWfr2I37BEz6J4YnV5Jvv3c=" PayloadSize="26231" Path="FeaturesOnDemand\tr-tr\cabs\Microsoft-Windows-EMS-SAC-Desktop-Tools-FoD-Package~31bf3856ad364e35~amd64~tr-tr~.cab" PayloadType="Canonical" />
      </Payload>
    </Package>
    <Package ID="Microsoft-Windows-FailoverCluster-Management-Tools-FOD-Package~31bf3856ad364e35~amd64~tr-tr~" InstalledSize="8961100" Version="10.0.20348.1">
      <SatelliteInfo>
        <ApplyToInfo>
          <ApplyTo Type="language" Value="tr-TR" />
        </ApplyToInfo>
      </SatelliteInfo>
      <Payload>
        <PayloadItem PayloadHash="LyD3e0psZkABk01skGgFuI3d2Yrnxr9GSYdwNFl/mnM=" PayloadSize="2358380" Path="FeaturesOnDemand\tr-tr\cabs\Microsoft-Windows-FailoverCluster-Management-Tools-FOD-Package~31bf3856ad364e35~amd64~tr-tr~.cab" PayloadType="Canonical" />
      </Payload>
    </Package>
    <Package ID="Microsoft-Windows-FailoverCluster-Management-Tools-FOD-Package~31bf3856ad364e35~wow64~tr-tr~" InstalledSize="61507" Version="10.0.20348.1">
      <SatelliteInfo>
        <ApplyToInfo>
          <ApplyTo Type="arch" Value="wow64" />
          <ApplyTo Type="language" Value="tr-TR" />
        </ApplyToInfo>
      </SatelliteInfo>
      <Payload>
        <PayloadItem PayloadHash="Go7/3198HvIPc5P7t0jTkBIweH+GpYesqtoSZ58FUhY=" PayloadSize="28263" Path="FeaturesOnDemand\tr-tr\cabs\Microsoft-Windows-FailoverCluster-Management-Tools-FOD-Package~31bf3856ad364e35~wow64~tr-tr~.cab" PayloadType="Canonical" />
      </Payload>
    </Package>
    <Package ID="Microsoft-Windows-FileServices-Tools-FoD-Package~31bf3856ad364e35~amd64~tr-tr~" InstalledSize="4128669" Version="10.0.20348.1">
      <SatelliteInfo>
        <ApplyToInfo>
          <ApplyTo Type="language" Value="tr-TR" />
        </ApplyToInfo>
      </SatelliteInfo>
      <Payload>
        <PayloadItem PayloadHash="cCKbzCUu6xiZ/5MXoHldYDL8np87z1xU9hS2LqSN2YU=" PayloadSize="547675" Path="FeaturesOnDemand\tr-tr\cabs\Microsoft-Windows-FileServices-Tools-FoD-Package~31bf3856ad364e35~amd64~tr-tr~.cab" PayloadType="Canonical" />
      </Payload>
    </Package>
    <Package ID="Microsoft-Windows-FileServices-Tools-FoD-Package~31bf3856ad364e35~wow64~tr-tr~" InstalledSize="175719" Version="10.0.20348.1">
      <SatelliteInfo>
        <ApplyToInfo>
          <ApplyTo Type="arch" Value="wow64" />
          <ApplyTo Type="language" Value="tr-TR" />
        </ApplyToInfo>
      </SatelliteInfo>
      <Payload>
        <PayloadItem PayloadHash="QTEIimvLloFD7HnQQWKT/zQgWx/24sbIWRd/63g+Y2U=" PayloadSize="44641" Path="FeaturesOnDemand\tr-tr\cabs\Microsoft-Windows-FileServices-Tools-FoD-Package~31bf3856ad364e35~wow64~tr-tr~.cab" PayloadType="Canonical" />
      </Payload>
    </Package>
    <Package ID="Microsoft-Windows-GroupPolicy-Management-Tools-FoD-Package~31bf3856ad364e35~amd64~tr-tr~" InstalledSize="2286159" Version="10.0.20348.1">
      <SatelliteInfo>
        <ApplyToInfo>
          <ApplyTo Type="language" Value="tr-TR" />
        </ApplyToInfo>
      </SatelliteInfo>
      <Payload>
        <PayloadItem PayloadHash="8sbwcRDzbUmHZvUKS6A+Wto/sItdsTdMQ9/H6Hzd4SI=" PayloadSize="283029" Path="FeaturesOnDemand\tr-tr\cabs\Microsoft-Windows-GroupPolicy-Management-Tools-FoD-Package~31bf3856ad364e35~amd64~tr-tr~.cab" PayloadType="Canonical" />
      </Payload>
    </Package>
    <Package ID="Microsoft-Windows-GroupPolicy-Management-Tools-FoD-Package~31bf3856ad364e35~wow64~tr-tr~" InstalledSize="310532" Version="10.0.20348.1">
      <SatelliteInfo>
        <ApplyToInfo>
          <ApplyTo Type="arch" Value="wow64" />
          <ApplyTo Type="language" Value="tr-TR" />
        </ApplyToInfo>
      </SatelliteInfo>
      <Payload>
        <PayloadItem PayloadHash="iVamJG5veME678B5anlI+iAdZ24W63I2IV3ZY/szDgc=" PayloadSize="56395" Path="FeaturesOnDemand\tr-tr\cabs\Microsoft-Windows-GroupPolicy-Management-Tools-FoD-Package~31bf3856ad364e35~wow64~tr-tr~.cab" PayloadType="Canonical" />
      </Payload>
    </Package>
    <Package ID="Microsoft-Windows-IPAM-Client-FoD-Package~31bf3856ad364e35~amd64~tr-tr~" InstalledSize="98709" Version="10.0.20348.1">
      <SatelliteInfo>
        <ApplyToInfo>
          <ApplyTo Type="language" Value="tr-TR" />
        </ApplyToInfo>
      </SatelliteInfo>
      <Payload>
        <PayloadItem PayloadHash="Ulp24x9h3inWXRWwgx5CIqJoA0j4dU8ra1COKmVaOuM=" PayloadSize="28763" Path="FeaturesOnDemand\tr-tr\cabs\Microsoft-Windows-IPAM-Client-FoD-Package~31bf3856ad364e35~amd64~tr-tr~.cab" PayloadType="Canonical" />
      </Payload>
    </Package>
    <Package ID="Microsoft-Windows-IPAM-Client-FoD-Package~31bf3856ad364e35~wow64~tr-tr~" InstalledSize="24066" Version="10.0.20348.1">
      <SatelliteInfo>
        <ApplyToInfo>
          <ApplyTo Type="arch" Value="wow64" />
          <ApplyTo Type="language" Value="tr-TR" />
        </ApplyToInfo>
      </SatelliteInfo>
      <Payload>
        <PayloadItem PayloadHash="R7T/l4M78mjD+I5HDkhNLFlCh5Pv0stOKzTjgDvGJFs=" PayloadSize="19572" Path="FeaturesOnDemand\tr-tr\cabs\Microsoft-Windows-IPAM-Client-FoD-Package~31bf3856ad364e35~wow64~tr-tr~.cab" PayloadType="Canonical" />
      </Payload>
    </Package>
    <Package ID="Microsoft-Windows-IRDA-Package~31bf3856ad364e35~amd64~tr-tr~" InstalledSize="56399" Version="10.0.20348.1">
      <SatelliteInfo>
        <ApplyToInfo>
          <ApplyTo Type="language" Value="tr-TR" />
        </ApplyToInfo>
      </SatelliteInfo>
      <Payload>
        <PayloadItem PayloadHash="tEJjexNJod2/aqzdqrbYE7YV7+mAn6WgYK4EgZ65bks=" PayloadSize="27837" Path="FeaturesOnDemand\tr-tr\cabs\Microsoft-Windows-IRDA-Package~31bf3856ad364e35~amd64~tr-tr~.cab" PayloadType="Canonical" />
      </Payload>
    </Package>
    <Package ID="Microsoft-Windows-IRDA-Package~31bf3856ad364e35~wow64~tr-tr~" InstalledSize="11357" Version="10.0.20348.1">
      <SatelliteInfo>
        <ApplyToInfo>
          <ApplyTo Type="arch" Value="wow64" />
          <ApplyTo Type="language" Value="tr-TR" />
        </ApplyToInfo>
      </SatelliteInfo>
      <Payload>
        <PayloadItem PayloadHash="8XQCoGNTLUwGN0IbeDHIJvoLtl2hnJNKfaMURHAyTa8=" PayloadSize="16142" Path="FeaturesOnDemand\tr-tr\cabs\Microsoft-Windows-IRDA-Package~31bf3856ad364e35~wow64~tr-tr~.cab" PayloadType="Canonical" />
      </Payload>
    </Package>
    <Package ID="Microsoft-Windows-Media-Features-Package~31bf3856ad364e35~amd64~tr-tr~" InstalledSize="1688220" Version="10.0.20348.1">
      <SatelliteInfo>
        <ApplyToInfo>
          <ApplyTo Type="language" Value="tr-TR" />
        </ApplyToInfo>
      </SatelliteInfo>
      <Payload>
        <PayloadItem PayloadHash="qI4TTa1MeYBKpe+TKfuOp1KUO+MGb4STxn6biVXLDZA=" PayloadSize="277389" Path="FeaturesOnDemand\tr-tr\cabs\Microsoft-Windows-Media-Features-Package~31bf3856ad364e35~amd64~tr-tr~.cab" PayloadType="Canonical" />
      </Payload>
    </Package>
    <Package ID="Microsoft-Windows-Media-Features-Package~31bf3856ad364e35~wow64~tr-tr~" InstalledSize="362552" Version="10.0.20348.1">
      <SatelliteInfo>
        <ApplyToInfo>
          <ApplyTo Type="arch" Value="wow64" />
          <ApplyTo Type="language" Value="tr-TR" />
        </ApplyToInfo>
      </SatelliteInfo>
      <Payload>
        <PayloadItem PayloadHash="VFt7zTnoK/QPQPAeYRtJ5lv+RlCyYwC/TeOL/wSPjag=" PayloadSize="78955" Path="FeaturesOnDemand\tr-tr\cabs\Microsoft-Windows-Media-Features-Package~31bf3856ad364e35~wow64~tr-tr~.cab" PayloadType="Canonical" />
      </Payload>
    </Package>
    <Package ID="Microsoft-Windows-MSPaint-FoD-Package~31bf3856ad364e35~amd64~tr-tr~" InstalledSize="69945" Version="10.0.20348.1">
      <SatelliteInfo>
        <ApplyToInfo>
          <ApplyTo Type="language" Value="tr-TR" />
        </ApplyToInfo>
      </SatelliteInfo>
      <Payload>
        <PayloadItem PayloadHash="vK5Uw9cgP9Fh4ksJWcDUVkMUHcZ8BMehC4T18KSBGVg=" PayloadSize="28527" Path="FeaturesOnDemand\tr-tr\cabs\Microsoft-Windows-MSPaint-FoD-Package~31bf3856ad364e35~amd64~tr-tr~.cab" PayloadType="Canonical" />
      </Payload>
    </Package>
    <Package ID="Microsoft-Windows-MSPaint-FoD-Package~31bf3856ad364e35~wow64~tr-tr~" InstalledSize="70015" Version="10.0.20348.1">
      <SatelliteInfo>
        <ApplyToInfo>
          <ApplyTo Type="arch" Value="wow64" />
          <ApplyTo Type="language" Value="tr-TR" />
        </ApplyToInfo>
      </SatelliteInfo>
      <Payload>
        <PayloadItem PayloadHash="FcT2igKgdW22l5hLHBHx59IGqK+5DTvmEiiuoZ9G9rw=" PayloadSize="28555" Path="FeaturesOnDemand\tr-tr\cabs\Microsoft-Windows-MSPaint-FoD-Package~31bf3856ad364e35~wow64~tr-tr~.cab" PayloadType="Canonical" />
      </Payload>
    </Package>
    <Package ID="Microsoft-Windows-NetworkController-Tools-FoD-Package~31bf3856ad364e35~amd64~tr-tr~" InstalledSize="67744" Version="10.0.20348.1">
      <SatelliteInfo>
        <ApplyToInfo>
          <ApplyTo Type="language" Value="tr-TR" />
        </ApplyToInfo>
      </SatelliteInfo>
      <Payload>
        <PayloadItem PayloadHash="wOgbKXpWwQSWaycKdLTe5qVsTcjIYBhpW0b57hdP+NY=" PayloadSize="32957" Path="FeaturesOnDemand\tr-tr\cabs\Microsoft-Windows-NetworkController-Tools-FoD-Package~31bf3856ad364e35~amd64~tr-tr~.cab" PayloadType="Canonical" />
      </Payload>
    </Package>
    <Package ID="Microsoft-Windows-NetworkLoadBalancing-Tools-FoD-Package~31bf3856ad364e35~amd64~tr-tr~" InstalledSize="223460" Version="10.0.20348.1">
      <SatelliteInfo>
        <ApplyToInfo>
          <ApplyTo Type="language" Value="tr-TR" />
        </ApplyToInfo>
      </SatelliteInfo>
      <Payload>
        <PayloadItem PayloadHash="WzG3MKIcB5OTeCmG08+7Fd7vs4J/euGK0Cumx4uQckc=" PayloadSize="47769" Path="FeaturesOnDemand\tr-tr\cabs\Microsoft-Windows-NetworkLoadBalancing-Tools-FoD-Package~31bf3856ad364e35~amd64~tr-tr~.cab" PayloadType="Canonical" />
      </Payload>
    </Package>
    <Package ID="Microsoft-Windows-Notepad-FoD-Package~31bf3856ad364e35~amd64~tr-tr~" InstalledSize="24889" Version="10.0.20348.1">
      <SatelliteInfo>
        <ApplyToInfo>
          <ApplyTo Type="language" Value="tr-TR" />
        </ApplyToInfo>
      </SatelliteInfo>
      <Payload>
        <PayloadItem PayloadHash="Td7kRvQg3JQjyA0n7gNdFquF4IcEevj4WefecYGCRMY=" PayloadSize="21105" Path="FeaturesOnDemand\tr-tr\cabs\Microsoft-Windows-Notepad-FoD-Package~31bf3856ad364e35~amd64~tr-tr~.cab" PayloadType="Canonical" />
      </Payload>
    </Package>
    <Package ID="Microsoft-Windows-Notepad-FoD-Package~31bf3856ad364e35~wow64~tr-tr~" InstalledSize="11153" Version="10.0.20348.1">
      <SatelliteInfo>
        <ApplyToInfo>
          <ApplyTo Type="arch" Value="wow64" />
          <ApplyTo Type="language" Value="tr-TR" />
        </ApplyToInfo>
      </SatelliteInfo>
      <Payload>
        <PayloadItem PayloadHash="b0XuYI7tfKrgPFBqkwNO3XnAHnWib/g6PTNPMIV9aJc=" PayloadSize="16124" Path="FeaturesOnDemand\tr-tr\cabs\Microsoft-Windows-Notepad-FoD-Package~31bf3856ad364e35~wow64~tr-tr~.cab" PayloadType="Canonical" />
      </Payload>
    </Package>
    <Package ID="Microsoft-Windows-PowerShell-ISE-FOD-Package~31bf3856ad364e35~amd64~tr-tr~" InstalledSize="870618" Version="10.0.20348.1">
      <SatelliteInfo>
        <ApplyToInfo>
          <ApplyTo Type="language" Value="tr-TR" />
        </ApplyToInfo>
      </SatelliteInfo>
      <Payload>
        <PayloadItem PayloadHash="wfLWMpNXxCuJ+yTS+NaSbk1UN6GJBueQXLaG9huVNXo=" PayloadSize="303643" Path="FeaturesOnDemand\tr-tr\cabs\Microsoft-Windows-PowerShell-ISE-FOD-Package~31bf3856ad364e35~amd64~tr-tr~.cab" PayloadType="Canonical" />
      </Payload>
    </Package>
    <Package ID="Microsoft-Windows-PowerShell-ISE-FOD-Package~31bf3856ad364e35~wow64~tr-tr~" InstalledSize="71316" Version="10.0.20348.1">
      <SatelliteInfo>
        <ApplyToInfo>
          <ApplyTo Type="arch" Value="wow64" />
          <ApplyTo Type="language" Value="tr-TR" />
        </ApplyToInfo>
      </SatelliteInfo>
      <Payload>
        <PayloadItem PayloadHash="g9OSYTnMtPMLuFKCqpoa+OPfBSfTGUClIiRdCUjSLGI=" PayloadSize="36046" Path="FeaturesOnDemand\tr-tr\cabs\Microsoft-Windows-PowerShell-ISE-FOD-Package~31bf3856ad364e35~wow64~tr-tr~.cab" PayloadType="Canonical" />
      </Payload>
    </Package>
    <Package ID="Microsoft-Windows-Printing-PMCPPC-FoD-Package~31bf3856ad364e35~amd64~tr-tr~" InstalledSize="224211" Version="10.0.20348.1">
      <SatelliteInfo>
        <ApplyToInfo>
          <ApplyTo Type="language" Value="tr-TR" />
        </ApplyToInfo>
      </SatelliteInfo>
      <Payload>
        <PayloadItem PayloadHash="37+AwBL/kEGGSuwK/3b/GM51E/YYxCc97jqKLoov7Qk=" PayloadSize="47139" Path="FeaturesOnDemand\tr-tr\cabs\Microsoft-Windows-Printing-PMCPPC-FoD-Package~31bf3856ad364e35~amd64~tr-tr~.cab" PayloadType="Canonical" />
      </Payload>
    </Package>
    <Package ID="Microsoft-Windows-Printing-WFS-FoD-Package~31bf3856ad364e35~amd64~tr-tr~" InstalledSize="519845" Version="10.0.20348.1">
      <SatelliteInfo>
        <ApplyToInfo>
          <ApplyTo Type="language" Value="tr-TR" />
        </ApplyToInfo>
      </SatelliteInfo>
      <Payload>
        <PayloadItem PayloadHash="9WBrZ0Jr1KcuOfD9psWvC/DTa1obznRKgQTa0OEjDc4=" PayloadSize="149302" Path="FeaturesOnDemand\tr-tr\cabs\Microsoft-Windows-Printing-WFS-FoD-Package~31bf3856ad364e35~amd64~tr-tr~.cab" PayloadType="Canonical" />
      </Payload>
    </Package>
    <Package ID="Microsoft-Windows-RasCMAK-Client-Package~31bf3856ad364e35~amd64~tr-tr~" InstalledSize="245006" Version="10.0.20348.1">
      <SatelliteInfo>
        <ApplyToInfo>
          <ApplyTo Type="language" Value="tr-TR" />
        </ApplyToInfo>
      </SatelliteInfo>
      <Payload>
        <PayloadItem PayloadHash="EtGHF7qR8CIMmgcTNaTVXk0b5SCRcSKw8GANDPVM85o=" PayloadSize="79650" Path="FeaturesOnDemand\tr-tr\cabs\Microsoft-Windows-RasCMAK-Client-Package~31bf3856ad364e35~amd64~tr-tr~.cab" PayloadType="Canonical" />
      </Payload>
    </Package>
    <Package ID="Microsoft-Windows-RasCMAK-Client-Package~31bf3856ad364e35~wow64~tr-tr~" InstalledSize="402283" Version="10.0.20348.1">
      <SatelliteInfo>
        <ApplyToInfo>
          <ApplyTo Type="arch" Value="wow64" />
          <ApplyTo Type="language" Value="tr-TR" />
        </ApplyToInfo>
      </SatelliteInfo>
      <Payload>
        <PayloadItem PayloadHash="AgR/2UsOpFm9yaEFWnuXsth7r/y55YfbZE+z3pOM3Tw=" PayloadSize="279233" Path="FeaturesOnDemand\tr-tr\cabs\Microsoft-Windows-RasCMAK-Client-Package~31bf3856ad364e35~wow64~tr-tr~.cab" PayloadType="Canonical" />
      </Payload>
    </Package>
    <Package ID="Microsoft-Windows-RasRip-Package~31bf3856ad364e35~amd64~tr-tr~" InstalledSize="24726" Version="10.0.20348.1">
      <SatelliteInfo>
        <ApplyToInfo>
          <ApplyTo Type="language" Value="tr-TR" />
        </ApplyToInfo>
      </SatelliteInfo>
      <Payload>
        <PayloadItem PayloadHash="oKrJX7gPPPw0RCF9sVQTh0tMl5O3Gh9L9qZZ8efdCRA=" PayloadSize="19981" Path="FeaturesOnDemand\tr-tr\cabs\Microsoft-Windows-RasRip-Package~31bf3856ad364e35~amd64~tr-tr~.cab" PayloadType="Canonical" />
      </Payload>
    </Package>
    <Package ID="Microsoft-Windows-RemoteAccess-Management-Tools-FoD-Package~31bf3856ad364e35~amd64~tr-tr~" InstalledSize="18548168" Version="10.0.20348.1">
      <SatelliteInfo>
        <ApplyToInfo>
          <ApplyTo Type="language" Value="tr-TR" />
        </ApplyToInfo>
      </SatelliteInfo>
      <Payload>
        <PayloadItem PayloadHash="t744MC+uU9lp2Ys+U25DU4Dp64tyVuZ6xJvcjtRxvNM=" PayloadSize="4019052" Path="FeaturesOnDemand\tr-tr\cabs\Microsoft-Windows-RemoteAccess-Management-Tools-FoD-Package~31bf3856ad364e35~amd64~tr-tr~.cab" PayloadType="Canonical" />
      </Payload>
    </Package>
    <Package ID="Microsoft-Windows-RemoteAccess-Management-Tools-FoD-Package~31bf3856ad364e35~wow64~tr-tr~" InstalledSize="12626" Version="10.0.20348.1">
      <SatelliteInfo>
        <ApplyToInfo>
          <ApplyTo Type="arch" Value="wow64" />
          <ApplyTo Type="language" Value="tr-TR" />
        </ApplyToInfo>
      </SatelliteInfo>
      <Payload>
        <PayloadItem PayloadHash="nrw8uKDcMTB3hu9hyn9oJE1Yx7a+YyTXF9dLAPlczrY=" PayloadSize="16985" Path="FeaturesOnDemand\tr-tr\cabs\Microsoft-Windows-RemoteAccess-Management-Tools-FoD-Package~31bf3856ad364e35~wow64~tr-tr~.cab" PayloadType="Canonical" />
      </Payload>
    </Package>
    <Package ID="Microsoft-Windows-RemoteDesktop-Services-Tools-FoD-Package~31bf3856ad364e35~amd64~tr-tr~" InstalledSize="1504786" Version="10.0.20348.1">
      <SatelliteInfo>
        <ApplyToInfo>
          <ApplyTo Type="language" Value="tr-TR" />
        </ApplyToInfo>
      </SatelliteInfo>
      <Payload>
        <PayloadItem PayloadHash="OmTBKNgcGEMTEn7d6tmo7kgsYIkqiYv41/6UL0YVvSg=" PayloadSize="248553" Path="FeaturesOnDemand\tr-tr\cabs\Microsoft-Windows-RemoteDesktop-Services-Tools-FoD-Package~31bf3856ad364e35~amd64~tr-tr~.cab" PayloadType="Canonical" />
      </Payload>
    </Package>
    <Package ID="Microsoft-Windows-Server-AppCompat-FoD-Package~31bf3856ad364e35~amd64~tr-tr~" InstalledSize="28674895" Version="10.0.20348.1">
      <SatelliteInfo>
        <ApplyToInfo>
          <ApplyTo Type="language" Value="tr-TR" />
        </ApplyToInfo>
      </SatelliteInfo>
      <Payload>
        <PayloadItem PayloadHash="F9IfNW+nSnh44EkEmWrTYC1Raad9o7U7Bznww2K/SAs=" PayloadSize="6788881" Path="FeaturesOnDemand\tr-tr\cabs\Microsoft-Windows-Server-AppCompat-FoD-Package~31bf3856ad364e35~amd64~tr-tr~.cab" PayloadType="Canonical" />
      </Payload>
    </Package>
    <Package ID="Microsoft-Windows-ServerManager-Tools-FoD-Package~31bf3856ad364e35~amd64~tr-tr~" InstalledSize="10971879" Version="10.0.20348.1">
      <SatelliteInfo>
        <ApplyToInfo>
          <ApplyTo Type="language" Value="tr-TR" />
        </ApplyToInfo>
      </SatelliteInfo>
      <Payload>
        <PayloadItem PayloadHash="++MeyI4YEN7GCH+6vnLgtibPFzzDVYZrWJ7CPVFDlXk=" PayloadSize="1879176" Path="FeaturesOnDemand\tr-tr\cabs\Microsoft-Windows-ServerManager-Tools-FoD-Package~31bf3856ad364e35~amd64~tr-tr~.cab" PayloadType="Canonical" />
      </Payload>
    </Package>
    <Package ID="Microsoft-Windows-ServerManager-Tools-FoD-Package~31bf3856ad364e35~wow64~tr-tr~" InstalledSize="1147767" Version="10.0.20348.1">
      <SatelliteInfo>
        <ApplyToInfo>
          <ApplyTo Type="arch" Value="wow64" />
          <ApplyTo Type="language" Value="tr-TR" />
        </ApplyToInfo>
      </SatelliteInfo>
      <Payload>
        <PayloadItem PayloadHash="5A9STGNusDpv8alfwdybMO2FGRYLvcayP5BQjzJpSwA=" PayloadSize="301547" Path="FeaturesOnDemand\tr-tr\cabs\Microsoft-Windows-ServerManager-Tools-FoD-Package~31bf3856ad364e35~wow64~tr-tr~.cab" PayloadType="Canonical" />
      </Payload>
    </Package>
    <Package ID="Microsoft-Windows-Shielded-VM-Tools-FoD-Package~31bf3856ad364e35~amd64~tr-tr~" InstalledSize="361455" Version="10.0.20348.1">
      <SatelliteInfo>
        <ApplyToInfo>
          <ApplyTo Type="language" Value="tr-TR" />
        </ApplyToInfo>
      </SatelliteInfo>
      <Payload>
        <PayloadItem PayloadHash="RpvHWAt6cb5JA7fswChp7aK4nDUhVhaFac10nUmdtm0=" PayloadSize="96007" Path="FeaturesOnDemand\tr-tr\cabs\Microsoft-Windows-Shielded-VM-Tools-FoD-Package~31bf3856ad364e35~amd64~tr-tr~.cab" PayloadType="Canonical" />
      </Payload>
    </Package>
    <Package ID="Microsoft-Windows-SNMP-Client-Package~31bf3856ad364e35~amd64~tr-tr~" InstalledSize="122234" Version="10.0.20348.1">
      <SatelliteInfo>
        <ApplyToInfo>
          <ApplyTo Type="language" Value="tr-TR" />
        </ApplyToInfo>
      </SatelliteInfo>
      <Payload>
        <PayloadItem PayloadHash="Qoppr4FJMA6V+br3JrnAvWHdXqjI4PWSuwZbxB2ejao=" PayloadSize="41249" Path="FeaturesOnDemand\tr-tr\cabs\Microsoft-Windows-SNMP-Client-Package~31bf3856ad364e35~amd64~tr-tr~.cab" PayloadType="Canonical" />
      </Payload>
    </Package>
    <Package ID="Microsoft-Windows-SNMP-Client-Package~31bf3856ad364e35~wow64~tr-tr~" InstalledSize="122446" Version="10.0.20348.1">
      <SatelliteInfo>
        <ApplyToInfo>
          <ApplyTo Type="arch" Value="wow64" />
          <ApplyTo Type="language" Value="tr-TR" />
        </ApplyToInfo>
      </SatelliteInfo>
      <Payload>
        <PayloadItem PayloadHash="ohe2pWk1INWraeUt7SDLzGmshgefTG5eaGtjhkFG1Ug=" PayloadSize="40065" Path="FeaturesOnDemand\tr-tr\cabs\Microsoft-Windows-SNMP-Client-Package~31bf3856ad364e35~wow64~tr-tr~.cab" PayloadType="Canonical" />
      </Payload>
    </Package>
    <Package ID="Microsoft-Windows-StepsRecorder-Package~31bf3856ad364e35~amd64~tr-tr~" InstalledSize="24648" Version="10.0.20348.1">
      <SatelliteInfo>
        <ApplyToInfo>
          <ApplyTo Type="language" Value="tr-TR" />
        </ApplyToInfo>
      </SatelliteInfo>
      <Payload>
        <PayloadItem PayloadHash="vtHXgPXjGgXj+0eapDssmHxziz05ayk5Rkzv3CVFNVE=" PayloadSize="20507" Path="FeaturesOnDemand\tr-tr\cabs\Microsoft-Windows-StepsRecorder-Package~31bf3856ad364e35~amd64~tr-tr~.cab" PayloadType="Canonical" />
      </Payload>
    </Package>
    <Package ID="Microsoft-Windows-StepsRecorder-Package~31bf3856ad364e35~wow64~tr-tr~" InstalledSize="11396" Version="10.0.20348.1">
      <SatelliteInfo>
        <ApplyToInfo>
          <ApplyTo Type="arch" Value="wow64" />
          <ApplyTo Type="language" Value="tr-TR" />
        </ApplyToInfo>
      </SatelliteInfo>
      <Payload>
        <PayloadItem PayloadHash="+PJg2Eiftatc7asL7kQNQIhtUXhT/Me2z9JmPsOKxmQ=" PayloadSize="16192" Path="FeaturesOnDemand\tr-tr\cabs\Microsoft-Windows-StepsRecorder-Package~31bf3856ad364e35~wow64~tr-tr~.cab" PayloadType="Canonical" />
      </Payload>
    </Package>
    <Package ID="Microsoft-Windows-StorageManagement-FoD-Package~31bf3856ad364e35~amd64~tr-tr~" InstalledSize="1639966" Version="10.0.20348.1">
      <SatelliteInfo>
        <ApplyToInfo>
          <ApplyTo Type="language" Value="tr-TR" />
        </ApplyToInfo>
      </SatelliteInfo>
      <Payload>
        <PayloadItem PayloadHash="5DFntXKvLQcfueC/Tyj5cpZIBJg8Jae/VLQkrzpjgJs=" PayloadSize="124268" Path="FeaturesOnDemand\tr-tr\cabs\Microsoft-Windows-StorageManagement-FoD-Package~31bf3856ad364e35~amd64~tr-tr~.cab" PayloadType="Canonical" />
      </Payload>
    </Package>
    <Package ID="Microsoft-Windows-StorageManagement-FoD-Package~31bf3856ad364e35~wow64~tr-tr~" InstalledSize="1084282" Version="10.0.20348.1">
      <SatelliteInfo>
        <ApplyToInfo>
          <ApplyTo Type="arch" Value="wow64" />
          <ApplyTo Type="language" Value="tr-TR" />
        </ApplyToInfo>
      </SatelliteInfo>
      <Payload>
        <PayloadItem PayloadHash="2iQ1yE04QPxJKsR4L+vbBF1t9eFrBvkcSj/2Ym5XggM=" PayloadSize="82920" Path="FeaturesOnDemand\tr-tr\cabs\Microsoft-Windows-StorageManagement-FoD-Package~31bf3856ad364e35~wow64~tr-tr~.cab" PayloadType="Canonical" />
      </Payload>
    </Package>
    <Package ID="Microsoft-Windows-StorageMigrationService-Management-Tools-FOD-Package~31bf3856ad364e35~amd64~tr-tr~" InstalledSize="76378" Version="10.0.20348.1">
      <SatelliteInfo>
        <ApplyToInfo>
          <ApplyTo Type="language" Value="tr-TR" />
        </ApplyToInfo>
      </SatelliteInfo>
      <Payload>
        <PayloadItem PayloadHash="USCcO15Vm3CCQ58RZRoLg4XgseUXauZDxMzWX0KFsHM=" PayloadSize="31793" Path="FeaturesOnDemand\tr-tr\cabs\Microsoft-Windows-StorageMigrationService-Management-Tools-FOD-Package~31bf3856ad364e35~amd64~tr-tr~.cab" PayloadType="Canonical" />
      </Payload>
    </Package>
    <Package ID="Microsoft-Windows-StorageReplica-Tools-FoD-Package~31bf3856ad364e35~amd64~tr-tr~" InstalledSize="396570" Version="10.0.20348.1">
      <SatelliteInfo>
        <ApplyToInfo>
          <ApplyTo Type="language" Value="tr-TR" />
        </ApplyToInfo>
      </SatelliteInfo>
      <Payload>
        <PayloadItem PayloadHash="jNbmVBDPDMM/eiNpnCUzCyqtey24d2KlFyPh1XlO36Q=" PayloadSize="63291" Path="FeaturesOnDemand\tr-tr\cabs\Microsoft-Windows-StorageReplica-Tools-FoD-Package~31bf3856ad364e35~amd64~tr-tr~.cab" PayloadType="Canonical" />
      </Payload>
    </Package>
    <Package ID="Microsoft-Windows-SystemInsights-Management-Tools-FOD-Package~31bf3856ad364e35~amd64~tr-tr~" InstalledSize="39474" Version="10.0.20348.1">
      <SatelliteInfo>
        <ApplyToInfo>
          <ApplyTo Type="language" Value="tr-TR" />
        </ApplyToInfo>
      </SatelliteInfo>
      <Payload>
        <PayloadItem PayloadHash="DOYh6Dp7k5N7egY9zpsl6zKHDpm0Km7jClG3oMwCLZo=" PayloadSize="24112" Path="FeaturesOnDemand\tr-tr\cabs\Microsoft-Windows-SystemInsights-Management-Tools-FOD-Package~31bf3856ad364e35~amd64~tr-tr~.cab" PayloadType="Canonical" />
      </Payload>
    </Package>
    <Package ID="Microsoft-Windows-VolumeActivation-Tools-FoD-Package~31bf3856ad364e35~amd64~tr-tr~" InstalledSize="225539" Version="10.0.20348.1">
      <SatelliteInfo>
        <ApplyToInfo>
          <ApplyTo Type="language" Value="tr-TR" />
        </ApplyToInfo>
      </SatelliteInfo>
      <Payload>
        <PayloadItem PayloadHash="iaD1ys460oNgmjLmZiWFpqqBNd6R5dLrTklY1uYbIEo=" PayloadSize="138905" Path="FeaturesOnDemand\tr-tr\cabs\Microsoft-Windows-VolumeActivation-Tools-FoD-Package~31bf3856ad364e35~amd64~tr-tr~.cab" PayloadType="Canonical" />
      </Payload>
    </Package>
    <Package ID="Microsoft-Windows-WirelessDisplay-FOD-Package~31bf3856ad364e35~amd64~tr-tr~" InstalledSize="34104" Version="10.0.20348.1">
      <SatelliteInfo>
        <ApplyToInfo>
          <ApplyTo Type="language" Value="tr-TR" />
        </ApplyToInfo>
      </SatelliteInfo>
      <Payload>
        <PayloadItem PayloadHash="Ae/DjRBa5QNRVE6ZAbD0hP0QdqfQV+wGCRDUmHCaTeQ=" PayloadSize="24645" Path="FeaturesOnDemand\tr-tr\cabs\Microsoft-Windows-WirelessDisplay-FOD-Package~31bf3856ad364e35~amd64~tr-tr~.cab" PayloadType="Canonical" />
      </Payload>
    </Package>
    <Package ID="Microsoft-Windows-WMI-SNMP-Provider-Client-Package~31bf3856ad364e35~amd64~tr-tr~" InstalledSize="53227" Version="10.0.20348.1">
      <SatelliteInfo>
        <ApplyToInfo>
          <ApplyTo Type="language" Value="tr-TR" />
        </ApplyToInfo>
      </SatelliteInfo>
      <Payload>
        <PayloadItem PayloadHash="JgtpuKUdkn8w8fN28EwB31k9LPTmlV6Tkvxx+sCnWvo=" PayloadSize="25857" Path="FeaturesOnDemand\tr-tr\cabs\Microsoft-Windows-WMI-SNMP-Provider-Client-Package~31bf3856ad364e35~amd64~tr-tr~.cab" PayloadType="Canonical" />
      </Payload>
    </Package>
    <Package ID="Microsoft-Windows-WMI-SNMP-Provider-Client-Package~31bf3856ad364e35~wow64~tr-tr~" InstalledSize="53344" Version="10.0.20348.1">
      <SatelliteInfo>
        <ApplyToInfo>
          <ApplyTo Type="arch" Value="wow64" />
          <ApplyTo Type="language" Value="tr-TR" />
        </ApplyToInfo>
      </SatelliteInfo>
      <Payload>
        <PayloadItem PayloadHash="yagfAf2K4IBHK7F/xlzPaVQ+eZhyEPmSWGJ47a86jvI=" PayloadSize="25861" Path="FeaturesOnDemand\tr-tr\cabs\Microsoft-Windows-WMI-SNMP-Provider-Client-Package~31bf3856ad364e35~wow64~tr-tr~.cab" PayloadType="Canonical" />
      </Payload>
    </Package>
    <Package ID="Microsoft-Windows-WordPad-FoD-Package~31bf3856ad364e35~amd64~tr-tr~" InstalledSize="175935" Version="10.0.20348.1">
      <SatelliteInfo>
        <ApplyToInfo>
          <ApplyTo Type="language" Value="tr-TR" />
        </ApplyToInfo>
      </SatelliteInfo>
      <Payload>
        <PayloadItem PayloadHash="P1+je4+rRVAAXML08VUGbW7gekzUrS9xcNCcOxhTez4=" PayloadSize="30827" Path="FeaturesOnDemand\tr-tr\cabs\Microsoft-Windows-WordPad-FoD-Package~31bf3856ad364e35~amd64~tr-tr~.cab" PayloadType="Canonical" />
      </Payload>
    </Package>
    <Package ID="Microsoft-Windows-WordPad-FoD-Package~31bf3856ad364e35~wow64~tr-tr~" InstalledSize="176018" Version="10.0.20348.1">
      <SatelliteInfo>
        <ApplyToInfo>
          <ApplyTo Type="arch" Value="wow64" />
          <ApplyTo Type="language" Value="tr-TR" />
        </ApplyToInfo>
      </SatelliteInfo>
      <Payload>
        <PayloadItem PayloadHash="4+HZzJBQ70rf6ClYfmD5MGd7L3hZQ2ty6Me5FK1gwCs=" PayloadSize="30765" Path="FeaturesOnDemand\tr-tr\cabs\Microsoft-Windows-WordPad-FoD-Package~31bf3856ad364e35~wow64~tr-tr~.cab" PayloadType="Canonical" />
      </Payload>
    </Package>
    <Package ID="Microsoft-Windows-WSUS-Tools-FoD-Package~31bf3856ad364e35~amd64~tr-tr~" InstalledSize="2908361" Version="10.0.20348.1">
      <SatelliteInfo>
        <ApplyToInfo>
          <ApplyTo Type="language" Value="tr-TR" />
        </ApplyToInfo>
      </SatelliteInfo>
      <Payload>
        <PayloadItem PayloadHash="PSRyoUeljPHzPntETPluOeMjekdPlzy97vAEv6F3Uvs=" PayloadSize="343064" Path="FeaturesOnDemand\tr-tr\cabs\Microsoft-Windows-WSUS-Tools-FoD-Package~31bf3856ad364e35~amd64~tr-tr~.cab" PayloadType="Canonical" />
      </Payload>
    </Package>
  </Packages>
  <ValuePair />
</CompDB>