<?xml version="1.0" encoding="utf-8"?>
<CompDB xmlns:xsi="http://www.w3.org/2001/XMLSchema-instance" xmlns:xsd="http://www.w3.org/2001/XMLSchema" CreatedDate="2021-05-08T13:58:19.477483Z" Revision="1" SchemaVersion="1.2" Product="Server" BuildID="cba57a24-14e8-e0d9-3b38-ce9d5f1c983e" BuildInfo="fe_release.20348.1.210507-1500" OSVersion="10.0.20348.1" BuildArch="amd64" ReleaseType="Production" Type="Build" Name="Build~amd64~Server~~es-es" xmlns="http://schemas.microsoft.com/embedded/2004/10/ImageUpdate">
  <Tags Type="Language">
    <Tag Name="Language" Value="es-es" />
    <Tag Name="UpdateType" Value="Canonical" />
  </Tags>
  <Features>
    <Feature Type="LanguagePack" FeatureID="Language.UI.Server~es-es" FMID="MSDL" Group="Microsoft">
      <Packages>
        <Package ID="Microsoft-Windows-Server-LanguagePack-Package_es-es~31bf3856ad364e35~amd64~es-es~" PackageType="FeaturePackage" />
      </Packages>
    </Feature>
    <Feature Type="OnDemandFeature" FeatureID="Rsat.AzureStack.HCI.Management.Tools~~1.0" FMID="MSDN" Group="Microsoft">
      <Packages>
        <Package ID="Microsoft-AzureStack-HCI-Management-Tools-FOD-Package~31bf3856ad364e35~amd64~es-es~" PackageType="SatellitePackage" />
      </Packages>
    </Feature>
    <Feature Type="OnDemandFeature" FeatureID="Microsoft.Onecore.StorageManagement~~1.0" FMID="MSDN" Group="Microsoft">
      <Packages>
        <Package ID="Microsoft-OneCore-StorageManagement-FoD-Package~31bf3856ad364e35~amd64~es-es~" PackageType="SatellitePackage" />
        <Package ID="Microsoft-OneCore-StorageManagement-FoD-Package~31bf3856ad364e35~wow64~es-es~" PackageType="SatellitePackage" />
      </Packages>
    </Feature>
    <Feature Type="OnDemandFeature" FeatureID="Rsat.ActiveDirectory.DS-LDS.Tools~~1.0" FMID="MSDN" Group="Microsoft">
      <Dependencies>
        <Feature FeatureID="Rsat.ServerManager.Tools~~1.0" />
      </Dependencies>
      <Packages>
        <Package ID="Microsoft-Windows-ActiveDirectory-DS-LDS-Tools-FoD-Package~31bf3856ad364e35~amd64~es-es~" PackageType="SatellitePackage" />
        <Package ID="Microsoft-Windows-ActiveDirectory-DS-LDS-Tools-FoD-Package~31bf3856ad364e35~wow64~es-es~" PackageType="SatellitePackage" />
      </Packages>
    </Feature>
    <Feature Type="OnDemandFeature" FeatureID="Rsat.BitLocker.Recovery.Tools~~1.0" FMID="MSDN" Group="Microsoft">
      <Dependencies>
        <Feature FeatureID="Rsat.ActiveDirectory.DS-LDS.Tools~~1.0" />
      </Dependencies>
      <Packages>
        <Package ID="Microsoft-Windows-BitLocker-Recovery-Tools-FoD-Package~31bf3856ad364e35~amd64~es-es~" PackageType="SatellitePackage" />
      </Packages>
    </Feature>
    <Feature Type="OnDemandFeature" FeatureID="Rsat.CertificateServices.Tools~~1.0" FMID="MSDN" Group="Microsoft">
      <Packages>
        <Package ID="Microsoft-Windows-CertificateServices-Tools-FoD-Package~31bf3856ad364e35~amd64~es-es~" PackageType="SatellitePackage" />
      </Packages>
    </Feature>
    <Feature Type="OnDemandFeature" FeatureID="Microsoft.Composition.Test~~1.0" FMID="MSDN" Group="Microsoft">
      <Packages>
        <Package ID="Microsoft-Windows-Composition-Test-FOD-Package~31bf3856ad364e35~amd64~es-es~" PackageType="SatellitePackage" />
        <Package ID="Microsoft-Windows-Composition-Test-FOD-Package~31bf3856ad364e35~wow64~es-es~" PackageType="SatellitePackage" />
      </Packages>
    </Feature>
    <Feature Type="OnDemandFeature" FeatureID="Rsat.DHCP.Tools~~1.0" FMID="MSDN" Group="Microsoft">
      <Packages>
        <Package ID="Microsoft-Windows-DHCP-Tools-FoD-Package~31bf3856ad364e35~amd64~es-es~" PackageType="SatellitePackage" />
        <Package ID="Microsoft-Windows-DHCP-Tools-FoD-Package~31bf3856ad364e35~wow64~es-es~" PackageType="SatellitePackage" />
      </Packages>
    </Feature>
    <Feature Type="OnDemandFeature" FeatureID="Rsat.Dns.Tools~~1.0" FMID="MSDN" Group="Microsoft">
      <Packages>
        <Package ID="Microsoft-Windows-DNS-Tools-FoD-Package~31bf3856ad364e35~amd64~es-es~" PackageType="SatellitePackage" />
        <Package ID="Microsoft-Windows-DNS-Tools-FoD-Package~31bf3856ad364e35~wow64~es-es~" PackageType="SatellitePackage" />
      </Packages>
    </Feature>
    <Feature Type="OnDemandFeature" FeatureID="Windows.Desktop.EMS-SAC.Tools~~1.0" FMID="MSDN" Group="Microsoft">
      <Packages>
        <Package ID="Microsoft-Windows-EMS-SAC-Desktop-Tools-FoD-Package~31bf3856ad364e35~amd64~es-es~" PackageType="SatellitePackage" />
      </Packages>
    </Feature>
    <Feature Type="OnDemandFeature" FeatureID="Rsat.FailoverCluster.Management.Tools~~1.0" FMID="MSDN" Group="Microsoft">
      <Dependencies>
        <Feature FeatureID="Rsat.FileServices.Tools~~1.0" />
      </Dependencies>
      <Packages>
        <Package ID="Microsoft-Windows-FailoverCluster-Management-Tools-FOD-Package~31bf3856ad364e35~amd64~es-es~" PackageType="SatellitePackage" />
        <Package ID="Microsoft-Windows-FailoverCluster-Management-Tools-FOD-Package~31bf3856ad364e35~wow64~es-es~" PackageType="SatellitePackage" />
      </Packages>
    </Feature>
    <Feature Type="OnDemandFeature" FeatureID="Rsat.FileServices.Tools~~1.0" FMID="MSDN" Group="Microsoft">
      <Dependencies>
        <Feature FeatureID="Rsat.ServerManager.Tools~~1.0" />
      </Dependencies>
      <Packages>
        <Package ID="Microsoft-Windows-FileServices-Tools-FoD-Package~31bf3856ad364e35~amd64~es-es~" PackageType="SatellitePackage" />
        <Package ID="Microsoft-Windows-FileServices-Tools-FoD-Package~31bf3856ad364e35~wow64~es-es~" PackageType="SatellitePackage" />
      </Packages>
    </Feature>
    <Feature Type="OnDemandFeature" FeatureID="Rsat.GroupPolicy.Management.Tools~~1.0" FMID="MSDN" Group="Microsoft">
      <Packages>
        <Package ID="Microsoft-Windows-GroupPolicy-Management-Tools-FoD-Package~31bf3856ad364e35~amd64~es-es~" PackageType="SatellitePackage" />
        <Package ID="Microsoft-Windows-GroupPolicy-Management-Tools-FoD-Package~31bf3856ad364e35~wow64~es-es~" PackageType="SatellitePackage" />
      </Packages>
    </Feature>
    <Feature Type="OnDemandFeature" FeatureID="Rsat.IPAM.Client.Tools~~1.0" FMID="MSDN" Group="Microsoft">
      <Dependencies>
        <Feature FeatureID="Rsat.ServerManager.Tools~~1.0" />
      </Dependencies>
      <Packages>
        <Package ID="Microsoft-Windows-IPAM-Client-FoD-Package~31bf3856ad364e35~amd64~es-es~" PackageType="SatellitePackage" />
        <Package ID="Microsoft-Windows-IPAM-Client-FoD-Package~31bf3856ad364e35~wow64~es-es~" PackageType="SatellitePackage" />
      </Packages>
    </Feature>
    <Feature Type="OnDemandFeature" FeatureID="Network.Irda~~1.0" FMID="MSDN" Group="Microsoft">
      <Packages>
        <Package ID="Microsoft-Windows-IRDA-Package~31bf3856ad364e35~amd64~es-es~" PackageType="SatellitePackage" />
        <Package ID="Microsoft-Windows-IRDA-Package~31bf3856ad364e35~wow64~es-es~" PackageType="SatellitePackage" />
      </Packages>
    </Feature>
    <Feature Type="OnDemandFeature" FeatureID="Media.MediaFeaturePack~~1.0" FMID="MSDN" Group="Microsoft">
      <Packages>
        <Package ID="Microsoft-Windows-Media-Features-Package~31bf3856ad364e35~amd64~es-es~" PackageType="SatellitePackage" />
        <Package ID="Microsoft-Windows-Media-Features-Package~31bf3856ad364e35~wow64~es-es~" PackageType="SatellitePackage" />
      </Packages>
    </Feature>
    <Feature Type="OnDemandFeature" FeatureID="Microsoft.Windows.MSPaint~~1.0" FMID="MSDN" Group="Microsoft">
      <Packages>
        <Package ID="Microsoft-Windows-MSPaint-FoD-Package~31bf3856ad364e35~amd64~es-es~" PackageType="SatellitePackage" />
        <Package ID="Microsoft-Windows-MSPaint-FoD-Package~31bf3856ad364e35~wow64~es-es~" PackageType="SatellitePackage" />
      </Packages>
    </Feature>
    <Feature Type="OnDemandFeature" FeatureID="Rsat.NetworkController.Tools~~1.0" FMID="MSDN" Group="Microsoft">
      <Packages>
        <Package ID="Microsoft-Windows-NetworkController-Tools-FoD-Package~31bf3856ad364e35~amd64~es-es~" PackageType="SatellitePackage" />
      </Packages>
    </Feature>
    <Feature Type="OnDemandFeature" FeatureID="Rsat.NetworkLoadBalancing.Tools~~1.0" FMID="MSDN" Group="Microsoft">
      <Packages>
        <Package ID="Microsoft-Windows-NetworkLoadBalancing-Tools-FoD-Package~31bf3856ad364e35~amd64~es-es~" PackageType="SatellitePackage" />
      </Packages>
    </Feature>
    <Feature Type="OnDemandFeature" FeatureID="Microsoft.Windows.Notepad~~1.0" FMID="MSDN" Group="Microsoft">
      <Packages>
        <Package ID="Microsoft-Windows-Notepad-FoD-Package~31bf3856ad364e35~amd64~es-es~" PackageType="SatellitePackage" />
        <Package ID="Microsoft-Windows-Notepad-FoD-Package~31bf3856ad364e35~wow64~es-es~" PackageType="SatellitePackage" />
      </Packages>
    </Feature>
    <Feature Type="OnDemandFeature" FeatureID="Microsoft.Windows.PowerShell.ISE~~1.0" FMID="MSDN" Group="Microsoft">
      <Packages>
        <Package ID="Microsoft-Windows-PowerShell-ISE-FOD-Package~31bf3856ad364e35~amd64~es-es~" PackageType="SatellitePackage" />
        <Package ID="Microsoft-Windows-PowerShell-ISE-FOD-Package~31bf3856ad364e35~wow64~es-es~" PackageType="SatellitePackage" />
      </Packages>
    </Feature>
    <Feature Type="OnDemandFeature" FeatureID="Print.Management.Console~~1.0" FMID="MSDN" Group="Microsoft">
      <Packages>
        <Package ID="Microsoft-Windows-Printing-PMCPPC-FoD-Package~31bf3856ad364e35~amd64~es-es~" PackageType="SatellitePackage" />
      </Packages>
    </Feature>
    <Feature Type="OnDemandFeature" FeatureID="Print.Fax.Scan~~1.0" FMID="MSDN" Group="Microsoft">
      <Packages>
        <Package ID="Microsoft-Windows-Printing-WFS-FoD-Package~31bf3856ad364e35~amd64~es-es~" PackageType="SatellitePackage" />
      </Packages>
    </Feature>
    <Feature Type="OnDemandFeature" FeatureID="RasCMAK.Client~~1.0" FMID="MSDN" Group="Microsoft">
      <Packages>
        <Package ID="Microsoft-Windows-RasCMAK-Client-Package~31bf3856ad364e35~amd64~es-es~" PackageType="SatellitePackage" />
        <Package ID="Microsoft-Windows-RasCMAK-Client-Package~31bf3856ad364e35~wow64~es-es~" PackageType="SatellitePackage" />
      </Packages>
    </Feature>
    <Feature Type="OnDemandFeature" FeatureID="RIP.Listener~~1.0" FMID="MSDN" Group="Microsoft">
      <Packages>
        <Package ID="Microsoft-Windows-RasRip-Package~31bf3856ad364e35~amd64~es-es~" PackageType="SatellitePackage" />
      </Packages>
    </Feature>
    <Feature Type="OnDemandFeature" FeatureID="Rsat.RemoteAccess.Management.Tools~~1.0" FMID="MSDN" Group="Microsoft">
      <Dependencies>
        <Feature FeatureID="Rsat.GroupPolicy.Management.Tools~~1.0" />
        <Feature FeatureID="Rsat.ServerManager.Tools~~1.0" />
      </Dependencies>
      <Packages>
        <Package ID="Microsoft-Windows-RemoteAccess-Management-Tools-FoD-Package~31bf3856ad364e35~amd64~es-es~" PackageType="SatellitePackage" />
        <Package ID="Microsoft-Windows-RemoteAccess-Management-Tools-FoD-Package~31bf3856ad364e35~wow64~es-es~" PackageType="SatellitePackage" />
      </Packages>
    </Feature>
    <Feature Type="OnDemandFeature" FeatureID="Rsat.RemoteDesktop.Services.Tools~~1.0" FMID="MSDN" Group="Microsoft">
      <Packages>
        <Package ID="Microsoft-Windows-RemoteDesktop-Services-Tools-FoD-Package~31bf3856ad364e35~amd64~es-es~" PackageType="SatellitePackage" />
      </Packages>
    </Feature>
    <Feature Type="OnDemandFeature" FeatureID="ServerCore.AppCompatibility~~1.0" FMID="MSDN" Group="Microsoft">
      <Packages>
        <Package ID="Microsoft-Windows-Server-AppCompat-FoD-Package~31bf3856ad364e35~amd64~es-es~" PackageType="SatellitePackage" />
      </Packages>
    </Feature>
    <Feature Type="OnDemandFeature" FeatureID="Rsat.ServerManager.Tools~~1.0" FMID="MSDN" Group="Microsoft">
      <Packages>
        <Package ID="Microsoft-Windows-ServerManager-Tools-FoD-Package~31bf3856ad364e35~amd64~es-es~" PackageType="SatellitePackage" />
        <Package ID="Microsoft-Windows-ServerManager-Tools-FoD-Package~31bf3856ad364e35~wow64~es-es~" PackageType="SatellitePackage" />
      </Packages>
    </Feature>
    <Feature Type="OnDemandFeature" FeatureID="Rsat.Shielded.VM.Tools~~1.0" FMID="MSDN" Group="Microsoft">
      <Dependencies>
        <Feature FeatureID="Rsat.ServerManager.Tools~~1.0" />
      </Dependencies>
      <Packages>
        <Package ID="Microsoft-Windows-Shielded-VM-Tools-FoD-Package~31bf3856ad364e35~amd64~es-es~" PackageType="SatellitePackage" />
      </Packages>
    </Feature>
    <Feature Type="OnDemandFeature" FeatureID="SNMP.Client~~1.0" FMID="MSDN" Group="Microsoft">
      <Packages>
        <Package ID="Microsoft-Windows-SNMP-Client-Package~31bf3856ad364e35~amd64~es-es~" PackageType="SatellitePackage" />
        <Package ID="Microsoft-Windows-SNMP-Client-Package~31bf3856ad364e35~wow64~es-es~" PackageType="SatellitePackage" />
      </Packages>
    </Feature>
    <Feature Type="OnDemandFeature" FeatureID="App.StepsRecorder~~1.0" FMID="MSDN" Group="Microsoft">
      <Packages>
        <Package ID="Microsoft-Windows-StepsRecorder-Package~31bf3856ad364e35~amd64~es-es~" PackageType="SatellitePackage" />
        <Package ID="Microsoft-Windows-StepsRecorder-Package~31bf3856ad364e35~wow64~es-es~" PackageType="SatellitePackage" />
      </Packages>
    </Feature>
    <Feature Type="OnDemandFeature" FeatureID="Microsoft.Windows.StorageManagement~~1.0" FMID="MSDN" Group="Microsoft">
      <Packages>
        <Package ID="Microsoft-Windows-StorageManagement-FoD-Package~31bf3856ad364e35~amd64~es-es~" PackageType="SatellitePackage" />
        <Package ID="Microsoft-Windows-StorageManagement-FoD-Package~31bf3856ad364e35~wow64~es-es~" PackageType="SatellitePackage" />
      </Packages>
    </Feature>
    <Feature Type="OnDemandFeature" FeatureID="Rsat.StorageMigrationService.Management.Tools~~1.0" FMID="MSDN" Group="Microsoft">
      <Packages>
        <Package ID="Microsoft-Windows-StorageMigrationService-Management-Tools-FOD-Package~31bf3856ad364e35~amd64~es-es~" PackageType="SatellitePackage" />
      </Packages>
    </Feature>
    <Feature Type="OnDemandFeature" FeatureID="Rsat.StorageReplica.Tools~~1.0" FMID="MSDN" Group="Microsoft">
      <Packages>
        <Package ID="Microsoft-Windows-StorageReplica-Tools-FoD-Package~31bf3856ad364e35~amd64~es-es~" PackageType="SatellitePackage" />
      </Packages>
    </Feature>
    <Feature Type="OnDemandFeature" FeatureID="Rsat.SystemInsights.Management.Tools~~1.0" FMID="MSDN" Group="Microsoft">
      <Packages>
        <Package ID="Microsoft-Windows-SystemInsights-Management-Tools-FOD-Package~31bf3856ad364e35~amd64~es-es~" PackageType="SatellitePackage" />
      </Packages>
    </Feature>
    <Feature Type="OnDemandFeature" FeatureID="Rsat.VolumeActivation.Tools~~1.0" FMID="MSDN" Group="Microsoft">
      <Packages>
        <Package ID="Microsoft-Windows-VolumeActivation-Tools-FoD-Package~31bf3856ad364e35~amd64~es-es~" PackageType="SatellitePackage" />
      </Packages>
    </Feature>
    <Feature Type="OnDemandFeature" FeatureID="App.WirelessDisplay.Connect~~1.0" FMID="MSDN" Group="Microsoft">
      <Packages>
        <Package ID="Microsoft-Windows-WirelessDisplay-FOD-Package~31bf3856ad364e35~amd64~es-es~" PackageType="SatellitePackage" />
      </Packages>
    </Feature>
    <Feature Type="OnDemandFeature" FeatureID="WMI-SNMP-Provider.Client~~1.0" FMID="MSDN" Group="Microsoft">
      <Dependencies>
        <Feature FeatureID="SNMP.Client~~1.0" />
      </Dependencies>
      <Packages>
        <Package ID="Microsoft-Windows-WMI-SNMP-Provider-Client-Package~31bf3856ad364e35~amd64~es-es~" PackageType="SatellitePackage" />
        <Package ID="Microsoft-Windows-WMI-SNMP-Provider-Client-Package~31bf3856ad364e35~wow64~es-es~" PackageType="SatellitePackage" />
      </Packages>
    </Feature>
    <Feature Type="OnDemandFeature" FeatureID="Microsoft.Windows.WordPad~~1.0" FMID="MSDN" Group="Microsoft">
      <Packages>
        <Package ID="Microsoft-Windows-WordPad-FoD-Package~31bf3856ad364e35~amd64~es-es~" PackageType="SatellitePackage" />
        <Package ID="Microsoft-Windows-WordPad-FoD-Package~31bf3856ad364e35~wow64~es-es~" PackageType="SatellitePackage" />
      </Packages>
    </Feature>
    <Feature Type="OnDemandFeature" FeatureID="Rsat.WSUS.Tools~~1.0" FMID="MSDN" Group="Microsoft">
      <Packages>
        <Package ID="Microsoft-Windows-WSUS-Tools-FoD-Package~31bf3856ad364e35~amd64~es-es~" PackageType="SatellitePackage" />
      </Packages>
    </Feature>
  </Features>
  <Packages>
    <Package ID="Microsoft-Windows-Server-LanguagePack-Package_es-es~31bf3856ad364e35~amd64~es-es~" InstalledSize="324226947" Version="10.0.20348.1">
      <SatelliteInfo>
        <DeclareInfo>
          <Declare Type="language" Value="es-ES" />
        </DeclareInfo>
      </SatelliteInfo>
      <Payload>
        <PayloadItem PayloadHash="5xOF6TGtNNbKU/Gxu00k42cQTWVQEll6O7X0pI/W6Co=" PayloadSize="37606321" Path="UUP\Desktop\editionpackages\es-es\Server\Microsoft-Windows-Server-LanguagePack-Package_es-es~31bf3856ad364e35~amd64~es-es~.esd" PayloadType="Canonical" />
      </Payload>
    </Package>
    <Package ID="Microsoft-AzureStack-HCI-Management-Tools-FOD-Package~31bf3856ad364e35~amd64~es-es~" InstalledSize="33751" Version="10.0.20348.1">
      <SatelliteInfo>
        <ApplyToInfo>
          <ApplyTo Type="language" Value="es-ES" />
        </ApplyToInfo>
      </SatelliteInfo>
      <Payload>
        <PayloadItem PayloadHash="qHnn3gRlbHOj3PByLOsQMovoLgLsm611JADRafFeVDQ=" PayloadSize="23396" Path="FeaturesOnDemand\es-es\cabs\Microsoft-AzureStack-HCI-Management-Tools-FOD-Package~31bf3856ad364e35~amd64~es-es~.cab" PayloadType="Canonical" />
      </Payload>
    </Package>
    <Package ID="Microsoft-OneCore-StorageManagement-FoD-Package~31bf3856ad364e35~amd64~es-es~" InstalledSize="2000195" Version="10.0.20348.1">
      <SatelliteInfo>
        <ApplyToInfo>
          <ApplyTo Type="language" Value="es-ES" />
        </ApplyToInfo>
      </SatelliteInfo>
      <Payload>
        <PayloadItem PayloadHash="6eZawaSrVW9uG04Jqt5dm0Z3WQuKGmV/Bwtv+Ek8X40=" PayloadSize="125984" Path="FeaturesOnDemand\es-es\cabs\Microsoft-OneCore-StorageManagement-FoD-Package~31bf3856ad364e35~amd64~es-es~.cab" PayloadType="Canonical" />
      </Payload>
    </Package>
    <Package ID="Microsoft-OneCore-StorageManagement-FoD-Package~31bf3856ad364e35~wow64~es-es~" InstalledSize="1081667" Version="10.0.20348.1">
      <SatelliteInfo>
        <ApplyToInfo>
          <ApplyTo Type="arch" Value="wow64" />
          <ApplyTo Type="language" Value="es-ES" />
        </ApplyToInfo>
      </SatelliteInfo>
      <Payload>
        <PayloadItem PayloadHash="zyyOe8pJg9N+t+Gm5CHExSoEXKL4Q9fglWGTk9mItE0=" PayloadSize="80826" Path="FeaturesOnDemand\es-es\cabs\Microsoft-OneCore-StorageManagement-FoD-Package~31bf3856ad364e35~wow64~es-es~.cab" PayloadType="Canonical" />
      </Payload>
    </Package>
    <Package ID="Microsoft-Windows-ActiveDirectory-DS-LDS-Tools-FoD-Package~31bf3856ad364e35~amd64~es-es~" InstalledSize="6030258" Version="10.0.20348.1">
      <SatelliteInfo>
        <ApplyToInfo>
          <ApplyTo Type="language" Value="es-ES" />
        </ApplyToInfo>
      </SatelliteInfo>
      <Payload>
        <PayloadItem PayloadHash="NfgCMATLn8jy4fKXRg7kPADLJ/oAus+GHyFl3vH/tP0=" PayloadSize="788939" Path="FeaturesOnDemand\es-es\cabs\Microsoft-Windows-ActiveDirectory-DS-LDS-Tools-FoD-Package~31bf3856ad364e35~amd64~es-es~.cab" PayloadType="Canonical" />
      </Payload>
    </Package>
    <Package ID="Microsoft-Windows-ActiveDirectory-DS-LDS-Tools-FoD-Package~31bf3856ad364e35~wow64~es-es~" InstalledSize="809252" Version="10.0.20348.1">
      <SatelliteInfo>
        <ApplyToInfo>
          <ApplyTo Type="arch" Value="wow64" />
          <ApplyTo Type="language" Value="es-ES" />
        </ApplyToInfo>
      </SatelliteInfo>
      <Payload>
        <PayloadItem PayloadHash="V73XSk8SJ9iAdp1MQUsfhHQzcEyXPt6xdmFhCDfJ8ew=" PayloadSize="100419" Path="FeaturesOnDemand\es-es\cabs\Microsoft-Windows-ActiveDirectory-DS-LDS-Tools-FoD-Package~31bf3856ad364e35~wow64~es-es~.cab" PayloadType="Canonical" />
      </Payload>
    </Package>
    <Package ID="Microsoft-Windows-BitLocker-Recovery-Tools-FoD-Package~31bf3856ad364e35~amd64~es-es~" InstalledSize="33174" Version="10.0.20348.1">
      <SatelliteInfo>
        <ApplyToInfo>
          <ApplyTo Type="language" Value="es-ES" />
        </ApplyToInfo>
      </SatelliteInfo>
      <Payload>
        <PayloadItem PayloadHash="/6MbxJqC1ezOCZuNfDlSH7+k+qgMD61GTUT/pqupY8w=" PayloadSize="22026" Path="FeaturesOnDemand\es-es\cabs\Microsoft-Windows-BitLocker-Recovery-Tools-FoD-Package~31bf3856ad364e35~amd64~es-es~.cab" PayloadType="Canonical" />
      </Payload>
    </Package>
    <Package ID="Microsoft-Windows-CertificateServices-Tools-FoD-Package~31bf3856ad364e35~amd64~es-es~" InstalledSize="1034070" Version="10.0.20348.1">
      <SatelliteInfo>
        <ApplyToInfo>
          <ApplyTo Type="language" Value="es-ES" />
        </ApplyToInfo>
      </SatelliteInfo>
      <Payload>
        <PayloadItem PayloadHash="6WyVl9LTOP9/qOI/nF4IpsXspcWbuKnF/4TF5vH5cVE=" PayloadSize="146636" Path="FeaturesOnDemand\es-es\cabs\Microsoft-Windows-CertificateServices-Tools-FoD-Package~31bf3856ad364e35~amd64~es-es~.cab" PayloadType="Canonical" />
      </Payload>
    </Package>
    <Package ID="Microsoft-Windows-Composition-Test-FOD-Package~31bf3856ad364e35~amd64~es-es~" InstalledSize="21092" Version="10.0.20348.1">
      <SatelliteInfo>
        <ApplyToInfo>
          <ApplyTo Type="language" Value="es-ES" />
        </ApplyToInfo>
      </SatelliteInfo>
      <Payload>
        <PayloadItem PayloadHash="WnL/Bm3uzcLWqb31EKN37VwODaW7ZY12fmsWCMevEBQ=" PayloadSize="18444" Path="FeaturesOnDemand\es-es\cabs\Microsoft-Windows-Composition-Test-FOD-Package~31bf3856ad364e35~amd64~es-es~.cab" PayloadType="Canonical" />
      </Payload>
    </Package>
    <Package ID="Microsoft-Windows-Composition-Test-FOD-Package~31bf3856ad364e35~wow64~es-es~" InstalledSize="21193" Version="10.0.20348.1">
      <SatelliteInfo>
        <ApplyToInfo>
          <ApplyTo Type="arch" Value="wow64" />
          <ApplyTo Type="language" Value="es-ES" />
        </ApplyToInfo>
      </SatelliteInfo>
      <Payload>
        <PayloadItem PayloadHash="+hJuQcvv8NuCm2OZ53EYFnWhvYDxrPYk07GcAv3Vq3Q=" PayloadSize="18578" Path="FeaturesOnDemand\es-es\cabs\Microsoft-Windows-Composition-Test-FOD-Package~31bf3856ad364e35~wow64~es-es~.cab" PayloadType="Canonical" />
      </Payload>
    </Package>
    <Package ID="Microsoft-Windows-DHCP-Tools-FoD-Package~31bf3856ad364e35~amd64~es-es~" InstalledSize="1896690" Version="10.0.20348.1">
      <SatelliteInfo>
        <ApplyToInfo>
          <ApplyTo Type="language" Value="es-ES" />
        </ApplyToInfo>
      </SatelliteInfo>
      <Payload>
        <PayloadItem PayloadHash="V+/Ng/QLMCqYAt+gCJ9kfva6R2DqEGZYZKNQ8MCDiI8=" PayloadSize="162370" Path="FeaturesOnDemand\es-es\cabs\Microsoft-Windows-DHCP-Tools-FoD-Package~31bf3856ad364e35~amd64~es-es~.cab" PayloadType="Canonical" />
      </Payload>
    </Package>
    <Package ID="Microsoft-Windows-DHCP-Tools-FoD-Package~31bf3856ad364e35~wow64~es-es~" InstalledSize="508261" Version="10.0.20348.1">
      <SatelliteInfo>
        <ApplyToInfo>
          <ApplyTo Type="arch" Value="wow64" />
          <ApplyTo Type="language" Value="es-ES" />
        </ApplyToInfo>
      </SatelliteInfo>
      <Payload>
        <PayloadItem PayloadHash="NlK0wDJEu2iAtWdctXnZo7z/GlsKQYvWUeO4ifnPumE=" PayloadSize="59943" Path="FeaturesOnDemand\es-es\cabs\Microsoft-Windows-DHCP-Tools-FoD-Package~31bf3856ad364e35~wow64~es-es~.cab" PayloadType="Canonical" />
      </Payload>
    </Package>
    <Package ID="Microsoft-Windows-DNS-Tools-FoD-Package~31bf3856ad364e35~amd64~es-es~" InstalledSize="2066375" Version="10.0.20348.1">
      <SatelliteInfo>
        <ApplyToInfo>
          <ApplyTo Type="language" Value="es-ES" />
        </ApplyToInfo>
      </SatelliteInfo>
      <Payload>
        <PayloadItem PayloadHash="8R2EYBrPofNfI8Yv03nnOID9/3SWvJfDkv/vzz4Xmm4=" PayloadSize="174867" Path="FeaturesOnDemand\es-es\cabs\Microsoft-Windows-DNS-Tools-FoD-Package~31bf3856ad364e35~amd64~es-es~.cab" PayloadType="Canonical" />
      </Payload>
    </Package>
    <Package ID="Microsoft-Windows-DNS-Tools-FoD-Package~31bf3856ad364e35~wow64~es-es~" InstalledSize="12304" Version="10.0.20348.1">
      <SatelliteInfo>
        <ApplyToInfo>
          <ApplyTo Type="arch" Value="wow64" />
          <ApplyTo Type="language" Value="es-ES" />
        </ApplyToInfo>
      </SatelliteInfo>
      <Payload>
        <PayloadItem PayloadHash="+2fi6c6cc94hCdzIFrImXeBToBj5Y7svAP4ILJ2/2pM=" PayloadSize="16941" Path="FeaturesOnDemand\es-es\cabs\Microsoft-Windows-DNS-Tools-FoD-Package~31bf3856ad364e35~wow64~es-es~.cab" PayloadType="Canonical" />
      </Payload>
    </Package>
    <Package ID="Microsoft-Windows-EMS-SAC-Desktop-Tools-FoD-Package~31bf3856ad364e35~amd64~es-es~" InstalledSize="53202" Version="10.0.20348.1">
      <SatelliteInfo>
        <ApplyToInfo>
          <ApplyTo Type="language" Value="es-ES" />
        </ApplyToInfo>
      </SatelliteInfo>
      <Payload>
        <PayloadItem PayloadHash="x1Fsndfm64oFjBeH2rw+sKK1qWTJskcdx5PTb060xNk=" PayloadSize="26245" Path="FeaturesOnDemand\es-es\cabs\Microsoft-Windows-EMS-SAC-Desktop-Tools-FoD-Package~31bf3856ad364e35~amd64~es-es~.cab" PayloadType="Canonical" />
      </Payload>
    </Package>
    <Package ID="Microsoft-Windows-FailoverCluster-Management-Tools-FOD-Package~31bf3856ad364e35~amd64~es-es~" InstalledSize="9024533" Version="10.0.20348.1">
      <SatelliteInfo>
        <ApplyToInfo>
          <ApplyTo Type="language" Value="es-ES" />
        </ApplyToInfo>
      </SatelliteInfo>
      <Payload>
        <PayloadItem PayloadHash="hN2oUHM1cvgyPsFl2013GT5CvHjRBNYyKXkLvbh+/i0=" PayloadSize="2355704" Path="FeaturesOnDemand\es-es\cabs\Microsoft-Windows-FailoverCluster-Management-Tools-FOD-Package~31bf3856ad364e35~amd64~es-es~.cab" PayloadType="Canonical" />
      </Payload>
    </Package>
    <Package ID="Microsoft-Windows-FailoverCluster-Management-Tools-FOD-Package~31bf3856ad364e35~wow64~es-es~" InstalledSize="66154" Version="10.0.20348.1">
      <SatelliteInfo>
        <ApplyToInfo>
          <ApplyTo Type="arch" Value="wow64" />
          <ApplyTo Type="language" Value="es-ES" />
        </ApplyToInfo>
      </SatelliteInfo>
      <Payload>
        <PayloadItem PayloadHash="QDzncNw9fC1KOWG3kigp/04YqDN0Es14bY0/kzsHZG4=" PayloadSize="28373" Path="FeaturesOnDemand\es-es\cabs\Microsoft-Windows-FailoverCluster-Management-Tools-FOD-Package~31bf3856ad364e35~wow64~es-es~.cab" PayloadType="Canonical" />
      </Payload>
    </Package>
    <Package ID="Microsoft-Windows-FileServices-Tools-FoD-Package~31bf3856ad364e35~amd64~es-es~" InstalledSize="4308929" Version="10.0.20348.1">
      <SatelliteInfo>
        <ApplyToInfo>
          <ApplyTo Type="language" Value="es-ES" />
        </ApplyToInfo>
      </SatelliteInfo>
      <Payload>
        <PayloadItem PayloadHash="4DHAQYgqQ8b4C0dFYBX/WU9G2pfDq0md/rfS/FKjnO0=" PayloadSize="554733" Path="FeaturesOnDemand\es-es\cabs\Microsoft-Windows-FileServices-Tools-FoD-Package~31bf3856ad364e35~amd64~es-es~.cab" PayloadType="Canonical" />
      </Payload>
    </Package>
    <Package ID="Microsoft-Windows-FileServices-Tools-FoD-Package~31bf3856ad364e35~wow64~es-es~" InstalledSize="183411" Version="10.0.20348.1">
      <SatelliteInfo>
        <ApplyToInfo>
          <ApplyTo Type="arch" Value="wow64" />
          <ApplyTo Type="language" Value="es-ES" />
        </ApplyToInfo>
      </SatelliteInfo>
      <Payload>
        <PayloadItem PayloadHash="22Pbt9d4U0yoD15mEh5Mm+aaFmXL05TWKXHGIK+fMQM=" PayloadSize="44387" Path="FeaturesOnDemand\es-es\cabs\Microsoft-Windows-FileServices-Tools-FoD-Package~31bf3856ad364e35~wow64~es-es~.cab" PayloadType="Canonical" />
      </Payload>
    </Package>
    <Package ID="Microsoft-Windows-GroupPolicy-Management-Tools-FoD-Package~31bf3856ad364e35~amd64~es-es~" InstalledSize="2352784" Version="10.0.20348.1">
      <SatelliteInfo>
        <ApplyToInfo>
          <ApplyTo Type="language" Value="es-ES" />
        </ApplyToInfo>
      </SatelliteInfo>
      <Payload>
        <PayloadItem PayloadHash="wr2GDwZTgbIj2coydasaErjVtEf2F5PU2EfO+aWsRtQ=" PayloadSize="281555" Path="FeaturesOnDemand\es-es\cabs\Microsoft-Windows-GroupPolicy-Management-Tools-FoD-Package~31bf3856ad364e35~amd64~es-es~.cab" PayloadType="Canonical" />
      </Payload>
    </Package>
    <Package ID="Microsoft-Windows-GroupPolicy-Management-Tools-FoD-Package~31bf3856ad364e35~wow64~es-es~" InstalledSize="323848" Version="10.0.20348.1">
      <SatelliteInfo>
        <ApplyToInfo>
          <ApplyTo Type="arch" Value="wow64" />
          <ApplyTo Type="language" Value="es-ES" />
        </ApplyToInfo>
      </SatelliteInfo>
      <Payload>
        <PayloadItem PayloadHash="cCBDYXv3KNcxk0liXUN8mn+OL66jTkrKpEmaD8+Zs/o=" PayloadSize="56523" Path="FeaturesOnDemand\es-es\cabs\Microsoft-Windows-GroupPolicy-Management-Tools-FoD-Package~31bf3856ad364e35~wow64~es-es~.cab" PayloadType="Canonical" />
      </Payload>
    </Package>
    <Package ID="Microsoft-Windows-IPAM-Client-FoD-Package~31bf3856ad364e35~amd64~es-es~" InstalledSize="111790" Version="10.0.20348.1">
      <SatelliteInfo>
        <ApplyToInfo>
          <ApplyTo Type="language" Value="es-ES" />
        </ApplyToInfo>
      </SatelliteInfo>
      <Payload>
        <PayloadItem PayloadHash="JUgVwNz5OxicWgyBoaLeo3aq/LS9xk61eVtChbuFrFQ=" PayloadSize="29133" Path="FeaturesOnDemand\es-es\cabs\Microsoft-Windows-IPAM-Client-FoD-Package~31bf3856ad364e35~amd64~es-es~.cab" PayloadType="Canonical" />
      </Payload>
    </Package>
    <Package ID="Microsoft-Windows-IPAM-Client-FoD-Package~31bf3856ad364e35~wow64~es-es~" InstalledSize="24886" Version="10.0.20348.1">
      <SatelliteInfo>
        <ApplyToInfo>
          <ApplyTo Type="arch" Value="wow64" />
          <ApplyTo Type="language" Value="es-ES" />
        </ApplyToInfo>
      </SatelliteInfo>
      <Payload>
        <PayloadItem PayloadHash="MZzx4yTCClRso5hyXJe5uvCgCBcYwOYeK7Zkamhqp7w=" PayloadSize="19504" Path="FeaturesOnDemand\es-es\cabs\Microsoft-Windows-IPAM-Client-FoD-Package~31bf3856ad364e35~wow64~es-es~.cab" PayloadType="Canonical" />
      </Payload>
    </Package>
    <Package ID="Microsoft-Windows-IRDA-Package~31bf3856ad364e35~amd64~es-es~" InstalledSize="61004" Version="10.0.20348.1">
      <SatelliteInfo>
        <ApplyToInfo>
          <ApplyTo Type="language" Value="es-ES" />
        </ApplyToInfo>
      </SatelliteInfo>
      <Payload>
        <PayloadItem PayloadHash="TNU1QUwFL05gJsqgiI7amzJ62YI8n+xXrji4napWFq4=" PayloadSize="28067" Path="FeaturesOnDemand\es-es\cabs\Microsoft-Windows-IRDA-Package~31bf3856ad364e35~amd64~es-es~.cab" PayloadType="Canonical" />
      </Payload>
    </Package>
    <Package ID="Microsoft-Windows-IRDA-Package~31bf3856ad364e35~wow64~es-es~" InstalledSize="11344" Version="10.0.20348.1">
      <SatelliteInfo>
        <ApplyToInfo>
          <ApplyTo Type="arch" Value="wow64" />
          <ApplyTo Type="language" Value="es-ES" />
        </ApplyToInfo>
      </SatelliteInfo>
      <Payload>
        <PayloadItem PayloadHash="5+UYhPfhB5HsYhYMZuOUNnWJ/Nu9PkCcCp5V7ry8zvk=" PayloadSize="16156" Path="FeaturesOnDemand\es-es\cabs\Microsoft-Windows-IRDA-Package~31bf3856ad364e35~wow64~es-es~.cab" PayloadType="Canonical" />
      </Payload>
    </Package>
    <Package ID="Microsoft-Windows-Media-Features-Package~31bf3856ad364e35~amd64~es-es~" InstalledSize="1819426" Version="10.0.20348.1">
      <SatelliteInfo>
        <ApplyToInfo>
          <ApplyTo Type="language" Value="es-ES" />
        </ApplyToInfo>
      </SatelliteInfo>
      <Payload>
        <PayloadItem PayloadHash="7Lnn//fX2iZdZ+Q9B0pinpiAEQSlKg1avXJOigzIlFE=" PayloadSize="282539" Path="FeaturesOnDemand\es-es\cabs\Microsoft-Windows-Media-Features-Package~31bf3856ad364e35~amd64~es-es~.cab" PayloadType="Canonical" />
      </Payload>
    </Package>
    <Package ID="Microsoft-Windows-Media-Features-Package~31bf3856ad364e35~wow64~es-es~" InstalledSize="365452" Version="10.0.20348.1">
      <SatelliteInfo>
        <ApplyToInfo>
          <ApplyTo Type="arch" Value="wow64" />
          <ApplyTo Type="language" Value="es-ES" />
        </ApplyToInfo>
      </SatelliteInfo>
      <Payload>
        <PayloadItem PayloadHash="mbbumNviJWg/Ru0vKoDtI1hOBxe7fPWrSrI8rPAzpTI=" PayloadSize="72729" Path="FeaturesOnDemand\es-es\cabs\Microsoft-Windows-Media-Features-Package~31bf3856ad364e35~wow64~es-es~.cab" PayloadType="Canonical" />
      </Payload>
    </Package>
    <Package ID="Microsoft-Windows-MSPaint-FoD-Package~31bf3856ad364e35~amd64~es-es~" InstalledSize="73527" Version="10.0.20348.1">
      <SatelliteInfo>
        <ApplyToInfo>
          <ApplyTo Type="language" Value="es-ES" />
        </ApplyToInfo>
      </SatelliteInfo>
      <Payload>
        <PayloadItem PayloadHash="8X59EiLCkDoTFHE33e83nWd3+QpyhMjYAqooI0iq0ME=" PayloadSize="28593" Path="FeaturesOnDemand\es-es\cabs\Microsoft-Windows-MSPaint-FoD-Package~31bf3856ad364e35~amd64~es-es~.cab" PayloadType="Canonical" />
      </Payload>
    </Package>
    <Package ID="Microsoft-Windows-MSPaint-FoD-Package~31bf3856ad364e35~wow64~es-es~" InstalledSize="73600" Version="10.0.20348.1">
      <SatelliteInfo>
        <ApplyToInfo>
          <ApplyTo Type="arch" Value="wow64" />
          <ApplyTo Type="language" Value="es-ES" />
        </ApplyToInfo>
      </SatelliteInfo>
      <Payload>
        <PayloadItem PayloadHash="/IQGTlksYmZ5WKVPbro9nJrBMTVnvxuQhCJLx33zoHs=" PayloadSize="28653" Path="FeaturesOnDemand\es-es\cabs\Microsoft-Windows-MSPaint-FoD-Package~31bf3856ad364e35~wow64~es-es~.cab" PayloadType="Canonical" />
      </Payload>
    </Package>
    <Package ID="Microsoft-Windows-NetworkController-Tools-FoD-Package~31bf3856ad364e35~amd64~es-es~" InstalledSize="71326" Version="10.0.20348.1">
      <SatelliteInfo>
        <ApplyToInfo>
          <ApplyTo Type="language" Value="es-ES" />
        </ApplyToInfo>
      </SatelliteInfo>
      <Payload>
        <PayloadItem PayloadHash="sWvBEn7QjsOHjpw5mCyr4dR79dKWMR13R7Aez00PPjk=" PayloadSize="33229" Path="FeaturesOnDemand\es-es\cabs\Microsoft-Windows-NetworkController-Tools-FoD-Package~31bf3856ad364e35~amd64~es-es~.cab" PayloadType="Canonical" />
      </Payload>
    </Package>
    <Package ID="Microsoft-Windows-NetworkLoadBalancing-Tools-FoD-Package~31bf3856ad364e35~amd64~es-es~" InstalledSize="244970" Version="10.0.20348.1">
      <SatelliteInfo>
        <ApplyToInfo>
          <ApplyTo Type="language" Value="es-ES" />
        </ApplyToInfo>
      </SatelliteInfo>
      <Payload>
        <PayloadItem PayloadHash="Pg+SWR3ke+pj8wUTA1XjGxZvisDzr45+I3Il6Ul10MY=" PayloadSize="48377" Path="FeaturesOnDemand\es-es\cabs\Microsoft-Windows-NetworkLoadBalancing-Tools-FoD-Package~31bf3856ad364e35~amd64~es-es~.cab" PayloadType="Canonical" />
      </Payload>
    </Package>
    <Package ID="Microsoft-Windows-Notepad-FoD-Package~31bf3856ad364e35~amd64~es-es~" InstalledSize="25428" Version="10.0.20348.1">
      <SatelliteInfo>
        <ApplyToInfo>
          <ApplyTo Type="language" Value="es-ES" />
        </ApplyToInfo>
      </SatelliteInfo>
      <Payload>
        <PayloadItem PayloadHash="pkBByj4JswQWAga4qshwgzJbYQlWkxKQILqnwHXFevw=" PayloadSize="21079" Path="FeaturesOnDemand\es-es\cabs\Microsoft-Windows-Notepad-FoD-Package~31bf3856ad364e35~amd64~es-es~.cab" PayloadType="Canonical" />
      </Payload>
    </Package>
    <Package ID="Microsoft-Windows-Notepad-FoD-Package~31bf3856ad364e35~wow64~es-es~" InstalledSize="11153" Version="10.0.20348.1">
      <SatelliteInfo>
        <ApplyToInfo>
          <ApplyTo Type="arch" Value="wow64" />
          <ApplyTo Type="language" Value="es-ES" />
        </ApplyToInfo>
      </SatelliteInfo>
      <Payload>
        <PayloadItem PayloadHash="vHRTHNZJsKMznyRF9vJ3ObxESJHD+egL/sdIhkg5aKI=" PayloadSize="16094" Path="FeaturesOnDemand\es-es\cabs\Microsoft-Windows-Notepad-FoD-Package~31bf3856ad364e35~wow64~es-es~.cab" PayloadType="Canonical" />
      </Payload>
    </Package>
    <Package ID="Microsoft-Windows-PowerShell-ISE-FOD-Package~31bf3856ad364e35~amd64~es-es~" InstalledSize="876257" Version="10.0.20348.1">
      <SatelliteInfo>
        <ApplyToInfo>
          <ApplyTo Type="language" Value="es-ES" />
        </ApplyToInfo>
      </SatelliteInfo>
      <Payload>
        <PayloadItem PayloadHash="bmnd6aX0NfJPui4+Vo8h5g4jB0ofeolXudmR6kVBqJA=" PayloadSize="305089" Path="FeaturesOnDemand\es-es\cabs\Microsoft-Windows-PowerShell-ISE-FOD-Package~31bf3856ad364e35~amd64~es-es~.cab" PayloadType="Canonical" />
      </Payload>
    </Package>
    <Package ID="Microsoft-Windows-PowerShell-ISE-FOD-Package~31bf3856ad364e35~wow64~es-es~" InstalledSize="71825" Version="10.0.20348.1">
      <SatelliteInfo>
        <ApplyToInfo>
          <ApplyTo Type="arch" Value="wow64" />
          <ApplyTo Type="language" Value="es-ES" />
        </ApplyToInfo>
      </SatelliteInfo>
      <Payload>
        <PayloadItem PayloadHash="XdFTRqNH4uH0i32xne73rU5gNTkPwbdjwxhoQUhimiY=" PayloadSize="36188" Path="FeaturesOnDemand\es-es\cabs\Microsoft-Windows-PowerShell-ISE-FOD-Package~31bf3856ad364e35~wow64~es-es~.cab" PayloadType="Canonical" />
      </Payload>
    </Package>
    <Package ID="Microsoft-Windows-Printing-PMCPPC-FoD-Package~31bf3856ad364e35~amd64~es-es~" InstalledSize="230866" Version="10.0.20348.1">
      <SatelliteInfo>
        <ApplyToInfo>
          <ApplyTo Type="language" Value="es-ES" />
        </ApplyToInfo>
      </SatelliteInfo>
      <Payload>
        <PayloadItem PayloadHash="ff/FCSMYy6Hrs7lk8GyR5OplCdoW+pGNAh3/jkCvhvY=" PayloadSize="47247" Path="FeaturesOnDemand\es-es\cabs\Microsoft-Windows-Printing-PMCPPC-FoD-Package~31bf3856ad364e35~amd64~es-es~.cab" PayloadType="Canonical" />
      </Payload>
    </Package>
    <Package ID="Microsoft-Windows-Printing-WFS-FoD-Package~31bf3856ad364e35~amd64~es-es~" InstalledSize="566854" Version="10.0.20348.1">
      <SatelliteInfo>
        <ApplyToInfo>
          <ApplyTo Type="language" Value="es-ES" />
        </ApplyToInfo>
      </SatelliteInfo>
      <Payload>
        <PayloadItem PayloadHash="DTbxAEUuryoDEetZ1jpcK575p3I7CGFurcoJqYUG+gc=" PayloadSize="149100" Path="FeaturesOnDemand\es-es\cabs\Microsoft-Windows-Printing-WFS-FoD-Package~31bf3856ad364e35~amd64~es-es~.cab" PayloadType="Canonical" />
      </Payload>
    </Package>
    <Package ID="Microsoft-Windows-RasCMAK-Client-Package~31bf3856ad364e35~amd64~es-es~" InstalledSize="258806" Version="10.0.20348.1">
      <SatelliteInfo>
        <ApplyToInfo>
          <ApplyTo Type="language" Value="es-ES" />
        </ApplyToInfo>
      </SatelliteInfo>
      <Payload>
        <PayloadItem PayloadHash="HVdBYXnCcdmdgS3lnELnrmnjYbAE/dHbbZqCQy+meeU=" PayloadSize="79780" Path="FeaturesOnDemand\es-es\cabs\Microsoft-Windows-RasCMAK-Client-Package~31bf3856ad364e35~amd64~es-es~.cab" PayloadType="Canonical" />
      </Payload>
    </Package>
    <Package ID="Microsoft-Windows-RasCMAK-Client-Package~31bf3856ad364e35~wow64~es-es~" InstalledSize="412510" Version="10.0.20348.1">
      <SatelliteInfo>
        <ApplyToInfo>
          <ApplyTo Type="arch" Value="wow64" />
          <ApplyTo Type="language" Value="es-ES" />
        </ApplyToInfo>
      </SatelliteInfo>
      <Payload>
        <PayloadItem PayloadHash="uHHr5RGUwLqCnOJzvgNon5le1YNbwneVDvX3VXzPMiU=" PayloadSize="278827" Path="FeaturesOnDemand\es-es\cabs\Microsoft-Windows-RasCMAK-Client-Package~31bf3856ad364e35~wow64~es-es~.cab" PayloadType="Canonical" />
      </Payload>
    </Package>
    <Package ID="Microsoft-Windows-RasRip-Package~31bf3856ad364e35~amd64~es-es~" InstalledSize="26239" Version="10.0.20348.1">
      <SatelliteInfo>
        <ApplyToInfo>
          <ApplyTo Type="language" Value="es-ES" />
        </ApplyToInfo>
      </SatelliteInfo>
      <Payload>
        <PayloadItem PayloadHash="hcAb34oiS5piEirg7jvtt8lqWOG6hY8mQtBdS7F7MJk=" PayloadSize="19997" Path="FeaturesOnDemand\es-es\cabs\Microsoft-Windows-RasRip-Package~31bf3856ad364e35~amd64~es-es~.cab" PayloadType="Canonical" />
      </Payload>
    </Package>
    <Package ID="Microsoft-Windows-RemoteAccess-Management-Tools-FoD-Package~31bf3856ad364e35~amd64~es-es~" InstalledSize="18791701" Version="10.0.20348.1">
      <SatelliteInfo>
        <ApplyToInfo>
          <ApplyTo Type="language" Value="es-ES" />
        </ApplyToInfo>
      </SatelliteInfo>
      <Payload>
        <PayloadItem PayloadHash="Pam41VT/Z0Q0pumFWWvEX8up34lBmVFBFOD21ELc9rw=" PayloadSize="4025280" Path="FeaturesOnDemand\es-es\cabs\Microsoft-Windows-RemoteAccess-Management-Tools-FoD-Package~31bf3856ad364e35~amd64~es-es~.cab" PayloadType="Canonical" />
      </Payload>
    </Package>
    <Package ID="Microsoft-Windows-RemoteAccess-Management-Tools-FoD-Package~31bf3856ad364e35~wow64~es-es~" InstalledSize="12652" Version="10.0.20348.1">
      <SatelliteInfo>
        <ApplyToInfo>
          <ApplyTo Type="arch" Value="wow64" />
          <ApplyTo Type="language" Value="es-ES" />
        </ApplyToInfo>
      </SatelliteInfo>
      <Payload>
        <PayloadItem PayloadHash="QylSzGwIYWoXutiVrKPZ4U1tG4jONnimLpQtY9YmjVs=" PayloadSize="16979" Path="FeaturesOnDemand\es-es\cabs\Microsoft-Windows-RemoteAccess-Management-Tools-FoD-Package~31bf3856ad364e35~wow64~es-es~.cab" PayloadType="Canonical" />
      </Payload>
    </Package>
    <Package ID="Microsoft-Windows-RemoteDesktop-Services-Tools-FoD-Package~31bf3856ad364e35~amd64~es-es~" InstalledSize="1537599" Version="10.0.20348.1">
      <SatelliteInfo>
        <ApplyToInfo>
          <ApplyTo Type="language" Value="es-ES" />
        </ApplyToInfo>
      </SatelliteInfo>
      <Payload>
        <PayloadItem PayloadHash="Ba9PzsB734DLXCgzwstU66d1qdaJLz3rUsge93CCBTY=" PayloadSize="248549" Path="FeaturesOnDemand\es-es\cabs\Microsoft-Windows-RemoteDesktop-Services-Tools-FoD-Package~31bf3856ad364e35~amd64~es-es~.cab" PayloadType="Canonical" />
      </Payload>
    </Package>
    <Package ID="Microsoft-Windows-Server-AppCompat-FoD-Package~31bf3856ad364e35~amd64~es-es~" InstalledSize="29265103" Version="10.0.20348.1">
      <SatelliteInfo>
        <ApplyToInfo>
          <ApplyTo Type="language" Value="es-ES" />
        </ApplyToInfo>
      </SatelliteInfo>
      <Payload>
        <PayloadItem PayloadHash="dEkHLkmrTOAhbfwecd0dCdRoDi1Qnbd6lZkGd/3JnTE=" PayloadSize="6783327" Path="FeaturesOnDemand\es-es\cabs\Microsoft-Windows-Server-AppCompat-FoD-Package~31bf3856ad364e35~amd64~es-es~.cab" PayloadType="Canonical" />
      </Payload>
    </Package>
    <Package ID="Microsoft-Windows-ServerManager-Tools-FoD-Package~31bf3856ad364e35~amd64~es-es~" InstalledSize="11087883" Version="10.0.20348.1">
      <SatelliteInfo>
        <ApplyToInfo>
          <ApplyTo Type="language" Value="es-ES" />
        </ApplyToInfo>
      </SatelliteInfo>
      <Payload>
        <PayloadItem PayloadHash="F1hLMY6Og/Dd4FvDYEYIsj+nzUQkRl8buUeNIFlnFGY=" PayloadSize="1879190" Path="FeaturesOnDemand\es-es\cabs\Microsoft-Windows-ServerManager-Tools-FoD-Package~31bf3856ad364e35~amd64~es-es~.cab" PayloadType="Canonical" />
      </Payload>
    </Package>
    <Package ID="Microsoft-Windows-ServerManager-Tools-FoD-Package~31bf3856ad364e35~wow64~es-es~" InstalledSize="1163557" Version="10.0.20348.1">
      <SatelliteInfo>
        <ApplyToInfo>
          <ApplyTo Type="arch" Value="wow64" />
          <ApplyTo Type="language" Value="es-ES" />
        </ApplyToInfo>
      </SatelliteInfo>
      <Payload>
        <PayloadItem PayloadHash="ts2Jzlo80iqxhwEN0lwfK8HAAgLDe3DC3C6O+sbd61E=" PayloadSize="302013" Path="FeaturesOnDemand\es-es\cabs\Microsoft-Windows-ServerManager-Tools-FoD-Package~31bf3856ad364e35~wow64~es-es~.cab" PayloadType="Canonical" />
      </Payload>
    </Package>
    <Package ID="Microsoft-Windows-Shielded-VM-Tools-FoD-Package~31bf3856ad364e35~amd64~es-es~" InstalledSize="373809" Version="10.0.20348.1">
      <SatelliteInfo>
        <ApplyToInfo>
          <ApplyTo Type="language" Value="es-ES" />
        </ApplyToInfo>
      </SatelliteInfo>
      <Payload>
        <PayloadItem PayloadHash="61VlU+I5wus8GXrWFFH4Vp4wCZNiIvLMkh3CLmxeG3E=" PayloadSize="97173" Path="FeaturesOnDemand\es-es\cabs\Microsoft-Windows-Shielded-VM-Tools-FoD-Package~31bf3856ad364e35~amd64~es-es~.cab" PayloadType="Canonical" />
      </Payload>
    </Package>
    <Package ID="Microsoft-Windows-SNMP-Client-Package~31bf3856ad364e35~amd64~es-es~" InstalledSize="130422" Version="10.0.20348.1">
      <SatelliteInfo>
        <ApplyToInfo>
          <ApplyTo Type="language" Value="es-ES" />
        </ApplyToInfo>
      </SatelliteInfo>
      <Payload>
        <PayloadItem PayloadHash="QD+3xqJdB1lEkrCUhcQ7UARg0qoYE0y69QVK7MxHmbY=" PayloadSize="41153" Path="FeaturesOnDemand\es-es\cabs\Microsoft-Windows-SNMP-Client-Package~31bf3856ad364e35~amd64~es-es~.cab" PayloadType="Canonical" />
      </Payload>
    </Package>
    <Package ID="Microsoft-Windows-SNMP-Client-Package~31bf3856ad364e35~wow64~es-es~" InstalledSize="130640" Version="10.0.20348.1">
      <SatelliteInfo>
        <ApplyToInfo>
          <ApplyTo Type="arch" Value="wow64" />
          <ApplyTo Type="language" Value="es-ES" />
        </ApplyToInfo>
      </SatelliteInfo>
      <Payload>
        <PayloadItem PayloadHash="/Kn3eDxhi6FTJS9hwqq6CCbR0jZJmDtoS4BFqEYnvzo=" PayloadSize="40423" Path="FeaturesOnDemand\es-es\cabs\Microsoft-Windows-SNMP-Client-Package~31bf3856ad364e35~wow64~es-es~.cab" PayloadType="Canonical" />
      </Payload>
    </Package>
    <Package ID="Microsoft-Windows-StepsRecorder-Package~31bf3856ad364e35~amd64~es-es~" InstalledSize="25687" Version="10.0.20348.1">
      <SatelliteInfo>
        <ApplyToInfo>
          <ApplyTo Type="language" Value="es-ES" />
        </ApplyToInfo>
      </SatelliteInfo>
      <Payload>
        <PayloadItem PayloadHash="pzC+ONtfCsSPnOuNQcclg/SkcTLsvbOpXIyuHSKtqOI=" PayloadSize="20501" Path="FeaturesOnDemand\es-es\cabs\Microsoft-Windows-StepsRecorder-Package~31bf3856ad364e35~amd64~es-es~.cab" PayloadType="Canonical" />
      </Payload>
    </Package>
    <Package ID="Microsoft-Windows-StepsRecorder-Package~31bf3856ad364e35~wow64~es-es~" InstalledSize="11409" Version="10.0.20348.1">
      <SatelliteInfo>
        <ApplyToInfo>
          <ApplyTo Type="arch" Value="wow64" />
          <ApplyTo Type="language" Value="es-ES" />
        </ApplyToInfo>
      </SatelliteInfo>
      <Payload>
        <PayloadItem PayloadHash="aoUUhSDrenY7A9n/m0w1a2RSU127R0wYE7+6qf4OB4A=" PayloadSize="16200" Path="FeaturesOnDemand\es-es\cabs\Microsoft-Windows-StepsRecorder-Package~31bf3856ad364e35~wow64~es-es~.cab" PayloadType="Canonical" />
      </Payload>
    </Package>
    <Package ID="Microsoft-Windows-StorageManagement-FoD-Package~31bf3856ad364e35~amd64~es-es~" InstalledSize="1647645" Version="10.0.20348.1">
      <SatelliteInfo>
        <ApplyToInfo>
          <ApplyTo Type="language" Value="es-ES" />
        </ApplyToInfo>
      </SatelliteInfo>
      <Payload>
        <PayloadItem PayloadHash="rVLD9aTKdEqUCbjKNmz2A6wsTBRlauuZrOfe+B/Pui8=" PayloadSize="124614" Path="FeaturesOnDemand\es-es\cabs\Microsoft-Windows-StorageManagement-FoD-Package~31bf3856ad364e35~amd64~es-es~.cab" PayloadType="Canonical" />
      </Payload>
    </Package>
    <Package ID="Microsoft-Windows-StorageManagement-FoD-Package~31bf3856ad364e35~wow64~es-es~" InstalledSize="1084290" Version="10.0.20348.1">
      <SatelliteInfo>
        <ApplyToInfo>
          <ApplyTo Type="arch" Value="wow64" />
          <ApplyTo Type="language" Value="es-ES" />
        </ApplyToInfo>
      </SatelliteInfo>
      <Payload>
        <PayloadItem PayloadHash="8H9AzIyTRcQmSKRyMs8kDKgAzxQ3Y8iHCHxwGNt0nns=" PayloadSize="82920" Path="FeaturesOnDemand\es-es\cabs\Microsoft-Windows-StorageManagement-FoD-Package~31bf3856ad364e35~wow64~es-es~.cab" PayloadType="Canonical" />
      </Payload>
    </Package>
    <Package ID="Microsoft-Windows-StorageMigrationService-Management-Tools-FOD-Package~31bf3856ad364e35~amd64~es-es~" InstalledSize="83042" Version="10.0.20348.1">
      <SatelliteInfo>
        <ApplyToInfo>
          <ApplyTo Type="language" Value="es-ES" />
        </ApplyToInfo>
      </SatelliteInfo>
      <Payload>
        <PayloadItem PayloadHash="bB/KeAJKVi3OTl2Ms2khHStjWmiBZaYnov5Jii7YqDg=" PayloadSize="32773" Path="FeaturesOnDemand\es-es\cabs\Microsoft-Windows-StorageMigrationService-Management-Tools-FOD-Package~31bf3856ad364e35~amd64~es-es~.cab" PayloadType="Canonical" />
      </Payload>
    </Package>
    <Package ID="Microsoft-Windows-StorageReplica-Tools-FoD-Package~31bf3856ad364e35~amd64~es-es~" InstalledSize="443963" Version="10.0.20348.1">
      <SatelliteInfo>
        <ApplyToInfo>
          <ApplyTo Type="language" Value="es-ES" />
        </ApplyToInfo>
      </SatelliteInfo>
      <Payload>
        <PayloadItem PayloadHash="1rVIg7iaJGy7XJIT3fXEggGlGQrkYx71A/bKjrh3dNI=" PayloadSize="66193" Path="FeaturesOnDemand\es-es\cabs\Microsoft-Windows-StorageReplica-Tools-FoD-Package~31bf3856ad364e35~amd64~es-es~.cab" PayloadType="Canonical" />
      </Payload>
    </Package>
    <Package ID="Microsoft-Windows-SystemInsights-Management-Tools-FOD-Package~31bf3856ad364e35~amd64~es-es~" InstalledSize="40986" Version="10.0.20348.1">
      <SatelliteInfo>
        <ApplyToInfo>
          <ApplyTo Type="language" Value="es-ES" />
        </ApplyToInfo>
      </SatelliteInfo>
      <Payload>
        <PayloadItem PayloadHash="S+QpfD9Z1+6AoiUELBHv/R2XkXl20Zy/VFRAaeqj57I=" PayloadSize="24614" Path="FeaturesOnDemand\es-es\cabs\Microsoft-Windows-SystemInsights-Management-Tools-FOD-Package~31bf3856ad364e35~amd64~es-es~.cab" PayloadType="Canonical" />
      </Payload>
    </Package>
    <Package ID="Microsoft-Windows-VolumeActivation-Tools-FoD-Package~31bf3856ad364e35~amd64~es-es~" InstalledSize="226020" Version="10.0.20348.1">
      <SatelliteInfo>
        <ApplyToInfo>
          <ApplyTo Type="language" Value="es-ES" />
        </ApplyToInfo>
      </SatelliteInfo>
      <Payload>
        <PayloadItem PayloadHash="9NtA26UEIAAdGjR8+7utn2GwAtF+gLlqdsge7ThVsq4=" PayloadSize="138915" Path="FeaturesOnDemand\es-es\cabs\Microsoft-Windows-VolumeActivation-Tools-FoD-Package~31bf3856ad364e35~amd64~es-es~.cab" PayloadType="Canonical" />
      </Payload>
    </Package>
    <Package ID="Microsoft-Windows-WirelessDisplay-FOD-Package~31bf3856ad364e35~amd64~es-es~" InstalledSize="34335" Version="10.0.20348.1">
      <SatelliteInfo>
        <ApplyToInfo>
          <ApplyTo Type="language" Value="es-ES" />
        </ApplyToInfo>
      </SatelliteInfo>
      <Payload>
        <PayloadItem PayloadHash="atJhWTJEuSYsi2eyyFRVHWblBhFq90RXb1kvmxz8VEU=" PayloadSize="24617" Path="FeaturesOnDemand\es-es\cabs\Microsoft-Windows-WirelessDisplay-FOD-Package~31bf3856ad364e35~amd64~es-es~.cab" PayloadType="Canonical" />
      </Payload>
    </Package>
    <Package ID="Microsoft-Windows-WMI-SNMP-Provider-Client-Package~31bf3856ad364e35~amd64~es-es~" InstalledSize="53201" Version="10.0.20348.1">
      <SatelliteInfo>
        <ApplyToInfo>
          <ApplyTo Type="language" Value="es-ES" />
        </ApplyToInfo>
      </SatelliteInfo>
      <Payload>
        <PayloadItem PayloadHash="c0tlk0742eIa40Gt1FuVEM5gkhbV0tv19gtFqkRtLDg=" PayloadSize="25871" Path="FeaturesOnDemand\es-es\cabs\Microsoft-Windows-WMI-SNMP-Provider-Client-Package~31bf3856ad364e35~amd64~es-es~.cab" PayloadType="Canonical" />
      </Payload>
    </Package>
    <Package ID="Microsoft-Windows-WMI-SNMP-Provider-Client-Package~31bf3856ad364e35~wow64~es-es~" InstalledSize="53332" Version="10.0.20348.1">
      <SatelliteInfo>
        <ApplyToInfo>
          <ApplyTo Type="arch" Value="wow64" />
          <ApplyTo Type="language" Value="es-ES" />
        </ApplyToInfo>
      </SatelliteInfo>
      <Payload>
        <PayloadItem PayloadHash="Aq8LwC7EWuWJtXL3ejEJWqNXC/uOZEZkrUJjMgKvRNc=" PayloadSize="25845" Path="FeaturesOnDemand\es-es\cabs\Microsoft-Windows-WMI-SNMP-Provider-Client-Package~31bf3856ad364e35~wow64~es-es~.cab" PayloadType="Canonical" />
      </Payload>
    </Package>
    <Package ID="Microsoft-Windows-WordPad-FoD-Package~31bf3856ad364e35~amd64~es-es~" InstalledSize="179533" Version="10.0.20348.1">
      <SatelliteInfo>
        <ApplyToInfo>
          <ApplyTo Type="language" Value="es-ES" />
        </ApplyToInfo>
      </SatelliteInfo>
      <Payload>
        <PayloadItem PayloadHash="J4m6me48D2ucZokoXNMXoROZ5PC+mGtxnxDhM9kHZOs=" PayloadSize="32535" Path="FeaturesOnDemand\es-es\cabs\Microsoft-Windows-WordPad-FoD-Package~31bf3856ad364e35~amd64~es-es~.cab" PayloadType="Canonical" />
      </Payload>
    </Package>
    <Package ID="Microsoft-Windows-WordPad-FoD-Package~31bf3856ad364e35~wow64~es-es~" InstalledSize="179606" Version="10.0.20348.1">
      <SatelliteInfo>
        <ApplyToInfo>
          <ApplyTo Type="arch" Value="wow64" />
          <ApplyTo Type="language" Value="es-ES" />
        </ApplyToInfo>
      </SatelliteInfo>
      <Payload>
        <PayloadItem PayloadHash="FfAzrgeaS2Klm2yqxl97+Rro8e9COyDqjKvCOWi5Cd8=" PayloadSize="32441" Path="FeaturesOnDemand\es-es\cabs\Microsoft-Windows-WordPad-FoD-Package~31bf3856ad364e35~wow64~es-es~.cab" PayloadType="Canonical" />
      </Payload>
    </Package>
    <Package ID="Microsoft-Windows-WSUS-Tools-FoD-Package~31bf3856ad364e35~amd64~es-es~" InstalledSize="2962861" Version="10.0.20348.1">
      <SatelliteInfo>
        <ApplyToInfo>
          <ApplyTo Type="language" Value="es-ES" />
        </ApplyToInfo>
      </SatelliteInfo>
      <Payload>
        <PayloadItem PayloadHash="RMt/SoZSiyYzZy/ycs36GJu8Wij1H31/PHjiUe64qj0=" PayloadSize="360014" Path="FeaturesOnDemand\es-es\cabs\Microsoft-Windows-WSUS-Tools-FoD-Package~31bf3856ad364e35~amd64~es-es~.cab" PayloadType="Canonical" />
      </Payload>
    </Package>
  </Packages>
  <ValuePair />
</CompDB>